run,ngram,top1,one_to_one,top3,top5,mean_rank,heldout_positions
1,2,0.19047619047619047,0.19047619047619047,0.5714285714285714,0.6190476190476191,4.761904761904762,113344113133231134322
1,3,0.19047619047619047,0.14285714285714285,0.42857142857142855,0.5714285714285714,5.619047619047619,113344113133231134322
1,4,0.19047619047619047,0.19047619047619047,0.3333333333333333,0.47619047619047616,6.904761904761905,113344113133231134322
1,5,0.14285714285714285,0.14285714285714285,0.2857142857142857,0.5714285714285714,6.428571428571429,113344113133231134322
2,2,0.3333333333333333,0.23809523809523808,0.6666666666666666,0.8571428571428571,3.761904761904762,434323331441332311211
2,3,0.19047619047619047,0.19047619047619047,0.6190476190476191,0.6190476190476191,4.380952380952381,434323331441332311211
2,4,0.3333333333333333,0.2857142857142857,0.5238095238095238,0.6190476190476191,5.142857142857143,434323331441332311211
2,5,0.14285714285714285,0.23809523809523808,0.42857142857142855,0.47619047619047616,6.761904761904762,434323331441332311211
3,2,0.42857142857142855,0.23809523809523808,0.5238095238095238,0.7142857142857143,4.523809523809524,441123214343314123223
3,3,0.2857142857142857,0.38095238095238093,0.5714285714285714,0.6666666666666666,4.380952380952381,441123214343314123223
3,4,0.23809523809523808,0.2857142857142857,0.5238095238095238,0.7142857142857143,4.380952380952381,441123214343314123223
3,5,0.3333333333333333,0.19047619047619047,0.5238095238095238,0.7142857142857143,4.904761904761905,441123214343314123223
4,2,0.2857142857142857,0.38095238095238093,0.6190476190476191,0.7142857142857143,5.0,124332324334111242434
4,3,0.38095238095238093,0.2857142857142857,0.6190476190476191,0.7619047619047619,5.238095238095238,124332324334111242434
4,4,0.2857142857142857,0.09523809523809523,0.47619047619047616,0.5714285714285714,5.904761904761905,124332324334111242434
4,5,0.14285714285714285,0.047619047619047616,0.42857142857142855,0.5238095238095238,7.095238095238095,124332324334111242434
5,2,0.38095238095238093,0.5714285714285714,0.7142857142857143,0.8571428571428571,2.8095238095238093,342122313113231433242
5,3,0.23809523809523808,0.09523809523809523,0.6190476190476191,0.7142857142857143,3.2857142857142856,342122313113231433242
5,4,0.14285714285714285,0.09523809523809523,0.42857142857142855,0.5238095238095238,4.857142857142857,342122313113231433242
5,5,0.2857142857142857,0.3333333333333333,0.42857142857142855,0.5714285714285714,5.809523809523809,342122313113231433242
6,2,0.2857142857142857,0.14285714285714285,0.5238095238095238,0.7619047619047619,5.095238095238095,123413142412233134341
6,3,0.19047619047619047,0.09523809523809523,0.5714285714285714,0.6190476190476191,5.142857142857143,123413142412233134341
6,4,0.19047619047619047,0.14285714285714285,0.47619047619047616,0.5238095238095238,6.190476190476191,123413142412233134341
6,5,0.14285714285714285,0.14285714285714285,0.23809523809523808,0.38095238095238093,7.809523809523809,123413142412233134341
7,2,0.19047619047619047,0.19047619047619047,0.5238095238095238,0.8095238095238095,3.9047619047619047,211134211131234414334
7,3,0.2857142857142857,0.19047619047619047,0.42857142857142855,0.5238095238095238,5.285714285714286,211134211131234414334
7,4,0.19047619047619047,0.14285714285714285,0.2857142857142857,0.5714285714285714,6.0476190476190474,211134211131234414334
7,5,0.09523809523809523,0.09523809523809523,0.19047619047619047,0.42857142857142855,7.095238095238095,211134211131234414334
8,2,0.19047619047619047,0.23809523809523808,0.47619047619047616,0.6666666666666666,5.285714285714286,144144112322143242341
8,3,0.14285714285714285,0.23809523809523808,0.5714285714285714,0.7619047619047619,4.9523809523809526,144144112322143242341
8,4,0.14285714285714285,0.14285714285714285,0.42857142857142855,0.6666666666666666,6.0,144144112322143242341
8,5,0.19047619047619047,0.14285714285714285,0.23809523809523808,0.47619047619047616,7.857142857142857,144144112322143242341
9,2,0.2857142857142857,0.14285714285714285,0.47619047619047616,0.6666666666666666,5.333333333333333,133213214331442444221
9,3,0.2857142857142857,0.3333333333333333,0.5238095238095238,0.6666666666666666,5.333333333333333,133213214331442444221
9,4,0.23809523809523808,0.23809523809523808,0.47619047619047616,0.6190476190476191,5.714285714285714,133213214331442444221
9,5,0.23809523809523808,0.09523809523809523,0.38095238095238093,0.47619047619047616,7.809523809523809,133213214331442444221
10,2,0.3333333333333333,0.23809523809523808,0.6190476190476191,0.7619047619047619,3.9523809523809526,323313231323232442121
10,3,0.2857142857142857,0.3333333333333333,0.47619047619047616,0.6190476190476191,4.666666666666667,323313231323232442121
10,4,0.2857142857142857,0.3333333333333333,0.47619047619047616,0.47619047619047616,5.333333333333333,323313231323232442121
10,5,0.23809523809523808,0.2857142857142857,0.42857142857142855,0.6190476190476191,5.904761904761905,323313231323232442121
11,2,0.3333333333333333,0.19047619047619047,0.6190476190476191,0.7619047619047619,4.285714285714286,414413124214334211413
11,3,0.23809523809523808,0.23809523809523808,0.47619047619047616,0.7142857142857143,4.666666666666667,414413124214334211413
11,4,0.2857142857142857,0.23809523809523808,0.42857142857142855,0.5238095238095238,5.380952380952381,414413124214334211413
11,5,0.19047619047619047,0.09523809523809523,0.38095238095238093,0.42857142857142855,6.571428571428571,414413124214334211413
12,2,0.3333333333333333,0.19047619047619047,0.7142857142857143,0.8095238095238095,3.380952380952381,211222441313114111421
12,3,0.3333333333333333,0.3333333333333333,0.6666666666666666,0.6666666666666666,4.142857142857143,211222441313114111421
12,4,0.23809523809523808,0.19047619047619047,0.42857142857142855,0.5238095238095238,5.285714285714286,211222441313114111421
12,5,0.09523809523809523,0.19047619047619047,0.38095238095238093,0.5714285714285714,6.0476190476190474,211222441313114111421
13,2,0.38095238095238093,0.42857142857142855,0.7142857142857143,0.7619047619047619,3.8095238095238093,241444223233114413232
13,3,0.3333333333333333,0.38095238095238093,0.5238095238095238,0.6190476190476191,4.9523809523809526,241444223233114413232
13,4,0.19047619047619047,0.3333333333333333,0.47619047619047616,0.6190476190476191,5.666666666666667,241444223233114413232
13,5,0.19047619047619047,0.14285714285714285,0.38095238095238093,0.6666666666666666,5.809523809523809,241444223233114413232
14,2,0.23809523809523808,0.2857142857142857,0.6190476190476191,0.7142857142857143,5.095238095238095,123123331113132423422
14,3,0.23809523809523808,0.23809523809523808,0.47619047619047616,0.6190476190476191,5.380952380952381,123123331113132423422
14,4,0.23809523809523808,0.23809523809523808,0.38095238095238093,0.5238095238095238,6.714285714285714,123123331113132423422
14,5,0.19047619047619047,0.14285714285714285,0.38095238095238093,0.47619047619047616,7.0,123123331113132423422
15,2,0.2857142857142857,0.23809523809523808,0.7619047619047619,1.0,2.4761904761904763,312224321123244211432
15,3,0.3333333333333333,0.23809523809523808,0.7142857142857143,0.7619047619047619,3.0476190476190474,312224321123244211432
15,4,0.38095238095238093,0.2857142857142857,0.5238095238095238,0.7142857142857143,3.6666666666666665,312224321123244211432
15,5,0.19047619047619047,0.14285714285714285,0.38095238095238093,0.6666666666666666,5.476190476190476,312224321123244211432
16,2,0.2857142857142857,0.14285714285714285,0.6666666666666666,0.7619047619047619,4.238095238095238,144421141412432221241
16,3,0.2857142857142857,0.2857142857142857,0.6190476190476191,0.7142857142857143,4.428571428571429,144421141412432221241
16,4,0.19047619047619047,0.09523809523809523,0.2857142857142857,0.5238095238095238,6.761904761904762,144421141412432221241
16,5,0.09523809523809523,0.3333333333333333,0.3333333333333333,0.38095238095238093,7.333333333333333,144421141412432221241
17,2,0.19047619047619047,0.23809523809523808,0.6190476190476191,0.8095238095238095,3.8095238095238093,324421331333114143331
17,3,0.3333333333333333,0.23809523809523808,0.6666666666666666,0.7619047619047619,3.9523809523809526,324421331333114143331
17,4,0.23809523809523808,0.23809523809523808,0.5238095238095238,0.5714285714285714,4.761904761904762,324421331333114143331
17,5,0.14285714285714285,0.19047619047619047,0.2857142857142857,0.47619047619047616,6.333333333333333,324421331333114143331
18,2,0.42857142857142855,0.3333333333333333,0.6666666666666666,0.8571428571428571,3.0,432142141213231134423
18,3,0.23809523809523808,0.14285714285714285,0.5714285714285714,0.7619047619047619,3.6666666666666665,432142141213231134423
18,4,0.2857142857142857,0.2857142857142857,0.42857142857142855,0.5714285714285714,4.904761904761905,432142141213231134423
18,5,0.14285714285714285,0.19047619047619047,0.2857142857142857,0.5238095238095238,6.428571428571429,432142141213231134423
19,2,0.3333333333333333,0.3333333333333333,0.6666666666666666,0.8571428571428571,3.1904761904761907,332431121131322232424
19,3,0.19047619047619047,0.14285714285714285,0.6190476190476191,0.7619047619047619,4.0476190476190474,332431121131322232424
19,4,0.19047619047619047,0.23809523809523808,0.42857142857142855,0.5714285714285714,5.285714285714286,332431121131322232424
19,5,0.2857142857142857,0.047619047619047616,0.42857142857142855,0.47619047619047616,6.428571428571429,332431121131322232424
20,2,0.23809523809523808,0.23809523809523808,0.5714285714285714,0.6666666666666666,5.857142857142857,122133111341132133124
20,3,0.19047619047619047,0.14285714285714285,0.5714285714285714,0.5714285714285714,5.333333333333333,122133111341132133124
20,4,0.14285714285714285,0.23809523809523808,0.42857142857142855,0.5238095238095238,6.666666666666667,122133111341132133124
20,5,0.23809523809523808,0.14285714285714285,0.42857142857142855,0.5238095238095238,6.809523809523809,122133111341132133124
21,2,0.2857142857142857,0.19047619047619047,0.7619047619047619,0.8571428571428571,3.5238095238095237,212123321343224233134
21,3,0.3333333333333333,0.3333333333333333,0.5714285714285714,0.6666666666666666,3.5714285714285716,212123321343224233134
21,4,0.3333333333333333,0.23809523809523808,0.42857142857142855,0.6666666666666666,4.428571428571429,212123321343224233134
21,5,0.3333333333333333,0.2857142857142857,0.38095238095238093,0.5714285714285714,5.619047619047619,212123321343224233134
22,2,0.42857142857142855,0.3333333333333333,0.6190476190476191,0.7619047619047619,3.619047619047619,444321241313414422222
22,3,0.38095238095238093,0.2857142857142857,0.6190476190476191,0.7619047619047619,3.619047619047619,444321241313414422222
22,4,0.19047619047619047,0.23809523809523808,0.42857142857142855,0.6666666666666666,4.666666666666667,444321241313414422222
22,5,0.19047619047619047,0.19047619047619047,0.5714285714285714,0.6190476190476191,5.095238095238095,444321241313414422222
23,2,0.2857142857142857,0.09523809523809523,0.5238095238095238,0.7619047619047619,3.9523809523809526,233234111223144114214
23,3,0.23809523809523808,0.2857142857142857,0.6666666666666666,0.7142857142857143,3.9523809523809526,233234111223144114214
23,4,0.09523809523809523,0.19047619047619047,0.5238095238095238,0.6190476190476191,5.761904761904762,233234111223144114214
23,5,0.09523809523809523,0.047619047619047616,0.23809523809523808,0.47619047619047616,7.619047619047619,233234111223144114214
24,2,0.23809523809523808,0.23809523809523808,0.6190476190476191,0.8095238095238095,3.9047619047619047,113331134412223241142
24,3,0.23809523809523808,0.19047619047619047,0.5238095238095238,0.6666666666666666,4.666666666666667,113331134412223241142
24,4,0.19047619047619047,0.09523809523809523,0.47619047619047616,0.5238095238095238,6.142857142857143,113331134412223241142
24,5,0.19047619047619047,0.09523809523809523,0.38095238095238093,0.47619047619047616,6.761904761904762,113331134412223241142
25,2,0.3333333333333333,0.23809523809523808,0.6666666666666666,0.8571428571428571,3.380952380952381,234122423213141333142
25,3,0.19047619047619047,0.047619047619047616,0.5714285714285714,0.7619047619047619,4.0,234122423213141333142
25,4,0.2857142857142857,0.09523809523809523,0.38095238095238093,0.47619047619047616,5.9523809523809526,234122423213141333142
25,5,0.23809523809523808,0.09523809523809523,0.42857142857142855,0.5238095238095238,6.285714285714286,234122423213141333142
26,2,0.38095238095238093,0.3333333333333333,0.6666666666666666,0.7619047619047619,4.095238095238095,444211231114114432411
26,3,0.3333333333333333,0.2857142857142857,0.6190476190476191,0.8095238095238095,4.380952380952381,444211231114114432411
26,4,0.2857142857142857,0.3333333333333333,0.38095238095238093,0.5714285714285714,5.619047619047619,444211231114114432411
26,5,0.2857142857142857,0.14285714285714285,0.42857142857142855,0.5238095238095238,6.571428571428571,444211231114114432411
27,2,0.42857142857142855,0.2857142857142857,0.7142857142857143,0.8571428571428571,3.6666666666666665,232423311121322234424
27,3,0.14285714285714285,0.14285714285714285,0.6190476190476191,0.7619047619047619,3.8095238095238093,232423311121322234424
27,4,0.19047619047619047,0.38095238095238093,0.5714285714285714,0.6666666666666666,4.380952380952381,232423311121322234424
27,5,0.19047619047619047,0.14285714285714285,0.42857142857142855,0.47619047619047616,6.571428571428571,232423311121322234424
28,2,0.3333333333333333,0.38095238095238093,0.7619047619047619,0.8095238095238095,2.857142857142857,242342331441412223241
28,3,0.2857142857142857,0.23809523809523808,0.6666666666666666,0.8571428571428571,3.1904761904761907,242342331441412223241
28,4,0.2857142857142857,0.3333333333333333,0.47619047619047616,0.8095238095238095,4.095238095238095,242342331441412223241
28,5,0.3333333333333333,0.3333333333333333,0.5714285714285714,0.5714285714285714,5.285714285714286,242342331441412223241
29,2,0.5238095238095238,0.5238095238095238,0.7619047619047619,0.8571428571428571,3.4285714285714284,144411444221311223123
29,3,0.3333333333333333,0.38095238095238093,0.6666666666666666,0.8571428571428571,3.9047619047619047,144411444221311223123
29,4,0.3333333333333333,0.3333333333333333,0.5238095238095238,0.6666666666666666,4.666666666666667,144411444221311223123
29,5,0.3333333333333333,0.2857142857142857,0.42857142857142855,0.5714285714285714,6.476190476190476,144411444221311223123
30,2,0.38095238095238093,0.2857142857142857,0.6666666666666666,0.9047619047619048,2.857142857142857,322322333223342443314
30,3,0.23809523809523808,0.2857142857142857,0.5714285714285714,0.8095238095238095,3.5714285714285716,322322333223342443314
30,4,0.19047619047619047,0.3333333333333333,0.6190476190476191,0.7142857142857143,3.9523809523809526,322322333223342443314
30,5,0.19047619047619047,0.2857142857142857,0.42857142857142855,0.5714285714285714,5.761904761904762,322322333223342443314
31,2,0.2857142857142857,0.23809523809523808,0.7142857142857143,0.8571428571428571,3.0476190476190474,313242424441412314221
31,3,0.3333333333333333,0.2857142857142857,0.6190476190476191,0.6666666666666666,4.190476190476191,313242424441412314221
31,4,0.3333333333333333,0.19047619047619047,0.47619047619047616,0.6190476190476191,5.0,313242424441412314221
31,5,0.2857142857142857,0.23809523809523808,0.5714285714285714,0.5714285714285714,6.333333333333333,313242424441412314221
32,2,0.23809523809523808,0.42857142857142855,0.5714285714285714,0.8571428571428571,3.7142857142857144,424314432413112233311
32,3,0.19047619047619047,0.23809523809523808,0.6666666666666666,0.8095238095238095,4.142857142857143,424314432413112233311
32,4,0.2857142857142857,0.23809523809523808,0.47619047619047616,0.47619047619047616,5.571428571428571,424314432413112233311
32,5,0.2857142857142857,0.09523809523809523,0.42857142857142855,0.5238095238095238,6.0476190476190474,424314432413112233311
33,2,0.19047619047619047,0.23809523809523808,0.5714285714285714,0.8571428571428571,4.428571428571429,123144423314441124341
33,3,0.23809523809523808,0.3333333333333333,0.47619047619047616,0.8095238095238095,4.571428571428571,123144423314441124341
33,4,0.19047619047619047,0.14285714285714285,0.47619047619047616,0.6190476190476191,5.714285714285714,123144423314441124341
33,5,0.09523809523809523,0.09523809523809523,0.42857142857142855,0.5714285714285714,6.714285714285714,123144423314441124341
34,2,0.3333333333333333,0.14285714285714285,0.6666666666666666,0.7619047619047619,4.380952380952381,143132131233211414422
34,3,0.3333333333333333,0.2857142857142857,0.5238095238095238,0.6190476190476191,5.190476190476191,143132131233211414422
34,4,0.2857142857142857,0.23809523809523808,0.42857142857142855,0.5238095238095238,6.190476190476191,143132131233211414422
34,5,0.19047619047619047,0.14285714285714285,0.47619047619047616,0.5238095238095238,6.714285714285714,143132131233211414422
35,2,0.3333333333333333,0.14285714285714285,0.6666666666666666,0.8571428571428571,3.3333333333333335,441341341214313134313
35,3,0.19047619047619047,0.23809523809523808,0.6666666666666666,0.8095238095238095,4.238095238095238,441341341214313134313
35,4,0.14285714285714285,0.19047619047619047,0.47619047619047616,0.6666666666666666,4.857142857142857,441341341214313134313
35,5,0.14285714285714285,0.19047619047619047,0.38095238095238093,0.42857142857142855,6.380952380952381,441341341214313134313
36,2,0.47619047619047616,0.42857142857142855,0.6190476190476191,0.6666666666666666,4.0476190476190474,131242233243432111213
36,3,0.2857142857142857,0.23809523809523808,0.6190476190476191,0.7142857142857143,4.9523809523809526,131242233243432111213
36,4,0.23809523809523808,0.14285714285714285,0.47619047619047616,0.5714285714285714,5.9523809523809526,131242233243432111213
36,5,0.19047619047619047,0.19047619047619047,0.38095238095238093,0.5238095238095238,7.285714285714286,131242233243432111213
37,2,0.14285714285714285,0.19047619047619047,0.5714285714285714,0.7619047619047619,3.9047619047619047,241321313111143133313
37,3,0.09523809523809523,0.09523809523809523,0.5714285714285714,0.7142857142857143,4.619047619047619,241321313111143133313
37,4,0.09523809523809523,0.23809523809523808,0.38095238095238093,0.47619047619047616,6.142857142857143,241321313111143133313
37,5,0.14285714285714285,0.19047619047619047,0.3333333333333333,0.47619047619047616,6.809523809523809,241321313111143133313
38,2,0.14285714285714285,0.14285714285714285,0.6666666666666666,0.8571428571428571,3.761904761904762,222313321333223333121
38,3,0.23809523809523808,0.09523809523809523,0.5238095238095238,0.6190476190476191,4.571428571428571,222313321333223333121
38,4,0.23809523809523808,0.19047619047619047,0.47619047619047616,0.5714285714285714,5.333333333333333,222313321333223333121
38,5,0.23809523809523808,0.14285714285714285,0.42857142857142855,0.5238095238095238,5.238095238095238,222313321333223333121
39,2,0.2857142857142857,0.38095238095238093,0.7142857142857143,0.8571428571428571,3.380952380952381,332123431442434422332
39,3,0.2857142857142857,0.3333333333333333,0.6666666666666666,0.7142857142857143,3.857142857142857,332123431442434422332
39,4,0.19047619047619047,0.14285714285714285,0.42857142857142855,0.5238095238095238,5.285714285714286,332123431442434422332
39,5,0.19047619047619047,0.23809523809523808,0.3333333333333333,0.47619047619047616,6.523809523809524,332123431442434422332
40,2,0.47619047619047616,0.6190476190476191,0.7142857142857143,0.8571428571428571,2.9523809523809526,222144134143132341431
40,3,0.38095238095238093,0.2857142857142857,0.47619047619047616,0.6666666666666666,4.333333333333333,222144134143132341431
40,4,0.19047619047619047,0.19047619047619047,0.5238095238095238,0.5714285714285714,5.857142857142857,222144134143132341431
40,5,0.14285714285714285,0.19047619047619047,0.38095238095238093,0.5714285714285714,6.0,222144134143132341431
41,2,0.2857142857142857,0.38095238095238093,0.7142857142857143,0.9047619047619048,3.238095238095238,323241231122221413132
41,3,0.23809523809523808,0.2857142857142857,0.5238095238095238,0.7142857142857143,4.238095238095238,323241231122221413132
41,4,0.2857142857142857,0.19047619047619047,0.47619047619047616,0.6190476190476191,4.809523809523809,323241231122221413132
41,5,0.2857142857142857,0.23809523809523808,0.3333333333333333,0.47619047619047616,7.190476190476191,323241231122221413132
42,2,0.2857142857142857,0.2857142857142857,0.6666666666666666,0.9523809523809523,2.7142857142857144,313342324441314344232
42,3,0.38095238095238093,0.3333333333333333,0.5714285714285714,0.7142857142857143,3.8095238095238093,313342324441314344232
42,4,0.23809523809523808,0.19047619047619047,0.5238095238095238,0.6666666666666666,4.476190476190476,313342324441314344232
42,5,0.23809523809523808,0.19047619047619047,0.42857142857142855,0.5714285714285714,6.0476190476190474,313342324441314344232
43,2,0.38095238095238093,0.23809523809523808,0.7142857142857143,0.8095238095238095,3.5714285714285716,434442314214321333341
43,3,0.19047619047619047,0.09523809523809523,0.5238095238095238,0.9047619047619048,3.7142857142857144,434442314214321333341
43,4,0.23809523809523808,0.19047619047619047,0.5238095238095238,0.7142857142857143,4.523809523809524,434442314214321333341
43,5,0.14285714285714285,0.14285714285714285,0.3333333333333333,0.38095238095238093,7.238095238095238,434442314214321333341
44,2,0.3333333333333333,0.2857142857142857,0.6190476190476191,0.8571428571428571,3.5714285714285716,313134243443412311231
44,3,0.2857142857142857,0.3333333333333333,0.5238095238095238,0.5714285714285714,4.571428571428571,313134243443412311231
44,4,0.19047619047619047,0.19047619047619047,0.47619047619047616,0.47619047619047616,6.0,313134243443412311231
44,5,0.2857142857142857,0.19047619047619047,0.38095238095238093,0.47619047619047616,6.619047619047619,313134243443412311231
45,2,0.3333333333333333,0.2857142857142857,0.5714285714285714,0.7619047619047619,3.5238095238095237,411222143143131131113
45,3,0.2857142857142857,0.23809523809523808,0.5714285714285714,0.6666666666666666,4.523809523809524,411222143143131131113
45,4,0.19047619047619047,0.23809523809523808,0.42857142857142855,0.5238095238095238,6.0,411222143143131131113
45,5,0.14285714285714285,0.19047619047619047,0.42857142857142855,0.5238095238095238,6.238095238095238,411222143143131131113
46,2,0.2857142857142857,0.19047619047619047,0.6190476190476191,0.7619047619047619,4.666666666666667,143343333411241431434
46,3,0.2857142857142857,0.38095238095238093,0.5238095238095238,0.6666666666666666,4.809523809523809,143343333411241431434
46,4,0.23809523809523808,0.14285714285714285,0.42857142857142855,0.5238095238095238,6.142857142857143,143343333411241431434
46,5,0.14285714285714285,0.09523809523809523,0.38095238095238093,0.6190476190476191,6.666666666666667,143343333411241431434
47,2,0.3333333333333333,0.38095238095238093,0.6190476190476191,0.8095238095238095,3.5238095238095237,423332133122321132124
47,3,0.23809523809523808,0.23809523809523808,0.5714285714285714,0.7142857142857143,4.190476190476191,423332133122321132124
47,4,0.23809523809523808,0.3333333333333333,0.5714285714285714,0.6190476190476191,4.904761904761905,423332133122321132124
47,5,0.2857142857142857,0.14285714285714285,0.5238095238095238,0.6666666666666666,5.666666666666667,423332133122321132124
48,2,0.3333333333333333,0.2857142857142857,0.5714285714285714,0.7619047619047619,4.0,231314223244421234343
48,3,0.2857142857142857,0.2857142857142857,0.47619047619047616,0.8095238095238095,4.428571428571429,231314223244421234343
48,4,0.23809523809523808,0.14285714285714285,0.47619047619047616,0.6666666666666666,5.0,231314223244421234343
48,5,0.2857142857142857,0.19047619047619047,0.42857142857142855,0.47619047619047616,6.142857142857143,231314223244421234343
49,2,0.2857142857142857,0.14285714285714285,0.47619047619047616,0.7619047619047619,4.380952380952381,341412323134123432321
49,3,0.19047619047619047,0.14285714285714285,0.6190476190476191,0.7619047619047619,4.857142857142857,341412323134123432321
49,4,0.19047619047619047,0.2857142857142857,0.47619047619047616,0.5238095238095238,5.809523809523809,341412323134123432321
49,5,0.2857142857142857,0.38095238095238093,0.42857142857142855,0.5714285714285714,6.0,341412323134123432321
50,2,0.2857142857142857,0.2857142857142857,0.6190476190476191,0.7619047619047619,3.5714285714285716,414332334333213224144
50,3,0.2857142857142857,0.09523809523809523,0.6666666666666666,0.8571428571428571,3.4285714285714284,414332334333213224144
50,4,0.2857142857142857,0.19047619047619047,0.42857142857142855,0.6666666666666666,4.285714285714286,414332334333213224144
50,5,0.23809523809523808,0.14285714285714285,0.5238095238095238,0.6190476190476191,4.904761904761905,414332334333213224144
51,2,0.23809523809523808,0.14285714285714285,0.6666666666666666,0.8571428571428571,4.190476190476191,122342344444323311321
51,3,0.14285714285714285,0.14285714285714285,0.5714285714285714,0.7619047619047619,5.0476190476190474,122342344444323311321
51,4,0.14285714285714285,0.09523809523809523,0.6190476190476191,0.7142857142857143,5.0476190476190474,122342344444323311321
51,5,0.14285714285714285,0.14285714285714285,0.38095238095238093,0.5238095238095238,6.809523809523809,122342344444323311321
52,2,0.3333333333333333,0.23809523809523808,0.7142857142857143,0.7619047619047619,3.6666666666666665,231344314241421343422
52,3,0.2857142857142857,0.3333333333333333,0.5714285714285714,0.7142857142857143,4.428571428571429,231344314241421343422
52,4,0.23809523809523808,0.3333333333333333,0.5714285714285714,0.6190476190476191,4.9523809523809526,231344314241421343422
52,5,0.2857142857142857,0.19047619047619047,0.42857142857142855,0.5714285714285714,5.809523809523809,231344314241421343422
53,2,0.19047619047619047,0.23809523809523808,0.6190476190476191,0.8571428571428571,4.190476190476191,112341423441344321323
53,3,0.23809523809523808,0.2857142857142857,0.47619047619047616,0.6666666666666666,4.809523809523809,112341423441344321323
53,4,0.19047619047619047,0.14285714285714285,0.42857142857142855,0.6666666666666666,5.380952380952381,112341423441344321323
53,5,0.14285714285714285,0.3333333333333333,0.42857142857142855,0.6190476190476191,6.0,112341423441344321323
54,2,0.2857142857142857,0.2857142857142857,0.6666666666666666,0.9047619047619048,3.238095238095238,223332421124241431334
54,3,0.23809523809523808,0.23809523809523808,0.42857142857142855,0.7619047619047619,4.238095238095238,223332421124241431334
54,4,0.19047619047619047,0.09523809523809523,0.47619047619047616,0.5714285714285714,5.142857142857143,223332421124241431334
54,5,0.047619047619047616,0.047619047619047616,0.38095238095238093,0.47619047619047616,6.523809523809524,223332421124241431334
55,2,0.3333333333333333,0.2857142857142857,0.6190476190476191,0.8095238095238095,3.857142857142857,332414142114442444344
55,3,0.2857142857142857,0.42857142857142855,0.6666666666666666,0.8095238095238095,3.8095238095238093,332414142114442444344
55,4,0.19047619047619047,0.19047619047619047,0.6666666666666666,0.7142857142857143,4.571428571428571,332414142114442444344
55,5,0.23809523809523808,0.09523809523809523,0.38095238095238093,0.47619047619047616,6.238095238095238,332414142114442444344
56,2,0.38095238095238093,0.2857142857142857,0.6190476190476191,0.7619047619047619,4.428571428571429,111442134122133422334
56,3,0.23809523809523808,0.23809523809523808,0.5238095238095238,0.5714285714285714,5.857142857142857,111442134122133422334
56,4,0.14285714285714285,0.09523809523809523,0.47619047619047616,0.5714285714285714,6.714285714285714,111442134122133422334
56,5,0.19047619047619047,0.09523809523809523,0.2857142857142857,0.47619047619047616,7.0476190476190474,111442134122133422334
57,2,0.47619047619047616,0.38095238095238093,0.5714285714285714,0.6666666666666666,4.9523809523809526,112422113234133441124
57,3,0.23809523809523808,0.2857142857142857,0.5238095238095238,0.6666666666666666,5.714285714285714,112422113234133441124
57,4,0.14285714285714285,0.14285714285714285,0.2857142857142857,0.47619047619047616,7.095238095238095,112422113234133441124
57,5,0.09523809523809523,0.047619047619047616,0.3333333333333333,0.42857142857142855,7.190476190476191,112422113234133441124
58,2,0.23809523809523808,0.09523809523809523,0.5714285714285714,0.8571428571428571,3.380952380952381,421211421423411134222
58,3,0.2857142857142857,0.19047619047619047,0.6190476190476191,0.7619047619047619,4.0,421211421423411134222
58,4,0.3333333333333333,0.23809523809523808,0.5238095238095238,0.6666666666666666,4.428571428571429,421211421423411134222
58,5,0.2857142857142857,0.2857142857142857,0.5238095238095238,0.6666666666666666,4.9523809523809526,421211421423411134222
59,2,0.2857142857142857,0.38095238095238093,0.5714285714285714,0.7619047619047619,4.142857142857143,214431212421221432441
59,3,0.23809523809523808,0.3333333333333333,0.6190476190476191,0.7619047619047619,3.761904761904762,214431212421221432441
59,4,0.14285714285714285,0.14285714285714285,0.42857142857142855,0.5714285714285714,4.857142857142857,214431212421221432441
59,5,0.14285714285714285,0.09523809523809523,0.42857142857142855,0.47619047619047616,6.190476190476191,214431212421221432441
60,2,0.42857142857142855,0.3333333333333333,0.6666666666666666,0.7619047619047619,3.7142857142857144,232214112142113223414
60,3,0.3333333333333333,0.47619047619047616,0.6666666666666666,0.7619047619047619,4.0,232214112142113223414
60,4,0.23809523809523808,0.23809523809523808,0.47619047619047616,0.7142857142857143,5.095238095238095,232214112142113223414
60,5,0.2857142857142857,0.09523809523809523,0.3333333333333333,0.47619047619047616,7.095238095238095,232214112142113223414
61,2,0.23809523809523808,0.2857142857142857,0.5714285714285714,0.7619047619047619,4.523809523809524,113212343432122233433
61,3,0.19047619047619047,0.19047619047619047,0.47619047619047616,0.6190476190476191,5.428571428571429,113212343432122233433
61,4,0.23809523809523808,0.14285714285714285,0.38095238095238093,0.5238095238095238,6.666666666666667,113212343432122233433
61,5,0.19047619047619047,0.19047619047619047,0.2857142857142857,0.42857142857142855,8.238095238095237,113212343432122233433
62,2,0.2857142857142857,0.2857142857142857,0.6190476190476191,0.7142857142857143,4.761904761904762,141221141444322431421
62,3,0.2857142857142857,0.19047619047619047,0.5714285714285714,0.7142857142857143,5.428571428571429,141221141444322431421
62,4,0.14285714285714285,0.23809523809523808,0.47619047619047616,0.6190476190476191,6.190476190476191,141221141444322431421
62,5,0.19047619047619047,0.23809523809523808,0.47619047619047616,0.5714285714285714,6.333333333333333,141221141444322431421
63,2,0.2857142857142857,0.42857142857142855,0.6666666666666666,0.7619047619047619,4.428571428571429,333133442144421143413
63,3,0.2857142857142857,0.2857142857142857,0.5714285714285714,0.6666666666666666,4.571428571428571,333133442144421143413
63,4,0.23809523809523808,0.09523809523809523,0.6190476190476191,0.6190476190476191,5.095238095238095,333133442144421143413
63,5,0.23809523809523808,0.14285714285714285,0.42857142857142855,0.42857142857142855,7.380952380952381,333133442144421143413
64,2,0.23809523809523808,0.38095238095238093,0.6190476190476191,0.7142857142857143,3.6666666666666665,224441312233234342111
64,3,0.2857142857142857,0.23809523809523808,0.5714285714285714,0.7142857142857143,4.190476190476191,224441312233234342111
64,4,0.14285714285714285,0.19047619047619047,0.42857142857142855,0.5714285714285714,5.333333333333333,224441312233234342111
64,5,0.09523809523809523,0.14285714285714285,0.19047619047619047,0.2857142857142857,6.666666666666667,224441312233234342111
65,2,0.23809523809523808,0.2857142857142857,0.5714285714285714,0.7619047619047619,3.9047619047619047,323422312323431124213
65,3,0.2857142857142857,0.2857142857142857,0.6666666666666666,0.7142857142857143,3.6666666666666665,323422312323431124213
65,4,0.23809523809523808,0.23809523809523808,0.47619047619047616,0.6190476190476191,4.857142857142857,323422312323431124213
65,5,0.09523809523809523,0.19047619047619047,0.2857142857142857,0.42857142857142855,6.9523809523809526,323422312323431124213
66,2,0.23809523809523808,0.19047619047619047,0.42857142857142855,0.7619047619047619,4.714285714285714,124141243433213133232
66,3,0.23809523809523808,0.19047619047619047,0.5238095238095238,0.5714285714285714,5.190476190476191,124141243433213133232
66,4,0.23809523809523808,0.2857142857142857,0.42857142857142855,0.5238095238095238,5.761904761904762,124141243433213133232
66,5,0.14285714285714285,0.19047619047619047,0.23809523809523808,0.47619047619047616,6.904761904761905,124141243433213133232
67,2,0.3333333333333333,0.42857142857142855,0.5714285714285714,0.7142857142857143,4.761904761904762,311133214144221242112
67,3,0.2857142857142857,0.19047619047619047,0.5238095238095238,0.5714285714285714,5.380952380952381,311133214144221242112
67,4,0.19047619047619047,0.23809523809523808,0.47619047619047616,0.5238095238095238,5.904761904761905,311133214144221242112
67,5,0.23809523809523808,0.19047619047619047,0.38095238095238093,0.47619047619047616,6.857142857142857,311133214144221242112
68,2,0.42857142857142855,0.5238095238095238,0.7142857142857143,0.8095238095238095,4.333333333333333,142123134232342433234
68,3,0.23809523809523808,0.38095238095238093,0.47619047619047616,0.6190476190476191,5.285714285714286,142123134232342433234
68,4,0.23809523809523808,0.2857142857142857,0.42857142857142855,0.6190476190476191,5.9523809523809526,142123134232342433234
68,5,0.19047619047619047,0.23809523809523808,0.47619047619047616,0.5714285714285714,6.380952380952381,142123134232342433234
69,2,0.2857142857142857,0.47619047619047616,0.7142857142857143,0.8571428571428571,3.9523809523809526,131434244113223212332
69,3,0.047619047619047616,0.14285714285714285,0.6190476190476191,0.6666666666666666,5.095238095238095,131434244113223212332
69,4,0.14285714285714285,0.14285714285714285,0.5238095238095238,0.6666666666666666,5.333333333333333,131434244113223212332
69,5,0.14285714285714285,0.19047619047619047,0.19047619047619047,0.42857142857142855,7.428571428571429,131434244113223212332
70,2,0.2857142857142857,0.38095238095238093,0.5714285714285714,0.7142857142857143,4.380952380952381,243433313442434431433
70,3,0.2857142857142857,0.2857142857142857,0.5714285714285714,0.6190476190476191,4.333333333333333,243433313442434431433
70,4,0.14285714285714285,0.23809523809523808,0.2857142857142857,0.5238095238095238,6.095238095238095,243433313442434431433
70,5,0.14285714285714285,0.14285714285714285,0.2857142857142857,0.42857142857142855,6.9523809523809526,243433313442434431433
71,2,0.2857142857142857,0.23809523809523808,0.5238095238095238,0.6666666666666666,4.9523809523809526,144231113342244422133
71,3,0.3333333333333333,0.42857142857142855,0.5714285714285714,0.6666666666666666,4.809523809523809,144231113342244422133
71,4,0.19047619047619047,0.38095238095238093,0.5238095238095238,0.6666666666666666,5.333333333333333,144231113342244422133
71,5,0.23809523809523808,0.19047619047619047,0.38095238095238093,0.5714285714285714,6.333333333333333,144231113342244422133
72,2,0.2857142857142857,0.19047619047619047,0.5714285714285714,0.8095238095238095,3.9523809523809526,334324412121113342342
72,3,0.19047619047619047,0.19047619047619047,0.5714285714285714,0.8571428571428571,3.8095238095238093,334324412121113342342
72,4,0.23809523809523808,0.19047619047619047,0.42857142857142855,0.6190476190476191,5.142857142857143,334324412121113342342
72,5,0.19047619047619047,0.14285714285714285,0.38095238095238093,0.47619047619047616,6.571428571428571,334324412121113342342
73,2,0.42857142857142855,0.23809523809523808,0.6666666666666666,0.7619047619047619,3.761904761904762,223432243232314322321
73,3,0.23809523809523808,0.14285714285714285,0.5238095238095238,0.6666666666666666,4.619047619047619,223432243232314322321
73,4,0.19047619047619047,0.23809523809523808,0.42857142857142855,0.47619047619047616,5.857142857142857,223432243232314322321
73,5,0.14285714285714285,0.09523809523809523,0.23809523809523808,0.3333333333333333,7.761904761904762,223432243232314322321
74,2,0.23809523809523808,0.2857142857142857,0.6666666666666666,0.7619047619047619,3.7142857142857144,444432122212212212322
74,3,0.19047619047619047,0.19047619047619047,0.6190476190476191,0.8095238095238095,3.5714285714285716,444432122212212212322
74,4,0.19047619047619047,0.23809523809523808,0.47619047619047616,0.7142857142857143,4.523809523809524,444432122212212212322
74,5,0.23809523809523808,0.2857142857142857,0.42857142857142855,0.47619047619047616,5.857142857142857,444432122212212212322
75,2,0.19047619047619047,0.23809523809523808,0.6190476190476191,0.7619047619047619,4.571428571428571,131124243311143343332
75,3,0.19047619047619047,0.19047619047619047,0.42857142857142855,0.6190476190476191,5.761904761904762,131124243311143343332
75,4,0.09523809523809523,0.14285714285714285,0.42857142857142855,0.5238095238095238,7.0476190476190474,131124243311143343332
75,5,0.14285714285714285,0.09523809523809523,0.23809523809523808,0.42857142857142855,7.9523809523809526,131124243311143343332
76,2,0.5238095238095238,0.47619047619047616,0.5714285714285714,0.7619047619047619,3.857142857142857,132412332131411431323
76,3,0.3333333333333333,0.3333333333333333,0.6666666666666666,0.7142857142857143,4.523809523809524,132412332131411431323
76,4,0.2857142857142857,0.3333333333333333,0.6190476190476191,0.6190476190476191,4.9523809523809526,132412332131411431323
76,5,0.19047619047619047,0.19047619047619047,0.42857142857142855,0.5714285714285714,6.523809523809524,132412332131411431323
77,2,0.19047619047619047,0.23809523809523808,0.5714285714285714,0.7142857142857143,4.333333333333333,314131211314224342112
77,3,0.23809523809523808,0.14285714285714285,0.5238095238095238,0.6666666666666666,4.904761904761905,314131211314224342112
77,4,0.19047619047619047,0.19047619047619047,0.38095238095238093,0.42857142857142855,5.809523809523809,314131211314224342112
77,5,0.19047619047619047,0.19047619047619047,0.2857142857142857,0.38095238095238093,6.904761904761905,314131211314224342112
78,2,0.3333333333333333,0.23809523809523808,0.5714285714285714,0.7142857142857143,5.142857142857143,133243414133122112414
78,3,0.14285714285714285,0.19047619047619047,0.5238095238095238,0.6190476190476191,5.714285714285714,133243414133122112414
78,4,0.2857142857142857,0.14285714285714285,0.5238095238095238,0.6666666666666666,6.095238095238095,133243414133122112414
78,5,0.23809523809523808,0.2857142857142857,0.3333333333333333,0.42857142857142855,7.761904761904762,133243414133122112414
79,2,0.42857142857142855,0.19047619047619047,0.7142857142857143,0.8571428571428571,3.0952380952380953,441221441442313112422
79,3,0.19047619047619047,0.3333333333333333,0.6666666666666666,0.7619047619047619,4.238095238095238,441221441442313112422
79,4,0.23809523809523808,0.23809523809523808,0.5238095238095238,0.7142857142857143,4.238095238095238,441221441442313112422
79,5,0.2857142857142857,0.2857142857142857,0.5714285714285714,0.6190476190476191,5.476190476190476,441221441442313112422
80,2,0.38095238095238093,0.3333333333333333,0.5714285714285714,0.9047619047619048,3.2857142857142856,314222344221142341141
80,3,0.2857142857142857,0.23809523809523808,0.7142857142857143,0.8571428571428571,3.5238095238095237,314222344221142341141
80,4,0.2857142857142857,0.09523809523809523,0.5238095238095238,0.6190476190476191,4.809523809523809,314222344221142341141
80,5,0.09523809523809523,0.14285714285714285,0.42857142857142855,0.47619047619047616,6.904761904761905,314222344221142341141
81,2,0.3333333333333333,0.09523809523809523,0.5238095238095238,0.8095238095238095,4.190476190476191,413223311231321414323
81,3,0.23809523809523808,0.19047619047619047,0.5238095238095238,0.6190476190476191,4.571428571428571,413223311231321414323
81,4,0.14285714285714285,0.19047619047619047,0.47619047619047616,0.5714285714285714,5.285714285714286,413223311231321414323
81,5,0.14285714285714285,0.2857142857142857,0.42857142857142855,0.47619047619047616,7.0,413223311231321414323
82,2,0.2857142857142857,0.19047619047619047,0.6190476190476191,0.8095238095238095,3.4761904761904763,334434341312441242314
82,3,0.23809523809523808,0.2857142857142857,0.5714285714285714,0.7619047619047619,4.0,334434341312441242314
82,4,0.14285714285714285,0.23809523809523808,0.5238095238095238,0.6190476190476191,4.761904761904762,334434341312441242314
82,5,0.14285714285714285,0.14285714285714285,0.2857142857142857,0.3333333333333333,7.619047619047619,334434341312441242314
83,2,0.3333333333333333,0.3333333333333333,0.6190476190476191,0.8095238095238095,3.4761904761904763,242131232342244244421
83,3,0.3333333333333333,0.3333333333333333,0.5238095238095238,0.7619047619047619,3.9047619047619047,242131232342244244421
83,4,0.19047619047619047,0.19047619047619047,0.47619047619047616,0.6666666666666666,4.476190476190476,242131232342244244421
83,5,0.23809523809523808,0.23809523809523808,0.5714285714285714,0.6190476190476191,6.238095238095238,242131232342244244421
84,2,0.23809523809523808,0.38095238095238093,0.6190476190476191,0.8095238095238095,3.9523809523809526,323223331333413333141
84,3,0.2857142857142857,0.19047619047619047,0.6666666666666666,0.6666666666666666,3.9523809523809526,323223331333413333141
84,4,0.23809523809523808,0.19047619047619047,0.47619047619047616,0.5714285714285714,5.238095238095238,323223331333413333141
84,5,0.14285714285714285,0.14285714285714285,0.38095238095238093,0.47619047619047616,6.142857142857143,323223331333413333141
85,2,0.23809523809523808,0.14285714285714285,0.47619047619047616,0.7619047619047619,3.9047619047619047,344121412121442333323
85,3,0.14285714285714285,0.14285714285714285,0.5714285714285714,0.7619047619047619,4.190476190476191,344121412121442333323
85,4,0.19047619047619047,0.14285714285714285,0.38095238095238093,0.5714285714285714,5.238095238095238,344121412121442333323
85,5,0.14285714285714285,0.19047619047619047,0.42857142857142855,0.47619047619047616,6.428571428571429,344121412121442333323
86,2,0.38095238095238093,0.23809523809523808,0.6190476190476191,0.7619047619047619,4.809523809523809,134112211222111312232
86,3,0.19047619047619047,0.23809523809523808,0.5238095238095238,0.6666666666666666,5.380952380952381,134112211222111312232
86,4,0.2857142857142857,0.2857142857142857,0.47619047619047616,0.5238095238095238,6.238095238095238,134112211222111312232
86,5,0.23809523809523808,0.19047619047619047,0.2857142857142857,0.38095238095238093,8.619047619047619,134112211222111312232
87,2,0.3333333333333333,0.2857142857142857,0.5714285714285714,0.7142857142857143,4.190476190476191,424244212211434143414
87,3,0.23809523809523808,0.3333333333333333,0.5238095238095238,0.7142857142857143,4.142857142857143,424244212211434143414
87,4,0.14285714285714285,0.23809523809523808,0.42857142857142855,0.5714285714285714,5.142857142857143,424244212211434143414
87,5,0.14285714285714285,0.09523809523809523,0.23809523809523808,0.42857142857142855,7.238095238095238,424244212211434143414
88,2,0.23809523809523808,0.2857142857142857,0.6666666666666666,0.8571428571428571,3.7142857142857144,321343441243223433222
88,3,0.23809523809523808,0.09523809523809523,0.7142857142857143,0.7619047619047619,3.9523809523809526,321343441243223433222
88,4,0.14285714285714285,0.19047619047619047,0.47619047619047616,0.6190476190476191,4.428571428571429,321343441243223433222
88,5,0.23809523809523808,0.19047619047619047,0.47619047619047616,0.5714285714285714,5.190476190476191,321343441243223433222
89,2,0.2857142857142857,0.23809523809523808,0.6666666666666666,0.8571428571428571,3.8095238095238093,142444143423332313143
89,3,0.19047619047619047,0.2857142857142857,0.5714285714285714,0.6666666666666666,4.619047619047619,142444143423332313143
89,4,0.19047619047619047,0.19047619047619047,0.6190476190476191,0.6666666666666666,5.619047619047619,142444143423332313143
89,5,0.23809523809523808,0.14285714285714285,0.3333333333333333,0.47619047619047616,6.380952380952381,142444143423332313143
90,2,0.3333333333333333,0.2857142857142857,0.6190476190476191,0.7142857142857143,4.238095238095238,241443224432412114143
90,3,0.2857142857142857,0.14285714285714285,0.5238095238095238,0.6666666666666666,4.9523809523809526,241443224432412114143
90,4,0.38095238095238093,0.2857142857142857,0.5238095238095238,0.6190476190476191,5.428571428571429,241443224432412114143
90,5,0.19047619047619047,0.23809523809523808,0.5714285714285714,0.6190476190476191,5.761904761904762,241443224432412114143
91,2,0.2857142857142857,0.19047619047619047,0.5238095238095238,0.7619047619047619,3.761904761904762,414411412331321211442
91,3,0.19047619047619047,0.23809523809523808,0.6666666666666666,0.8571428571428571,3.380952380952381,414411412331321211442
91,4,0.2857142857142857,0.09523809523809523,0.5238095238095238,0.6666666666666666,4.380952380952381,414411412331321211442
91,5,0.19047619047619047,0.14285714285714285,0.42857142857142855,0.47619047619047616,6.190476190476191,414411412331321211442
92,2,0.19047619047619047,0.23809523809523808,0.42857142857142855,0.7142857142857143,5.714285714285714,114213114113142443312
92,3,0.19047619047619047,0.2857142857142857,0.5238095238095238,0.6666666666666666,5.238095238095238,114213114113142443312
92,4,0.19047619047619047,0.14285714285714285,0.42857142857142855,0.5238095238095238,6.333333333333333,114213114113142443312
92,5,0.19047619047619047,0.19047619047619047,0.38095238095238093,0.47619047619047616,7.0,114213114113142443312
93,2,0.42857142857142855,0.5238095238095238,0.6666666666666666,0.9047619047619048,2.857142857142857,221421333231411421133
93,3,0.3333333333333333,0.3333333333333333,0.5714285714285714,0.7142857142857143,3.9523809523809526,221421333231411421133
93,4,0.2857142857142857,0.23809523809523808,0.47619047619047616,0.5714285714285714,5.190476190476191,221421333231411421133
93,5,0.14285714285714285,0.23809523809523808,0.38095238095238093,0.5238095238095238,5.619047619047619,221421333231411421133
94,2,0.2857142857142857,0.2857142857142857,0.6190476190476191,0.7142857142857143,4.809523809523809,414433121244344142422
94,3,0.23809523809523808,0.2857142857142857,0.5714285714285714,0.7619047619047619,4.380952380952381,414433121244344142422
94,4,0.23809523809523808,0.2857142857142857,0.5238095238095238,0.6190476190476191,4.857142857142857,414433121244344142422
94,5,0.23809523809523808,0.19047619047619047,0.5714285714285714,0.5714285714285714,5.238095238095238,414433121244344142422
95,2,0.38095238095238093,0.3333333333333333,0.5714285714285714,0.7619047619047619,3.5238095238095237,414334424443431412222
95,3,0.23809523809523808,0.14285714285714285,0.6190476190476191,0.7142857142857143,4.333333333333333,414334424443431412222
95,4,0.23809523809523808,0.09523809523809523,0.5238095238095238,0.6190476190476191,4.714285714285714,414334424443431412222
95,5,0.19047619047619047,0.38095238095238093,0.6666666666666666,0.7619047619047619,4.285714285714286,414334424443431412222
96,2,0.42857142857142855,0.2857142857142857,0.6190476190476191,0.8095238095238095,3.761904761904762,143341332311333411111
96,3,0.23809523809523808,0.2857142857142857,0.47619047619047616,0.6666666666666666,4.761904761904762,143341332311333411111
96,4,0.23809523809523808,0.19047619047619047,0.47619047619047616,0.5714285714285714,5.761904761904762,143341332311333411111
96,5,0.19047619047619047,0.14285714285714285,0.3333333333333333,0.47619047619047616,7.476190476190476,143341332311333411111
97,2,0.23809523809523808,0.42857142857142855,0.6190476190476191,0.8095238095238095,3.9523809523809526,421233334312234313234
97,3,0.19047619047619047,0.2857142857142857,0.5238095238095238,0.6190476190476191,4.619047619047619,421233334312234313234
97,4,0.23809523809523808,0.14285714285714285,0.47619047619047616,0.6190476190476191,5.0,421233334312234313234
97,5,0.14285714285714285,0.09523809523809523,0.38095238095238093,0.42857142857142855,6.619047619047619,421233334312234313234
98,2,0.23809523809523808,0.19047619047619047,0.6190476190476191,0.8095238095238095,4.0,423324212123421122344
98,3,0.19047619047619047,0.19047619047619047,0.6190476190476191,0.7619047619047619,3.7142857142857144,423324212123421122344
98,4,0.14285714285714285,0.19047619047619047,0.6190476190476191,0.7619047619047619,4.238095238095238,423324212123421122344
98,5,0.19047619047619047,0.19047619047619047,0.38095238095238093,0.6666666666666666,5.809523809523809,423324212123421122344
99,2,0.19047619047619047,0.19047619047619047,0.42857142857142855,0.7142857142857143,4.571428571428571,311211242334422344244
99,3,0.14285714285714285,0.2857142857142857,0.5714285714285714,0.6666666666666666,5.0,311211242334422344244
99,4,0.19047619047619047,0.09523809523809523,0.42857142857142855,0.5238095238095238,5.476190476190476,311211242334422344244
99,5,0.23809523809523808,0.2857142857142857,0.38095238095238093,0.5238095238095238,6.476190476190476,311211242334422344244
100,2,0.23809523809523808,0.2857142857142857,0.6190476190476191,0.8571428571428571,3.9047619047619047,423113433234231232142
100,3,0.19047619047619047,0.2857142857142857,0.42857142857142855,0.6666666666666666,4.476190476190476,423113433234231232142
100,4,0.2857142857142857,0.14285714285714285,0.42857142857142855,0.5238095238095238,5.523809523809524,423113433234231232142
100,5,0.19047619047619047,0.19047619047619047,0.42857142857142855,0.47619047619047616,6.571428571428571,423113433234231232142
101,2,0.47619047619047616,0.47619047619047616,0.7142857142857143,0.8095238095238095,3.4761904761904763,332114224234314221414
101,3,0.3333333333333333,0.19047619047619047,0.6190476190476191,0.7619047619047619,4.523809523809524,332114224234314221414
101,4,0.3333333333333333,0.09523809523809523,0.5238095238095238,0.5238095238095238,5.095238095238095,332114224234314221414
101,5,0.23809523809523808,0.047619047619047616,0.38095238095238093,0.42857142857142855,7.476190476190476,332114224234314221414
102,2,0.38095238095238093,0.19047619047619047,0.6666666666666666,0.9047619047619048,2.8095238095238093,222221432413333341213
102,3,0.2857142857142857,0.23809523809523808,0.47619047619047616,0.7619047619047619,4.190476190476191,222221432413333341213
102,4,0.19047619047619047,0.19047619047619047,0.47619047619047616,0.6190476190476191,5.190476190476191,222221432413333341213
102,5,0.09523809523809523,0.09523809523809523,0.3333333333333333,0.42857142857142855,6.285714285714286,222221432413333341213
103,2,0.09523809523809523,0.14285714285714285,0.5714285714285714,0.9047619047619048,3.5714285714285716,422141311132332344432
103,3,0.14285714285714285,0.19047619047619047,0.5238095238095238,0.6190476190476191,4.380952380952381,422141311132332344432
103,4,0.19047619047619047,0.14285714285714285,0.47619047619047616,0.6666666666666666,5.285714285714286,422141311132332344432
103,5,0.14285714285714285,0.09523809523809523,0.2857142857142857,0.38095238095238093,6.809523809523809,422141311132332344432
104,2,0.19047619047619047,0.42857142857142855,0.6190476190476191,0.8571428571428571,4.142857142857143,131241221423212144231
104,3,0.3333333333333333,0.38095238095238093,0.6666666666666666,0.6666666666666666,4.857142857142857,131241221423212144231
104,4,0.3333333333333333,0.47619047619047616,0.5238095238095238,0.6666666666666666,5.0,131241221423212144231
104,5,0.23809523809523808,0.14285714285714285,0.38095238095238093,0.5238095238095238,6.761904761904762,131241221423212144231
105,2,0.19047619047619047,0.14285714285714285,0.42857142857142855,0.8095238095238095,4.428571428571429,341133122121441341441
105,3,0.2857142857142857,0.19047619047619047,0.47619047619047616,0.6666666666666666,4.809523809523809,341133122121441341441
105,4,0.19047619047619047,0.047619047619047616,0.47619047619047616,0.5714285714285714,5.9523809523809526,341133122121441341441
105,5,0.09523809523809523,0.19047619047619047,0.38095238095238093,0.5238095238095238,6.476190476190476,341133122121441341441
106,2,0.2857142857142857,0.23809523809523808,0.5714285714285714,0.7142857142857143,4.619047619047619,113234443134232444124
106,3,0.2857142857142857,0.3333333333333333,0.5238095238095238,0.5238095238095238,5.619047619047619,113234443134232444124
106,4,0.14285714285714285,0.19047619047619047,0.38095238095238093,0.5238095238095238,6.285714285714286,113234443134232444124
106,5,0.19047619047619047,0.09523809523809523,0.38095238095238093,0.5238095238095238,6.809523809523809,113234443134232444124
107,2,0.23809523809523808,0.14285714285714285,0.6190476190476191,0.6666666666666666,5.142857142857143,141433422311134332221
107,3,0.23809523809523808,0.14285714285714285,0.5714285714285714,0.5714285714285714,5.571428571428571,141433422311134332221
107,4,0.23809523809523808,0.19047619047619047,0.38095238095238093,0.47619047619047616,6.809523809523809,141433422311134332221
107,5,0.19047619047619047,0.19047619047619047,0.42857142857142855,0.5238095238095238,6.476190476190476,141433422311134332221
108,2,0.38095238095238093,0.2857142857142857,0.6190476190476191,0.8571428571428571,3.238095238095238,212312241222221442124
108,3,0.2857142857142857,0.38095238095238093,0.47619047619047616,0.6666666666666666,4.238095238095238,212312241222221442124
108,4,0.23809523809523808,0.38095238095238093,0.47619047619047616,0.5238095238095238,4.857142857142857,212312241222221442124
108,5,0.23809523809523808,0.09523809523809523,0.47619047619047616,0.5238095238095238,6.0476190476190474,212312241222221442124
109,2,0.42857142857142855,0.2857142857142857,0.6666666666666666,0.8095238095238095,3.6666666666666665,344413424341233442422
109,3,0.3333333333333333,0.23809523809523808,0.6190476190476191,0.7619047619047619,3.6666666666666665,344413424341233442422
109,4,0.23809523809523808,0.19047619047619047,0.5238095238095238,0.7142857142857143,4.285714285714286,344413424341233442422
109,5,0.3333333333333333,0.2857142857142857,0.47619047619047616,0.5714285714285714,5.190476190476191,344413424341233442422
110,2,0.3333333333333333,0.42857142857142855,0.6666666666666666,0.8095238095238095,3.238095238095238,233411143243231123432
110,3,0.2857142857142857,0.3333333333333333,0.5714285714285714,0.7142857142857143,3.7142857142857144,233411143243231123432
110,4,0.23809523809523808,0.19047619047619047,0.47619047619047616,0.5238095238095238,5.333333333333333,233411143243231123432
110,5,0.14285714285714285,0.14285714285714285,0.3333333333333333,0.47619047619047616,6.523809523809524,233411143243231123432
111,2,0.23809523809523808,0.19047619047619047,0.5714285714285714,0.7619047619047619,4.428571428571429,324343143233442421314
111,3,0.23809523809523808,0.2857142857142857,0.42857142857142855,0.6190476190476191,4.809523809523809,324343143233442421314
111,4,0.19047619047619047,0.14285714285714285,0.47619047619047616,0.47619047619047616,5.523809523809524,324343143233442421314
111,5,0.14285714285714285,0.0,0.2857142857142857,0.42857142857142855,6.380952380952381,324343143233442421314
112,2,0.42857142857142855,0.42857142857142855,0.6666666666666666,0.9047619047619048,3.0,431122234123322321143
112,3,0.23809523809523808,0.19047619047619047,0.6190476190476191,0.7142857142857143,4.238095238095238,431122234123322321143
112,4,0.23809523809523808,0.14285714285714285,0.5714285714285714,0.7619047619047619,4.571428571428571,431122234123322321143
112,5,0.19047619047619047,0.3333333333333333,0.47619047619047616,0.6190476190476191,5.619047619047619,431122234123322321143
113,2,0.2857142857142857,0.19047619047619047,0.5238095238095238,0.6666666666666666,5.0,444443113221332413324
113,3,0.14285714285714285,0.19047619047619047,0.42857142857142855,0.6190476190476191,4.523809523809524,444443113221332413324
113,4,0.14285714285714285,0.19047619047619047,0.47619047619047616,0.6190476190476191,5.333333333333333,444443113221332413324
113,5,0.19047619047619047,0.047619047619047616,0.3333333333333333,0.47619047619047616,6.666666666666667,444443113221332413324
114,2,0.38095238095238093,0.2857142857142857,0.6190476190476191,0.7619047619047619,4.476190476190476,212343142144112411343
114,3,0.23809523809523808,0.38095238095238093,0.5714285714285714,0.7619047619047619,4.476190476190476,212343142144112411343
114,4,0.2857142857142857,0.23809523809523808,0.5238095238095238,0.6666666666666666,5.190476190476191,212343142144112411343
114,5,0.2857142857142857,0.2857142857142857,0.47619047619047616,0.6190476190476191,5.666666666666667,212343142144112411343
115,2,0.2857142857142857,0.2857142857142857,0.6190476190476191,0.7619047619047619,4.0476190476190474,331244331344142122113
115,3,0.2857142857142857,0.23809523809523808,0.7142857142857143,0.8095238095238095,4.428571428571429,331244331344142122113
115,4,0.2857142857142857,0.2857142857142857,0.5238095238095238,0.7619047619047619,4.666666666666667,331244331344142122113
115,5,0.2857142857142857,0.3333333333333333,0.47619047619047616,0.5714285714285714,5.904761904761905,331244331344142122113
116,2,0.38095238095238093,0.42857142857142855,0.6190476190476191,0.6666666666666666,4.714285714285714,111132233344411433333
116,3,0.3333333333333333,0.23809523809523808,0.5238095238095238,0.5714285714285714,5.571428571428571,111132233344411433333
116,4,0.23809523809523808,0.2857142857142857,0.42857142857142855,0.47619047619047616,6.285714285714286,111132233344411433333
116,5,0.23809523809523808,0.2857142857142857,0.47619047619047616,0.5238095238095238,6.476190476190476,111132233344411433333
117,2,0.23809523809523808,0.42857142857142855,0.5714285714285714,0.7619047619047619,3.7142857142857144,413132242133443441132
117,3,0.19047619047619047,0.19047619047619047,0.42857142857142855,0.6190476190476191,4.571428571428571,413132242133443441132
117,4,0.19047619047619047,0.14285714285714285,0.5238095238095238,0.5714285714285714,5.095238095238095,413132242133443441132
117,5,0.14285714285714285,0.14285714285714285,0.38095238095238093,0.5714285714285714,6.238095238095238,413132242133443441132
118,2,0.5238095238095238,0.3333333333333333,0.5714285714285714,0.7619047619047619,3.9523809523809526,341443333214421431344
118,3,0.23809523809523808,0.42857142857142855,0.5714285714285714,0.8095238095238095,4.380952380952381,341443333214421431344
118,4,0.19047619047619047,0.19047619047619047,0.47619047619047616,0.5238095238095238,5.380952380952381,341443333214421431344
118,5,0.14285714285714285,0.14285714285714285,0.3333333333333333,0.5714285714285714,6.190476190476191,341443333214421431344
119,2,0.3333333333333333,0.2857142857142857,0.6666666666666666,0.7619047619047619,4.428571428571429,444323412244221423233
119,3,0.2857142857142857,0.3333333333333333,0.5714285714285714,0.8571428571428571,3.761904761904762,444323412244221423233
119,4,0.19047619047619047,0.23809523809523808,0.42857142857142855,0.7142857142857143,4.333333333333333,444323412244221423233
119,5,0.38095238095238093,0.23809523809523808,0.5238095238095238,0.5714285714285714,5.380952380952381,444323412244221423233
120,2,0.2857142857142857,0.2857142857142857,0.5714285714285714,0.7619047619047619,3.5714285714285716,441411332232444213443
120,3,0.2857142857142857,0.3333333333333333,0.6190476190476191,0.7619047619047619,4.142857142857143,441411332232444213443
120,4,0.2857142857142857,0.23809523809523808,0.47619047619047616,0.6666666666666666,5.0,441411332232444213443
120,5,0.2857142857142857,0.19047619047619047,0.42857142857142855,0.47619047619047616,6.190476190476191,441411332232444213443
121,2,0.23809523809523808,0.38095238095238093,0.6666666666666666,0.8571428571428571,3.3333333333333335,444132433322322123431
121,3,0.19047619047619047,0.2857142857142857,0.6190476190476191,0.7142857142857143,3.761904761904762,444132433322322123431
121,4,0.14285714285714285,0.19047619047619047,0.47619047619047616,0.6190476190476191,4.9523809523809526,444132433322322123431
121,5,0.23809523809523808,0.09523809523809523,0.5238095238095238,0.5714285714285714,5.761904761904762,444132433322322123431
122,2,0.42857142857142855,0.38095238095238093,0.6190476190476191,0.7619047619047619,3.142857142857143,433144323242414443344
122,3,0.38095238095238093,0.3333333333333333,0.5714285714285714,0.7142857142857143,3.6666666666666665,433144323242414443344
122,4,0.19047619047619047,0.5238095238095238,0.5714285714285714,0.7142857142857143,4.619047619047619,433144323242414443344
122,5,0.19047619047619047,0.14285714285714285,0.42857142857142855,0.5238095238095238,7.0476190476190474,433144323242414443344
123,2,0.38095238095238093,0.2857142857142857,0.5714285714285714,0.6666666666666666,4.809523809523809,111114211341411312424
123,3,0.3333333333333333,0.14285714285714285,0.47619047619047616,0.5714285714285714,5.571428571428571,111114211341411312424
123,4,0.38095238095238093,0.23809523809523808,0.47619047619047616,0.5238095238095238,6.190476190476191,111114211341411312424
123,5,0.3333333333333333,0.2857142857142857,0.47619047619047616,0.5238095238095238,6.333333333333333,111114211341411312424
124,2,0.19047619047619047,0.2857142857142857,0.7142857142857143,0.7619047619047619,3.857142857142857,221212411342124224131
124,3,0.2857142857142857,0.42857142857142855,0.6190476190476191,0.6666666666666666,4.333333333333333,221212411342124224131
124,4,0.23809523809523808,0.2857142857142857,0.47619047619047616,0.7142857142857143,5.0,221212411342124224131
124,5,0.23809523809523808,0.2857142857142857,0.3333333333333333,0.47619047619047616,7.0476190476190474,221212411342124224131
125,2,0.2857142857142857,0.3333333333333333,0.6666666666666666,0.9047619047619048,3.142857142857143,442424141421243142121
125,3,0.23809523809523808,0.19047619047619047,0.6666666666666666,0.9047619047619048,3.4285714285714284,442424141421243142121
125,4,0.14285714285714285,0.14285714285714285,0.6666666666666666,0.7619047619047619,4.142857142857143,442424141421243142121
125,5,0.19047619047619047,0.19047619047619047,0.38095238095238093,0.5714285714285714,5.285714285714286,442424141421243142121
126,2,0.2857142857142857,0.19047619047619047,0.5714285714285714,0.8571428571428571,3.5238095238095237,424131431224313334211
126,3,0.2857142857142857,0.2857142857142857,0.5714285714285714,0.7619047619047619,4.238095238095238,424131431224313334211
126,4,0.3333333333333333,0.19047619047619047,0.47619047619047616,0.5714285714285714,5.380952380952381,424131431224313334211
126,5,0.23809523809523808,0.19047619047619047,0.42857142857142855,0.47619047619047616,6.333333333333333,424131431224313334211
127,2,0.19047619047619047,0.2857142857142857,0.5714285714285714,0.8571428571428571,3.9523809523809526,412214242222114434342
127,3,0.3333333333333333,0.19047619047619047,0.6666666666666666,0.8571428571428571,3.619047619047619,412214242222114434342
127,4,0.23809523809523808,0.2857142857142857,0.6190476190476191,0.7142857142857143,4.142857142857143,412214242222114434342
127,5,0.19047619047619047,0.23809523809523808,0.38095238095238093,0.5238095238095238,6.619047619047619,412214242222114434342
128,2,0.38095238095238093,0.38095238095238093,0.6666666666666666,0.8571428571428571,3.5714285714285716,144112444312222441333
128,3,0.23809523809523808,0.2857142857142857,0.6190476190476191,0.6666666666666666,4.428571428571429,144112444312222441333
128,4,0.19047619047619047,0.09523809523809523,0.5238095238095238,0.5714285714285714,5.190476190476191,144112444312222441333
128,5,0.23809523809523808,0.19047619047619047,0.38095238095238093,0.5714285714285714,7.0,144112444312222441333
129,2,0.2857142857142857,0.42857142857142855,0.5714285714285714,0.6666666666666666,4.714285714285714,333443211133112341413
129,3,0.23809523809523808,0.23809523809523808,0.5714285714285714,0.5714285714285714,5.380952380952381,333443211133112341413
129,4,0.23809523809523808,0.23809523809523808,0.47619047619047616,0.5714285714285714,6.238095238095238,333443211133112341413
129,5,0.19047619047619047,0.09523809523809523,0.2857142857142857,0.38095238095238093,7.523809523809524,333443211133112341413
130,2,0.47619047619047616,0.3333333333333333,0.5714285714285714,0.6666666666666666,4.904761904761905,121232212234332421241
130,3,0.19047619047619047,0.2857142857142857,0.6190476190476191,0.7142857142857143,5.142857142857143,121232212234332421241
130,4,0.14285714285714285,0.14285714285714285,0.47619047619047616,0.5714285714285714,5.904761904761905,121232212234332421241
130,5,0.19047619047619047,0.19047619047619047,0.2857142857142857,0.42857142857142855,7.571428571428571,121232212234332421241
131,2,0.42857142857142855,0.38095238095238093,0.7142857142857143,0.9523809523809523,2.5238095238095237,312412324111311111423
131,3,0.2857142857142857,0.38095238095238093,0.7142857142857143,0.8095238095238095,3.238095238095238,312412324111311111423
131,4,0.38095238095238093,0.38095238095238093,0.6190476190476191,0.6666666666666666,3.7142857142857144,312412324111311111423
131,5,0.23809523809523808,0.23809523809523808,0.5714285714285714,0.6666666666666666,5.238095238095238,312412324111311111423
132,2,0.23809523809523808,0.2857142857142857,0.42857142857142855,0.7142857142857143,5.333333333333333,144113132123244414123
132,3,0.3333333333333333,0.3333333333333333,0.5238095238095238,0.6190476190476191,4.9523809523809526,144113132123244414123
132,4,0.3333333333333333,0.2857142857142857,0.6190476190476191,0.6190476190476191,5.238095238095238,144113132123244414123
132,5,0.23809523809523808,0.2857142857142857,0.47619047619047616,0.5714285714285714,5.9523809523809526,144113132123244414123
133,2,0.23809523809523808,0.2857142857142857,0.5238095238095238,0.7619047619047619,4.142857142857143,311142224322143421313
133,3,0.23809523809523808,0.14285714285714285,0.42857142857142855,0.5714285714285714,5.380952380952381,311142224322143421313
133,4,0.19047619047619047,0.14285714285714285,0.47619047619047616,0.6190476190476191,5.714285714285714,311142224322143421313
133,5,0.09523809523809523,0.09523809523809523,0.38095238095238093,0.5238095238095238,7.142857142857143,311142224322143421313
134,2,0.2857142857142857,0.38095238095238093,0.6190476190476191,0.9047619047619048,3.761904761904762,234313331232224414133
134,3,0.3333333333333333,0.3333333333333333,0.5714285714285714,0.7142857142857143,3.761904761904762,234313331232224414133
134,4,0.3333333333333333,0.3333333333333333,0.5238095238095238,0.5714285714285714,4.523809523809524,234313331232224414133
134,5,0.2857142857142857,0.2857142857142857,0.38095238095238093,0.47619047619047616,6.333333333333333,234313331232224414133
135,2,0.23809523809523808,0.3333333333333333,0.7142857142857143,0.8571428571428571,3.7142857142857144,441133234223224243442
135,3,0.2857142857142857,0.19047619047619047,0.5714285714285714,0.7619047619047619,4.142857142857143,441133234223224243442
135,4,0.23809523809523808,0.23809523809523808,0.5238095238095238,0.7142857142857143,4.761904761904762,441133234223224243442
135,5,0.23809523809523808,0.14285714285714285,0.42857142857142855,0.5714285714285714,5.666666666666667,441133234223224243442
136,2,0.42857142857142855,0.47619047619047616,0.6666666666666666,0.9047619047619048,2.761904761904762,342142443321223441134
136,3,0.2857142857142857,0.23809523809523808,0.5714285714285714,0.6666666666666666,3.5238095238095237,342142443321223441134
136,4,0.19047619047619047,0.14285714285714285,0.5238095238095238,0.6666666666666666,4.380952380952381,342142443321223441134
136,5,0.19047619047619047,0.23809523809523808,0.3333333333333333,0.5238095238095238,6.095238095238095,342142443321223441134
137,2,0.3333333333333333,0.2857142857142857,0.5238095238095238,0.6666666666666666,4.428571428571429,421423233322312313223
137,3,0.23809523809523808,0.2857142857142857,0.5238095238095238,0.6190476190476191,5.0476190476190474,421423233322312313223
137,4,0.3333333333333333,0.2857142857142857,0.5238095238095238,0.6190476190476191,5.095238095238095,421423233322312313223
137,5,0.23809523809523808,0.2857142857142857,0.47619047619047616,0.5238095238095238,5.9523809523809526,421423233322312313223
138,2,0.09523809523809523,0.19047619047619047,0.5238095238095238,0.8095238095238095,3.6666666666666665,313331134212241123313
138,3,0.23809523809523808,0.42857142857142855,0.5238095238095238,0.6666666666666666,4.238095238095238,313331134212241123313
138,4,0.19047619047619047,0.23809523809523808,0.42857142857142855,0.5238095238095238,5.523809523809524,313331134212241123313
138,5,0.19047619047619047,0.14285714285714285,0.47619047619047616,0.5238095238095238,6.476190476190476,313331134212241123313
139,2,0.47619047619047616,0.23809523809523808,0.6666666666666666,0.7619047619047619,3.2857142857142856,232322243412421212241
139,3,0.19047619047619047,0.23809523809523808,0.5238095238095238,0.7619047619047619,4.095238095238095,232322243412421212241
139,4,0.19047619047619047,0.14285714285714285,0.47619047619047616,0.6190476190476191,5.380952380952381,232322243412421212241
139,5,0.19047619047619047,0.23809523809523808,0.42857142857142855,0.5238095238095238,6.904761904761905,232322243412421212241
140,2,0.19047619047619047,0.3333333333333333,0.5714285714285714,0.8095238095238095,4.380952380952381,124241333311244143244
140,3,0.23809523809523808,0.47619047619047616,0.6190476190476191,0.8095238095238095,4.0,124241333311244143244
140,4,0.14285714285714285,0.09523809523809523,0.47619047619047616,0.7142857142857143,5.0,124241333311244143244
140,5,0.14285714285714285,0.09523809523809523,0.2857142857142857,0.5238095238095238,6.571428571428571,124241333311244143244
141,2,0.3333333333333333,0.23809523809523808,0.47619047619047616,0.7619047619047619,4.095238095238095,332111113321313121124
141,3,0.23809523809523808,0.42857142857142855,0.6190476190476191,0.7142857142857143,3.8095238095238093,332111113321313121124
141,4,0.23809523809523808,0.3333333333333333,0.5238095238095238,0.5714285714285714,5.190476190476191,332111113321313121124
141,5,0.14285714285714285,0.09523809523809523,0.3333333333333333,0.5714285714285714,6.238095238095238,332111113321313121124
142,2,0.2857142857142857,0.2857142857142857,0.5714285714285714,0.7142857142857143,5.0,112433233322322341224
142,3,0.19047619047619047,0.14285714285714285,0.5238095238095238,0.5714285714285714,5.476190476190476,112433233322322341224
142,4,0.14285714285714285,0.2857142857142857,0.47619047619047616,0.5238095238095238,6.190476190476191,112433233322322341224
142,5,0.23809523809523808,0.19047619047619047,0.47619047619047616,0.5238095238095238,6.380952380952381,112433233322322341224
143,2,0.23809523809523808,0.19047619047619047,0.5238095238095238,0.8095238095238095,4.428571428571429,223343134224242141432
143,3,0.23809523809523808,0.3333333333333333,0.42857142857142855,0.7142857142857143,4.428571428571429,223343134224242141432
143,4,0.23809523809523808,0.19047619047619047,0.5714285714285714,0.5714285714285714,5.333333333333333,223343134224242141432
143,5,0.19047619047619047,0.14285714285714285,0.38095238095238093,0.5714285714285714,5.761904761904762,223343134224242141432
144,2,0.23809523809523808,0.38095238095238093,0.6190476190476191,0.8095238095238095,3.857142857142857,324432333343122344331
144,3,0.23809523809523808,0.23809523809523808,0.5714285714285714,0.6666666666666666,4.333333333333333,324432333343122344331
144,4,0.19047619047619047,0.23809523809523808,0.5238095238095238,0.6190476190476191,5.238095238095238,324432333343122344331
144,5,0.2857142857142857,0.19047619047619047,0.3333333333333333,0.47619047619047616,5.9523809523809526,324432333343122344331
145,2,0.2857142857142857,0.3333333333333333,0.6190476190476191,0.8571428571428571,3.380952380952381,421122444311131444211
145,3,0.3333333333333333,0.23809523809523808,0.5238095238095238,0.6190476190476191,4.571428571428571,421122444311131444211
145,4,0.19047619047619047,0.23809523809523808,0.47619047619047616,0.6190476190476191,5.523809523809524,421122444311131444211
145,5,0.14285714285714285,0.14285714285714285,0.47619047619047616,0.5714285714285714,6.238095238095238,421122444311131444211
146,2,0.38095238095238093,0.3333333333333333,0.6666666666666666,0.9047619047619048,3.0,332221324313443112234
146,3,0.19047619047619047,0.3333333333333333,0.6666666666666666,0.8095238095238095,3.4285714285714284,332221324313443112234
146,4,0.23809523809523808,0.2857142857142857,0.6190476190476191,0.7619047619047619,3.7142857142857144,332221324313443112234
146,5,0.14285714285714285,0.19047619047619047,0.47619047619047616,0.6190476190476191,5.904761904761905,332221324313443112234
147,2,0.3333333333333333,0.3333333333333333,0.6190476190476191,0.7619047619047619,4.142857142857143,133141124122412434231
147,3,0.3333333333333333,0.3333333333333333,0.5714285714285714,0.6190476190476191,4.809523809523809,133141124122412434231
147,4,0.3333333333333333,0.38095238095238093,0.47619047619047616,0.5714285714285714,5.619047619047619,133141124122412434231
147,5,0.2857142857142857,0.14285714285714285,0.42857142857142855,0.5238095238095238,7.476190476190476,133141124122412434231
148,2,0.2857142857142857,0.2857142857142857,0.5238095238095238,0.7142857142857143,3.857142857142857,414421322342412141313
148,3,0.38095238095238093,0.42857142857142855,0.6190476190476191,0.7619047619047619,3.5714285714285716,414421322342412141313
148,4,0.23809523809523808,0.3333333333333333,0.5238095238095238,0.6666666666666666,4.285714285714286,414421322342412141313
148,5,0.19047619047619047,0.19047619047619047,0.47619047619047616,0.5238095238095238,6.190476190476191,414421322342412141313
149,2,0.23809523809523808,0.23809523809523808,0.5714285714285714,0.8095238095238095,3.857142857142857,224211231443441323211
149,3,0.2857142857142857,0.2857142857142857,0.47619047619047616,0.7142857142857143,4.142857142857143,224211231443441323211
149,4,0.3333333333333333,0.23809523809523808,0.42857142857142855,0.5238095238095238,5.190476190476191,224211231443441323211
149,5,0.2857142857142857,0.19047619047619047,0.38095238095238093,0.42857142857142855,5.809523809523809,224211231443441323211
150,2,0.2857142857142857,0.14285714285714285,0.5714285714285714,0.9047619047619048,3.0,421324124232224121334
150,3,0.2857142857142857,0.19047619047619047,0.5238095238095238,0.6666666666666666,4.380952380952381,421324124232224121334
150,4,0.23809523809523808,0.2857142857142857,0.5238095238095238,0.6190476190476191,5.0476190476190474,421324124232224121334
150,5,0.23809523809523808,0.19047619047619047,0.42857142857142855,0.6190476190476191,5.428571428571429,421324124232224121334
151,2,0.2857142857142857,0.2857142857142857,0.5714285714285714,0.6666666666666666,4.285714285714286,321331111342411434424
151,3,0.38095238095238093,0.23809523809523808,0.6190476190476191,0.7142857142857143,4.571428571428571,321331111342411434424
151,4,0.23809523809523808,0.3333333333333333,0.42857142857142855,0.6190476190476191,5.380952380952381,321331111342411434424
151,5,0.23809523809523808,0.23809523809523808,0.5238095238095238,0.5238095238095238,5.809523809523809,321331111342411434424
152,2,0.2857142857142857,0.09523809523809523,0.6190476190476191,0.8571428571428571,3.8095238095238093,312312222414231324222
152,3,0.19047619047619047,0.23809523809523808,0.5714285714285714,0.6190476190476191,4.714285714285714,312312222414231324222
152,4,0.23809523809523808,0.09523809523809523,0.3333333333333333,0.5238095238095238,5.571428571428571,312312222414231324222
152,5,0.23809523809523808,0.19047619047619047,0.47619047619047616,0.5714285714285714,5.9523809523809526,312312222414231324222
153,2,0.23809523809523808,0.19047619047619047,0.5714285714285714,0.8095238095238095,4.0476190476190474,424144233122123311432
153,3,0.2857142857142857,0.19047619047619047,0.5714285714285714,0.6666666666666666,4.523809523809524,424144233122123311432
153,4,0.23809523809523808,0.2857142857142857,0.5714285714285714,0.6190476190476191,5.714285714285714,424144233122123311432
153,5,0.14285714285714285,0.14285714285714285,0.2857142857142857,0.5238095238095238,7.0476190476190474,424144233122123311432
154,2,0.23809523809523808,0.3333333333333333,0.6666666666666666,0.6666666666666666,4.904761904761905,124124141414431213322
154,3,0.19047619047619047,0.09523809523809523,0.5238095238095238,0.6190476190476191,5.380952380952381,124124141414431213322
154,4,0.19047619047619047,0.23809523809523808,0.42857142857142855,0.5238095238095238,6.904761904761905,124124141414431213322
154,5,0.09523809523809523,0.14285714285714285,0.23809523809523808,0.2857142857142857,7.571428571428571,124124141414431213322
155,2,0.23809523809523808,0.42857142857142855,0.5714285714285714,0.8571428571428571,3.8095238095238093,442212224422432143341
155,3,0.23809523809523808,0.19047619047619047,0.6666666666666666,0.7619047619047619,4.0,442212224422432143341
155,4,0.2857142857142857,0.14285714285714285,0.6190476190476191,0.7142857142857143,4.428571428571429,442212224422432143341
155,5,0.23809523809523808,0.14285714285714285,0.47619047619047616,0.5714285714285714,6.0476190476190474,442212224422432143341
156,2,0.14285714285714285,0.23809523809523808,0.6190476190476191,0.8095238095238095,4.428571428571429,413333424144441123312
156,3,0.19047619047619047,0.2857142857142857,0.5714285714285714,0.7619047619047619,4.476190476190476,413333424144441123312
156,4,0.19047619047619047,0.09523809523809523,0.47619047619047616,0.6666666666666666,4.9523809523809526,413333424144441123312
156,5,0.23809523809523808,0.19047619047619047,0.6190476190476191,0.6190476190476191,5.333333333333333,413333424144441123312
157,2,0.42857142857142855,0.3333333333333333,0.6666666666666666,0.7619047619047619,3.857142857142857,444441231234211422224
157,3,0.3333333333333333,0.19047619047619047,0.5714285714285714,0.7619047619047619,4.190476190476191,444441231234211422224
157,4,0.23809523809523808,0.19047619047619047,0.42857142857142855,0.5238095238095238,5.0476190476190474,444441231234211422224
157,5,0.14285714285714285,0.14285714285714285,0.47619047619047616,0.5238095238095238,5.904761904761905,444441231234211422224
158,2,0.2857142857142857,0.09523809523809523,0.47619047619047616,0.8571428571428571,4.380952380952381,411223223123121424143
158,3,0.2857142857142857,0.38095238095238093,0.5714285714285714,0.6666666666666666,4.714285714285714,411223223123121424143
158,4,0.23809523809523808,0.19047619047619047,0.47619047619047616,0.6666666666666666,5.428571428571429,411223223123121424143
158,5,0.2857142857142857,0.38095238095238093,0.5714285714285714,0.7142857142857143,5.0,411223223123121424143
159,2,0.38095238095238093,0.2857142857142857,0.5238095238095238,0.7619047619047619,3.9047619047619047,441414323144422122314
159,3,0.19047619047619047,0.23809523809523808,0.6190476190476191,0.7142857142857143,4.666666666666667,441414323144422122314
159,4,0.23809523809523808,0.3333333333333333,0.6190476190476191,0.6190476190476191,5.0,441414323144422122314
159,5,0.2857142857142857,0.2857142857142857,0.47619047619047616,0.5238095238095238,5.428571428571429,441414323144422122314
160,2,0.2857142857142857,0.2857142857142857,0.47619047619047616,0.8095238095238095,3.8095238095238093,433211223323232344133
160,3,0.23809523809523808,0.42857142857142855,0.5238095238095238,0.6666666666666666,4.428571428571429,433211223323232344133
160,4,0.2857142857142857,0.2857142857142857,0.42857142857142855,0.5714285714285714,5.333333333333333,433211223323232344133
160,5,0.23809523809523808,0.14285714285714285,0.3333333333333333,0.5238095238095238,6.714285714285714,433211223323232344133
161,2,0.42857142857142855,0.47619047619047616,0.6666666666666666,0.8095238095238095,3.6666666666666665,421124111143114431223
161,3,0.38095238095238093,0.2857142857142857,0.6666666666666666,0.6666666666666666,4.428571428571429,421124111143114431223
161,4,0.23809523809523808,0.2857142857142857,0.5238095238095238,0.6190476190476191,5.571428571428571,421124111143114431223
161,5,0.23809523809523808,0.2857142857142857,0.42857142857142855,0.5238095238095238,5.809523809523809,421124111143114431223
162,2,0.42857142857142855,0.23809523809523808,0.5714285714285714,0.8095238095238095,3.1904761904761907,243421323221411414133
162,3,0.38095238095238093,0.5714285714285714,0.5714285714285714,0.7619047619047619,3.5238095238095237,243421323221411414133
162,4,0.2857142857142857,0.3333333333333333,0.5238095238095238,0.6666666666666666,4.761904761904762,243421323221411414133
162,5,0.23809523809523808,0.19047619047619047,0.42857142857142855,0.5238095238095238,6.333333333333333,243421323221411414133
163,2,0.2857142857142857,0.3333333333333333,0.6190476190476191,0.7619047619047619,3.7142857142857144,424132434233133144421
163,3,0.2857142857142857,0.19047619047619047,0.5238095238095238,0.7619047619047619,4.476190476190476,424132434233133144421
163,4,0.23809523809523808,0.19047619047619047,0.47619047619047616,0.6190476190476191,5.238095238095238,424132434233133144421
163,5,0.14285714285714285,0.19047619047619047,0.47619047619047616,0.47619047619047616,5.809523809523809,424132434233133144421
164,2,0.38095238095238093,0.38095238095238093,0.6190476190476191,0.8095238095238095,4.0476190476190474,132241132112413143333
164,3,0.2857142857142857,0.38095238095238093,0.5714285714285714,0.7142857142857143,4.619047619047619,132241132112413143333
164,4,0.23809523809523808,0.23809523809523808,0.5238095238095238,0.6190476190476191,5.333333333333333,132241132112413143333
164,5,0.23809523809523808,0.23809523809523808,0.2857142857142857,0.47619047619047616,7.380952380952381,132241132112413143333
165,2,0.3333333333333333,0.3333333333333333,0.6190476190476191,0.7619047619047619,4.761904761904762,112313141342221432423
165,3,0.38095238095238093,0.14285714285714285,0.5238095238095238,0.6190476190476191,5.095238095238095,112313141342221432423
165,4,0.23809523809523808,0.2857142857142857,0.42857142857142855,0.5238095238095238,6.0,112313141342221432423
165,5,0.2857142857142857,0.23809523809523808,0.5714285714285714,0.6190476190476191,5.619047619047619,112313141342221432423
166,2,0.3333333333333333,0.23809523809523808,0.5714285714285714,0.8571428571428571,3.238095238095238,442211442123411341413
166,3,0.3333333333333333,0.38095238095238093,0.7142857142857143,0.7619047619047619,3.7142857142857144,442211442123411341413
166,4,0.3333333333333333,0.2857142857142857,0.47619047619047616,0.7142857142857143,4.428571428571429,442211442123411341413
166,5,0.19047619047619047,0.19047619047619047,0.42857142857142855,0.6190476190476191,5.571428571428571,442211442123411341413
167,2,0.2857142857142857,0.2857142857142857,0.5714285714285714,0.8095238095238095,3.761904761904762,231321131424331132212
167,3,0.19047619047619047,0.19047619047619047,0.5714285714285714,0.6190476190476191,5.0476190476190474,231321131424331132212
167,4,0.19047619047619047,0.09523809523809523,0.42857142857142855,0.5238095238095238,6.238095238095238,231321131424331132212
167,5,0.14285714285714285,0.2857142857142857,0.38095238095238093,0.47619047619047616,6.571428571428571,231321131424331132212
168,2,0.42857142857142855,0.47619047619047616,0.7142857142857143,0.8571428571428571,2.761904761904762,212144442311222431114
168,3,0.23809523809523808,0.2857142857142857,0.5238095238095238,0.7142857142857143,3.8095238095238093,212144442311222431114
168,4,0.23809523809523808,0.09523809523809523,0.38095238095238093,0.5714285714285714,4.857142857142857,212144442311222431114
168,5,0.19047619047619047,0.3333333333333333,0.38095238095238093,0.5238095238095238,6.095238095238095,212144442311222431114
169,2,0.2857142857142857,0.3333333333333333,0.5714285714285714,0.7142857142857143,4.761904761904762,213243111123132212121
169,3,0.14285714285714285,0.19047619047619047,0.47619047619047616,0.6190476190476191,5.0,213243111123132212121
169,4,0.23809523809523808,0.23809523809523808,0.38095238095238093,0.47619047619047616,6.476190476190476,213243111123132212121
169,5,0.14285714285714285,0.3333333333333333,0.3333333333333333,0.38095238095238093,7.428571428571429,213243111123132212121
170,2,0.23809523809523808,0.19047619047619047,0.5714285714285714,0.8095238095238095,4.238095238095238,342113124434342221331
170,3,0.19047619047619047,0.047619047619047616,0.47619047619047616,0.6666666666666666,4.619047619047619,342113124434342221331
170,4,0.2857142857142857,0.09523809523809523,0.42857142857142855,0.6190476190476191,5.190476190476191,342113124434342221331
170,5,0.3333333333333333,0.14285714285714285,0.47619047619047616,0.5714285714285714,6.142857142857143,342113124434342221331
171,2,0.38095238095238093,0.23809523809523808,0.5714285714285714,0.7619047619047619,4.333333333333333,413243223211112221311
171,3,0.19047619047619047,0.23809523809523808,0.42857142857142855,0.5714285714285714,5.0476190476190474,413243223211112221311
171,4,0.23809523809523808,0.09523809523809523,0.3333333333333333,0.42857142857142855,6.285714285714286,413243223211112221311
171,5,0.19047619047619047,0.09523809523809523,0.3333333333333333,0.47619047619047616,7.761904761904762,413243223211112221311
172,2,0.38095238095238093,0.23809523809523808,0.6190476190476191,0.7142857142857143,4.619047619047619,141344224341121331414
172,3,0.3333333333333333,0.3333333333333333,0.5238095238095238,0.6190476190476191,5.809523809523809,141344224341121331414
172,4,0.3333333333333333,0.2857142857142857,0.42857142857142855,0.5238095238095238,6.523809523809524,141344224341121331414
172,5,0.23809523809523808,0.23809523809523808,0.47619047619047616,0.6666666666666666,6.476190476190476,141344224341121331414
173,2,0.19047619047619047,0.09523809523809523,0.47619047619047616,0.8571428571428571,3.6666666666666665,414431421433442224444
173,3,0.23809523809523808,0.19047619047619047,0.5714285714285714,0.7142857142857143,4.0,414431421433442224444
173,4,0.19047619047619047,0.14285714285714285,0.3333333333333333,0.5238095238095238,5.285714285714286,414431421433442224444
173,5,0.2857142857142857,0.23809523809523808,0.5238095238095238,0.5238095238095238,4.9523809523809526,414431421433442224444
174,2,0.38095238095238093,0.5238095238095238,0.5238095238095238,0.6666666666666666,4.9523809523809526,331223213244324131224
174,3,0.19047619047619047,0.3333333333333333,0.6190476190476191,0.7142857142857143,4.428571428571429,331223213244324131224
174,4,0.19047619047619047,0.23809523809523808,0.5238095238095238,0.5714285714285714,5.0,331223213244324131224
174,5,0.14285714285714285,0.19047619047619047,0.3333333333333333,0.5238095238095238,6.904761904761905,331223213244324131224
175,2,0.3333333333333333,0.2857142857142857,0.6666666666666666,0.8095238095238095,4.0,141244311343241314343
175,3,0.2857142857142857,0.23809523809523808,0.6190476190476191,0.7619047619047619,4.571428571428571,141244311343241314343
175,4,0.19047619047619047,0.19047619047619047,0.47619047619047616,0.7142857142857143,5.238095238095238,141244311343241314343
175,5,0.23809523809523808,0.23809523809523808,0.42857142857142855,0.5238095238095238,6.333333333333333,141244311343241314343
176,2,0.2857142857142857,0.3333333333333333,0.7142857142857143,0.8095238095238095,3.9523809523809526,211433232441231332431
176,3,0.2857142857142857,0.3333333333333333,0.47619047619047616,0.5714285714285714,5.0,211433232441231332431
176,4,0.19047619047619047,0.19047619047619047,0.38095238095238093,0.47619047619047616,5.9523809523809526,211433232441231332431
176,5,0.14285714285714285,0.23809523809523808,0.3333333333333333,0.5238095238095238,6.095238095238095,211433232441231332431
177,2,0.2857142857142857,0.23809523809523808,0.6666666666666666,0.8571428571428571,3.2857142857142856,341432424432131224233
177,3,0.2857142857142857,0.23809523809523808,0.6190476190476191,0.6666666666666666,4.809523809523809,341432424432131224233
177,4,0.23809523809523808,0.23809523809523808,0.42857142857142855,0.5238095238095238,5.761904761904762,341432424432131224233
177,5,0.23809523809523808,0.14285714285714285,0.42857142857142855,0.5238095238095238,6.238095238095238,341432424432131224233
178,2,0.23809523809523808,0.3333333333333333,0.6666666666666666,0.9047619047619048,3.238095238095238,323234331222121214432
178,3,0.2857142857142857,0.3333333333333333,0.6666666666666666,0.7619047619047619,4.0476190476190474,323234331222121214432
178,4,0.23809523809523808,0.14285714285714285,0.5238095238095238,0.6190476190476191,5.095238095238095,323234331222121214432
178,5,0.19047619047619047,0.14285714285714285,0.3333333333333333,0.42857142857142855,7.714285714285714,323234331222121214432
179,2,0.23809523809523808,0.14285714285714285,0.5238095238095238,0.7619047619047619,4.190476190476191,314432224311142223143
179,3,0.23809523809523808,0.09523809523809523,0.5238095238095238,0.9047619047619048,3.9047619047619047,314432224311142223143
179,4,0.23809523809523808,0.19047619047619047,0.38095238095238093,0.7142857142857143,4.666666666666667,314432224311142223143
179,5,0.2857142857142857,0.2857142857142857,0.42857142857142855,0.5714285714285714,6.142857142857143,314432224311142223143
180,2,0.23809523809523808,0.19047619047619047,0.5238095238095238,0.7619047619047619,4.285714285714286,211111114134443413443
180,3,0.19047619047619047,0.23809523809523808,0.47619047619047616,0.6190476190476191,5.0476190476190474,211111114134443413443
180,4,0.23809523809523808,0.19047619047619047,0.42857142857142855,0.5238095238095238,6.0,211111114134443413443
180,5,0.19047619047619047,0.14285714285714285,0.42857142857142855,0.5238095238095238,5.857142857142857,211111114134443413443
181,2,0.3333333333333333,0.3333333333333333,0.6666666666666666,0.8571428571428571,2.857142857142857,441321422123214242214
181,3,0.38095238095238093,0.3333333333333333,0.5714285714285714,0.7619047619047619,3.857142857142857,441321422123214242214
181,4,0.3333333333333333,0.38095238095238093,0.42857142857142855,0.6190476190476191,4.380952380952381,441321422123214242214
181,5,0.2857142857142857,0.23809523809523808,0.47619047619047616,0.6190476190476191,5.0,441321422123214242214
182,2,0.19047619047619047,0.42857142857142855,0.6666666666666666,0.9047619047619048,3.1904761904761907,312244121111434143432
182,3,0.3333333333333333,0.42857142857142855,0.5714285714285714,0.7142857142857143,3.619047619047619,312244121111434143432
182,4,0.19047619047619047,0.19047619047619047,0.47619047619047616,0.5714285714285714,5.190476190476191,312244121111434143432
182,5,0.09523809523809523,0.19047619047619047,0.2857142857142857,0.5238095238095238,6.333333333333333,312244121111434143432
183,2,0.5238095238095238,0.2857142857142857,0.7619047619047619,0.8571428571428571,2.7142857142857144,211322241212324231411
183,3,0.23809523809523808,0.23809523809523808,0.47619047619047616,0.7142857142857143,4.761904761904762,211322241212324231411
183,4,0.14285714285714285,0.047619047619047616,0.38095238095238093,0.5238095238095238,5.714285714285714,211322241212324231411
183,5,0.09523809523809523,0.09523809523809523,0.2857142857142857,0.38095238095238093,7.380952380952381,211322241212324231411
184,2,0.23809523809523808,0.23809523809523808,0.5238095238095238,0.9047619047619048,3.7142857142857144,414331333443342331344
184,3,0.14285714285714285,0.23809523809523808,0.5714285714285714,0.7142857142857143,3.857142857142857,414331333443342331344
184,4,0.14285714285714285,0.14285714285714285,0.47619047619047616,0.6190476190476191,4.857142857142857,414331333443342331344
184,5,0.2857142857142857,0.19047619047619047,0.5238095238095238,0.5714285714285714,5.0476190476190474,414331333443342331344
185,2,0.23809523809523808,0.2857142857142857,0.7142857142857143,1.0,2.5238095238095237,322242334111342322241
185,3,0.2857142857142857,0.3333333333333333,0.6666666666666666,0.8095238095238095,3.0952380952380953,322242334111342322241
185,4,0.2857142857142857,0.14285714285714285,0.6190476190476191,0.8095238095238095,3.6666666666666665,322242334111342322241
185,5,0.38095238095238093,0.3333333333333333,0.42857142857142855,0.6190476190476191,5.761904761904762,322242334111342322241
186,2,0.23809523809523808,0.38095238095238093,0.7142857142857143,0.8571428571428571,3.2857142857142856,412122324311143142111
186,3,0.2857142857142857,0.23809523809523808,0.5714285714285714,0.8095238095238095,3.7142857142857144,412122324311143142111
186,4,0.23809523809523808,0.19047619047619047,0.5714285714285714,0.6190476190476191,4.857142857142857,412122324311143142111
186,5,0.14285714285714285,0.19047619047619047,0.47619047619047616,0.6190476190476191,6.142857142857143,412122324311143142111
187,2,0.38095238095238093,0.23809523809523808,0.5238095238095238,0.7619047619047619,4.238095238095238,444441212413313343123
187,3,0.2857142857142857,0.3333333333333333,0.5714285714285714,0.7619047619047619,4.142857142857143,444441212413313343123
187,4,0.19047619047619047,0.19047619047619047,0.5238095238095238,0.6666666666666666,4.9523809523809526,444441212413313343123
187,5,0.23809523809523808,0.23809523809523808,0.3333333333333333,0.47619047619047616,5.809523809523809,444441212413313343123
188,2,0.42857142857142855,0.3333333333333333,0.5714285714285714,0.7619047619047619,4.190476190476191,241143324213131424314
188,3,0.2857142857142857,0.2857142857142857,0.5238095238095238,0.6190476190476191,4.9523809523809526,241143324213131424314
188,4,0.19047619047619047,0.09523809523809523,0.3333333333333333,0.47619047619047616,6.095238095238095,241143324213131424314
188,5,0.14285714285714285,0.09523809523809523,0.3333333333333333,0.47619047619047616,6.428571428571429,241143324213131424314
189,2,0.2857142857142857,0.23809523809523808,0.6666666666666666,0.8095238095238095,3.380952380952381,343121231312433334232
189,3,0.14285714285714285,0.19047619047619047,0.47619047619047616,0.5714285714285714,4.666666666666667,343121231312433334232
189,4,0.14285714285714285,0.14285714285714285,0.2857142857142857,0.47619047619047616,5.904761904761905,343121231312433334232
189,5,0.19047619047619047,0.23809523809523808,0.3333333333333333,0.42857142857142855,7.428571428571429,343121231312433334232
190,2,0.23809523809523808,0.14285714285714285,0.47619047619047616,0.7142857142857143,4.238095238095238,424341112233331123144
190,3,0.19047619047619047,0.23809523809523808,0.47619047619047616,0.8095238095238095,3.9523809523809526,424341112233331123144
190,4,0.19047619047619047,0.14285714285714285,0.38095238095238093,0.6666666666666666,5.238095238095238,424341112233331123144
190,5,0.19047619047619047,0.047619047619047616,0.38095238095238093,0.5238095238095238,6.095238095238095,424341112233331123144
191,2,0.2857142857142857,0.19047619047619047,0.6190476190476191,0.8571428571428571,3.6666666666666665,313134241124343312243
191,3,0.19047619047619047,0.19047619047619047,0.5714285714285714,0.7142857142857143,4.380952380952381,313134241124343312243
191,4,0.2857142857142857,0.14285714285714285,0.5714285714285714,0.6190476190476191,5.190476190476191,313134241124343312243
191,5,0.23809523809523808,0.2857142857142857,0.38095238095238093,0.5238095238095238,6.904761904761905,313134241124343312243
192,2,0.38095238095238093,0.38095238095238093,0.6190476190476191,0.7142857142857143,4.333333333333333,444444414434134423424
192,3,0.3333333333333333,0.3333333333333333,0.5714285714285714,0.6666666666666666,4.857142857142857,444444414434134423424
192,4,0.14285714285714285,0.2857142857142857,0.42857142857142855,0.6190476190476191,5.714285714285714,444444414434134423424
192,5,0.23809523809523808,0.09523809523809523,0.47619047619047616,0.6666666666666666,5.714285714285714,444444414434134423424
193,2,0.3333333333333333,0.14285714285714285,0.5714285714285714,0.8095238095238095,3.8095238095238093,143444441223434124413
193,3,0.3333333333333333,0.19047619047619047,0.5714285714285714,0.7142857142857143,4.285714285714286,143444441223434124413
193,4,0.19047619047619047,0.14285714285714285,0.47619047619047616,0.6190476190476191,5.523809523809524,143444441223434124413
193,5,0.14285714285714285,0.23809523809523808,0.2857142857142857,0.5714285714285714,6.761904761904762,143444441223434124413
194,2,0.3333333333333333,0.38095238095238093,0.6190476190476191,0.8095238095238095,3.6666666666666665,423114432213141311111
194,3,0.23809523809523808,0.23809523809523808,0.47619047619047616,0.7619047619047619,4.714285714285714,423114432213141311111
194,4,0.3333333333333333,0.23809523809523808,0.47619047619047616,0.6190476190476191,5.761904761904762,423114432213141311111
194,5,0.23809523809523808,0.19047619047619047,0.42857142857142855,0.47619047619047616,6.666666666666667,423114432213141311111
195,2,0.42857142857142855,0.38095238095238093,0.6666666666666666,0.8571428571428571,2.9047619047619047,331214121211213414243
195,3,0.42857142857142855,0.5238095238095238,0.7619047619047619,0.8095238095238095,3.1904761904761907,331214121211213414243
195,4,0.2857142857142857,0.3333333333333333,0.47619047619047616,0.6666666666666666,4.476190476190476,331214121211213414243
195,5,0.2857142857142857,0.23809523809523808,0.3333333333333333,0.42857142857142855,6.476190476190476,331214121211213414243
196,2,0.42857142857142855,0.3333333333333333,0.6666666666666666,0.7619047619047619,3.9047619047619047,214423314331421241242
196,3,0.23809523809523808,0.23809523809523808,0.6190476190476191,0.7619047619047619,3.8095238095238093,214423314331421241242
196,4,0.19047619047619047,0.047619047619047616,0.47619047619047616,0.6666666666666666,4.619047619047619,214423314331421241242
196,5,0.14285714285714285,0.23809523809523808,0.42857142857142855,0.47619047619047616,6.238095238095238,214423314331421241242
197,2,0.3333333333333333,0.5238095238095238,0.6190476190476191,0.8095238095238095,3.619047619047619,321144332314231131313
197,3,0.19047619047619047,0.3333333333333333,0.5238095238095238,0.6666666666666666,4.666666666666667,321144332314231131313
197,4,0.19047619047619047,0.14285714285714285,0.38095238095238093,0.47619047619047616,5.285714285714286,321144332314231131313
197,5,0.09523809523809523,0.19047619047619047,0.2857142857142857,0.42857142857142855,6.809523809523809,321144332314231131313
198,2,0.23809523809523808,0.19047619047619047,0.5714285714285714,0.9047619047619048,3.238095238095238,424121333122223333144
198,3,0.23809523809523808,0.19047619047619047,0.5714285714285714,0.7619047619047619,3.857142857142857,424121333122223333144
198,4,0.19047619047619047,0.14285714285714285,0.47619047619047616,0.5714285714285714,5.095238095238095,424121333122223333144
198,5,0.2857142857142857,0.047619047619047616,0.38095238095238093,0.5714285714285714,6.142857142857143,424121333122223333144
199,2,0.42857142857142855,0.3333333333333333,0.7142857142857143,0.7619047619047619,3.619047619047619,233123411213333313444
199,3,0.14285714285714285,0.14285714285714285,0.5238095238095238,0.6666666666666666,4.142857142857143,233123411213333313444
199,4,0.14285714285714285,0.19047619047619047,0.38095238095238093,0.6190476190476191,5.714285714285714,233123411213333313444
199,5,0.14285714285714285,0.09523809523809523,0.23809523809523808,0.38095238095238093,7.428571428571429,233123411213333313444
200,2,0.19047619047619047,0.09523809523809523,0.6666666666666666,0.7619047619047619,4.857142857142857,141333321114424333433
200,3,0.23809523809523808,0.2857142857142857,0.5714285714285714,0.6666666666666666,5.333333333333333,141333321114424333433
200,4,0.23809523809523808,0.23809523809523808,0.38095238095238093,0.5714285714285714,6.238095238095238,141333321114424333433
200,5,0.19047619047619047,0.23809523809523808,0.38095238095238093,0.42857142857142855,6.666666666666667,141333321114424333433
201,2,0.38095238095238093,0.2857142857142857,0.5714285714285714,0.7142857142857143,4.571428571428571,224343142223113422424
201,3,0.3333333333333333,0.3333333333333333,0.5714285714285714,0.7619047619047619,4.333333333333333,224343142223113422424
201,4,0.23809523809523808,0.38095238095238093,0.47619047619047616,0.5714285714285714,5.428571428571429,224343142223113422424
201,5,0.23809523809523808,0.19047619047619047,0.3333333333333333,0.5238095238095238,6.095238095238095,224343142223113422424
202,2,0.3333333333333333,0.2857142857142857,0.7142857142857143,0.8571428571428571,3.4761904761904763,312433341212434331411
202,3,0.2857142857142857,0.19047619047619047,0.5238095238095238,0.6666666666666666,4.523809523809524,312433341212434331411
202,4,0.19047619047619047,0.047619047619047616,0.3333333333333333,0.47619047619047616,5.857142857142857,312433341212434331411
202,5,0.09523809523809523,0.047619047619047616,0.23809523809523808,0.38095238095238093,7.428571428571429,312433341212434331411
203,2,0.38095238095238093,0.19047619047619047,0.5238095238095238,0.6190476190476191,5.285714285714286,444233213314312341224
203,3,0.19047619047619047,0.23809523809523808,0.5238095238095238,0.6190476190476191,4.904761904761905,444233213314312341224
203,4,0.14285714285714285,0.09523809523809523,0.42857142857142855,0.5714285714285714,5.476190476190476,444233213314312341224
203,5,0.23809523809523808,0.09523809523809523,0.42857142857142855,0.5238095238095238,6.190476190476191,444233213314312341224
204,2,0.38095238095238093,0.3333333333333333,0.7142857142857143,0.8095238095238095,3.142857142857143,433222333422412314134
204,3,0.3333333333333333,0.3333333333333333,0.6190476190476191,0.6190476190476191,4.190476190476191,433222333422412314134
204,4,0.38095238095238093,0.3333333333333333,0.5714285714285714,0.6666666666666666,5.095238095238095,433222333422412314134
204,5,0.23809523809523808,0.19047619047619047,0.42857142857142855,0.47619047619047616,7.095238095238095,433222333422412314134
205,2,0.2857142857142857,0.09523809523809523,0.7142857142857143,0.8571428571428571,3.5714285714285716,423232241214233313312
205,3,0.09523809523809523,0.19047619047619047,0.6190476190476191,0.6666666666666666,4.714285714285714,423232241214233313312
205,4,0.19047619047619047,0.14285714285714285,0.42857142857142855,0.5238095238095238,5.761904761904762,423232241214233313312
205,5,0.09523809523809523,0.09523809523809523,0.19047619047619047,0.23809523809523808,8.142857142857142,423232241214233313312
206,2,0.23809523809523808,0.14285714285714285,0.47619047619047616,0.9047619047619048,4.0476190476190474,412213414423342143141
206,3,0.23809523809523808,0.2857142857142857,0.6666666666666666,0.8095238095238095,3.4761904761904763,412213414423342143141
206,4,0.23809523809523808,0.23809523809523808,0.6190476190476191,0.8095238095238095,3.7142857142857144,412213414423342143141
206,5,0.19047619047619047,0.09523809523809523,0.5238095238095238,0.7142857142857143,4.761904761904762,412213414423342143141
207,2,0.23809523809523808,0.14285714285714285,0.6190476190476191,0.7619047619047619,4.523809523809524,314423322424124411242
207,3,0.3333333333333333,0.3333333333333333,0.6666666666666666,0.7619047619047619,4.0476190476190474,314423322424124411242
207,4,0.2857142857142857,0.14285714285714285,0.5238095238095238,0.6666666666666666,4.761904761904762,314423322424124411242
207,5,0.19047619047619047,0.3333333333333333,0.47619047619047616,0.5238095238095238,6.142857142857143,314423322424124411242
208,2,0.42857142857142855,0.38095238095238093,0.6666666666666666,0.9047619047619048,3.380952380952381,444344431244312414334
208,3,0.3333333333333333,0.3333333333333333,0.5714285714285714,0.8095238095238095,3.6666666666666665,444344431244312414334
208,4,0.23809523809523808,0.19047619047619047,0.5238095238095238,0.7142857142857143,4.142857142857143,444344431244312414334
208,5,0.2857142857142857,0.3333333333333333,0.47619047619047616,0.6190476190476191,5.380952380952381,444344431244312414334
209,2,0.3333333333333333,0.2857142857142857,0.5238095238095238,0.9047619047619048,3.4285714285714284,324411124443344334243
209,3,0.3333333333333333,0.3333333333333333,0.6666666666666666,0.8095238095238095,3.4761904761904763,324411124443344334243
209,4,0.38095238095238093,0.19047619047619047,0.5238095238095238,0.6190476190476191,4.333333333333333,324411124443344334243
209,5,0.38095238095238093,0.3333333333333333,0.47619047619047616,0.6190476190476191,5.238095238095238,324411124443344334243
210,2,0.2857142857142857,0.3333333333333333,0.7619047619047619,0.8571428571428571,3.5714285714285716,144342424221221332111
210,3,0.2857142857142857,0.19047619047619047,0.5714285714285714,0.7619047619047619,4.476190476190476,144342424221221332111
210,4,0.2857142857142857,0.19047619047619047,0.38095238095238093,0.5238095238095238,5.428571428571429,144342424221221332111
210,5,0.19047619047619047,0.23809523809523808,0.42857142857142855,0.5238095238095238,6.666666666666667,144342424221221332111
211,2,0.42857142857142855,0.23809523809523808,0.6190476190476191,0.7142857142857143,4.476190476190476,133444222331343421123
211,3,0.2857142857142857,0.3333333333333333,0.5238095238095238,0.7142857142857143,4.904761904761905,133444222331343421123
211,4,0.19047619047619047,0.23809523809523808,0.5714285714285714,0.7142857142857143,5.190476190476191,133444222331343421123
211,5,0.14285714285714285,0.2857142857142857,0.3333333333333333,0.5238095238095238,7.285714285714286,133444222331343421123
212,2,0.3333333333333333,0.3333333333333333,0.6666666666666666,0.8095238095238095,3.380952380952381,233324124411431231424
212,3,0.2857142857142857,0.2857142857142857,0.5238095238095238,0.6666666666666666,4.238095238095238,233324124411431231424
212,4,0.2857142857142857,0.23809523809523808,0.42857142857142855,0.5714285714285714,5.761904761904762,233324124411431231424
212,5,0.19047619047619047,0.14285714285714285,0.42857142857142855,0.5238095238095238,6.619047619047619,233324124411431231424
213,2,0.3333333333333333,0.38095238095238093,0.7142857142857143,0.8095238095238095,3.619047619047619,222443421331413343414
213,3,0.2857142857142857,0.23809523809523808,0.5714285714285714,0.7142857142857143,4.333333333333333,222443421331413343414
213,4,0.23809523809523808,0.3333333333333333,0.47619047619047616,0.6190476190476191,5.333333333333333,222443421331413343414
213,5,0.14285714285714285,0.047619047619047616,0.38095238095238093,0.5238095238095238,6.285714285714286,222443421331413343414
214,2,0.3333333333333333,0.38095238095238093,0.6190476190476191,0.7619047619047619,3.5238095238095237,441214434443434413314
214,3,0.23809523809523808,0.19047619047619047,0.5238095238095238,0.7142857142857143,4.619047619047619,441214434443434413314
214,4,0.2857142857142857,0.23809523809523808,0.5238095238095238,0.6190476190476191,4.9523809523809526,441214434443434413314
214,5,0.23809523809523808,0.23809523809523808,0.42857142857142855,0.6666666666666666,5.380952380952381,441214434443434413314
215,2,0.47619047619047616,0.42857142857142855,0.7142857142857143,0.7619047619047619,3.9047619047619047,333423434314442422134
215,3,0.3333333333333333,0.2857142857142857,0.6190476190476191,0.6666666666666666,3.9523809523809526,333423434314442422134
215,4,0.23809523809523808,0.2857142857142857,0.5238095238095238,0.6666666666666666,4.714285714285714,333423434314442422134
215,5,0.23809523809523808,0.2857142857142857,0.47619047619047616,0.5714285714285714,6.238095238095238,333423434314442422134
216,2,0.2857142857142857,0.2857142857142857,0.5238095238095238,0.6666666666666666,5.285714285714286,121311144314143412223
216,3,0.19047619047619047,0.14285714285714285,0.5714285714285714,0.6666666666666666,5.857142857142857,121311144314143412223
216,4,0.23809523809523808,0.19047619047619047,0.5238095238095238,0.5714285714285714,6.428571428571429,121311144314143412223
216,5,0.23809523809523808,0.14285714285714285,0.42857142857142855,0.6190476190476191,6.380952380952381,121311144314143412223
217,2,0.23809523809523808,0.2857142857142857,0.6190476190476191,0.7619047619047619,4.0,433223333122431422341
217,3,0.23809523809523808,0.3333333333333333,0.5238095238095238,0.6666666666666666,4.0476190476190474,433223333122431422341
217,4,0.23809523809523808,0.23809523809523808,0.5714285714285714,0.6190476190476191,4.904761904761905,433223333122431422341
217,5,0.14285714285714285,0.19047619047619047,0.38095238095238093,0.5714285714285714,6.904761904761905,433223333122431422341
218,2,0.38095238095238093,0.3333333333333333,0.47619047619047616,0.7142857142857143,4.904761904761905,132411213421413222314
218,3,0.19047619047619047,0.3333333333333333,0.5238095238095238,0.6666666666666666,4.9523809523809526,132411213421413222314
218,4,0.23809523809523808,0.3333333333333333,0.47619047619047616,0.5714285714285714,5.904761904761905,132411213421413222314
218,5,0.14285714285714285,0.19047619047619047,0.2857142857142857,0.3333333333333333,7.809523809523809,132411213421413222314
219,2,0.2857142857142857,0.23809523809523808,0.7142857142857143,0.9047619047619048,2.9047619047619047,231331341142443144233
219,3,0.2857142857142857,0.3333333333333333,0.6190476190476191,0.7619047619047619,4.0476190476190474,231331341142443144233
219,4,0.19047619047619047,0.38095238095238093,0.5238095238095238,0.6666666666666666,4.428571428571429,231331341142443144233
219,5,0.23809523809523808,0.23809523809523808,0.38095238095238093,0.42857142857142855,6.476190476190476,231331341142443144233
220,2,0.2857142857142857,0.5714285714285714,0.7619047619047619,0.9047619047619048,2.9047619047619047,214242431312212234132
220,3,0.23809523809523808,0.3333333333333333,0.6190476190476191,0.7619047619047619,3.5238095238095237,214242431312212234132
220,4,0.2857142857142857,0.19047619047619047,0.3333333333333333,0.6190476190476191,4.428571428571429,214242431312212234132
220,5,0.2857142857142857,0.2857142857142857,0.3333333333333333,0.5238095238095238,6.238095238095238,214242431312212234132
221,2,0.2857142857142857,0.38095238095238093,0.7142857142857143,0.9047619047619048,3.142857142857143,224441231213212143431
221,3,0.38095238095238093,0.38095238095238093,0.6666666666666666,0.8095238095238095,3.4285714285714284,224441231213212143431
221,4,0.23809523809523808,0.2857142857142857,0.5238095238095238,0.6190476190476191,4.571428571428571,224441231213212143431
221,5,0.19047619047619047,0.047619047619047616,0.3333333333333333,0.42857142857142855,6.142857142857143,224441231213212143431
222,2,0.19047619047619047,0.19047619047619047,0.6190476190476191,0.8095238095238095,4.142857142857143,323343122131412121232
222,3,0.23809523809523808,0.19047619047619047,0.5238095238095238,0.7142857142857143,4.380952380952381,323343122131412121232
222,4,0.23809523809523808,0.19047619047619047,0.42857142857142855,0.5714285714285714,5.238095238095238,323343122131412121232
222,5,0.19047619047619047,0.14285714285714285,0.42857142857142855,0.5714285714285714,6.0476190476190474,323343122131412121232
223,2,0.42857142857142855,0.38095238095238093,0.6666666666666666,0.9047619047619048,2.9047619047619047,222422223111343412143
223,3,0.2857142857142857,0.2857142857142857,0.6190476190476191,0.7619047619047619,3.619047619047619,222422223111343412143
223,4,0.19047619047619047,0.23809523809523808,0.6190476190476191,0.7619047619047619,4.0,222422223111343412143
223,5,0.19047619047619047,0.19047619047619047,0.38095238095238093,0.5714285714285714,5.904761904761905,222422223111343412143
224,2,0.2857142857142857,0.3333333333333333,0.6190476190476191,0.8571428571428571,3.7142857142857144,124142442112234312331
224,3,0.14285714285714285,0.09523809523809523,0.5238095238095238,0.6190476190476191,4.904761904761905,124142442112234312331
224,4,0.14285714285714285,0.047619047619047616,0.3333333333333333,0.5714285714285714,5.904761904761905,124142442112234312331
224,5,0.09523809523809523,0.047619047619047616,0.19047619047619047,0.23809523809523808,8.095238095238095,124142442112234312331
225,2,0.2857142857142857,0.38095238095238093,0.5714285714285714,0.8095238095238095,3.1904761904761907,343442333321224213314
225,3,0.19047619047619047,0.19047619047619047,0.5238095238095238,0.7142857142857143,4.095238095238095,343442333321224213314
225,4,0.14285714285714285,0.19047619047619047,0.5238095238095238,0.6190476190476191,5.0476190476190474,343442333321224213314
225,5,0.19047619047619047,0.14285714285714285,0.23809523809523808,0.38095238095238093,7.761904761904762,343442333321224213314
226,2,0.3333333333333333,0.23809523809523808,0.7619047619047619,0.8095238095238095,3.4285714285714284,322414333414341211322
226,3,0.23809523809523808,0.2857142857142857,0.5238095238095238,0.8095238095238095,4.0,322414333414341211322
226,4,0.2857142857142857,0.19047619047619047,0.6190476190476191,0.7142857142857143,4.428571428571429,322414333414341211322
226,5,0.14285714285714285,0.047619047619047616,0.38095238095238093,0.47619047619047616,6.333333333333333,322414333414341211322
227,2,0.38095238095238093,0.23809523809523808,0.5238095238095238,0.8095238095238095,3.9047619047619047,431312411241132134424
227,3,0.14285714285714285,0.23809523809523808,0.6666666666666666,0.7142857142857143,4.380952380952381,431312411241132134424
227,4,0.3333333333333333,0.19047619047619047,0.42857142857142855,0.5714285714285714,5.285714285714286,431312411241132134424
227,5,0.2857142857142857,0.23809523809523808,0.5238095238095238,0.5238095238095238,6.142857142857143,431312411241132134424
228,2,0.2857142857142857,0.38095238095238093,0.6190476190476191,0.7619047619047619,4.238095238095238,314422222444343311433
228,3,0.2857142857142857,0.2857142857142857,0.6190476190476191,0.7142857142857143,4.523809523809524,314422222444343311433
228,4,0.2857142857142857,0.09523809523809523,0.47619047619047616,0.5714285714285714,4.714285714285714,314422222444343311433
228,5,0.19047619047619047,0.19047619047619047,0.42857142857142855,0.5238095238095238,6.285714285714286,314422222444343311433
229,2,0.2857142857142857,0.14285714285714285,0.47619047619047616,0.6190476190476191,5.285714285714286,414223213344221144414
229,3,0.23809523809523808,0.23809523809523808,0.5238095238095238,0.6666666666666666,4.857142857142857,414223213344221144414
229,4,0.23809523809523808,0.23809523809523808,0.47619047619047616,0.6190476190476191,5.095238095238095,414223213344221144414
229,5,0.2857142857142857,0.38095238095238093,0.42857142857142855,0.5714285714285714,5.904761904761905,414223213344221144414
230,2,0.3333333333333333,0.2857142857142857,0.7142857142857143,0.8571428571428571,3.0,423424321213413333413
230,3,0.2857142857142857,0.2857142857142857,0.6190476190476191,0.7619047619047619,3.8095238095238093,423424321213413333413
230,4,0.23809523809523808,0.23809523809523808,0.47619047619047616,0.6190476190476191,5.238095238095238,423424321213413333413
230,5,0.23809523809523808,0.19047619047619047,0.3333333333333333,0.42857142857142855,6.285714285714286,423424321213413333413
231,2,0.19047619047619047,0.19047619047619047,0.5238095238095238,0.7619047619047619,4.904761904761905,411333424234141123422
231,3,0.23809523809523808,0.3333333333333333,0.5714285714285714,0.6190476190476191,5.380952380952381,411333424234141123422
231,4,0.23809523809523808,0.23809523809523808,0.47619047619047616,0.5714285714285714,5.714285714285714,411333424234141123422
231,5,0.23809523809523808,0.14285714285714285,0.6666666666666666,0.7619047619047619,4.571428571428571,411333424234141123422
232,2,0.38095238095238093,0.47619047619047616,0.6666666666666666,0.8571428571428571,3.7142857142857144,222433334224333144244
232,3,0.23809523809523808,0.47619047619047616,0.6666666666666666,0.8571428571428571,3.6666666666666665,222433334224333144244
232,4,0.14285714285714285,0.14285714285714285,0.6190476190476191,0.7619047619047619,4.095238095238095,222433334224333144244
232,5,0.19047619047619047,0.23809523809523808,0.42857142857142855,0.5238095238095238,5.809523809523809,222433334224333144244
233,2,0.3333333333333333,0.3333333333333333,0.6666666666666666,0.8571428571428571,2.9523809523809526,212322343143431342432
233,3,0.2857142857142857,0.23809523809523808,0.5238095238095238,0.5714285714285714,4.190476190476191,212322343143431342432
233,4,0.19047619047619047,0.14285714285714285,0.47619047619047616,0.5238095238095238,5.142857142857143,212322343143431342432
233,5,0.19047619047619047,0.19047619047619047,0.38095238095238093,0.5714285714285714,5.476190476190476,212322343143431342432
234,2,0.23809523809523808,0.23809523809523808,0.6666666666666666,0.8095238095238095,4.0476190476190474,424134222422113144242
234,3,0.23809523809523808,0.2857142857142857,0.6190476190476191,0.8095238095238095,3.9523809523809526,424134222422113144242
234,4,0.2857142857142857,0.3333333333333333,0.6190476190476191,0.7619047619047619,4.476190476190476,424134222422113144242
234,5,0.19047619047619047,0.23809523809523808,0.42857142857142855,0.5238095238095238,6.571428571428571,424134222422113144242
235,2,0.3333333333333333,0.19047619047619047,0.7619047619047619,0.8571428571428571,3.238095238095238,213234144111122444232
235,3,0.23809523809523808,0.2857142857142857,0.5714285714285714,0.7142857142857143,4.238095238095238,213234144111122444232
235,4,0.09523809523809523,0.23809523809523808,0.47619047619047616,0.5714285714285714,5.857142857142857,213234144111122444232
235,5,0.23809523809523808,0.3333333333333333,0.42857142857142855,0.5714285714285714,6.571428571428571,213234144111122444232
236,2,0.3333333333333333,0.19047619047619047,0.5714285714285714,0.7142857142857143,4.666666666666667,114243342331423211213
236,3,0.19047619047619047,0.23809523809523808,0.5238095238095238,0.6666666666666666,5.238095238095238,114243342331423211213
236,4,0.2857142857142857,0.14285714285714285,0.42857142857142855,0.5714285714285714,5.523809523809524,114243342331423211213
236,5,0.09523809523809523,0.047619047619047616,0.23809523809523808,0.38095238095238093,8.0,114243342331423211213
237,2,0.23809523809523808,0.14285714285714285,0.5714285714285714,0.7142857142857143,4.666666666666667,124234112412334233342
237,3,0.14285714285714285,0.2857142857142857,0.5714285714285714,0.7619047619047619,4.285714285714286,124234112412334233342
237,4,0.19047619047619047,0.14285714285714285,0.42857142857142855,0.5714285714285714,5.857142857142857,124234112412334233342
237,5,0.14285714285714285,0.14285714285714285,0.19047619047619047,0.38095238095238093,8.19047619047619,124234112412334233342
238,2,0.3333333333333333,0.2857142857142857,0.5714285714285714,0.7619047619047619,3.4761904761904763,212334143131413131322
238,3,0.2857142857142857,0.19047619047619047,0.5238095238095238,0.7142857142857143,4.0,212334143131413131322
238,4,0.19047619047619047,0.14285714285714285,0.5238095238095238,0.5714285714285714,5.238095238095238,212334143131413131322
238,5,0.19047619047619047,0.2857142857142857,0.42857142857142855,0.6190476190476191,5.142857142857143,212334143131413131322
239,2,0.2857142857142857,0.38095238095238093,0.7619047619047619,0.9047619047619048,3.380952380952381,112412334411323411432
239,3,0.19047619047619047,0.3333333333333333,0.5714285714285714,0.8095238095238095,4.428571428571429,112412334411323411432
239,4,0.2857142857142857,0.19047619047619047,0.6190476190476191,0.6190476190476191,4.666666666666667,112412334411323411432
239,5,0.19047619047619047,0.19047619047619047,0.42857142857142855,0.6190476190476191,6.190476190476191,112412334411323411432
240,2,0.38095238095238093,0.3333333333333333,0.7142857142857143,0.7619047619047619,3.4761904761904763,232314213212341343233
240,3,0.3333333333333333,0.23809523809523808,0.42857142857142855,0.7142857142857143,4.0,232314213212341343233
240,4,0.23809523809523808,0.3333333333333333,0.5714285714285714,0.6190476190476191,4.714285714285714,232314213212341343233
240,5,0.23809523809523808,0.14285714285714285,0.38095238095238093,0.42857142857142855,6.666666666666667,232314213212341343233
241,2,0.42857142857142855,0.19047619047619047,0.6190476190476191,0.8571428571428571,4.0,133243434323323142242
241,3,0.2857142857142857,0.23809523809523808,0.6190476190476191,0.7619047619047619,4.238095238095238,133243434323323142242
241,4,0.23809523809523808,0.23809523809523808,0.6666666666666666,0.8095238095238095,4.476190476190476,133243434323323142242
241,5,0.23809523809523808,0.3333333333333333,0.3333333333333333,0.5714285714285714,6.666666666666667,133243434323323142242
242,2,0.38095238095238093,0.3333333333333333,0.5238095238095238,0.7619047619047619,3.9523809523809526,323241223311133212414
242,3,0.23809523809523808,0.23809523809523808,0.5238095238095238,0.6190476190476191,4.714285714285714,323241223311133212414
242,4,0.23809523809523808,0.14285714285714285,0.38095238095238093,0.47619047619047616,6.428571428571429,323241223311133212414
242,5,0.14285714285714285,0.14285714285714285,0.2857142857142857,0.42857142857142855,8.238095238095237,323241223311133212414
243,2,0.23809523809523808,0.2857142857142857,0.5238095238095238,0.7142857142857143,4.285714285714286,414144242124332223311
243,3,0.14285714285714285,0.19047619047619047,0.47619047619047616,0.6666666666666666,4.904761904761905,414144242124332223311
243,4,0.14285714285714285,0.14285714285714285,0.47619047619047616,0.6190476190476191,5.380952380952381,414144242124332223311
243,5,0.14285714285714285,0.09523809523809523,0.23809523809523808,0.3333333333333333,7.761904761904762,414144242124332223311
244,2,0.2857142857142857,0.3333333333333333,0.5714285714285714,0.8571428571428571,3.380952380952381,341114434323133224242
244,3,0.19047619047619047,0.14285714285714285,0.5714285714285714,0.7619047619047619,4.285714285714286,341114434323133224242
244,4,0.19047619047619047,0.19047619047619047,0.38095238095238093,0.6666666666666666,4.9523809523809526,341114434323133224242
244,5,0.3333333333333333,0.3333333333333333,0.47619047619047616,0.6190476190476191,5.238095238095238,341114434323133224242
245,2,0.23809523809523808,0.2857142857142857,0.5238095238095238,0.7142857142857143,4.095238095238095,414341441332411333323
245,3,0.2857142857142857,0.047619047619047616,0.47619047619047616,0.6666666666666666,4.714285714285714,414341441332411333323
245,4,0.23809523809523808,0.19047619047619047,0.3333333333333333,0.47619047619047616,5.904761904761905,414341441332411333323
245,5,0.09523809523809523,0.19047619047619047,0.47619047619047616,0.5714285714285714,6.0476190476190474,414341441332411333323
246,2,0.3333333333333333,0.09523809523809523,0.5238095238095238,0.9047619047619048,3.3333333333333335,414412342412222311243
246,3,0.23809523809523808,0.3333333333333333,0.6666666666666666,0.7142857142857143,3.5714285714285716,414412342412222311243
246,4,0.3333333333333333,0.09523809523809523,0.5238095238095238,0.6190476190476191,4.523809523809524,414412342412222311243
246,5,0.23809523809523808,0.19047619047619047,0.38095238095238093,0.5238095238095238,6.142857142857143,414412342412222311243
247,2,0.19047619047619047,0.14285714285714285,0.47619047619047616,0.7619047619047619,4.523809523809524,221113412123323444323
247,3,0.19047619047619047,0.2857142857142857,0.5238095238095238,0.6190476190476191,4.571428571428571,221113412123323444323
247,4,0.14285714285714285,0.23809523809523808,0.5714285714285714,0.6666666666666666,4.904761904761905,221113412123323444323
247,5,0.19047619047619047,0.23809523809523808,0.3333333333333333,0.5714285714285714,5.714285714285714,221113412123323444323
248,2,0.38095238095238093,0.42857142857142855,0.6666666666666666,0.8571428571428571,4.238095238095238,112333234442211111233
248,3,0.3333333333333333,0.47619047619047616,0.6190476190476191,0.6190476190476191,5.0476190476190474,112333234442211111233
248,4,0.3333333333333333,0.38095238095238093,0.5238095238095238,0.5714285714285714,5.238095238095238,112333234442211111233
248,5,0.23809523809523808,0.3333333333333333,0.6190476190476191,0.6666666666666666,6.142857142857143,112333234442211111233
249,2,0.3333333333333333,0.3333333333333333,0.5238095238095238,0.6190476190476191,4.190476190476191,343212214433443442213
249,3,0.3333333333333333,0.19047619047619047,0.5714285714285714,0.6190476190476191,4.571428571428571,343212214433443442213
249,4,0.19047619047619047,0.23809523809523808,0.42857142857142855,0.6190476190476191,5.476190476190476,343212214433443442213
249,5,0.14285714285714285,0.14285714285714285,0.38095238095238093,0.5714285714285714,6.619047619047619,343212214433443442213
250,2,0.2857142857142857,0.09523809523809523,0.5238095238095238,0.7619047619047619,4.428571428571429,323111312224114414443
250,3,0.3333333333333333,0.23809523809523808,0.7142857142857143,0.8095238095238095,3.9047619047619047,323111312224114414443
250,4,0.23809523809523808,0.42857142857142855,0.5714285714285714,0.6666666666666666,5.285714285714286,323111312224114414443
250,5,0.23809523809523808,0.14285714285714285,0.3333333333333333,0.42857142857142855,7.333333333333333,323111312224114414443
251,2,0.38095238095238093,0.38095238095238093,0.5714285714285714,0.7619047619047619,4.619047619047619,143131314144412312314
251,3,0.19047619047619047,0.2857142857142857,0.6190476190476191,0.6190476190476191,5.142857142857143,143131314144412312314
251,4,0.19047619047619047,0.19047619047619047,0.5238095238095238,0.5714285714285714,6.285714285714286,143131314144412312314
251,5,0.2857142857142857,0.23809523809523808,0.38095238095238093,0.42857142857142855,7.380952380952381,143131314144412312314
252,2,0.47619047619047616,0.5238095238095238,0.5714285714285714,0.7619047619047619,3.7142857142857144,314212244243433342114
252,3,0.3333333333333333,0.2857142857142857,0.5714285714285714,0.6666666666666666,4.428571428571429,314212244243433342114
252,4,0.19047619047619047,0.14285714285714285,0.42857142857142855,0.5238095238095238,5.523809523809524,314212244243433342114
252,5,0.23809523809523808,0.14285714285714285,0.2857142857142857,0.42857142857142855,6.523809523809524,314212244243433342114
253,2,0.23809523809523808,0.23809523809523808,0.47619047619047616,0.7142857142857143,4.9523809523809526,214313413144341243444
253,3,0.2857142857142857,0.19047619047619047,0.47619047619047616,0.7619047619047619,4.190476190476191,214313413144341243444
253,4,0.23809523809523808,0.09523809523809523,0.47619047619047616,0.7142857142857143,4.666666666666667,214313413144341243444
253,5,0.2857142857142857,0.19047619047619047,0.47619047619047616,0.5238095238095238,6.0,214313413144341243444
254,2,0.42857142857142855,0.23809523809523808,0.5714285714285714,0.7142857142857143,4.476190476190476,431413232243123431421
254,3,0.2857142857142857,0.2857142857142857,0.6190476190476191,0.6666666666666666,4.666666666666667,431413232243123431421
254,4,0.19047619047619047,0.09523809523809523,0.5238095238095238,0.6190476190476191,5.142857142857143,431413232243123431421
254,5,0.23809523809523808,0.19047619047619047,0.47619047619047616,0.5238095238095238,5.714285714285714,431413232243123431421
255,2,0.3333333333333333,0.19047619047619047,0.6190476190476191,0.7619047619047619,3.4761904761904763,441241342331323234421
255,3,0.23809523809523808,0.14285714285714285,0.5238095238095238,0.7142857142857143,4.333333333333333,441241342331323234421
255,4,0.14285714285714285,0.09523809523809523,0.47619047619047616,0.6666666666666666,5.0476190476190474,441241342331323234421
255,5,0.19047619047619047,0.09523809523809523,0.38095238095238093,0.5714285714285714,6.380952380952381,441241342331323234421
256,2,0.3333333333333333,0.23809523809523808,0.5714285714285714,0.6666666666666666,4.714285714285714,131132113331314422332
256,3,0.19047619047619047,0.09523809523809523,0.5238095238095238,0.6190476190476191,5.333333333333333,131132113331314422332
256,4,0.19047619047619047,0.23809523809523808,0.47619047619047616,0.5238095238095238,6.333333333333333,131132113331314422332
256,5,0.14285714285714285,0.19047619047619047,0.23809523809523808,0.38095238095238093,7.428571428571429,131132113331314422332
257,2,0.38095238095238093,0.3333333333333333,0.5714285714285714,0.7142857142857143,4.9523809523809526,134214342444111442413
257,3,0.38095238095238093,0.5714285714285714,0.7142857142857143,0.7619047619047619,4.857142857142857,134214342444111442413
257,4,0.2857142857142857,0.38095238095238093,0.5714285714285714,0.7619047619047619,5.142857142857143,134214342444111442413
257,5,0.2857142857142857,0.2857142857142857,0.38095238095238093,0.42857142857142855,7.380952380952381,134214342444111442413
258,2,0.3333333333333333,0.2857142857142857,0.5714285714285714,0.6666666666666666,4.619047619047619,114411243331211341314
258,3,0.23809523809523808,0.23809523809523808,0.42857142857142855,0.5714285714285714,5.571428571428571,114411243331211341314
258,4,0.23809523809523808,0.09523809523809523,0.42857142857142855,0.42857142857142855,6.428571428571429,114411243331211341314
258,5,0.047619047619047616,0.047619047619047616,0.2857142857142857,0.2857142857142857,7.761904761904762,114411243331211341314
259,2,0.3333333333333333,0.2857142857142857,0.5714285714285714,0.7619047619047619,4.714285714285714,123343234323233331344
259,3,0.19047619047619047,0.19047619047619047,0.47619047619047616,0.6190476190476191,5.285714285714286,123343234323233331344
259,4,0.19047619047619047,0.3333333333333333,0.47619047619047616,0.6190476190476191,6.0476190476190474,123343234323233331344
259,5,0.19047619047619047,0.047619047619047616,0.3333333333333333,0.42857142857142855,6.9523809523809526,123343234323233331344
260,2,0.3333333333333333,0.23809523809523808,0.6190476190476191,0.8571428571428571,3.619047619047619,421122121432144412334
260,3,0.2857142857142857,0.23809523809523808,0.47619047619047616,0.5714285714285714,5.333333333333333,421122121432144412334
260,4,0.23809523809523808,0.19047619047619047,0.47619047619047616,0.6190476190476191,6.333333333333333,421122121432144412334
260,5,0.14285714285714285,0.09523809523809523,0.3333333333333333,0.47619047619047616,6.857142857142857,421122121432144412334
261,2,0.23809523809523808,0.14285714285714285,0.6190476190476191,0.8095238095238095,3.2857142857142856,333314143132221314443
261,3,0.2857142857142857,0.23809523809523808,0.47619047619047616,0.6190476190476191,4.619047619047619,333314143132221314443
261,4,0.23809523809523808,0.19047619047619047,0.47619047619047616,0.5714285714285714,5.761904761904762,333314143132221314443
261,5,0.23809523809523808,0.23809523809523808,0.42857142857142855,0.5238095238095238,6.904761904761905,333314143132221314443
262,2,0.19047619047619047,0.19047619047619047,0.5714285714285714,0.7619047619047619,3.8095238095238093,412321233432231142422
262,3,0.23809523809523808,0.3333333333333333,0.47619047619047616,0.5714285714285714,5.142857142857143,412321233432231142422
262,4,0.23809523809523808,0.23809523809523808,0.42857142857142855,0.47619047619047616,5.380952380952381,412321233432231142422
262,5,0.23809523809523808,0.23809523809523808,0.47619047619047616,0.6190476190476191,5.476190476190476,412321233432231142422
263,2,0.23809523809523808,0.14285714285714285,0.5238095238095238,0.8095238095238095,3.857142857142857,411232422124413424312
263,3,0.23809523809523808,0.3333333333333333,0.5714285714285714,0.7142857142857143,4.523809523809524,411232422124413424312
263,4,0.23809523809523808,0.14285714285714285,0.5714285714285714,0.6666666666666666,4.619047619047619,411232422124413424312
263,5,0.23809523809523808,0.23809523809523808,0.47619047619047616,0.6190476190476191,5.380952380952381,411232422124413424312
264,2,0.2857142857142857,0.38095238095238093,0.47619047619047616,0.8095238095238095,3.619047619047619,434121232231444114431
264,3,0.3333333333333333,0.19047619047619047,0.5238095238095238,0.7142857142857143,4.142857142857143,434121232231444114431
264,4,0.19047619047619047,0.23809523809523808,0.47619047619047616,0.6190476190476191,4.9523809523809526,434121232231444114431
264,5,0.09523809523809523,0.19047619047619047,0.38095238095238093,0.42857142857142855,7.476190476190476,434121232231444114431
265,2,0.2857142857142857,0.23809523809523808,0.5714285714285714,0.7142857142857143,4.761904761904762,224223312342143112111
265,3,0.23809523809523808,0.2857142857142857,0.6190476190476191,0.7619047619047619,4.142857142857143,224223312342143112111
265,4,0.19047619047619047,0.2857142857142857,0.5714285714285714,0.6666666666666666,5.0476190476190474,224223312342143112111
265,5,0.14285714285714285,0.19047619047619047,0.3333333333333333,0.42857142857142855,7.0476190476190474,224223312342143112111
266,2,0.2857142857142857,0.09523809523809523,0.6666666666666666,0.8571428571428571,3.4285714285714284,332124411133144314122
266,3,0.2857142857142857,0.14285714285714285,0.6666666666666666,0.6666666666666666,4.523809523809524,332124411133144314122
266,4,0.2857142857142857,0.19047619047619047,0.47619047619047616,0.5714285714285714,5.476190476190476,332124411133144314122
266,5,0.19047619047619047,0.2857142857142857,0.47619047619047616,0.5714285714285714,6.285714285714286,332124411133144314122
267,2,0.3333333333333333,0.23809523809523808,0.6666666666666666,0.8095238095238095,3.5238095238095237,434244411214223313112
267,3,0.19047619047619047,0.19047619047619047,0.6190476190476191,0.8571428571428571,4.142857142857143,434244411214223313112
267,4,0.19047619047619047,0.19047619047619047,0.5238095238095238,0.6190476190476191,5.0476190476190474,434244411214223313112
267,5,0.19047619047619047,0.14285714285714285,0.23809523809523808,0.42857142857142855,7.142857142857143,434244411214223313112
268,2,0.23809523809523808,0.23809523809523808,0.47619047619047616,0.7619047619047619,4.809523809523809,214213131433124332124
268,3,0.23809523809523808,0.2857142857142857,0.47619047619047616,0.5238095238095238,5.380952380952381,214213131433124332124
268,4,0.2857142857142857,0.38095238095238093,0.3333333333333333,0.38095238095238093,6.904761904761905,214213131433124332124
268,5,0.2857142857142857,0.2857142857142857,0.38095238095238093,0.47619047619047616,5.904761904761905,214213131433124332124
269,2,0.47619047619047616,0.3333333333333333,0.6666666666666666,0.8571428571428571,3.1904761904761907,244231334213114434443
269,3,0.38095238095238093,0.47619047619047616,0.7142857142857143,0.9047619047619048,3.238095238095238,244231334213114434443
269,4,0.3333333333333333,0.42857142857142855,0.47619047619047616,0.6666666666666666,4.714285714285714,244231334213114434443
269,5,0.2857142857142857,0.23809523809523808,0.47619047619047616,0.5714285714285714,5.904761904761905,244231334213114434443
270,2,0.38095238095238093,0.47619047619047616,0.47619047619047616,0.8095238095238095,4.190476190476191,433143342121411321322
270,3,0.2857142857142857,0.3333333333333333,0.42857142857142855,0.6666666666666666,4.761904761904762,433143342121411321322
270,4,0.23809523809523808,0.2857142857142857,0.47619047619047616,0.6190476190476191,5.285714285714286,433143342121411321322
270,5,0.14285714285714285,0.047619047619047616,0.3333333333333333,0.47619047619047616,7.476190476190476,433143342121411321322
271,2,0.2857142857142857,0.19047619047619047,0.6190476190476191,0.8571428571428571,3.5238095238095237,231324441434322121314
271,3,0.19047619047619047,0.23809523809523808,0.5238095238095238,0.7142857142857143,5.0476190476190474,231324441434322121314
271,4,0.14285714285714285,0.23809523809523808,0.47619047619047616,0.6666666666666666,5.285714285714286,231324441434322121314
271,5,0.09523809523809523,0.14285714285714285,0.38095238095238093,0.47619047619047616,6.333333333333333,231324441434322121314
272,2,0.3333333333333333,0.23809523809523808,0.5714285714285714,0.8571428571428571,3.2857142857142856,431322433443222343323
272,3,0.23809523809523808,0.14285714285714285,0.47619047619047616,0.6190476190476191,4.761904761904762,431322433443222343323
272,4,0.19047619047619047,0.2857142857142857,0.5238095238095238,0.6190476190476191,5.0476190476190474,431322433443222343323
272,5,0.2857142857142857,0.23809523809523808,0.5238095238095238,0.5238095238095238,5.238095238095238,431322433443222343323
273,2,0.23809523809523808,0.19047619047619047,0.47619047619047616,0.7142857142857143,5.0476190476190474,214123212411144214324
273,3,0.23809523809523808,0.19047619047619047,0.42857142857142855,0.6666666666666666,5.0476190476190474,214123212411144214324
273,4,0.19047619047619047,0.14285714285714285,0.38095238095238093,0.5238095238095238,6.0476190476190474,214123212411144214324
273,5,0.14285714285714285,0.09523809523809523,0.3333333333333333,0.42857142857142855,7.523809523809524,214123212411144214324
274,2,0.3333333333333333,0.23809523809523808,0.5714285714285714,0.8095238095238095,4.190476190476191,431413124421423422433
274,3,0.2857142857142857,0.19047619047619047,0.47619047619047616,0.6666666666666666,4.523809523809524,431413124421423422433
274,4,0.23809523809523808,0.23809523809523808,0.6190476190476191,0.6666666666666666,5.095238095238095,431413124421423422433
274,5,0.23809523809523808,0.19047619047619047,0.42857142857142855,0.6190476190476191,5.619047619047619,431413124421423422433
275,2,0.23809523809523808,0.23809523809523808,0.5714285714285714,0.6666666666666666,4.380952380952381,211112114314343443422
275,3,0.23809523809523808,0.2857142857142857,0.47619047619047616,0.6190476190476191,4.904761904761905,211112114314343443422
275,4,0.19047619047619047,0.14285714285714285,0.47619047619047616,0.5714285714285714,5.809523809523809,211112114314343443422
275,5,0.19047619047619047,0.14285714285714285,0.42857142857142855,0.5238095238095238,5.809523809523809,211112114314343443422
276,2,0.42857142857142855,0.3333333333333333,0.5714285714285714,0.8095238095238095,3.8095238095238093,411133334131412211223
276,3,0.23809523809523808,0.19047619047619047,0.5238095238095238,0.5714285714285714,4.9523809523809526,411133334131412211223
276,4,0.3333333333333333,0.14285714285714285,0.5238095238095238,0.5714285714285714,5.238095238095238,411133334131412211223
276,5,0.23809523809523808,0.19047619047619047,0.5238095238095238,0.5714285714285714,5.428571428571429,411133334131412211223
277,2,0.2857142857142857,0.19047619047619047,0.6190476190476191,0.6666666666666666,4.571428571428571,111442133322112224311
277,3,0.19047619047619047,0.2857142857142857,0.47619047619047616,0.5714285714285714,5.619047619047619,111442133322112224311
277,4,0.2857142857142857,0.19047619047619047,0.42857142857142855,0.5238095238095238,6.523809523809524,111442133322112224311
277,5,0.23809523809523808,0.19047619047619047,0.2857142857142857,0.5238095238095238,6.9523809523809526,111442133322112224311
278,2,0.2857142857142857,0.3333333333333333,0.47619047619047616,0.7619047619047619,4.523809523809524,121431224422241322114
278,3,0.2857142857142857,0.3333333333333333,0.5238095238095238,0.6190476190476191,5.523809523809524,121431224422241322114
278,4,0.23809523809523808,0.23809523809523808,0.47619047619047616,0.5238095238095238,6.095238095238095,121431224422241322114
278,5,0.19047619047619047,0.09523809523809523,0.38095238095238093,0.47619047619047616,7.095238095238095,121431224422241322114
279,2,0.23809523809523808,0.19047619047619047,0.5714285714285714,0.7619047619047619,4.285714285714286,433112244424434113211
279,3,0.19047619047619047,0.14285714285714285,0.5238095238095238,0.6190476190476191,4.904761904761905,433112244424434113211
279,4,0.23809523809523808,0.09523809523809523,0.5714285714285714,0.5714285714285714,5.619047619047619,433112244424434113211
279,5,0.14285714285714285,0.047619047619047616,0.2857142857142857,0.42857142857142855,8.285714285714286,433112244424434113211
280,2,0.2857142857142857,0.3333333333333333,0.7619047619047619,0.9047619047619048,2.857142857142857,224224343411234322133
280,3,0.38095238095238093,0.3333333333333333,0.6190476190476191,0.7142857142857143,3.619047619047619,224224343411234322133
280,4,0.23809523809523808,0.23809523809523808,0.42857142857142855,0.6190476190476191,5.0,224224343411234322133
280,5,0.19047619047619047,0.19047619047619047,0.23809523809523808,0.47619047619047616,6.428571428571429,224224343411234322133
281,2,0.42857142857142855,0.3333333333333333,0.6190476190476191,0.7619047619047619,4.238095238095238,144111141214311132113
281,3,0.2857142857142857,0.2857142857142857,0.6190476190476191,0.8095238095238095,4.619047619047619,144111141214311132113
281,4,0.2857142857142857,0.23809523809523808,0.47619047619047616,0.47619047619047616,6.0476190476190474,144111141214311132113
281,5,0.23809523809523808,0.23809523809523808,0.38095238095238093,0.42857142857142855,7.238095238095238,144111141214311132113
282,2,0.19047619047619047,0.23809523809523808,0.6666666666666666,0.7142857142857143,4.380952380952381,431334343324124233122
282,3,0.23809523809523808,0.19047619047619047,0.6190476190476191,0.7619047619047619,4.666666666666667,431334343324124233122
282,4,0.2857142857142857,0.2857142857142857,0.5714285714285714,0.6666666666666666,5.095238095238095,431334343324124233122
282,5,0.23809523809523808,0.2857142857142857,0.38095238095238093,0.5714285714285714,6.238095238095238,431334343324124233122
283,2,0.2857142857142857,0.2857142857142857,0.5238095238095238,0.8095238095238095,3.7142857142857144,412214313131112331131
283,3,0.23809523809523808,0.19047619047619047,0.5714285714285714,0.7142857142857143,4.238095238095238,412214313131112331131
283,4,0.3333333333333333,0.19047619047619047,0.47619047619047616,0.5714285714285714,5.333333333333333,412214313131112331131
283,5,0.09523809523809523,0.23809523809523808,0.47619047619047616,0.6190476190476191,6.0476190476190474,412214313131112331131
284,2,0.2857142857142857,0.3333333333333333,0.5238095238095238,0.7619047619047619,4.619047619047619,132113443333424322131
284,3,0.3333333333333333,0.3333333333333333,0.47619047619047616,0.5714285714285714,4.9523809523809526,132113443333424322131
284,4,0.2857142857142857,0.19047619047619047,0.42857142857142855,0.5714285714285714,6.142857142857143,132113443333424322131
284,5,0.14285714285714285,0.23809523809523808,0.3333333333333333,0.5238095238095238,6.761904761904762,132113443333424322131
285,2,0.23809523809523808,0.23809523809523808,0.5714285714285714,0.8095238095238095,3.619047619047619,414111244231242213334
285,3,0.09523809523809523,0.23809523809523808,0.42857142857142855,0.7142857142857143,4.666666666666667,414111244231242213334
285,4,0.19047619047619047,0.14285714285714285,0.42857142857142855,0.5238095238095238,5.142857142857143,414111244231242213334
285,5,0.23809523809523808,0.047619047619047616,0.38095238095238093,0.42857142857142855,7.190476190476191,414111244231242213334
286,2,0.2857142857142857,0.2857142857142857,0.5238095238095238,0.8095238095238095,4.380952380952381,411243214211343314413
286,3,0.23809523809523808,0.23809523809523808,0.47619047619047616,0.6666666666666666,5.0,411243214211343314413
286,4,0.14285714285714285,0.19047619047619047,0.47619047619047616,0.5714285714285714,5.619047619047619,411243214211343314413
286,5,0.19047619047619047,0.23809523809523808,0.42857142857142855,0.47619047619047616,6.761904761904762,411243214211343314413
287,2,0.14285714285714285,0.19047619047619047,0.5714285714285714,0.8571428571428571,3.6666666666666665,341344114123242331332
287,3,0.09523809523809523,0.09523809523809523,0.5714285714285714,0.6666666666666666,4.476190476190476,341344114123242331332
287,4,0.19047619047619047,0.14285714285714285,0.42857142857142855,0.5714285714285714,5.380952380952381,341344114123242331332
287,5,0.23809523809523808,0.14285714285714285,0.3333333333333333,0.6190476190476191,5.333333333333333,341344114123242331332
288,2,0.3333333333333333,0.23809523809523808,0.5714285714285714,0.8571428571428571,3.761904761904762,344231334434242312322
288,3,0.14285714285714285,0.19047619047619047,0.6666666666666666,0.7142857142857143,4.523809523809524,344231334434242312322
288,4,0.23809523809523808,0.19047619047619047,0.47619047619047616,0.5714285714285714,4.809523809523809,344231334434242312322
288,5,0.23809523809523808,0.23809523809523808,0.42857142857142855,0.42857142857142855,6.190476190476191,344231334434242312322
289,2,0.3333333333333333,0.23809523809523808,0.6666666666666666,0.7619047619047619,3.761904761904762,233124121331131231121
289,3,0.2857142857142857,0.09523809523809523,0.5238095238095238,0.5714285714285714,4.857142857142857,233124121331131231121
289,4,0.23809523809523808,0.14285714285714285,0.3333333333333333,0.47619047619047616,6.714285714285714,233124121331131231121
289,5,0.09523809523809523,0.19047619047619047,0.3333333333333333,0.47619047619047616,7.761904761904762,233124121331131231121
290,2,0.2857142857142857,0.23809523809523808,0.47619047619047616,0.7619047619047619,3.8095238095238093,333241243331323144333
290,3,0.19047619047619047,0.14285714285714285,0.47619047619047616,0.6666666666666666,4.476190476190476,333241243331323144333
290,4,0.14285714285714285,0.19047619047619047,0.5238095238095238,0.5714285714285714,4.904761904761905,333241243331323144333
290,5,0.14285714285714285,0.09523809523809523,0.14285714285714285,0.38095238095238093,8.095238095238095,333241243331323144333
291,2,0.2857142857142857,0.2857142857142857,0.6666666666666666,0.8095238095238095,4.0,312243412423111344343
291,3,0.2857142857142857,0.3333333333333333,0.5238095238095238,0.7142857142857143,4.476190476190476,312243412423111344343
291,4,0.23809523809523808,0.19047619047619047,0.42857142857142855,0.6666666666666666,5.428571428571429,312243412423111344343
291,5,0.14285714285714285,0.23809523809523808,0.38095238095238093,0.6190476190476191,6.428571428571429,312243412423111344343
292,2,0.42857142857142855,0.42857142857142855,0.7619047619047619,0.8571428571428571,3.0476190476190474,332334224113132412431
292,3,0.2857142857142857,0.2857142857142857,0.6190476190476191,0.7619047619047619,4.0476190476190474,332334224113132412431
292,4,0.19047619047619047,0.14285714285714285,0.47619047619047616,0.6190476190476191,5.095238095238095,332334224113132412431
292,5,0.14285714285714285,0.14285714285714285,0.47619047619047616,0.7142857142857143,5.857142857142857,332334224113132412431
293,2,0.19047619047619047,0.2857142857142857,0.5238095238095238,0.7619047619047619,4.571428571428571,434143312141434213431
293,3,0.19047619047619047,0.2857142857142857,0.47619047619047616,0.7142857142857143,4.095238095238095,434143312141434213431
293,4,0.14285714285714285,0.2857142857142857,0.47619047619047616,0.6190476190476191,4.904761904761905,434143312141434213431
293,5,0.09523809523809523,0.14285714285714285,0.23809523809523808,0.3333333333333333,7.761904761904762,434143312141434213431
294,2,0.2857142857142857,0.23809523809523808,0.6666666666666666,0.8095238095238095,3.142857142857143,234112144223223331242
294,3,0.19047619047619047,0.09523809523809523,0.6190476190476191,0.7619047619047619,3.4285714285714284,234112144223223331242
294,4,0.19047619047619047,0.047619047619047616,0.47619047619047616,0.5238095238095238,5.285714285714286,234112144223223331242
294,5,0.19047619047619047,0.09523809523809523,0.3333333333333333,0.42857142857142855,6.523809523809524,234112144223223331242
295,2,0.3333333333333333,0.38095238095238093,0.7619047619047619,0.8095238095238095,3.5238095238095237,343414341114431423411
295,3,0.38095238095238093,0.19047619047619047,0.6190476190476191,0.7142857142857143,3.9523809523809526,343414341114431423411
295,4,0.19047619047619047,0.38095238095238093,0.47619047619047616,0.5714285714285714,5.523809523809524,343414341114431423411
295,5,0.14285714285714285,0.0,0.3333333333333333,0.38095238095238093,7.0476190476190474,343414341114431423411
296,2,0.38095238095238093,0.38095238095238093,0.5238095238095238,0.8095238095238095,4.333333333333333,144411411443441322243
296,3,0.3333333333333333,0.38095238095238093,0.6666666666666666,0.7619047619047619,4.095238095238095,144411411443441322243
296,4,0.2857142857142857,0.19047619047619047,0.42857142857142855,0.6190476190476191,5.238095238095238,144411411443441322243
296,5,0.2857142857142857,0.3333333333333333,0.47619047619047616,0.5238095238095238,5.619047619047619,144411411443441322243
297,2,0.38095238095238093,0.23809523809523808,0.6190476190476191,0.8095238095238095,3.3333333333333335,212132413322221221133
297,3,0.2857142857142857,0.23809523809523808,0.47619047619047616,0.7142857142857143,3.761904761904762,212132413322221221133
297,4,0.19047619047619047,0.2857142857142857,0.42857142857142855,0.6190476190476191,4.9523809523809526,212132413322221221133
297,5,0.14285714285714285,0.19047619047619047,0.3333333333333333,0.5238095238095238,6.619047619047619,212132413322221221133
298,2,0.2857142857142857,0.42857142857142855,0.6190476190476191,0.8571428571428571,4.428571428571429,124243334313322122211
298,3,0.23809523809523808,0.23809523809523808,0.6190476190476191,0.7619047619047619,4.619047619047619,124243334313322122211
298,4,0.23809523809523808,0.19047619047619047,0.5238095238095238,0.6666666666666666,4.857142857142857,124243334313322122211
298,5,0.23809523809523808,0.2857142857142857,0.38095238095238093,0.47619047619047616,6.285714285714286,124243334313322122211
299,2,0.38095238095238093,0.23809523809523808,0.6666666666666666,0.9047619047619048,3.238095238095238,432212322241121224441
299,3,0.23809523809523808,0.3333333333333333,0.7619047619047619,0.9047619047619048,3.1904761904761907,432212322241121224441
299,4,0.23809523809523808,0.2857142857142857,0.5238095238095238,0.7619047619047619,4.142857142857143,432212322241121224441
299,5,0.2857142857142857,0.19047619047619047,0.47619047619047616,0.5238095238095238,6.666666666666667,432212322241121224441
300,2,0.3333333333333333,0.23809523809523808,0.6190476190476191,0.8095238095238095,3.9047619047619047,432143133222342412342
300,3,0.19047619047619047,0.2857142857142857,0.47619047619047616,0.7142857142857143,3.9047619047619047,432143133222342412342
300,4,0.23809523809523808,0.19047619047619047,0.7142857142857143,0.7619047619047619,4.476190476190476,432143133222342412342
300,5,0.19047619047619047,0.19047619047619047,0.3333333333333333,0.5238095238095238,6.714285714285714,432143133222342412342
301,2,0.38095238095238093,0.19047619047619047,0.6190476190476191,0.9523809523809523,2.6666666666666665,421211321241321232434
301,3,0.23809523809523808,0.23809523809523808,0.6666666666666666,0.8571428571428571,3.6666666666666665,421211321241321232434
301,4,0.2857142857142857,0.14285714285714285,0.5238095238095238,0.6190476190476191,4.428571428571429,421211321241321232434
301,5,0.2857142857142857,0.19047619047619047,0.42857142857142855,0.47619047619047616,6.190476190476191,421211321241321232434
302,2,0.3333333333333333,0.19047619047619047,0.5238095238095238,0.7142857142857143,4.095238095238095,421232122434323424121
302,3,0.2857142857142857,0.2857142857142857,0.5714285714285714,0.7142857142857143,4.857142857142857,421232122434323424121
302,4,0.23809523809523808,0.2857142857142857,0.5714285714285714,0.7142857142857143,4.904761904761905,421232122434323424121
302,5,0.19047619047619047,0.42857142857142855,0.5714285714285714,0.6190476190476191,5.238095238095238,421232122434323424121
303,2,0.3333333333333333,0.2857142857142857,0.5714285714285714,0.6666666666666666,5.333333333333333,134243142342322232323
303,3,0.19047619047619047,0.23809523809523808,0.47619047619047616,0.7142857142857143,5.142857142857143,134243142342322232323
303,4,0.14285714285714285,0.19047619047619047,0.47619047619047616,0.6190476190476191,5.666666666666667,134243142342322232323
303,5,0.23809523809523808,0.23809523809523808,0.2857142857142857,0.3333333333333333,8.0,134243142342322232323
304,2,0.2857142857142857,0.2857142857142857,0.5714285714285714,0.7619047619047619,4.238095238095238,431332244324141232341
304,3,0.23809523809523808,0.19047619047619047,0.5238095238095238,0.8095238095238095,4.571428571428571,431332244324141232341
304,4,0.2857142857142857,0.19047619047619047,0.47619047619047616,0.6666666666666666,5.0,431332244324141232341
304,5,0.23809523809523808,0.09523809523809523,0.42857142857142855,0.5238095238095238,6.809523809523809,431332244324141232341
305,2,0.38095238095238093,0.19047619047619047,0.6190476190476191,0.7142857142857143,4.428571428571429,142332121344432431113
305,3,0.3333333333333333,0.23809523809523808,0.6190476190476191,0.6666666666666666,5.0476190476190474,142332121344432431113
305,4,0.19047619047619047,0.19047619047619047,0.3333333333333333,0.5714285714285714,6.0476190476190474,142332121344432431113
305,5,0.23809523809523808,0.19047619047619047,0.42857142857142855,0.5714285714285714,6.238095238095238,142332121344432431113
306,2,0.47619047619047616,0.5238095238095238,0.7142857142857143,0.8571428571428571,3.3333333333333335,244244331224423441334
306,3,0.3333333333333333,0.3333333333333333,0.6190476190476191,0.8571428571428571,3.761904761904762,244244331224423441334
306,4,0.19047619047619047,0.09523809523809523,0.5714285714285714,0.6666666666666666,4.428571428571429,244244331224423441334
306,5,0.14285714285714285,0.047619047619047616,0.3333333333333333,0.5238095238095238,6.0,244244331224423441334
307,2,0.42857142857142855,0.47619047619047616,0.6666666666666666,0.8571428571428571,3.1904761904761907,212211244323142341231
307,3,0.2857142857142857,0.38095238095238093,0.6190476190476191,0.6666666666666666,3.9523809523809526,212211244323142341231
307,4,0.3333333333333333,0.38095238095238093,0.5238095238095238,0.6190476190476191,4.904761904761905,212211244323142341231
307,5,0.23809523809523808,0.14285714285714285,0.47619047619047616,0.5714285714285714,5.9523809523809526,212211244323142341231
308,2,0.19047619047619047,0.19047619047619047,0.47619047619047616,0.8571428571428571,3.761904761904762,311311422443414123142
308,3,0.2857142857142857,0.2857142857142857,0.7142857142857143,0.7619047619047619,3.4761904761904763,311311422443414123142
308,4,0.38095238095238093,0.2857142857142857,0.42857142857142855,0.7142857142857143,3.9523809523809526,311311422443414123142
308,5,0.3333333333333333,0.47619047619047616,0.5714285714285714,0.7142857142857143,4.142857142857143,311311422443414123142
309,2,0.3333333333333333,0.42857142857142855,0.6666666666666666,0.8095238095238095,3.5714285714285716,333233424311414224232
309,3,0.2857142857142857,0.38095238095238093,0.6666666666666666,0.8095238095238095,3.380952380952381,333233424311414224232
309,4,0.23809523809523808,0.3333333333333333,0.5714285714285714,0.6666666666666666,4.142857142857143,333233424311414224232
309,5,0.2857142857142857,0.2857142857142857,0.42857142857142855,0.5238095238095238,7.190476190476191,333233424311414224232
310,2,0.19047619047619047,0.14285714285714285,0.5714285714285714,0.7619047619047619,4.476190476190476,134323423231233123411
310,3,0.19047619047619047,0.09523809523809523,0.5238095238095238,0.6190476190476191,5.142857142857143,134323423231233123411
310,4,0.14285714285714285,0.19047619047619047,0.38095238095238093,0.5238095238095238,5.857142857142857,134323423231233123411
310,5,0.23809523809523808,0.09523809523809523,0.3333333333333333,0.47619047619047616,6.9523809523809526,134323423231233123411
311,2,0.42857142857142855,0.23809523809523808,0.6190476190476191,0.8095238095238095,3.4285714285714284,313424412212314122112
311,3,0.23809523809523808,0.38095238095238093,0.6666666666666666,0.8095238095238095,3.7142857142857144,313424412212314122112
311,4,0.19047619047619047,0.42857142857142855,0.47619047619047616,0.6190476190476191,4.619047619047619,313424412212314122112
311,5,0.19047619047619047,0.3333333333333333,0.2857142857142857,0.42857142857142855,6.9523809523809526,313424412212314122112
312,2,0.3333333333333333,0.3333333333333333,0.5714285714285714,0.6666666666666666,4.571428571428571,214413314313431111144
312,3,0.23809523809523808,0.23809523809523808,0.6190476190476191,0.7142857142857143,3.9523809523809526,214413314313431111144
312,4,0.3333333333333333,0.14285714285714285,0.5238095238095238,0.6190476190476191,4.476190476190476,214413314313431111144
312,5,0.14285714285714285,0.047619047619047616,0.38095238095238093,0.6190476190476191,5.619047619047619,214413314313431111144
313,2,0.23809523809523808,0.14285714285714285,0.6666666666666666,0.8095238095238095,4.285714285714286,313423321412124444321
313,3,0.3333333333333333,0.2857142857142857,0.5238095238095238,0.6666666666666666,4.523809523809524,313423321412124444321
313,4,0.14285714285714285,0.38095238095238093,0.42857142857142855,0.5714285714285714,5.904761904761905,313423321412124444321
313,5,0.19047619047619047,0.23809523809523808,0.38095238095238093,0.5238095238095238,7.095238095238095,313423321412124444321
314,2,0.38095238095238093,0.23809523809523808,0.5714285714285714,0.7619047619047619,3.380952380952381,231211442321312424124
314,3,0.3333333333333333,0.42857142857142855,0.6190476190476191,0.7619047619047619,3.619047619047619,231211442321312424124
314,4,0.3333333333333333,0.3333333333333333,0.47619047619047616,0.7142857142857143,4.238095238095238,231211442321312424124
314,5,0.2857142857142857,0.19047619047619047,0.38095238095238093,0.5714285714285714,5.857142857142857,231211442321312424124
315,2,0.23809523809523808,0.23809523809523808,0.6190476190476191,0.7619047619047619,4.333333333333333,311433224113422414311
315,3,0.23809523809523808,0.23809523809523808,0.47619047619047616,0.6190476190476191,5.0,311433224113422414311
315,4,0.19047619047619047,0.23809523809523808,0.47619047619047616,0.5238095238095238,5.619047619047619,311433224113422414311
315,5,0.2857142857142857,0.42857142857142855,0.38095238095238093,0.5714285714285714,6.0,311433224113422414311
316,2,0.2857142857142857,0.3333333333333333,0.6190476190476191,0.7619047619047619,3.4285714285714284,423134414431313431211
316,3,0.2857142857142857,0.23809523809523808,0.5714285714285714,0.6666666666666666,4.238095238095238,423134414431313431211
316,4,0.23809523809523808,0.23809523809523808,0.5714285714285714,0.6666666666666666,4.857142857142857,423134414431313431211
316,5,0.14285714285714285,0.19047619047619047,0.42857142857142855,0.6190476190476191,6.095238095238095,423134414431313431211
317,2,0.42857142857142855,0.38095238095238093,0.6666666666666666,0.7619047619047619,3.5714285714285716,241232132212422342423
317,3,0.23809523809523808,0.23809523809523808,0.6190476190476191,0.6666666666666666,4.714285714285714,241232132212422342423
317,4,0.19047619047619047,0.23809523809523808,0.38095238095238093,0.5238095238095238,6.238095238095238,241232132212422342423
317,5,0.3333333333333333,0.3333333333333333,0.42857142857142855,0.47619047619047616,5.714285714285714,241232132212422342423
318,2,0.3333333333333333,0.2857142857142857,0.5238095238095238,0.6666666666666666,5.0,131141133324232422221
318,3,0.23809523809523808,0.19047619047619047,0.5238095238095238,0.5238095238095238,5.619047619047619,131141133324232422221
318,4,0.23809523809523808,0.23809523809523808,0.42857142857142855,0.47619047619047616,6.809523809523809,131141133324232422221
318,5,0.23809523809523808,0.19047619047619047,0.3333333333333333,0.5238095238095238,6.9523809523809526,131141133324232422221
319,2,0.42857142857142855,0.47619047619047616,0.6666666666666666,0.8571428571428571,2.9047619047619047,441134344341421232442
319,3,0.23809523809523808,0.19047619047619047,0.6666666666666666,0.7619047619047619,3.6666666666666665,441134344341421232442
319,4,0.2857142857142857,0.2857142857142857,0.5714285714285714,0.7619047619047619,4.333333333333333,441134344341421232442
319,5,0.23809523809523808,0.14285714285714285,0.5714285714285714,0.6666666666666666,5.428571428571429,441134344341421232442
320,2,0.3333333333333333,0.09523809523809523,0.5714285714285714,0.8571428571428571,3.857142857142857,412143342431311141243
320,3,0.2857142857142857,0.38095238095238093,0.47619047619047616,0.6666666666666666,4.380952380952381,412143342431311141243
320,4,0.2857142857142857,0.09523809523809523,0.5714285714285714,0.7142857142857143,4.285714285714286,412143342431311141243
320,5,0.14285714285714285,0.19047619047619047,0.47619047619047616,0.6190476190476191,5.857142857142857,412143342431311141243
321,2,0.2857142857142857,0.09523809523809523,0.5714285714285714,0.7619047619047619,3.7142857142857144,423112313431212314124
321,3,0.23809523809523808,0.14285714285714285,0.5238095238095238,0.5238095238095238,4.809523809523809,423112313431212314124
321,4,0.2857142857142857,0.14285714285714285,0.5238095238095238,0.5714285714285714,5.761904761904762,423112313431212314124
321,5,0.19047619047619047,0.09523809523809523,0.38095238095238093,0.38095238095238093,6.523809523809524,423112313431212314124
322,2,0.2857142857142857,0.09523809523809523,0.6190476190476191,0.8095238095238095,3.619047619047619,314421344132133112122
322,3,0.09523809523809523,0.2857142857142857,0.6190476190476191,0.6666666666666666,4.666666666666667,314421344132133112122
322,4,0.23809523809523808,0.19047619047619047,0.47619047619047616,0.5238095238095238,5.238095238095238,314421344132133112122
322,5,0.14285714285714285,0.19047619047619047,0.38095238095238093,0.5238095238095238,6.666666666666667,314421344132133112122
323,2,0.47619047619047616,0.5238095238095238,0.6190476190476191,0.8095238095238095,4.190476190476191,132233244323233242243
323,3,0.3333333333333333,0.47619047619047616,0.6666666666666666,0.7142857142857143,4.333333333333333,132233244323233242243
323,4,0.19047619047619047,0.23809523809523808,0.5714285714285714,0.7142857142857143,4.761904761904762,132233244323233242243
323,5,0.14285714285714285,0.3333333333333333,0.3333333333333333,0.5238095238095238,7.190476190476191,132233244323233242243
324,2,0.14285714285714285,0.38095238095238093,0.47619047619047616,0.7619047619047619,4.238095238095238,122212323422244131311
324,3,0.19047619047619047,0.23809523809523808,0.5714285714285714,0.6666666666666666,4.619047619047619,122212323422244131311
324,4,0.23809523809523808,0.14285714285714285,0.5714285714285714,0.6190476190476191,5.0476190476190474,122212323422244131311
324,5,0.09523809523809523,0.19047619047619047,0.3333333333333333,0.38095238095238093,7.428571428571429,122212323422244131311
325,2,0.14285714285714285,0.14285714285714285,0.6666666666666666,0.9047619047619048,3.4285714285714284,323131221411422323431
325,3,0.23809523809523808,0.3333333333333333,0.5714285714285714,0.6666666666666666,4.095238095238095,323131221411422323431
325,4,0.14285714285714285,0.047619047619047616,0.38095238095238093,0.47619047619047616,5.857142857142857,323131221411422323431
325,5,0.19047619047619047,0.19047619047619047,0.3333333333333333,0.38095238095238093,7.285714285714286,323131221411422323431
326,2,0.19047619047619047,0.14285714285714285,0.5714285714285714,0.7619047619047619,4.619047619047619,311313221344231134223
326,3,0.2857142857142857,0.19047619047619047,0.47619047619047616,0.5714285714285714,5.0,311313221344231134223
326,4,0.3333333333333333,0.14285714285714285,0.38095238095238093,0.47619047619047616,5.190476190476191,311313221344231134223
326,5,0.2857142857142857,0.23809523809523808,0.5714285714285714,0.5714285714285714,5.476190476190476,311313221344231134223
327,2,0.42857142857142855,0.3333333333333333,0.6666666666666666,0.7619047619047619,3.761904761904762,342241233224123214214
327,3,0.23809523809523808,0.19047619047619047,0.6666666666666666,0.8095238095238095,4.523809523809524,342241233224123214214
327,4,0.19047619047619047,0.14285714285714285,0.42857142857142855,0.6190476190476191,5.714285714285714,342241233224123214214
327,5,0.19047619047619047,0.09523809523809523,0.38095238095238093,0.5238095238095238,7.428571428571429,342241233224123214214
328,2,0.38095238095238093,0.3333333333333333,0.6190476190476191,0.8571428571428571,3.5714285714285716,413244331244114111332
328,3,0.2857142857142857,0.47619047619047616,0.6666666666666666,0.7619047619047619,4.142857142857143,413244331244114111332
328,4,0.19047619047619047,0.19047619047619047,0.6190476190476191,0.6190476190476191,5.0476190476190474,413244331244114111332
328,5,0.23809523809523808,0.23809523809523808,0.38095238095238093,0.5714285714285714,6.714285714285714,413244331244114111332
329,2,0.14285714285714285,0.19047619047619047,0.5238095238095238,0.8571428571428571,3.5714285714285716,214332343131423443313
329,3,0.19047619047619047,0.3333333333333333,0.47619047619047616,0.6190476190476191,4.523809523809524,214332343131423443313
329,4,0.09523809523809523,0.14285714285714285,0.47619047619047616,0.5238095238095238,5.142857142857143,214332343131423443313
329,5,0.23809523809523808,0.19047619047619047,0.2857142857142857,0.42857142857142855,6.428571428571429,214332343131423443313
330,2,0.42857142857142855,0.47619047619047616,0.6190476190476191,0.8571428571428571,3.3333333333333335,334124231132444444143
330,3,0.42857142857142855,0.23809523809523808,0.5714285714285714,0.6666666666666666,4.190476190476191,334124231132444444143
330,4,0.23809523809523808,0.14285714285714285,0.5238095238095238,0.5714285714285714,5.095238095238095,334124231132444444143
330,5,0.19047619047619047,0.2857142857142857,0.38095238095238093,0.5714285714285714,6.9523809523809526,334124231132444444143
331,2,0.09523809523809523,0.09523809523809523,0.42857142857142855,0.6190476190476191,5.904761904761905,114133112224243233442
331,3,0.09523809523809523,0.19047619047619047,0.38095238095238093,0.7142857142857143,5.333333333333333,114133112224243233442
331,4,0.19047619047619047,0.19047619047619047,0.38095238095238093,0.6666666666666666,5.857142857142857,114133112224243233442
331,5,0.19047619047619047,0.14285714285714285,0.3333333333333333,0.47619047619047616,6.904761904761905,114133112224243233442
332,2,0.23809523809523808,0.14285714285714285,0.5714285714285714,0.8095238095238095,3.7142857142857144,224142222121322132113
332,3,0.19047619047619047,0.09523809523809523,0.5238095238095238,0.7142857142857143,4.428571428571429,224142222121322132113
332,4,0.23809523809523808,0.23809523809523808,0.5238095238095238,0.6190476190476191,4.809523809523809,224142222121322132113
332,5,0.23809523809523808,0.19047619047619047,0.3333333333333333,0.38095238095238093,6.857142857142857,224142222121322132113
333,2,0.3333333333333333,0.2857142857142857,0.6666666666666666,0.7619047619047619,4.238095238095238,141334341234334122241
333,3,0.2857142857142857,0.38095238095238093,0.7142857142857143,0.7619047619047619,4.761904761904762,141334341234334122241
333,4,0.19047619047619047,0.14285714285714285,0.47619047619047616,0.6190476190476191,5.428571428571429,141334341234334122241
333,5,0.23809523809523808,0.23809523809523808,0.42857142857142855,0.5238095238095238,6.333333333333333,141334341234334122241
334,2,0.2857142857142857,0.2857142857142857,0.6190476190476191,0.8095238095238095,3.9523809523809526,242133143442221311313
334,3,0.19047619047619047,0.23809523809523808,0.42857142857142855,0.5714285714285714,4.619047619047619,242133143442221311313
334,4,0.14285714285714285,0.14285714285714285,0.42857142857142855,0.5238095238095238,6.238095238095238,242133143442221311313
334,5,0.14285714285714285,0.09523809523809523,0.3333333333333333,0.47619047619047616,7.190476190476191,242133143442221311313
335,2,0.3333333333333333,0.3333333333333333,0.5238095238095238,0.7142857142857143,4.904761904761905,113442111343121123412
335,3,0.23809523809523808,0.23809523809523808,0.5238095238095238,0.6190476190476191,5.190476190476191,113442111343121123412
335,4,0.19047619047619047,0.3333333333333333,0.47619047619047616,0.5714285714285714,6.095238095238095,113442111343121123412
335,5,0.23809523809523808,0.23809523809523808,0.2857142857142857,0.47619047619047616,6.904761904761905,113442111343121123412
336,2,0.3333333333333333,0.38095238095238093,0.6666666666666666,0.8095238095238095,3.8095238095238093,431114424124121412313
336,3,0.23809523809523808,0.19047619047619047,0.5238095238095238,0.7142857142857143,5.0476190476190474,431114424124121412313
336,4,0.3333333333333333,0.19047619047619047,0.6666666666666666,0.6666666666666666,5.142857142857143,431114424124121412313
336,5,0.2857142857142857,0.19047619047619047,0.47619047619047616,0.5714285714285714,6.476190476190476,431114424124121412313
337,2,0.23809523809523808,0.38095238095238093,0.6666666666666666,0.8095238095238095,3.9047619047619047,123234141231212141214
337,3,0.23809523809523808,0.2857142857142857,0.6190476190476191,0.7142857142857143,4.714285714285714,123234141231212141214
337,4,0.14285714285714285,0.09523809523809523,0.47619047619047616,0.6190476190476191,5.904761904761905,123234141231212141214
337,5,0.09523809523809523,0.047619047619047616,0.3333333333333333,0.42857142857142855,7.761904761904762,123234141231212141214
338,2,0.2857142857142857,0.19047619047619047,0.47619047619047616,0.8095238095238095,3.9523809523809526,433211111443221311124
338,3,0.19047619047619047,0.19047619047619047,0.5238095238095238,0.6190476190476191,4.476190476190476,433211111443221311124
338,4,0.2857142857142857,0.14285714285714285,0.47619047619047616,0.6190476190476191,5.428571428571429,433211111443221311124
338,5,0.23809523809523808,0.09523809523809523,0.42857142857142855,0.47619047619047616,6.333333333333333,433211111443221311124
339,2,0.2857142857142857,0.23809523809523808,0.6190476190476191,0.9047619047619048,3.2857142857142856,432441414423322313124
339,3,0.14285714285714285,0.14285714285714285,0.5714285714285714,0.7142857142857143,4.0476190476190474,432441414423322313124
339,4,0.2857142857142857,0.2857142857142857,0.6190476190476191,0.6666666666666666,4.238095238095238,432441414423322313124
339,5,0.23809523809523808,0.047619047619047616,0.42857142857142855,0.5238095238095238,5.857142857142857,432441414423322313124
340,2,0.23809523809523808,0.14285714285714285,0.5714285714285714,0.8095238095238095,3.7142857142857144,431142113423323144433
340,3,0.23809523809523808,0.19047619047619047,0.5714285714285714,0.6666666666666666,4.095238095238095,431142113423323144433
340,4,0.14285714285714285,0.38095238095238093,0.6190476190476191,0.7142857142857143,4.9523809523809526,431142113423323144433
340,5,0.14285714285714285,0.09523809523809523,0.2857142857142857,0.6190476190476191,5.904761904761905,431142113423323144433
341,2,0.42857142857142855,0.3333333333333333,0.7142857142857143,0.9047619047619048,3.0476190476190474,241334434442134442143
341,3,0.42857142857142855,0.42857142857142855,0.6190476190476191,0.7142857142857143,4.476190476190476,241334434442134442143
341,4,0.23809523809523808,0.23809523809523808,0.5238095238095238,0.6666666666666666,5.380952380952381,241334434442134442143
341,5,0.23809523809523808,0.38095238095238093,0.5714285714285714,0.7142857142857143,5.095238095238095,241334434442134442143
342,2,0.3333333333333333,0.23809523809523808,0.47619047619047616,0.6666666666666666,5.285714285714286,112232212132122141123
342,3,0.2857142857142857,0.2857142857142857,0.5714285714285714,0.6190476190476191,5.523809523809524,112232212132122141123
342,4,0.14285714285714285,0.09523809523809523,0.47619047619047616,0.5714285714285714,6.142857142857143,112232212132122141123
342,5,0.19047619047619047,0.38095238095238093,0.47619047619047616,0.5238095238095238,6.9523809523809526,112232212132122141123
343,2,0.2857142857142857,0.3333333333333333,0.5714285714285714,0.8095238095238095,3.6666666666666665,224432222422222424111
343,3,0.23809523809523808,0.2857142857142857,0.6190476190476191,0.7619047619047619,3.9523809523809526,224432222422222424111
343,4,0.19047619047619047,0.23809523809523808,0.5238095238095238,0.6190476190476191,4.857142857142857,224432222422222424111
343,5,0.19047619047619047,0.19047619047619047,0.38095238095238093,0.47619047619047616,6.619047619047619,224432222422222424111
344,2,0.19047619047619047,0.14285714285714285,0.5238095238095238,0.7142857142857143,4.857142857142857,444323111433422244111
344,3,0.23809523809523808,0.23809523809523808,0.5714285714285714,0.6666666666666666,4.523809523809524,444323111433422244111
344,4,0.19047619047619047,0.14285714285714285,0.42857142857142855,0.5238095238095238,5.857142857142857,444323111433422244111
344,5,0.14285714285714285,0.19047619047619047,0.42857142857142855,0.47619047619047616,5.857142857142857,444323111433422244111
345,2,0.42857142857142855,0.47619047619047616,0.6666666666666666,0.7619047619047619,3.761904761904762,232341142314241214423
345,3,0.23809523809523808,0.2857142857142857,0.5714285714285714,0.8095238095238095,3.9523809523809526,232341142314241214423
345,4,0.2857142857142857,0.2857142857142857,0.42857142857142855,0.5238095238095238,4.9523809523809526,232341142314241214423
345,5,0.23809523809523808,0.09523809523809523,0.38095238095238093,0.5714285714285714,6.523809523809524,232341142314241214423
346,2,0.2857142857142857,0.23809523809523808,0.6666666666666666,0.9523809523809523,2.857142857142857,334331441123233111343
346,3,0.14285714285714285,0.09523809523809523,0.6666666666666666,0.8095238095238095,3.380952380952381,334331441123233111343
346,4,0.23809523809523808,0.19047619047619047,0.47619047619047616,0.6666666666666666,4.428571428571429,334331441123233111343
346,5,0.047619047619047616,0.23809523809523808,0.2857142857142857,0.42857142857142855,6.809523809523809,334331441123233111343
347,2,0.19047619047619047,0.2857142857142857,0.5714285714285714,0.7619047619047619,3.7142857142857144,444111133413224221214
347,3,0.19047619047619047,0.2857142857142857,0.5714285714285714,0.7142857142857143,4.0,444111133413224221214
347,4,0.23809523809523808,0.19047619047619047,0.3333333333333333,0.47619047619047616,5.904761904761905,444111133413224221214
347,5,0.14285714285714285,0.23809523809523808,0.42857142857142855,0.47619047619047616,5.9523809523809526,444111133413224221214
348,2,0.23809523809523808,0.2857142857142857,0.5714285714285714,0.6666666666666666,4.904761904761905,224233412244421322312
348,3,0.19047619047619047,0.38095238095238093,0.6190476190476191,0.7619047619047619,4.428571428571429,224233412244421322312
348,4,0.19047619047619047,0.14285714285714285,0.5238095238095238,0.5714285714285714,5.333333333333333,224233412244421322312
348,5,0.19047619047619047,0.23809523809523808,0.3333333333333333,0.3333333333333333,6.714285714285714,224233412244421322312
349,2,0.3333333333333333,0.047619047619047616,0.5714285714285714,0.7619047619047619,3.8095238095238093,233241323324321332441
349,3,0.23809523809523808,0.19047619047619047,0.5238095238095238,0.7619047619047619,4.0476190476190474,233241323324321332441
349,4,0.19047619047619047,0.23809523809523808,0.5238095238095238,0.6190476190476191,5.095238095238095,233241323324321332441
349,5,0.14285714285714285,0.14285714285714285,0.38095238095238093,0.47619047619047616,6.714285714285714,233241323324321332441
350,2,0.3333333333333333,0.19047619047619047,0.6666666666666666,0.7619047619047619,4.428571428571429,344323441334422111444
350,3,0.23809523809523808,0.19047619047619047,0.6666666666666666,0.7619047619047619,4.0,344323441334422111444
350,4,0.23809523809523808,0.09523809523809523,0.42857142857142855,0.5714285714285714,5.238095238095238,344323441334422111444
350,5,0.14285714285714285,0.19047619047619047,0.5238095238095238,0.5238095238095238,5.761904761904762,344323441334422111444
351,2,0.47619047619047616,0.2857142857142857,0.5714285714285714,0.8095238095238095,4.0476190476190474,142441321244424231112
351,3,0.3333333333333333,0.14285714285714285,0.6666666666666666,0.8095238095238095,4.523809523809524,142441321244424231112
351,4,0.19047619047619047,0.14285714285714285,0.42857142857142855,0.6666666666666666,5.476190476190476,142441321244424231112
351,5,0.19047619047619047,0.14285714285714285,0.38095238095238093,0.47619047619047616,7.142857142857143,142441321244424231112
352,2,0.2857142857142857,0.38095238095238093,0.6666666666666666,0.9523809523809523,2.6666666666666665,331344334111212134431
352,3,0.3333333333333333,0.47619047619047616,0.7142857142857143,0.7619047619047619,3.4285714285714284,331344334111212134431
352,4,0.3333333333333333,0.38095238095238093,0.5238095238095238,0.6666666666666666,4.190476190476191,331344334111212134431
352,5,0.23809523809523808,0.2857142857142857,0.42857142857142855,0.5238095238095238,5.809523809523809,331344334111212134431
353,2,0.38095238095238093,0.23809523809523808,0.7619047619047619,0.9523809523809523,2.6666666666666665,232124414121213114233
353,3,0.23809523809523808,0.23809523809523808,0.7142857142857143,0.8095238095238095,3.142857142857143,232124414121213114233
353,4,0.2857142857142857,0.38095238095238093,0.6190476190476191,0.7619047619047619,3.7142857142857144,232124414121213114233
353,5,0.23809523809523808,0.19047619047619047,0.38095238095238093,0.6190476190476191,6.0,232124414121213114233
354,2,0.09523809523809523,0.2857142857142857,0.47619047619047616,0.6666666666666666,4.523809523809524,214111212332231223332
354,3,0.14285714285714285,0.19047619047619047,0.42857142857142855,0.6190476190476191,4.809523809523809,214111212332231223332
354,4,0.19047619047619047,0.047619047619047616,0.3333333333333333,0.42857142857142855,5.714285714285714,214111212332231223332
354,5,0.14285714285714285,0.14285714285714285,0.19047619047619047,0.42857142857142855,7.619047619047619,214111212332231223332
355,2,0.2857142857142857,0.2857142857142857,0.5714285714285714,0.8095238095238095,3.8095238095238093,123141334342242121411
355,3,0.2857142857142857,0.23809523809523808,0.5238095238095238,0.6666666666666666,4.619047619047619,123141334342242121411
355,4,0.19047619047619047,0.09523809523809523,0.5238095238095238,0.6190476190476191,5.476190476190476,123141334342242121411
355,5,0.23809523809523808,0.14285714285714285,0.38095238095238093,0.5238095238095238,7.238095238095238,123141334342242121411
356,2,0.3333333333333333,0.14285714285714285,0.5714285714285714,0.7619047619047619,4.428571428571429,121431122221113241241
356,3,0.2857142857142857,0.3333333333333333,0.6190476190476191,0.7619047619047619,4.571428571428571,121431122221113241241
356,4,0.2857142857142857,0.2857142857142857,0.47619047619047616,0.6666666666666666,5.809523809523809,121431122221113241241
356,5,0.14285714285714285,0.23809523809523808,0.2857142857142857,0.42857142857142855,7.333333333333333,121431122221113241241
357,2,0.42857142857142855,0.38095238095238093,0.5714285714285714,0.6190476190476191,5.0,131434412234343231124
357,3,0.14285714285714285,0.14285714285714285,0.5714285714285714,0.7142857142857143,5.285714285714286,131434412234343231124
357,4,0.19047619047619047,0.19047619047619047,0.47619047619047616,0.6666666666666666,5.666666666666667,131434412234343231124
357,5,0.19047619047619047,0.0,0.3333333333333333,0.47619047619047616,7.0476190476190474,131434412234343231124
358,2,0.2857142857142857,0.38095238095238093,0.5714285714285714,0.8571428571428571,3.5714285714285716,413134131411132122234
358,3,0.19047619047619047,0.23809523809523808,0.5238095238095238,0.5238095238095238,4.571428571428571,413134131411132122234
358,4,0.14285714285714285,0.23809523809523808,0.42857142857142855,0.5238095238095238,6.380952380952381,413134131411132122234
358,5,0.19047619047619047,0.23809523809523808,0.38095238095238093,0.47619047619047616,6.571428571428571,413134131411132122234
359,2,0.38095238095238093,0.3333333333333333,0.6666666666666666,0.7619047619047619,4.190476190476191,444243124214322142114
359,3,0.2857142857142857,0.3333333333333333,0.5714285714285714,0.8095238095238095,4.142857142857143,444243124214322142114
359,4,0.23809523809523808,0.19047619047619047,0.5238095238095238,0.6666666666666666,4.9523809523809526,444243124214322142114
359,5,0.23809523809523808,0.19047619047619047,0.47619047619047616,0.5714285714285714,5.857142857142857,444243124214322142114
360,2,0.3333333333333333,0.23809523809523808,0.7142857142857143,0.8571428571428571,3.619047619047619,213233141131213214132
360,3,0.23809523809523808,0.19047619047619047,0.5238095238095238,0.6190476190476191,4.333333333333333,213233141131213214132
360,4,0.2857142857142857,0.14285714285714285,0.38095238095238093,0.5714285714285714,5.523809523809524,213233141131213214132
360,5,0.14285714285714285,0.19047619047619047,0.2857142857142857,0.47619047619047616,6.9523809523809526,213233141131213214132
361,2,0.2857142857142857,0.23809523809523808,0.6190476190476191,0.7142857142857143,4.476190476190476,114322222143331244114
361,3,0.3333333333333333,0.23809523809523808,0.5238095238095238,0.6666666666666666,5.0,114322222143331244114
361,4,0.23809523809523808,0.3333333333333333,0.42857142857142855,0.6190476190476191,5.571428571428571,114322222143331244114
361,5,0.2857142857142857,0.23809523809523808,0.38095238095238093,0.47619047619047616,6.904761904761905,114322222143331244114
362,2,0.38095238095238093,0.3333333333333333,0.7142857142857143,0.8095238095238095,2.9523809523809526,233322133111313223241
362,3,0.23809523809523808,0.2857142857142857,0.6190476190476191,0.7142857142857143,3.5238095238095237,233322133111313223241
362,4,0.23809523809523808,0.23809523809523808,0.47619047619047616,0.6666666666666666,4.809523809523809,233322133111313223241
362,5,0.2857142857142857,0.3333333333333333,0.38095238095238093,0.5238095238095238,6.523809523809524,233322133111313223241
363,2,0.42857142857142855,0.47619047619047616,0.7142857142857143,0.8571428571428571,3.4285714285714284,222244222422113312334
363,3,0.23809523809523808,0.23809523809523808,0.5238095238095238,0.7142857142857143,4.809523809523809,222244222422113312334
363,4,0.3333333333333333,0.23809523809523808,0.47619047619047616,0.6190476190476191,5.380952380952381,222244222422113312334
363,5,0.14285714285714285,0.09523809523809523,0.23809523809523808,0.5238095238095238,7.428571428571429,222244222422113312334
364,2,0.3333333333333333,0.2857142857142857,0.7142857142857143,0.7619047619047619,4.333333333333333,244433332212134131421
364,3,0.2857142857142857,0.38095238095238093,0.6666666666666666,0.7619047619047619,4.190476190476191,244433332212134131421
364,4,0.19047619047619047,0.19047619047619047,0.38095238095238093,0.5714285714285714,5.476190476190476,244433332212134131421
364,5,0.09523809523809523,0.09523809523809523,0.42857142857142855,0.47619047619047616,6.666666666666667,244433332212134131421
365,2,0.2857142857142857,0.19047619047619047,0.6190476190476191,0.8095238095238095,3.761904761904762,324114234333322332432
365,3,0.19047619047619047,0.23809523809523808,0.5714285714285714,0.6190476190476191,4.428571428571429,324114234333322332432
365,4,0.3333333333333333,0.23809523809523808,0.5238095238095238,0.6190476190476191,4.809523809523809,324114234333322332432
365,5,0.2857142857142857,0.23809523809523808,0.38095238095238093,0.5714285714285714,5.619047619047619,324114234333322332432
366,2,0.3333333333333333,0.42857142857142855,0.5714285714285714,0.8571428571428571,3.0952380952380953,221141324233442132143
366,3,0.23809523809523808,0.19047619047619047,0.5714285714285714,0.8095238095238095,3.857142857142857,221141324233442132143
366,4,0.2857142857142857,0.23809523809523808,0.5238095238095238,0.6666666666666666,5.095238095238095,221141324233442132143
366,5,0.23809523809523808,0.23809523809523808,0.47619047619047616,0.6190476190476191,5.428571428571429,221141324233442132143
367,2,0.38095238095238093,0.47619047619047616,0.6666666666666666,0.8571428571428571,3.5714285714285716,212322342424111241333
367,3,0.23809523809523808,0.23809523809523808,0.5714285714285714,0.7142857142857143,4.476190476190476,212322342424111241333
367,4,0.23809523809523808,0.19047619047619047,0.5714285714285714,0.5714285714285714,4.857142857142857,212322342424111241333
367,5,0.09523809523809523,0.09523809523809523,0.38095238095238093,0.5238095238095238,6.523809523809524,212322342424111241333
368,2,0.2857142857142857,0.42857142857142855,0.6666666666666666,0.8095238095238095,3.7142857142857144,131342344113231413312
368,3,0.14285714285714285,0.14285714285714285,0.5714285714285714,0.6666666666666666,5.095238095238095,131342344113231413312
368,4,0.19047619047619047,0.23809523809523808,0.47619047619047616,0.5714285714285714,5.523809523809524,131342344113231413312
368,5,0.14285714285714285,0.09523809523809523,0.23809523809523808,0.42857142857142855,7.523809523809524,131342344113231413312
369,2,0.3333333333333333,0.19047619047619047,0.6190476190476191,0.8571428571428571,3.380952380952381,422231111412133142441
369,3,0.23809523809523808,0.23809523809523808,0.6666666666666666,0.7619047619047619,3.6666666666666665,422231111412133142441
369,4,0.09523809523809523,0.09523809523809523,0.47619047619047616,0.6666666666666666,5.428571428571429,422231111412133142441
369,5,0.09523809523809523,0.09523809523809523,0.3333333333333333,0.5238095238095238,6.761904761904762,422231111412133142441
370,2,0.3333333333333333,0.42857142857142855,0.6666666666666666,0.7619047619047619,3.2857142857142856,422114143342211232311
370,3,0.2857142857142857,0.19047619047619047,0.5714285714285714,0.7142857142857143,3.857142857142857,422114143342211232311
370,4,0.2857142857142857,0.2857142857142857,0.47619047619047616,0.6190476190476191,5.0,422114143342211232311
370,5,0.19047619047619047,0.19047619047619047,0.42857142857142855,0.42857142857142855,6.809523809523809,422114143342211232311
371,2,0.2857142857142857,0.23809523809523808,0.5714285714285714,0.8095238095238095,3.5238095238095237,422132412311244422424
371,3,0.2857142857142857,0.23809523809523808,0.5238095238095238,0.8571428571428571,3.5238095238095237,422132412311244422424
371,4,0.19047619047619047,0.19047619047619047,0.47619047619047616,0.7619047619047619,4.0,422132412311244422424
371,5,0.14285714285714285,0.23809523809523808,0.5238095238095238,0.5714285714285714,5.333333333333333,422132412311244422424
372,2,0.2857142857142857,0.23809523809523808,0.6190476190476191,0.7619047619047619,4.190476190476191,124214121133213244344
372,3,0.3333333333333333,0.14285714285714285,0.6190476190476191,0.7619047619047619,4.380952380952381,124214121133213244344
372,4,0.23809523809523808,0.19047619047619047,0.42857142857142855,0.6666666666666666,5.523809523809524,124214121133213244344
372,5,0.19047619047619047,0.14285714285714285,0.2857142857142857,0.42857142857142855,6.904761904761905,124214121133213244344
373,2,0.2857142857142857,0.23809523809523808,0.5714285714285714,0.8095238095238095,4.285714285714286,111111442141144111143
373,3,0.2857142857142857,0.14285714285714285,0.6190476190476191,0.7142857142857143,4.761904761904762,111111442141144111143
373,4,0.2857142857142857,0.2857142857142857,0.5238095238095238,0.6666666666666666,5.523809523809524,111111442141144111143
373,5,0.23809523809523808,0.14285714285714285,0.47619047619047616,0.5714285714285714,6.857142857142857,111111442141144111143
374,2,0.2857142857142857,0.2857142857142857,0.6190476190476191,0.8095238095238095,3.5714285714285716,324244111121443224311
374,3,0.23809523809523808,0.23809523809523808,0.5714285714285714,0.8095238095238095,3.5714285714285716,324244111121443224311
374,4,0.14285714285714285,0.14285714285714285,0.47619047619047616,0.6190476190476191,4.761904761904762,324244111121443224311
374,5,0.14285714285714285,0.09523809523809523,0.2857142857142857,0.3333333333333333,7.190476190476191,324244111121443224311
375,2,0.3333333333333333,0.19047619047619047,0.5714285714285714,0.7619047619047619,3.7142857142857144,434322214333222244223
375,3,0.2857142857142857,0.19047619047619047,0.5714285714285714,0.6666666666666666,4.095238095238095,434322214333222244223
375,4,0.19047619047619047,0.19047619047619047,0.47619047619047616,0.6190476190476191,4.619047619047619,434322214333222244223
375,5,0.2857142857142857,0.19047619047619047,0.42857142857142855,0.47619047619047616,5.857142857142857,434322214333222244223
376,2,0.42857142857142855,0.38095238095238093,0.7619047619047619,0.9047619047619048,2.4761904761904763,243224331211424423242
376,3,0.3333333333333333,0.23809523809523808,0.6666666666666666,0.8571428571428571,2.9523809523809526,243224331211424423242
376,4,0.14285714285714285,0.19047619047619047,0.47619047619047616,0.6666666666666666,4.571428571428571,243224331211424423242
376,5,0.23809523809523808,0.23809523809523808,0.38095238095238093,0.5714285714285714,6.238095238095238,243224331211424423242
377,2,0.19047619047619047,0.23809523809523808,0.6190476190476191,0.7619047619047619,4.333333333333333,413433122111342114134
377,3,0.23809523809523808,0.23809523809523808,0.47619047619047616,0.6666666666666666,4.190476190476191,413433122111342114134
377,4,0.23809523809523808,0.3333333333333333,0.5714285714285714,0.6190476190476191,4.857142857142857,413433122111342114134
377,5,0.23809523809523808,0.23809523809523808,0.47619047619047616,0.5238095238095238,6.095238095238095,413433122111342114134
378,2,0.2857142857142857,0.3333333333333333,0.6666666666666666,0.7142857142857143,3.1904761904761907,234344333313232123213
378,3,0.23809523809523808,0.23809523809523808,0.5714285714285714,0.7142857142857143,3.6666666666666665,234344333313232123213
378,4,0.2857142857142857,0.42857142857142855,0.42857142857142855,0.5714285714285714,4.809523809523809,234344333313232123213
378,5,0.23809523809523808,0.14285714285714285,0.3333333333333333,0.6190476190476191,5.619047619047619,234344333313232123213
379,2,0.19047619047619047,0.2857142857142857,0.7142857142857143,0.8095238095238095,3.2857142857142856,221242411442442241413
379,3,0.23809523809523808,0.14285714285714285,0.5714285714285714,0.7619047619047619,4.428571428571429,221242411442442241413
379,4,0.19047619047619047,0.14285714285714285,0.5238095238095238,0.7142857142857143,5.095238095238095,221242411442442241413
379,5,0.23809523809523808,0.19047619047619047,0.38095238095238093,0.38095238095238093,6.761904761904762,221242411442442241413
380,2,0.23809523809523808,0.23809523809523808,0.5714285714285714,0.7619047619047619,5.095238095238095,141234214122123134334
380,3,0.19047619047619047,0.09523809523809523,0.5714285714285714,0.6666666666666666,5.714285714285714,141234214122123134334
380,4,0.19047619047619047,0.23809523809523808,0.42857142857142855,0.6666666666666666,6.095238095238095,141234214122123134334
380,5,0.19047619047619047,0.14285714285714285,0.3333333333333333,0.5238095238095238,7.238095238095238,141234214122123134334
381,2,0.42857142857142855,0.42857142857142855,0.6190476190476191,0.7619047619047619,3.7142857142857144,311242333344431242233
381,3,0.3333333333333333,0.3333333333333333,0.5238095238095238,0.6190476190476191,4.619047619047619,311242333344431242233
381,4,0.2857142857142857,0.2857142857142857,0.42857142857142855,0.5238095238095238,5.095238095238095,311242333344431242233
381,5,0.23809523809523808,0.23809523809523808,0.38095238095238093,0.5714285714285714,6.0,311242333344431242233
382,2,0.38095238095238093,0.42857142857142855,0.5238095238095238,0.8571428571428571,3.857142857142857,342143322343241342234
382,3,0.2857142857142857,0.42857142857142855,0.5238095238095238,0.7142857142857143,4.142857142857143,342143322343241342234
382,4,0.19047619047619047,0.19047619047619047,0.47619047619047616,0.7142857142857143,4.714285714285714,342143322343241342234
382,5,0.23809523809523808,0.09523809523809523,0.47619047619047616,0.5714285714285714,5.380952380952381,342143322343241342234
383,2,0.19047619047619047,0.23809523809523808,0.6190476190476191,0.9523809523809523,3.142857142857143,322341341221122133334
383,3,0.19047619047619047,0.14285714285714285,0.6190476190476191,0.8571428571428571,3.6666666666666665,322341341221122133334
383,4,0.19047619047619047,0.19047619047619047,0.5238095238095238,0.6666666666666666,4.666666666666667,322341341221122133334
383,5,0.19047619047619047,0.19047619047619047,0.2857142857142857,0.47619047619047616,7.0,322341341221122133334
384,2,0.3333333333333333,0.23809523809523808,0.5238095238095238,0.6666666666666666,4.428571428571429,434223113321333241412
384,3,0.19047619047619047,0.19047619047619047,0.5238095238095238,0.7142857142857143,4.238095238095238,434223113321333241412
384,4,0.14285714285714285,0.19047619047619047,0.5238095238095238,0.6190476190476191,5.523809523809524,434223113321333241412
384,5,0.09523809523809523,0.09523809523809523,0.23809523809523808,0.38095238095238093,7.571428571428571,434223113321333241412
385,2,0.2857142857142857,0.19047619047619047,0.5238095238095238,0.7142857142857143,5.095238095238095,124233132422324142411
385,3,0.2857142857142857,0.23809523809523808,0.6190476190476191,0.7142857142857143,4.666666666666667,124233132422324142411
385,4,0.19047619047619047,0.2857142857142857,0.5714285714285714,0.6666666666666666,5.428571428571429,124233132422324142411
385,5,0.23809523809523808,0.14285714285714285,0.3333333333333333,0.47619047619047616,6.761904761904762,124233132422324142411
386,2,0.2857142857142857,0.2857142857142857,0.5714285714285714,0.8095238095238095,4.380952380952381,441233414142441143334
386,3,0.23809523809523808,0.3333333333333333,0.6190476190476191,0.6666666666666666,4.476190476190476,441233414142441143334
386,4,0.14285714285714285,0.14285714285714285,0.5238095238095238,0.7142857142857143,5.0476190476190474,441233414142441143334
386,5,0.14285714285714285,0.09523809523809523,0.5238095238095238,0.5714285714285714,5.857142857142857,441233414142441143334
387,2,0.3333333333333333,0.3333333333333333,0.5714285714285714,0.8095238095238095,4.0,324132243442124142242
387,3,0.23809523809523808,0.2857142857142857,0.6190476190476191,0.7619047619047619,4.0,324132243442124142242
387,4,0.23809523809523808,0.19047619047619047,0.5238095238095238,0.5714285714285714,5.428571428571429,324132243442124142242
387,5,0.23809523809523808,0.3333333333333333,0.38095238095238093,0.47619047619047616,7.0,324132243442124142242
388,2,0.2857142857142857,0.38095238095238093,0.5238095238095238,0.7619047619047619,4.666666666666667,124244212113242341233
388,3,0.19047619047619047,0.19047619047619047,0.5714285714285714,0.6666666666666666,4.809523809523809,124244212113242341233
388,4,0.23809523809523808,0.19047619047619047,0.42857142857142855,0.6666666666666666,5.523809523809524,124244212113242341233
388,5,0.19047619047619047,0.047619047619047616,0.23809523809523808,0.42857142857142855,7.0,124244212113242341233
389,2,0.2857142857142857,0.38095238095238093,0.6190476190476191,0.9047619047619048,3.1904761904761907,433144444423444244321
389,3,0.23809523809523808,0.2857142857142857,0.47619047619047616,0.7142857142857143,4.285714285714286,433144444423444244321
389,4,0.19047619047619047,0.23809523809523808,0.5714285714285714,0.7142857142857143,4.571428571428571,433144444423444244321
389,5,0.14285714285714285,0.14285714285714285,0.42857142857142855,0.5238095238095238,6.857142857142857,433144444423444244321
390,2,0.3333333333333333,0.3333333333333333,0.5714285714285714,0.8095238095238095,3.380952380952381,223441323343342434314
390,3,0.23809523809523808,0.19047619047619047,0.47619047619047616,0.7619047619047619,3.9523809523809526,223441323343342434314
390,4,0.19047619047619047,0.23809523809523808,0.5238095238095238,0.6190476190476191,5.0,223441323343342434314
390,5,0.19047619047619047,0.19047619047619047,0.2857142857142857,0.42857142857142855,6.619047619047619,223441323343342434314
391,2,0.2857142857142857,0.47619047619047616,0.6666666666666666,0.8095238095238095,4.190476190476191,333323231141142134234
391,3,0.23809523809523808,0.3333333333333333,0.6190476190476191,0.6666666666666666,4.095238095238095,333323231141142134234
391,4,0.19047619047619047,0.23809523809523808,0.47619047619047616,0.7142857142857143,5.428571428571429,333323231141142134234
391,5,0.19047619047619047,0.19047619047619047,0.42857142857142855,0.5714285714285714,7.095238095238095,333323231141142134234
392,2,0.42857142857142855,0.19047619047619047,0.6666666666666666,0.7619047619047619,4.095238095238095,231422221234122222421
392,3,0.23809523809523808,0.23809523809523808,0.5714285714285714,0.6666666666666666,5.238095238095238,231422221234122222421
392,4,0.19047619047619047,0.047619047619047616,0.38095238095238093,0.5714285714285714,6.142857142857143,231422221234122222421
392,5,0.19047619047619047,0.14285714285714285,0.38095238095238093,0.38095238095238093,7.285714285714286,231422221234122222421
393,2,0.23809523809523808,0.23809523809523808,0.5238095238095238,0.5714285714285714,5.476190476190476,141333121433432442412
393,3,0.23809523809523808,0.2857142857142857,0.47619047619047616,0.5238095238095238,6.190476190476191,141333121433432442412
393,4,0.19047619047619047,0.19047619047619047,0.38095238095238093,0.47619047619047616,7.142857142857143,141333121433432442412
393,5,0.23809523809523808,0.23809523809523808,0.38095238095238093,0.47619047619047616,6.190476190476191,141333121433432442412
394,2,0.42857142857142855,0.23809523809523808,0.6666666666666666,0.8571428571428571,2.8095238095238093,223441341342314122241
394,3,0.3333333333333333,0.42857142857142855,0.7142857142857143,0.8095238095238095,3.142857142857143,223441341342314122241
394,4,0.19047619047619047,0.23809523809523808,0.5714285714285714,0.6666666666666666,4.190476190476191,223441341342314122241
394,5,0.23809523809523808,0.3333333333333333,0.3333333333333333,0.5238095238095238,6.666666666666667,223441341342314122241
395,2,0.5238095238095238,0.2857142857142857,0.7142857142857143,0.8095238095238095,3.142857142857143,133142431243431413443
395,3,0.3333333333333333,0.2857142857142857,0.6190476190476191,0.7142857142857143,4.190476190476191,133142431243431413443
395,4,0.2857142857142857,0.23809523809523808,0.47619047619047616,0.5714285714285714,5.238095238095238,133142431243431413443
395,5,0.23809523809523808,0.23809523809523808,0.42857142857142855,0.5238095238095238,7.190476190476191,133142431243431413443
396,2,0.23809523809523808,0.2857142857142857,0.7142857142857143,0.8095238095238095,3.8095238095238093,334342331424124121111
396,3,0.2857142857142857,0.23809523809523808,0.6666666666666666,0.8095238095238095,4.095238095238095,334342331424124121111
396,4,0.23809523809523808,0.38095238095238093,0.5238095238095238,0.6190476190476191,4.9523809523809526,334342331424124121111
396,5,0.14285714285714285,0.19047619047619047,0.2857142857142857,0.42857142857142855,6.9523809523809526,334342331424124121111
397,2,0.23809523809523808,0.2857142857142857,0.6666666666666666,0.8571428571428571,3.7142857142857144,433433434423143341142
397,3,0.23809523809523808,0.2857142857142857,0.6666666666666666,0.7142857142857143,4.333333333333333,433433434423143341142
397,4,0.2857142857142857,0.14285714285714285,0.6190476190476191,0.7142857142857143,4.809523809523809,433433434423143341142
397,5,0.19047619047619047,0.047619047619047616,0.47619047619047616,0.5714285714285714,6.095238095238095,433433434423143341142
398,2,0.38095238095238093,0.38095238095238093,0.5238095238095238,0.7619047619047619,4.666666666666667,114412214243411144232
398,3,0.3333333333333333,0.2857142857142857,0.5714285714285714,0.7142857142857143,4.619047619047619,114412214243411144232
398,4,0.3333333333333333,0.19047619047619047,0.5714285714285714,0.6666666666666666,5.0,114412214243411144232
398,5,0.2857142857142857,0.2857142857142857,0.47619047619047616,0.5714285714285714,6.0476190476190474,114412214243411144232
399,2,0.19047619047619047,0.19047619047619047,0.47619047619047616,0.7619047619047619,4.0476190476190474,444312411433424321244
399,3,0.19047619047619047,0.2857142857142857,0.6190476190476191,0.7142857142857143,4.190476190476191,444312411433424321244
399,4,0.19047619047619047,0.14285714285714285,0.38095238095238093,0.6190476190476191,5.333333333333333,444312411433424321244
399,5,0.14285714285714285,0.23809523809523808,0.47619047619047616,0.5714285714285714,5.095238095238095,444312411433424321244
400,2,0.23809523809523808,0.2857142857142857,0.6190476190476191,0.8095238095238095,4.0476190476190474,343142223442122314432
400,3,0.23809523809523808,0.23809523809523808,0.5238095238095238,0.6666666666666666,4.761904761904762,343142223442122314432
400,4,0.23809523809523808,0.23809523809523808,0.42857142857142855,0.5238095238095238,6.333333333333333,343142223442122314432
400,5,0.2857142857142857,0.2857142857142857,0.38095238095238093,0.47619047619047616,7.428571428571429,343142223442122314432
401,2,0.42857142857142855,0.38095238095238093,0.5238095238095238,0.8571428571428571,3.380952380952381,431414323121344442424
401,3,0.38095238095238093,0.3333333333333333,0.5714285714285714,0.7619047619047619,3.8095238095238093,431414323121344442424
401,4,0.2857142857142857,0.42857142857142855,0.6666666666666666,0.7619047619047619,3.857142857142857,431414323121344442424
401,5,0.19047619047619047,0.047619047619047616,0.42857142857142855,0.5238095238095238,5.523809523809524,431414323121344442424
402,2,0.38095238095238093,0.19047619047619047,0.6666666666666666,0.7619047619047619,3.619047619047619,231432332324332211342
402,3,0.14285714285714285,0.2857142857142857,0.6666666666666666,0.7619047619047619,4.0476190476190474,231432332324332211342
402,4,0.23809523809523808,0.23809523809523808,0.5714285714285714,0.7619047619047619,4.285714285714286,231432332324332211342
402,5,0.19047619047619047,0.14285714285714285,0.2857142857142857,0.38095238095238093,6.904761904761905,231432332324332211342
403,2,0.3333333333333333,0.2857142857142857,0.6666666666666666,0.9047619047619048,3.0476190476190474,432411244213233424332
403,3,0.23809523809523808,0.23809523809523808,0.5714285714285714,0.8095238095238095,3.5714285714285716,432411244213233424332
403,4,0.14285714285714285,0.14285714285714285,0.5238095238095238,0.6190476190476191,4.523809523809524,432411244213233424332
403,5,0.14285714285714285,0.14285714285714285,0.2857142857142857,0.38095238095238093,6.571428571428571,432411244213233424332
404,2,0.38095238095238093,0.42857142857142855,0.5714285714285714,0.8095238095238095,3.6666666666666665,422344131323133431224
404,3,0.23809523809523808,0.2857142857142857,0.6190476190476191,0.7142857142857143,4.523809523809524,422344131323133431224
404,4,0.14285714285714285,0.23809523809523808,0.5238095238095238,0.6190476190476191,5.380952380952381,422344131323133431224
404,5,0.09523809523809523,0.23809523809523808,0.42857142857142855,0.6190476190476191,5.428571428571429,422344131323133431224
405,2,0.3333333333333333,0.23809523809523808,0.6190476190476191,0.7142857142857143,4.238095238095238,441423424342411134321
405,3,0.2857142857142857,0.23809523809523808,0.5714285714285714,0.6666666666666666,4.523809523809524,441423424342411134321
405,4,0.3333333333333333,0.3333333333333333,0.47619047619047616,0.6666666666666666,4.809523809523809,441423424342411134321
405,5,0.2857142857142857,0.42857142857142855,0.6666666666666666,0.7142857142857143,4.523809523809524,441423424342411134321
406,2,0.3333333333333333,0.23809523809523808,0.5714285714285714,0.7142857142857143,4.523809523809524,112244312221131144211
406,3,0.23809523809523808,0.2857142857142857,0.6190476190476191,0.7142857142857143,4.666666666666667,112244312221131144211
406,4,0.2857142857142857,0.19047619047619047,0.47619047619047616,0.6190476190476191,5.666666666666667,112244312221131144211
406,5,0.09523809523809523,0.09523809523809523,0.23809523809523808,0.42857142857142855,7.904761904761905,112244312221131144211
407,2,0.23809523809523808,0.2857142857142857,0.6666666666666666,0.7619047619047619,4.0476190476190474,121111432232324343113
407,3,0.3333333333333333,0.2857142857142857,0.6190476190476191,0.6666666666666666,5.380952380952381,121111432232324343113
407,4,0.2857142857142857,0.2857142857142857,0.5238095238095238,0.5714285714285714,6.0476190476190474,121111432232324343113
407,5,0.2857142857142857,0.19047619047619047,0.3333333333333333,0.42857142857142855,6.857142857142857,121111432232324343113
408,2,0.2857142857142857,0.38095238095238093,0.6190476190476191,0.8095238095238095,4.095238095238095,142231241331442142131
408,3,0.23809523809523808,0.2857142857142857,0.6190476190476191,0.7619047619047619,4.476190476190476,142231241331442142131
408,4,0.14285714285714285,0.23809523809523808,0.47619047619047616,0.7142857142857143,5.0476190476190474,142231241331442142131
408,5,0.19047619047619047,0.2857142857142857,0.42857142857142855,0.5238095238095238,6.761904761904762,142231241331442142131
409,2,0.2857142857142857,0.38095238095238093,0.6666666666666666,0.8571428571428571,3.238095238095238,213244143123232233433
409,3,0.23809523809523808,0.23809523809523808,0.47619047619047616,0.6666666666666666,4.095238095238095,213244143123232233433
409,4,0.23809523809523808,0.14285714285714285,0.38095238095238093,0.47619047619047616,5.523809523809524,213244143123232233433
409,5,0.14285714285714285,0.09523809523809523,0.19047619047619047,0.47619047619047616,6.714285714285714,213244143123232233433
410,2,0.19047619047619047,0.23809523809523808,0.5714285714285714,0.8571428571428571,4.380952380952381,111142313322422124342
410,3,0.14285714285714285,0.14285714285714285,0.5714285714285714,0.6666666666666666,4.9523809523809526,111142313322422124342
410,4,0.19047619047619047,0.19047619047619047,0.47619047619047616,0.5238095238095238,6.0,111142313322422124342
410,5,0.19047619047619047,0.38095238095238093,0.38095238095238093,0.5238095238095238,6.619047619047619,111142313322422124342
411,2,0.23809523809523808,0.23809523809523808,0.6190476190476191,0.9523809523809523,3.0952380952380953,312134333421242122432
411,3,0.19047619047619047,0.23809523809523808,0.6190476190476191,0.7619047619047619,3.6666666666666665,312134333421242122432
411,4,0.19047619047619047,0.23809523809523808,0.47619047619047616,0.5714285714285714,4.809523809523809,312134333421242122432
411,5,0.19047619047619047,0.23809523809523808,0.42857142857142855,0.5714285714285714,5.571428571428571,312134333421242122432
412,2,0.19047619047619047,0.23809523809523808,0.5238095238095238,0.7619047619047619,3.9523809523809526,414134143122114314321
412,3,0.2857142857142857,0.2857142857142857,0.42857142857142855,0.6190476190476191,4.761904761904762,414134143122114314321
412,4,0.23809523809523808,0.19047619047619047,0.5238095238095238,0.5714285714285714,6.142857142857143,414134143122114314321
412,5,0.14285714285714285,0.14285714285714285,0.3333333333333333,0.47619047619047616,6.857142857142857,414134143122114314321
413,2,0.38095238095238093,0.3333333333333333,0.7142857142857143,0.8571428571428571,3.4285714285714284,421413441241411324333
413,3,0.2857142857142857,0.3333333333333333,0.47619047619047616,0.7619047619047619,4.238095238095238,421413441241411324333
413,4,0.23809523809523808,0.23809523809523808,0.47619047619047616,0.6190476190476191,5.142857142857143,421413441241411324333
413,5,0.23809523809523808,0.23809523809523808,0.38095238095238093,0.42857142857142855,6.0476190476190474,421413441241411324333
414,2,0.3333333333333333,0.38095238095238093,0.6666666666666666,0.8095238095238095,3.7142857142857144,431422114124314111232
414,3,0.23809523809523808,0.38095238095238093,0.6666666666666666,0.7619047619047619,4.0476190476190474,431422114124314111232
414,4,0.23809523809523808,0.19047619047619047,0.6666666666666666,0.7619047619047619,4.333333333333333,431422114124314111232
414,5,0.14285714285714285,0.14285714285714285,0.3333333333333333,0.5238095238095238,6.428571428571429,431422114124314111232
415,2,0.2857142857142857,0.2857142857142857,0.5714285714285714,0.8095238095238095,3.4761904761904763,441144423132142343243
415,3,0.2857142857142857,0.2857142857142857,0.5238095238095238,0.6666666666666666,4.9523809523809526,441144423132142343243
415,4,0.23809523809523808,0.19047619047619047,0.47619047619047616,0.6666666666666666,5.904761904761905,441144423132142343243
415,5,0.3333333333333333,0.2857142857142857,0.5238095238095238,0.7142857142857143,5.333333333333333,441144423132142343243
416,2,0.2857142857142857,0.2857142857142857,0.6190476190476191,0.8095238095238095,4.095238095238095,144121332412213133241
416,3,0.23809523809523808,0.38095238095238093,0.6190476190476191,0.7619047619047619,4.285714285714286,144121332412213133241
416,4,0.23809523809523808,0.23809523809523808,0.42857142857142855,0.5238095238095238,5.333333333333333,144121332412213133241
416,5,0.2857142857142857,0.38095238095238093,0.42857142857142855,0.5238095238095238,6.666666666666667,144121332412213133241
417,2,0.3333333333333333,0.3333333333333333,0.6190476190476191,0.8095238095238095,3.857142857142857,332243142443322232331
417,3,0.19047619047619047,0.3333333333333333,0.5238095238095238,0.7142857142857143,4.0,332243142443322232331
417,4,0.14285714285714285,0.19047619047619047,0.47619047619047616,0.6190476190476191,4.857142857142857,332243142443322232331
417,5,0.23809523809523808,0.23809523809523808,0.2857142857142857,0.3333333333333333,7.0,332243142443322232331
418,2,0.38095238095238093,0.2857142857142857,0.7142857142857143,0.8571428571428571,3.3333333333333335,322122411114114222342
418,3,0.2857142857142857,0.42857142857142855,0.7619047619047619,0.8571428571428571,3.5714285714285716,322122411114114222342
418,4,0.23809523809523808,0.2857142857142857,0.47619047619047616,0.6666666666666666,5.142857142857143,322122411114114222342
418,5,0.19047619047619047,0.09523809523809523,0.3333333333333333,0.5238095238095238,6.571428571428571,322122411114114222342
419,2,0.19047619047619047,0.19047619047619047,0.47619047619047616,0.6666666666666666,4.333333333333333,331241142133434343321
419,3,0.19047619047619047,0.2857142857142857,0.42857142857142855,0.6190476190476191,5.380952380952381,331241142133434343321
419,4,0.09523809523809523,0.047619047619047616,0.38095238095238093,0.47619047619047616,6.142857142857143,331241142133434343321
419,5,0.09523809523809523,0.09523809523809523,0.23809523809523808,0.3333333333333333,7.380952380952381,331241142133434343321
420,2,0.19047619047619047,0.23809523809523808,0.5238095238095238,0.6666666666666666,5.0,113232113334231134442
420,3,0.14285714285714285,0.19047619047619047,0.5238095238095238,0.5714285714285714,5.238095238095238,113232113334231134442
420,4,0.23809523809523808,0.09523809523809523,0.42857142857142855,0.47619047619047616,6.571428571428571,113232113334231134442
420,5,0.14285714285714285,0.09523809523809523,0.38095238095238093,0.47619047619047616,7.285714285714286,113232113334231134442
421,2,0.42857142857142855,0.23809523809523808,0.6666666666666666,0.6666666666666666,4.142857142857143,221424213414311431112
421,3,0.2857142857142857,0.2857142857142857,0.5714285714285714,0.6666666666666666,5.0476190476190474,221424213414311431112
421,4,0.23809523809523808,0.19047619047619047,0.47619047619047616,0.5714285714285714,5.666666666666667,221424213414311431112
421,5,0.14285714285714285,0.14285714285714285,0.3333333333333333,0.5238095238095238,6.523809523809524,221424213414311431112
422,2,0.3333333333333333,0.19047619047619047,0.5714285714285714,0.7619047619047619,4.333333333333333,132312442422424444424
422,3,0.2857142857142857,0.23809523809523808,0.5714285714285714,0.7619047619047619,4.857142857142857,132312442422424444424
422,4,0.2857142857142857,0.3333333333333333,0.5238095238095238,0.6190476190476191,5.380952380952381,132312442422424444424
422,5,0.23809523809523808,0.14285714285714285,0.38095238095238093,0.6190476190476191,6.761904761904762,132312442422424444424
423,2,0.3333333333333333,0.3333333333333333,0.5714285714285714,0.7619047619047619,4.476190476190476,133432124244232134112
423,3,0.23809523809523808,0.38095238095238093,0.6190476190476191,0.6666666666666666,4.9523809523809526,133432124244232134112
423,4,0.2857142857142857,0.23809523809523808,0.5238095238095238,0.5238095238095238,5.809523809523809,133432124244232134112
423,5,0.23809523809523808,0.19047619047619047,0.42857142857142855,0.42857142857142855,7.238095238095238,133432124244232134112
424,2,0.2857142857142857,0.19047619047619047,0.6666666666666666,0.7619047619047619,4.380952380952381,113232234431114334443
424,3,0.3333333333333333,0.14285714285714285,0.5714285714285714,0.6190476190476191,5.380952380952381,113232234431114334443
424,4,0.2857142857142857,0.2857142857142857,0.47619047619047616,0.5238095238095238,6.380952380952381,113232234431114334443
424,5,0.23809523809523808,0.19047619047619047,0.42857142857142855,0.5238095238095238,7.380952380952381,113232234431114334443
425,2,0.42857142857142855,0.47619047619047616,0.5714285714285714,0.8095238095238095,3.5714285714285716,433124211341344222221
425,3,0.23809523809523808,0.23809523809523808,0.5714285714285714,0.8095238095238095,3.8095238095238093,433124211341344222221
425,4,0.19047619047619047,0.23809523809523808,0.47619047619047616,0.6666666666666666,4.571428571428571,433124211341344222221
425,5,0.23809523809523808,0.19047619047619047,0.42857142857142855,0.5238095238095238,7.095238095238095,433124211341344222221
426,2,0.2857142857142857,0.19047619047619047,0.5714285714285714,0.7619047619047619,4.0476190476190474,232244212323422123334
426,3,0.14285714285714285,0.19047619047619047,0.5714285714285714,0.7142857142857143,3.9047619047619047,232244212323422123334
426,4,0.14285714285714285,0.3333333333333333,0.6190476190476191,0.7142857142857143,4.333333333333333,232244212323422123334
426,5,0.19047619047619047,0.0,0.23809523809523808,0.47619047619047616,6.333333333333333,232244212323422123334
427,2,0.38095238095238093,0.23809523809523808,0.5238095238095238,0.7142857142857143,5.476190476190476,111243214414314434131
427,3,0.3333333333333333,0.3333333333333333,0.5238095238095238,0.6190476190476191,5.809523809523809,111243214414314434131
427,4,0.23809523809523808,0.19047619047619047,0.38095238095238093,0.6190476190476191,6.0476190476190474,111243214414314434131
427,5,0.19047619047619047,0.23809523809523808,0.3333333333333333,0.5238095238095238,6.9523809523809526,111243214414314434131
428,2,0.3333333333333333,0.3333333333333333,0.5238095238095238,0.7142857142857143,4.190476190476191,133412423331433412211
428,3,0.23809523809523808,0.2857142857142857,0.5238095238095238,0.5714285714285714,5.142857142857143,133412423331433412211
428,4,0.2857142857142857,0.23809523809523808,0.47619047619047616,0.5238095238095238,6.285714285714286,133412423331433412211
428,5,0.14285714285714285,0.23809523809523808,0.2857142857142857,0.42857142857142855,8.0,133412423331433412211
429,2,0.2857142857142857,0.23809523809523808,0.6666666666666666,0.9523809523809523,2.857142857142857,322331443123243322114
429,3,0.23809523809523808,0.2857142857142857,0.6190476190476191,0.7619047619047619,3.7142857142857144,322331443123243322114
429,4,0.14285714285714285,0.19047619047619047,0.47619047619047616,0.6190476190476191,4.9523809523809526,322331443123243322114
429,5,0.23809523809523808,0.14285714285714285,0.3333333333333333,0.6190476190476191,5.666666666666667,322331443123243322114
430,2,0.2857142857142857,0.3333333333333333,0.7142857142857143,0.8571428571428571,3.238095238095238,222311324313134234132
430,3,0.23809523809523808,0.23809523809523808,0.6190476190476191,0.7619047619047619,3.9047619047619047,222311324313134234132
430,4,0.3333333333333333,0.2857142857142857,0.47619047619047616,0.6190476190476191,4.761904761904762,222311324313134234132
430,5,0.3333333333333333,0.23809523809523808,0.38095238095238093,0.6190476190476191,5.904761904761905,222311324313134234132
431,2,0.2857142857142857,0.23809523809523808,0.6666666666666666,0.8095238095238095,3.6666666666666665,444322422144432444432
431,3,0.2857142857142857,0.2857142857142857,0.5714285714285714,0.7619047619047619,4.0476190476190474,444322422144432444432
431,4,0.23809523809523808,0.23809523809523808,0.42857142857142855,0.6666666666666666,4.666666666666667,444322422144432444432
431,5,0.23809523809523808,0.2857142857142857,0.5714285714285714,0.6190476190476191,5.190476190476191,444322422144432444432
432,2,0.38095238095238093,0.2857142857142857,0.5238095238095238,0.7619047619047619,4.9523809523809526,131123443443144422411
432,3,0.42857142857142855,0.3333333333333333,0.5238095238095238,0.5238095238095238,5.666666666666667,131123443443144422411
432,4,0.14285714285714285,0.2857142857142857,0.5238095238095238,0.5714285714285714,6.380952380952381,131123443443144422411
432,5,0.19047619047619047,0.23809523809523808,0.3333333333333333,0.5714285714285714,6.904761904761905,131123443443144422411
433,2,0.2857142857142857,0.14285714285714285,0.47619047619047616,0.6666666666666666,4.9523809523809526,141411313333331414334
433,3,0.23809523809523808,0.23809523809523808,0.47619047619047616,0.6190476190476191,5.523809523809524,141411313333331414334
433,4,0.19047619047619047,0.09523809523809523,0.42857142857142855,0.6190476190476191,6.095238095238095,141411313333331414334
433,5,0.14285714285714285,0.09523809523809523,0.23809523809523808,0.47619047619047616,6.9523809523809526,141411313333331414334
434,2,0.2857142857142857,0.42857142857142855,0.7142857142857143,0.8571428571428571,3.7142857142857144,344433124223334232433
434,3,0.2857142857142857,0.2857142857142857,0.5714285714285714,0.7619047619047619,3.761904761904762,344433124223334232433
434,4,0.2857142857142857,0.38095238095238093,0.42857142857142855,0.5238095238095238,4.857142857142857,344433124223334232433
434,5,0.23809523809523808,0.14285714285714285,0.42857142857142855,0.5238095238095238,5.714285714285714,344433124223334232433
435,2,0.3333333333333333,0.3333333333333333,0.5714285714285714,0.8095238095238095,4.285714285714286,223313322442113422442
435,3,0.2857142857142857,0.3333333333333333,0.7142857142857143,0.7619047619047619,4.0,223313322442113422442
435,4,0.2857142857142857,0.14285714285714285,0.5238095238095238,0.7142857142857143,4.857142857142857,223313322442113422442
435,5,0.3333333333333333,0.2857142857142857,0.5238095238095238,0.5714285714285714,6.0476190476190474,223313322442113422442
436,2,0.5238095238095238,0.38095238095238093,0.7142857142857143,0.8095238095238095,3.0952380952380953,234442333223421241221
436,3,0.2857142857142857,0.19047619047619047,0.6190476190476191,0.8571428571428571,3.6666666666666665,234442333223421241221
436,4,0.2857142857142857,0.2857142857142857,0.5714285714285714,0.6666666666666666,4.380952380952381,234442333223421241221
436,5,0.19047619047619047,0.09523809523809523,0.3333333333333333,0.47619047619047616,6.285714285714286,234442333223421241221
437,2,0.3333333333333333,0.19047619047619047,0.6190476190476191,0.7142857142857143,4.238095238095238,223133244433113334221
437,3,0.2857142857142857,0.14285714285714285,0.47619047619047616,0.5238095238095238,5.095238095238095,223133244433113334221
437,4,0.38095238095238093,0.23809523809523808,0.42857142857142855,0.47619047619047616,6.0476190476190474,223133244433113334221
437,5,0.19047619047619047,0.14285714285714285,0.3333333333333333,0.5238095238095238,6.714285714285714,223133244433113334221
438,2,0.2857142857142857,0.2857142857142857,0.47619047619047616,0.6666666666666666,4.523809523809524,231141212121134414223
438,3,0.2857142857142857,0.19047619047619047,0.47619047619047616,0.5714285714285714,4.904761904761905,231141212121134414223
438,4,0.19047619047619047,0.23809523809523808,0.38095238095238093,0.5238095238095238,6.0,231141212121134414223
438,5,0.14285714285714285,0.09523809523809523,0.19047619047619047,0.42857142857142855,7.857142857142857,231141212121134414223
439,2,0.42857142857142855,0.38095238095238093,0.6666666666666666,0.8571428571428571,3.0476190476190474,442142344432211122421
439,3,0.38095238095238093,0.19047619047619047,0.5714285714285714,0.7142857142857143,4.142857142857143,442142344432211122421
439,4,0.19047619047619047,0.2857142857142857,0.5238095238095238,0.6666666666666666,4.714285714285714,442142344432211122421
439,5,0.14285714285714285,0.23809523809523808,0.42857142857142855,0.6190476190476191,5.9523809523809526,442142344432211122421
440,2,0.23809523809523808,0.2857142857142857,0.5714285714285714,0.7142857142857143,4.619047619047619,313343242323141224224
440,3,0.23809523809523808,0.3333333333333333,0.3333333333333333,0.7142857142857143,4.714285714285714,313343242323141224224
440,4,0.14285714285714285,0.14285714285714285,0.3333333333333333,0.5714285714285714,5.666666666666667,313343242323141224224
440,5,0.19047619047619047,0.14285714285714285,0.38095238095238093,0.5714285714285714,6.904761904761905,313343242323141224224
441,2,0.2857142857142857,0.2857142857142857,0.6190476190476191,0.7619047619047619,3.8095238095238093,223413333321341313421
441,3,0.23809523809523808,0.2857142857142857,0.42857142857142855,0.7619047619047619,4.333333333333333,223413333321341313421
441,4,0.2857142857142857,0.19047619047619047,0.6190476190476191,0.6190476190476191,5.285714285714286,223413333321341313421
441,5,0.19047619047619047,0.09523809523809523,0.38095238095238093,0.42857142857142855,6.523809523809524,223413333321341313421
442,2,0.38095238095238093,0.19047619047619047,0.5714285714285714,0.8095238095238095,4.095238095238095,142132343323333211324
442,3,0.14285714285714285,0.19047619047619047,0.5714285714285714,0.6666666666666666,4.571428571428571,142132343323333211324
442,4,0.14285714285714285,0.19047619047619047,0.47619047619047616,0.6190476190476191,5.571428571428571,142132343323333211324
442,5,0.14285714285714285,0.09523809523809523,0.2857142857142857,0.47619047619047616,7.333333333333333,142132343323333211324
443,2,0.38095238095238093,0.3333333333333333,0.6190476190476191,0.8571428571428571,3.619047619047619,322231214222421412344
443,3,0.19047619047619047,0.3333333333333333,0.7142857142857143,0.8571428571428571,3.761904761904762,322231214222421412344
443,4,0.14285714285714285,0.19047619047619047,0.5714285714285714,0.7142857142857143,4.571428571428571,322231214222421412344
443,5,0.14285714285714285,0.09523809523809523,0.42857142857142855,0.47619047619047616,7.0,322231214222421412344
444,2,0.2857142857142857,0.3333333333333333,0.7142857142857143,0.8571428571428571,3.0476190476190474,244142444132334113113
444,3,0.19047619047619047,0.19047619047619047,0.5238095238095238,0.7142857142857143,4.285714285714286,244142444132334113113
444,4,0.19047619047619047,0.19047619047619047,0.47619047619047616,0.6666666666666666,5.142857142857143,244142444132334113113
444,5,0.14285714285714285,0.14285714285714285,0.2857142857142857,0.47619047619047616,7.476190476190476,244142444132334113113
445,2,0.23809523809523808,0.19047619047619047,0.6190476190476191,0.7619047619047619,3.6666666666666665,331312131332322244341
445,3,0.19047619047619047,0.23809523809523808,0.47619047619047616,0.7619047619047619,4.428571428571429,331312131332322244341
445,4,0.23809523809523808,0.23809523809523808,0.47619047619047616,0.6666666666666666,5.095238095238095,331312131332322244341
445,5,0.2857142857142857,0.2857142857142857,0.38095238095238093,0.42857142857142855,6.666666666666667,331312131332322244341
446,2,0.3333333333333333,0.14285714285714285,0.5714285714285714,0.7619047619047619,4.142857142857143,322123142232133341412
446,3,0.19047619047619047,0.23809523809523808,0.38095238095238093,0.5714285714285714,5.476190476190476,322123142232133341412
446,4,0.19047619047619047,0.09523809523809523,0.42857142857142855,0.5238095238095238,6.380952380952381,322123142232133341412
446,5,0.09523809523809523,0.09523809523809523,0.23809523809523808,0.38095238095238093,7.619047619047619,322123142232133341412
447,2,0.38095238095238093,0.3333333333333333,0.7142857142857143,0.8095238095238095,3.857142857142857,324242434234143421122
447,3,0.2857142857142857,0.14285714285714285,0.6666666666666666,0.7619047619047619,4.333333333333333,324242434234143421122
447,4,0.23809523809523808,0.09523809523809523,0.47619047619047616,0.7142857142857143,4.857142857142857,324242434234143421122
447,5,0.19047619047619047,0.19047619047619047,0.42857142857142855,0.5714285714285714,6.142857142857143,324242434234143421122
448,2,0.3333333333333333,0.38095238095238093,0.7619047619047619,0.8571428571428571,4.190476190476191,132233341442111423232
448,3,0.38095238095238093,0.38095238095238093,0.7142857142857143,0.7142857142857143,4.619047619047619,132233341442111423232
448,4,0.23809523809523808,0.23809523809523808,0.5238095238095238,0.7142857142857143,5.333333333333333,132233341442111423232
448,5,0.23809523809523808,0.19047619047619047,0.38095238095238093,0.47619047619047616,7.476190476190476,132233341442111423232
449,2,0.19047619047619047,0.2857142857142857,0.5238095238095238,0.8571428571428571,3.2857142857142856,321241321432321241334
449,3,0.23809523809523808,0.23809523809523808,0.5238095238095238,0.7619047619047619,4.523809523809524,321241321432321241334
449,4,0.19047619047619047,0.14285714285714285,0.5238095238095238,0.5238095238095238,5.0,321241321432321241334
449,5,0.09523809523809523,0.09523809523809523,0.23809523809523808,0.38095238095238093,7.285714285714286,321241321432321241334
450,2,0.3333333333333333,0.3333333333333333,0.6190476190476191,0.9047619047619048,3.0,432141322141321124233
450,3,0.23809523809523808,0.42857142857142855,0.6190476190476191,0.8095238095238095,3.5714285714285716,432141322141321124233
450,4,0.2857142857142857,0.38095238095238093,0.5714285714285714,0.7619047619047619,3.619047619047619,432141322141321124233
450,5,0.23809523809523808,0.23809523809523808,0.42857142857142855,0.5238095238095238,6.095238095238095,432141322141321124233
451,2,0.23809523809523808,0.14285714285714285,0.47619047619047616,0.7619047619047619,4.904761904761905,143141223343123124113
451,3,0.2857142857142857,0.19047619047619047,0.5238095238095238,0.5238095238095238,5.190476190476191,143141223343123124113
451,4,0.2857142857142857,0.2857142857142857,0.42857142857142855,0.6190476190476191,6.285714285714286,143141223343123124113
451,5,0.23809523809523808,0.42857142857142855,0.38095238095238093,0.6190476190476191,6.904761904761905,143141223343123124113
452,2,0.38095238095238093,0.19047619047619047,0.5714285714285714,0.7619047619047619,4.619047619047619,132221423114143421422
452,3,0.2857142857142857,0.23809523809523808,0.5714285714285714,0.7619047619047619,4.9523809523809526,132221423114143421422
452,4,0.19047619047619047,0.19047619047619047,0.5238095238095238,0.6190476190476191,6.0,132221423114143421422
452,5,0.14285714285714285,0.09523809523809523,0.47619047619047616,0.6666666666666666,6.714285714285714,132221423114143421422
453,2,0.42857142857142855,0.47619047619047616,0.7619047619047619,0.9047619047619048,2.7142857142857144,313442432141333231244
453,3,0.23809523809523808,0.2857142857142857,0.6190476190476191,0.7619047619047619,3.4761904761904763,313442432141333231244
453,4,0.14285714285714285,0.09523809523809523,0.42857142857142855,0.7142857142857143,4.380952380952381,313442432141333231244
453,5,0.19047619047619047,0.23809523809523808,0.38095238095238093,0.5238095238095238,6.523809523809524,313442432141333231244
454,2,0.3333333333333333,0.47619047619047616,0.6190476190476191,0.7619047619047619,3.761904761904762,424432143323324432123
454,3,0.2857142857142857,0.23809523809523808,0.7142857142857143,0.7142857142857143,3.7142857142857144,424432143323324432123
454,4,0.23809523809523808,0.3333333333333333,0.5238095238095238,0.6190476190476191,4.809523809523809,424432143323324432123
454,5,0.23809523809523808,0.23809523809523808,0.38095238095238093,0.5714285714285714,5.285714285714286,424432143323324432123
455,2,0.47619047619047616,0.47619047619047616,0.7142857142857143,0.9047619047619048,2.7142857142857144,432241444441113422111
455,3,0.42857142857142855,0.38095238095238093,0.6190476190476191,0.7619047619047619,3.6666666666666665,432241444441113422111
455,4,0.2857142857142857,0.3333333333333333,0.5238095238095238,0.8095238095238095,4.238095238095238,432241444441113422111
455,5,0.23809523809523808,0.23809523809523808,0.42857142857142855,0.6190476190476191,6.476190476190476,432241444441113422111
456,2,0.2857142857142857,0.14285714285714285,0.5714285714285714,0.7142857142857143,4.809523809523809,144413341323432134113
456,3,0.19047619047619047,0.09523809523809523,0.6666666666666666,0.6666666666666666,4.476190476190476,144413341323432134113
456,4,0.2857142857142857,0.14285714285714285,0.5238095238095238,0.6190476190476191,5.428571428571429,144413341323432134113
456,5,0.23809523809523808,0.19047619047619047,0.38095238095238093,0.5238095238095238,6.428571428571429,144413341323432134113
457,2,0.2857142857142857,0.38095238095238093,0.6190476190476191,0.7142857142857143,4.142857142857143,444441122444233412341
457,3,0.23809523809523808,0.3333333333333333,0.6666666666666666,0.7619047619047619,4.0,444441122444233412341
457,4,0.23809523809523808,0.19047619047619047,0.42857142857142855,0.6666666666666666,4.857142857142857,444441122444233412341
457,5,0.19047619047619047,0.23809523809523808,0.38095238095238093,0.5714285714285714,5.9523809523809526,444441122444233412341
458,2,0.2857142857142857,0.2857142857142857,0.5714285714285714,0.6190476190476191,4.666666666666667,331343233432411421121
458,3,0.3333333333333333,0.23809523809523808,0.5238095238095238,0.5714285714285714,5.428571428571429,331343233432411421121
458,4,0.2857142857142857,0.38095238095238093,0.47619047619047616,0.47619047619047616,6.142857142857143,331343233432411421121
458,5,0.09523809523809523,0.23809523809523808,0.5238095238095238,0.6190476190476191,6.142857142857143,331343233432411421121
459,2,0.23809523809523808,0.23809523809523808,0.6666666666666666,0.7619047619047619,4.095238095238095,131411441433312213311
459,3,0.14285714285714285,0.14285714285714285,0.6190476190476191,0.7142857142857143,5.285714285714286,131411441433312213311
459,4,0.3333333333333333,0.14285714285714285,0.47619047619047616,0.6666666666666666,5.523809523809524,131411441433312213311
459,5,0.19047619047619047,0.2857142857142857,0.2857142857142857,0.3333333333333333,7.571428571428571,131411441433312213311
460,2,0.3333333333333333,0.42857142857142855,0.6666666666666666,0.8571428571428571,3.380952380952381,412232242312223222434
460,3,0.2857142857142857,0.2857142857142857,0.47619047619047616,0.7619047619047619,3.9523809523809526,412232242312223222434
460,4,0.19047619047619047,0.09523809523809523,0.38095238095238093,0.5714285714285714,4.714285714285714,412232242312223222434
460,5,0.14285714285714285,0.047619047619047616,0.2857142857142857,0.47619047619047616,6.714285714285714,412232242312223222434
461,2,0.42857142857142855,0.19047619047619047,0.7619047619047619,0.8095238095238095,3.6666666666666665,342134142214112212332
461,3,0.09523809523809523,0.19047619047619047,0.6666666666666666,0.7619047619047619,4.380952380952381,342134142214112212332
461,4,0.14285714285714285,0.23809523809523808,0.42857142857142855,0.5714285714285714,5.714285714285714,342134142214112212332
461,5,0.23809523809523808,0.23809523809523808,0.3333333333333333,0.42857142857142855,6.714285714285714,342134142214112212332
462,2,0.14285714285714285,0.14285714285714285,0.47619047619047616,0.7619047619047619,4.523809523809524,443313411413234323321
462,3,0.19047619047619047,0.19047619047619047,0.5714285714285714,0.6190476190476191,4.571428571428571,443313411413234323321
462,4,0.14285714285714285,0.09523809523809523,0.3333333333333333,0.5238095238095238,5.857142857142857,443313411413234323321
462,5,0.19047619047619047,0.19047619047619047,0.38095238095238093,0.47619047619047616,6.238095238095238,443313411413234323321
463,2,0.2857142857142857,0.19047619047619047,0.5238095238095238,0.7142857142857143,4.095238095238095,432441112332332121331
463,3,0.14285714285714285,0.38095238095238093,0.5238095238095238,0.6666666666666666,4.285714285714286,432441112332332121331
463,4,0.14285714285714285,0.09523809523809523,0.5238095238095238,0.6190476190476191,5.238095238095238,432441112332332121331
463,5,0.09523809523809523,0.047619047619047616,0.2857142857142857,0.42857142857142855,6.904761904761905,432441112332332121331
464,2,0.5238095238095238,0.42857142857142855,0.6666666666666666,0.7619047619047619,3.1904761904761907,234221233243332442314
464,3,0.2857142857142857,0.2857142857142857,0.5238095238095238,0.7619047619047619,4.0476190476190474,234221233243332442314
464,4,0.19047619047619047,0.2857142857142857,0.5238095238095238,0.6190476190476191,5.095238095238095,234221233243332442314
464,5,0.19047619047619047,0.14285714285714285,0.2857142857142857,0.3333333333333333,7.095238095238095,234221233243332442314
465,2,0.38095238095238093,0.3333333333333333,0.6190476190476191,0.8095238095238095,3.857142857142857,242423222223441123232
465,3,0.2857142857142857,0.3333333333333333,0.6190476190476191,0.8095238095238095,3.5238095238095237,242423222223441123232
465,4,0.23809523809523808,0.14285714285714285,0.47619047619047616,0.7142857142857143,4.571428571428571,242423222223441123232
465,5,0.19047619047619047,0.09523809523809523,0.42857142857142855,0.5714285714285714,5.428571428571429,242423222223441123232
466,2,0.14285714285714285,0.19047619047619047,0.5714285714285714,0.8095238095238095,4.619047619047619,123312321324433314311
466,3,0.19047619047619047,0.19047619047619047,0.47619047619047616,0.6190476190476191,5.523809523809524,123312321324433314311
466,4,0.23809523809523808,0.23809523809523808,0.42857142857142855,0.5714285714285714,6.380952380952381,123312321324433314311
466,5,0.19047619047619047,0.09523809523809523,0.2857142857142857,0.38095238095238093,7.714285714285714,123312321324433314311
467,2,0.19047619047619047,0.14285714285714285,0.6190476190476191,0.7142857142857143,5.428571428571429,123133322414113443331
467,3,0.2857142857142857,0.3333333333333333,0.5714285714285714,0.6190476190476191,5.571428571428571,123133322414113443331
467,4,0.23809523809523808,0.23809523809523808,0.47619047619047616,0.5714285714285714,6.476190476190476,123133322414113443331
467,5,0.14285714285714285,0.09523809523809523,0.3333333333333333,0.38095238095238093,7.857142857142857,123133322414113443331
468,2,0.23809523809523808,0.14285714285714285,0.6666666666666666,0.8095238095238095,3.7142857142857144,213123343421234342322
468,3,0.23809523809523808,0.23809523809523808,0.38095238095238093,0.5714285714285714,4.904761904761905,213123343421234342322
468,4,0.14285714285714285,0.2857142857142857,0.42857142857142855,0.47619047619047616,6.190476190476191,213123343421234342322
468,5,0.14285714285714285,0.19047619047619047,0.2857142857142857,0.38095238095238093,7.428571428571429,213123343421234342322
469,2,0.42857142857142855,0.3333333333333333,0.6666666666666666,0.8095238095238095,3.9047619047619047,311413134412331132122
469,3,0.23809523809523808,0.23809523809523808,0.5714285714285714,0.6190476190476191,4.9523809523809526,311413134412331132122
469,4,0.3333333333333333,0.23809523809523808,0.47619047619047616,0.47619047619047616,5.904761904761905,311413134412331132122
469,5,0.2857142857142857,0.3333333333333333,0.47619047619047616,0.5714285714285714,5.571428571428571,311413134412331132122
470,2,0.2857142857142857,0.3333333333333333,0.6190476190476191,0.7142857142857143,4.9523809523809526,113441242122132244244
470,3,0.19047619047619047,0.2857142857142857,0.5238095238095238,0.6666666666666666,5.380952380952381,113441242122132244244
470,4,0.14285714285714285,0.23809523809523808,0.47619047619047616,0.5714285714285714,6.142857142857143,113441242122132244244
470,5,0.14285714285714285,0.14285714285714285,0.2857142857142857,0.42857142857142855,8.571428571428571,113441242122132244244
471,2,0.38095238095238093,0.2857142857142857,0.6666666666666666,0.7142857142857143,4.714285714285714,141223133142132422133
471,3,0.3333333333333333,0.38095238095238093,0.47619047619047616,0.6190476190476191,5.571428571428571,141223133142132422133
471,4,0.23809523809523808,0.3333333333333333,0.38095238095238093,0.5238095238095238,7.0,141223133142132422133
471,5,0.23809523809523808,0.3333333333333333,0.47619047619047616,0.5714285714285714,6.619047619047619,141223133142132422133
472,2,0.38095238095238093,0.47619047619047616,0.5714285714285714,0.9047619047619048,3.0476190476190474,423324432223344134143
472,3,0.23809523809523808,0.2857142857142857,0.6190476190476191,0.8571428571428571,3.142857142857143,423324432223344134143
472,4,0.19047619047619047,0.38095238095238093,0.6190476190476191,0.8095238095238095,3.7142857142857144,423324432223344134143
472,5,0.23809523809523808,0.2857142857142857,0.42857142857142855,0.6666666666666666,5.333333333333333,423324432223344134143
473,2,0.23809523809523808,0.23809523809523808,0.6666666666666666,0.8095238095238095,3.857142857142857,121124311231232311412
473,3,0.19047619047619047,0.09523809523809523,0.5238095238095238,0.6190476190476191,5.619047619047619,121124311231232311412
473,4,0.19047619047619047,0.047619047619047616,0.38095238095238093,0.5238095238095238,6.571428571428571,121124311231232311412
473,5,0.14285714285714285,0.047619047619047616,0.23809523809523808,0.2857142857142857,7.714285714285714,121124311231232311412
474,2,0.2857142857142857,0.3333333333333333,0.6190476190476191,0.8095238095238095,3.619047619047619,331214134433122322231
474,3,0.23809523809523808,0.2857142857142857,0.5714285714285714,0.6190476190476191,5.0476190476190474,331214134433122322231
474,4,0.2857142857142857,0.19047619047619047,0.42857142857142855,0.5714285714285714,5.714285714285714,331214134433122322231
474,5,0.3333333333333333,0.19047619047619047,0.42857142857142855,0.5714285714285714,5.809523809523809,331214134433122322231
475,2,0.38095238095238093,0.14285714285714285,0.6666666666666666,0.8571428571428571,3.4285714285714284,432232142211132133341
475,3,0.14285714285714285,0.19047619047619047,0.6666666666666666,0.7619047619047619,3.5714285714285716,432232142211132133341
475,4,0.19047619047619047,0.14285714285714285,0.47619047619047616,0.6190476190476191,5.190476190476191,432232142211132133341
475,5,0.14285714285714285,0.14285714285714285,0.38095238095238093,0.42857142857142855,7.428571428571429,432232142211132133341
476,2,0.23809523809523808,0.38095238095238093,0.6190476190476191,0.8571428571428571,3.8095238095238093,331133423422314413331
476,3,0.2857142857142857,0.3333333333333333,0.5238095238095238,0.6666666666666666,4.428571428571429,331133423422314413331
476,4,0.2857142857142857,0.23809523809523808,0.5714285714285714,0.6190476190476191,4.9523809523809526,331133423422314413331
476,5,0.19047619047619047,0.19047619047619047,0.3333333333333333,0.5238095238095238,7.190476190476191,331133423422314413331
477,2,0.38095238095238093,0.19047619047619047,0.6190476190476191,0.8571428571428571,3.5714285714285716,314224221441313123222
477,3,0.3333333333333333,0.2857142857142857,0.6666666666666666,0.7619047619047619,4.0,314224221441313123222
477,4,0.23809523809523808,0.23809523809523808,0.5238095238095238,0.7142857142857143,4.333333333333333,314224221441313123222
477,5,0.2857142857142857,0.3333333333333333,0.5238095238095238,0.6190476190476191,5.619047619047619,314224221441313123222
478,2,0.2857142857142857,0.23809523809523808,0.5714285714285714,0.7142857142857143,4.619047619047619,144412221442244413314
478,3,0.2857142857142857,0.2857142857142857,0.5714285714285714,0.6666666666666666,5.0,144412221442244413314
478,4,0.2857142857142857,0.23809523809523808,0.47619047619047616,0.5714285714285714,5.476190476190476,144412221442244413314
478,5,0.23809523809523808,0.23809523809523808,0.38095238095238093,0.47619047619047616,7.476190476190476,144412221442244413314
479,2,0.3333333333333333,0.23809523809523808,0.6190476190476191,0.7142857142857143,5.333333333333333,122243211342141142331
479,3,0.2857142857142857,0.23809523809523808,0.5714285714285714,0.7142857142857143,5.142857142857143,122243211342141142331
479,4,0.14285714285714285,0.14285714285714285,0.5714285714285714,0.6666666666666666,5.809523809523809,122243211342141142331
479,5,0.14285714285714285,0.09523809523809523,0.2857142857142857,0.5238095238095238,7.619047619047619,122243211342141142331
480,2,0.5714285714285714,0.47619047619047616,0.7142857142857143,0.8095238095238095,2.9047619047619047,243234332313313442112
480,3,0.3333333333333333,0.2857142857142857,0.6190476190476191,0.8095238095238095,3.5238095238095237,243234332313313442112
480,4,0.2857142857142857,0.47619047619047616,0.5714285714285714,0.7142857142857143,4.380952380952381,243234332313313442112
480,5,0.2857142857142857,0.3333333333333333,0.38095238095238093,0.5238095238095238,5.904761904761905,243234332313313442112
481,2,0.3333333333333333,0.47619047619047616,0.6666666666666666,0.8571428571428571,3.5714285714285716,114144434331224232142
481,3,0.23809523809523808,0.19047619047619047,0.5714285714285714,0.8095238095238095,4.190476190476191,114144434331224232142
481,4,0.23809523809523808,0.19047619047619047,0.3333333333333333,0.6190476190476191,5.285714285714286,114144434331224232142
481,5,0.23809523809523808,0.23809523809523808,0.47619047619047616,0.5714285714285714,6.190476190476191,114144434331224232142
482,2,0.5238095238095238,0.2857142857142857,0.6666666666666666,0.8571428571428571,3.4285714285714284,334234334241142211124
482,3,0.23809523809523808,0.2857142857142857,0.6666666666666666,0.8571428571428571,3.7142857142857144,334234334241142211124
482,4,0.23809523809523808,0.3333333333333333,0.5714285714285714,0.7619047619047619,4.238095238095238,334234334241142211124
482,5,0.2857142857142857,0.14285714285714285,0.47619047619047616,0.5238095238095238,6.714285714285714,334234334241142211124
483,2,0.3333333333333333,0.23809523809523808,0.5714285714285714,0.7619047619047619,3.857142857142857,214442223411443232244
483,3,0.14285714285714285,0.23809523809523808,0.6190476190476191,0.8095238095238095,3.761904761904762,214442223411443232244
483,4,0.14285714285714285,0.09523809523809523,0.42857142857142855,0.5238095238095238,5.333333333333333,214442223411443232244
483,5,0.14285714285714285,0.09523809523809523,0.3333333333333333,0.5714285714285714,6.142857142857143,214442223411443232244
484,2,0.2857142857142857,0.38095238095238093,0.5714285714285714,0.8095238095238095,4.0476190476190474,123142342223232443334
484,3,0.19047619047619047,0.23809523809523808,0.5714285714285714,0.6666666666666666,4.857142857142857,123142342223232443334
484,4,0.14285714285714285,0.09523809523809523,0.5238095238095238,0.5714285714285714,5.476190476190476,123142342223232443334
484,5,0.14285714285714285,0.14285714285714285,0.14285714285714285,0.3333333333333333,8.095238095238095,123142342223232443334
485,2,0.2857142857142857,0.14285714285714285,0.5714285714285714,0.7619047619047619,3.6666666666666665,441222232133414224422
485,3,0.2857142857142857,0.2857142857142857,0.6190476190476191,0.6666666666666666,4.523809523809524,441222232133414224422
485,4,0.2857142857142857,0.19047619047619047,0.47619047619047616,0.6666666666666666,4.857142857142857,441222232133414224422
485,5,0.19047619047619047,0.19047619047619047,0.42857142857142855,0.5714285714285714,5.619047619047619,441222232133414224422
486,2,0.2857142857142857,0.3333333333333333,0.6666666666666666,0.8571428571428571,4.380952380952381,121133331231322113444
486,3,0.19047619047619047,0.14285714285714285,0.6190476190476191,0.7142857142857143,5.0,121133331231322113444
486,4,0.19047619047619047,0.14285714285714285,0.5238095238095238,0.6190476190476191,5.714285714285714,121133331231322113444
486,5,0.3333333333333333,0.19047619047619047,0.42857142857142855,0.42857142857142855,6.523809523809524,121133331231322113444
487,2,0.19047619047619047,0.2857142857142857,0.5714285714285714,0.7619047619047619,4.190476190476191,313231243314243334344
487,3,0.19047619047619047,0.09523809523809523,0.5238095238095238,0.7142857142857143,4.285714285714286,313231243314243334344
487,4,0.19047619047619047,0.047619047619047616,0.42857142857142855,0.5238095238095238,5.523809523809524,313231243314243334344
487,5,0.14285714285714285,0.09523809523809523,0.23809523809523808,0.42857142857142855,7.190476190476191,313231243314243334344
488,2,0.23809523809523808,0.09523809523809523,0.6190476190476191,0.8095238095238095,3.4761904761904763,421122114431221314422
488,3,0.19047619047619047,0.14285714285714285,0.47619047619047616,0.6190476190476191,5.0476190476190474,421122114431221314422
488,4,0.23809523809523808,0.14285714285714285,0.5238095238095238,0.5714285714285714,5.761904761904762,421122114431221314422
488,5,0.23809523809523808,0.09523809523809523,0.38095238095238093,0.5714285714285714,5.857142857142857,421122114431221314422
489,2,0.38095238095238093,0.47619047619047616,0.7142857142857143,0.8571428571428571,3.380952380952381,412442443114124441132
489,3,0.23809523809523808,0.38095238095238093,0.6190476190476191,0.8095238095238095,4.142857142857143,412442443114124441132
489,4,0.14285714285714285,0.19047619047619047,0.47619047619047616,0.6666666666666666,4.904761904761905,412442443114124441132
489,5,0.19047619047619047,0.19047619047619047,0.38095238095238093,0.5714285714285714,5.666666666666667,412442443114124441132
490,2,0.23809523809523808,0.14285714285714285,0.5714285714285714,0.7142857142857143,4.619047619047619,144424122331433233241
490,3,0.23809523809523808,0.2857142857142857,0.5714285714285714,0.6666666666666666,4.619047619047619,144424122331433233241
490,4,0.19047619047619047,0.14285714285714285,0.3333333333333333,0.5238095238095238,6.285714285714286,144424122331433233241
490,5,0.19047619047619047,0.3333333333333333,0.3333333333333333,0.5238095238095238,6.476190476190476,144424122331433233241
491,2,0.09523809523809523,0.19047619047619047,0.42857142857142855,0.7619047619047619,4.666666666666667,424313312231442324331
491,3,0.14285714285714285,0.19047619047619047,0.5238095238095238,0.8095238095238095,4.285714285714286,424313312231442324331
491,4,0.23809523809523808,0.09523809523809523,0.42857142857142855,0.6190476190476191,5.142857142857143,424313312231442324331
491,5,0.2857142857142857,0.14285714285714285,0.3333333333333333,0.38095238095238093,6.619047619047619,424313312231442324331
492,2,0.42857142857142855,0.38095238095238093,0.6666666666666666,0.8571428571428571,3.619047619047619,143341332241413141433
492,3,0.38095238095238093,0.3333333333333333,0.5714285714285714,0.7619047619047619,4.095238095238095,143341332241413141433
492,4,0.23809523809523808,0.38095238095238093,0.5238095238095238,0.6666666666666666,5.0,143341332241413141433
492,5,0.2857142857142857,0.3333333333333333,0.42857142857142855,0.5714285714285714,6.619047619047619,143341332241413141433
493,2,0.2857142857142857,0.38095238095238093,0.47619047619047616,0.6666666666666666,4.476190476190476,321142242341122143224
493,3,0.19047619047619047,0.3333333333333333,0.5714285714285714,0.6666666666666666,4.714285714285714,321142242341122143224
493,4,0.23809523809523808,0.19047619047619047,0.5238095238095238,0.5714285714285714,5.190476190476191,321142242341122143224
493,5,0.23809523809523808,0.14285714285714285,0.38095238095238093,0.5238095238095238,6.857142857142857,321142242341122143224
494,2,0.19047619047619047,0.23809523809523808,0.47619047619047616,0.9047619047619048,3.5238095238095237,312331124331243223111
494,3,0.2857142857142857,0.38095238095238093,0.5238095238095238,0.8095238095238095,4.0476190476190474,312331124331243223111
494,4,0.23809523809523808,0.23809523809523808,0.38095238095238093,0.5714285714285714,5.0,312331124331243223111
494,5,0.19047619047619047,0.23809523809523808,0.47619047619047616,0.5714285714285714,6.095238095238095,312331124331243223111
495,2,0.23809523809523808,0.2857142857142857,0.6666666666666666,0.8571428571428571,3.3333333333333335,421114421132112433141
495,3,0.3333333333333333,0.047619047619047616,0.6666666666666666,0.7142857142857143,4.333333333333333,421114421132112433141
495,4,0.3333333333333333,0.19047619047619047,0.5714285714285714,0.7142857142857143,5.190476190476191,421114421132112433141
495,5,0.3333333333333333,0.19047619047619047,0.5714285714285714,0.5714285714285714,5.666666666666667,421114421132112433141
496,2,0.14285714285714285,0.047619047619047616,0.6190476190476191,0.7142857142857143,5.190476190476191,131213412421123323432
496,3,0.19047619047619047,0.2857142857142857,0.5714285714285714,0.6666666666666666,5.476190476190476,131213412421123323432
496,4,0.23809523809523808,0.19047619047619047,0.5238095238095238,0.6190476190476191,6.0476190476190474,131213412421123323432
496,5,0.19047619047619047,0.23809523809523808,0.3333333333333333,0.5238095238095238,7.285714285714286,131213412421123323432
497,2,0.19047619047619047,0.2857142857142857,0.6190476190476191,0.8571428571428571,3.9047619047619047,221143323423413144333
497,3,0.2857142857142857,0.2857142857142857,0.5238095238095238,0.6190476190476191,4.190476190476191,221143323423413144333
497,4,0.2857142857142857,0.2857142857142857,0.5714285714285714,0.6190476190476191,5.0476190476190474,221143323423413144333
497,5,0.14285714285714285,0.19047619047619047,0.2857142857142857,0.47619047619047616,6.095238095238095,221143323423413144333
498,2,0.19047619047619047,0.23809523809523808,0.6190476190476191,0.8571428571428571,4.190476190476191,421323341124233213214
498,3,0.09523809523809523,0.19047619047619047,0.6190476190476191,0.6666666666666666,4.857142857142857,421323341124233213214
498,4,0.14285714285714285,0.14285714285714285,0.5238095238095238,0.6666666666666666,5.095238095238095,421323341124233213214
498,5,0.14285714285714285,0.0,0.2857142857142857,0.38095238095238093,7.190476190476191,421323341124233213214
499,2,0.23809523809523808,0.23809523809523808,0.5714285714285714,0.7619047619047619,4.428571428571429,442123313334243134133
499,3,0.19047619047619047,0.19047619047619047,0.5238095238095238,0.6666666666666666,4.142857142857143,442123313334243134133
499,4,0.14285714285714285,0.14285714285714285,0.47619047619047616,0.6666666666666666,5.0,442123313334243134133
499,5,0.23809523809523808,0.19047619047619047,0.3333333333333333,0.6190476190476191,5.523809523809524,442123313334243134133
500,2,0.3333333333333333,0.38095238095238093,0.5714285714285714,0.7142857142857143,4.619047619047619,323213442444411422244
500,3,0.38095238095238093,0.6190476190476191,0.7619047619047619,0.7619047619047619,3.857142857142857,323213442444411422244
500,4,0.23809523809523808,0.23809523809523808,0.6190476190476191,0.7142857142857143,4.571428571428571,323213442444411422244
500,5,0.23809523809523808,0.19047619047619047,0.47619047619047616,0.5714285714285714,6.380952380952381,323213442444411422244
501,2,0.38095238095238093,0.38095238095238093,0.7142857142857143,0.8571428571428571,3.2857142857142856,222141243242434324331
501,3,0.2857142857142857,0.19047619047619047,0.42857142857142855,0.7142857142857143,4.095238095238095,222141243242434324331
501,4,0.19047619047619047,0.14285714285714285,0.42857142857142855,0.47619047619047616,5.904761904761905,222141243242434324331
501,5,0.14285714285714285,0.09523809523809523,0.19047619047619047,0.2857142857142857,7.619047619047619,222141243242434324331
502,2,0.38095238095238093,0.38095238095238093,0.6190476190476191,0.8095238095238095,4.238095238095238,124144421234441231323
502,3,0.23809523809523808,0.14285714285714285,0.47619047619047616,0.7142857142857143,5.285714285714286,124144421234441231323
502,4,0.23809523809523808,0.09523809523809523,0.38095238095238093,0.5714285714285714,5.9523809523809526,124144421234441231323
502,5,0.09523809523809523,0.09523809523809523,0.38095238095238093,0.47619047619047616,6.9523809523809526,124144421234441231323
503,2,0.3333333333333333,0.38095238095238093,0.6190476190476191,0.7619047619047619,4.095238095238095,414232224112112223223
503,3,0.2857142857142857,0.14285714285714285,0.5714285714285714,0.7142857142857143,4.285714285714286,414232224112112223223
503,4,0.23809523809523808,0.2857142857142857,0.42857142857142855,0.5714285714285714,5.190476190476191,414232224112112223223
503,5,0.2857142857142857,0.23809523809523808,0.5238095238095238,0.5714285714285714,6.142857142857143,414232224112112223223
504,2,0.38095238095238093,0.3333333333333333,0.7142857142857143,0.7619047619047619,3.4761904761904763,324124322214434413111
504,3,0.3333333333333333,0.3333333333333333,0.47619047619047616,0.7619047619047619,4.190476190476191,324124322214434413111
504,4,0.23809523809523808,0.3333333333333333,0.5238095238095238,0.6190476190476191,4.9523809523809526,324124322214434413111
504,5,0.14285714285714285,0.14285714285714285,0.3333333333333333,0.47619047619047616,6.857142857142857,324124322214434413111
505,2,0.23809523809523808,0.38095238095238093,0.6666666666666666,0.7619047619047619,3.6666666666666665,414232442311124114132
505,3,0.19047619047619047,0.23809523809523808,0.5714285714285714,0.8095238095238095,3.857142857142857,414232442311124114132
505,4,0.2857142857142857,0.23809523809523808,0.47619047619047616,0.6666666666666666,4.523809523809524,414232442311124114132
505,5,0.19047619047619047,0.3333333333333333,0.38095238095238093,0.5714285714285714,6.476190476190476,414232442311124114132
506,2,0.2857142857142857,0.2857142857142857,0.6190476190476191,0.8571428571428571,3.2857142857142856,423311334222124241214
506,3,0.2857142857142857,0.23809523809523808,0.5238095238095238,0.8095238095238095,4.380952380952381,423311334222124241214
506,4,0.19047619047619047,0.14285714285714285,0.5714285714285714,0.6190476190476191,5.142857142857143,423311334222124241214
506,5,0.2857142857142857,0.14285714285714285,0.42857142857142855,0.5238095238095238,7.095238095238095,423311334222124241214
507,2,0.3333333333333333,0.23809523809523808,0.7142857142857143,0.8095238095238095,3.4761904761904763,223111132312333222434
507,3,0.19047619047619047,0.3333333333333333,0.47619047619047616,0.6666666666666666,4.523809523809524,223111132312333222434
507,4,0.23809523809523808,0.23809523809523808,0.38095238095238093,0.5238095238095238,5.761904761904762,223111132312333222434
507,5,0.19047619047619047,0.14285714285714285,0.2857142857142857,0.3333333333333333,7.523809523809524,223111132312333222434
508,2,0.2857142857142857,0.23809523809523808,0.6666666666666666,0.8095238095238095,3.9523809523809526,134224414411242132311
508,3,0.19047619047619047,0.09523809523809523,0.6666666666666666,0.7619047619047619,4.333333333333333,134224414411242132311
508,4,0.19047619047619047,0.14285714285714285,0.5238095238095238,0.6666666666666666,4.9523809523809526,134224414411242132311
508,5,0.14285714285714285,0.19047619047619047,0.3333333333333333,0.47619047619047616,7.238095238095238,134224414411242132311
509,2,0.2857142857142857,0.42857142857142855,0.47619047619047616,0.8571428571428571,3.857142857142857,334141333434244122233
509,3,0.23809523809523808,0.3333333333333333,0.6190476190476191,0.6666666666666666,4.285714285714286,334141333434244122233
509,4,0.23809523809523808,0.38095238095238093,0.47619047619047616,0.6190476190476191,4.809523809523809,334141333434244122233
509,5,0.19047619047619047,0.19047619047619047,0.2857142857142857,0.5238095238095238,6.428571428571429,334141333434244122233
510,2,0.19047619047619047,0.19047619047619047,0.6666666666666666,0.8571428571428571,3.3333333333333335,342432121323422122331
510,3,0.19047619047619047,0.2857142857142857,0.6666666666666666,0.7142857142857143,3.7142857142857144,342432121323422122331
510,4,0.14285714285714285,0.23809523809523808,0.42857142857142855,0.6190476190476191,4.9523809523809526,342432121323422122331
510,5,0.23809523809523808,0.19047619047619047,0.47619047619047616,0.6190476190476191,5.0,342432121323422122331
511,2,0.19047619047619047,0.2857142857142857,0.6190476190476191,0.7619047619047619,4.142857142857143,334432222122434112413
511,3,0.23809523809523808,0.2857142857142857,0.6666666666666666,0.7142857142857143,4.238095238095238,334432222122434112413
511,4,0.2857142857142857,0.42857142857142855,0.5238095238095238,0.5714285714285714,5.285714285714286,334432222122434112413
511,5,0.19047619047619047,0.19047619047619047,0.2857142857142857,0.38095238095238093,7.761904761904762,334432222122434112413
512,2,0.23809523809523808,0.38095238095238093,0.42857142857142855,0.8095238095238095,4.0476190476190474,321141223441442142442
512,3,0.23809523809523808,0.19047619047619047,0.5238095238095238,0.6666666666666666,4.285714285714286,321141223441442142442
512,4,0.23809523809523808,0.42857142857142855,0.5238095238095238,0.5714285714285714,5.190476190476191,321141223441442142442
512,5,0.23809523809523808,0.23809523809523808,0.47619047619047616,0.5238095238095238,6.238095238095238,321141223441442142442
513,2,0.3333333333333333,0.47619047619047616,0.7142857142857143,0.8095238095238095,3.5238095238095237,433324412112314224323
513,3,0.19047619047619047,0.23809523809523808,0.47619047619047616,0.8095238095238095,3.9523809523809526,433324412112314224323
513,4,0.14285714285714285,0.19047619047619047,0.5238095238095238,0.6666666666666666,4.333333333333333,433324412112314224323
513,5,0.19047619047619047,0.14285714285714285,0.38095238095238093,0.5238095238095238,7.095238095238095,433324412112314224323
514,2,0.19047619047619047,0.14285714285714285,0.6190476190476191,0.8571428571428571,3.4761904761904763,312214132423231123322
514,3,0.19047619047619047,0.23809523809523808,0.6666666666666666,0.7142857142857143,3.761904761904762,312214132423231123322
514,4,0.23809523809523808,0.2857142857142857,0.47619047619047616,0.6190476190476191,4.761904761904762,312214132423231123322
514,5,0.19047619047619047,0.14285714285714285,0.42857142857142855,0.5714285714285714,5.476190476190476,312214132423231123322
515,2,0.23809523809523808,0.23809523809523808,0.5714285714285714,0.7619047619047619,4.285714285714286,134331121412231413141
515,3,0.3333333333333333,0.19047619047619047,0.6190476190476191,0.7142857142857143,4.285714285714286,134331121412231413141
515,4,0.2857142857142857,0.19047619047619047,0.42857142857142855,0.5238095238095238,5.9523809523809526,134331121412231413141
515,5,0.09523809523809523,0.14285714285714285,0.38095238095238093,0.5238095238095238,7.428571428571429,134331121412231413141
516,2,0.5238095238095238,0.3333333333333333,0.7142857142857143,0.8095238095238095,4.142857142857143,141242231241133423444
516,3,0.3333333333333333,0.3333333333333333,0.6666666666666666,0.7142857142857143,5.238095238095238,141242231241133423444
516,4,0.23809523809523808,0.2857142857142857,0.38095238095238093,0.5714285714285714,6.285714285714286,141242231241133423444
516,5,0.23809523809523808,0.23809523809523808,0.38095238095238093,0.5238095238095238,6.809523809523809,141242231241133423444
517,2,0.3333333333333333,0.19047619047619047,0.6666666666666666,0.9047619047619048,3.1904761904761907,422421142113313134331
517,3,0.23809523809523808,0.3333333333333333,0.5238095238095238,0.8095238095238095,3.761904761904762,422421142113313134331
517,4,0.19047619047619047,0.2857142857142857,0.47619047619047616,0.6666666666666666,4.571428571428571,422421142113313134331
517,5,0.14285714285714285,0.14285714285714285,0.2857142857142857,0.47619047619047616,5.714285714285714,422421142113313134331
518,2,0.42857142857142855,0.3333333333333333,0.47619047619047616,0.6666666666666666,4.904761904761905,131114132134132132443
518,3,0.23809523809523808,0.19047619047619047,0.5714285714285714,0.5714285714285714,5.619047619047619,131114132134132132443
518,4,0.2857142857142857,0.19047619047619047,0.38095238095238093,0.5714285714285714,6.857142857142857,131114132134132132443
518,5,0.2857142857142857,0.19047619047619047,0.38095238095238093,0.42857142857142855,7.285714285714286,131114132134132132443
519,2,0.3333333333333333,0.19047619047619047,0.5714285714285714,0.8095238095238095,4.285714285714286,111431224443341334121
519,3,0.3333333333333333,0.19047619047619047,0.5238095238095238,0.6190476190476191,5.285714285714286,111431224443341334121
519,4,0.2857142857142857,0.42857142857142855,0.47619047619047616,0.5238095238095238,5.619047619047619,111431224443341334121
519,5,0.23809523809523808,0.19047619047619047,0.5238095238095238,0.6666666666666666,5.238095238095238,111431224443341334121
520,2,0.38095238095238093,0.47619047619047616,0.6190476190476191,0.7619047619047619,3.6666666666666665,341441244444233221321
520,3,0.2857142857142857,0.19047619047619047,0.5714285714285714,0.7142857142857143,4.476190476190476,341441244444233221321
520,4,0.09523809523809523,0.14285714285714285,0.47619047619047616,0.5238095238095238,5.428571428571429,341441244444233221321
520,5,0.14285714285714285,0.14285714285714285,0.3333333333333333,0.38095238095238093,7.142857142857143,341441244444233221321
521,2,0.38095238095238093,0.38095238095238093,0.6666666666666666,0.8571428571428571,3.6666666666666665,144132323142234412233
521,3,0.3333333333333333,0.2857142857142857,0.5714285714285714,0.6666666666666666,4.476190476190476,144132323142234412233
521,4,0.23809523809523808,0.38095238095238093,0.5238095238095238,0.6190476190476191,5.0,144132323142234412233
521,5,0.23809523809523808,0.2857142857142857,0.42857142857142855,0.47619047619047616,6.761904761904762,144132323142234412233
522,2,0.3333333333333333,0.3333333333333333,0.6666666666666666,0.7619047619047619,3.761904761904762,334222214112344142111
522,3,0.2857142857142857,0.23809523809523808,0.5714285714285714,0.7619047619047619,3.8095238095238093,334222214112344142111
522,4,0.19047619047619047,0.23809523809523808,0.5238095238095238,0.6190476190476191,4.619047619047619,334222214112344142111
522,5,0.09523809523809523,0.14285714285714285,0.2857142857142857,0.42857142857142855,7.761904761904762,334222214112344142111
523,2,0.42857142857142855,0.3333333333333333,0.6666666666666666,0.7619047619047619,3.1904761904761907,443314424442432411223
523,3,0.23809523809523808,0.2857142857142857,0.5714285714285714,0.7619047619047619,4.380952380952381,443314424442432411223
523,4,0.3333333333333333,0.23809523809523808,0.5238095238095238,0.7142857142857143,4.857142857142857,443314424442432411223
523,5,0.3333333333333333,0.2857142857142857,0.6666666666666666,0.7142857142857143,5.142857142857143,443314424442432411223
524,2,0.42857142857142855,0.5714285714285714,0.7142857142857143,0.7619047619047619,3.7142857142857144,233114223144214242214
524,3,0.38095238095238093,0.3333333333333333,0.5714285714285714,0.6190476190476191,4.523809523809524,233114223144214242214
524,4,0.23809523809523808,0.2857142857142857,0.47619047619047616,0.5714285714285714,5.523809523809524,233114223144214242214
524,5,0.23809523809523808,0.19047619047619047,0.38095238095238093,0.42857142857142855,7.571428571428571,233114223144214242214
525,2,0.38095238095238093,0.2857142857142857,0.5714285714285714,0.7619047619047619,3.8095238095238093,213232213422212122242
525,3,0.19047619047619047,0.3333333333333333,0.6190476190476191,0.7142857142857143,4.142857142857143,213232213422212122242
525,4,0.14285714285714285,0.09523809523809523,0.47619047619047616,0.5238095238095238,5.238095238095238,213232213422212122242
525,5,0.23809523809523808,0.2857142857142857,0.42857142857142855,0.5238095238095238,6.571428571428571,213232213422212122242
526,2,0.19047619047619047,0.14285714285714285,0.5714285714285714,0.6666666666666666,5.476190476190476,111223222141134212412
526,3,0.2857142857142857,0.19047619047619047,0.47619047619047616,0.5714285714285714,6.095238095238095,111223222141134212412
526,4,0.2857142857142857,0.2857142857142857,0.42857142857142855,0.5238095238095238,6.761904761904762,111223222141134212412
526,5,0.23809523809523808,0.23809523809523808,0.2857142857142857,0.42857142857142855,7.809523809523809,111223222141134212412
527,2,0.38095238095238093,0.5238095238095238,0.6666666666666666,0.8095238095238095,3.0476190476190474,223222444333343433224
527,3,0.2857142857142857,0.09523809523809523,0.6190476190476191,0.7619047619047619,4.0,223222444333343433224
527,4,0.14285714285714285,0.047619047619047616,0.5238095238095238,0.6190476190476191,4.666666666666667,223222444333343433224
527,5,0.14285714285714285,0.047619047619047616,0.38095238095238093,0.47619047619047616,6.285714285714286,223222444333343433224
528,2,0.42857142857142855,0.23809523809523808,0.5238095238095238,0.8095238095238095,3.6666666666666665,314212131241143214211
528,3,0.3333333333333333,0.3333333333333333,0.5714285714285714,0.8095238095238095,4.0,314212131241143214211
528,4,0.2857142857142857,0.2857142857142857,0.42857142857142855,0.5238095238095238,5.285714285714286,314212131241143214211
528,5,0.2857142857142857,0.2857142857142857,0.38095238095238093,0.42857142857142855,6.809523809523809,314212131241143214211
529,2,0.47619047619047616,0.47619047619047616,0.6666666666666666,0.9047619047619048,3.4285714285714284,233121311444321224133
529,3,0.23809523809523808,0.38095238095238093,0.6190476190476191,0.7619047619047619,4.095238095238095,233121311444321224133
529,4,0.23809523809523808,0.3333333333333333,0.5238095238095238,0.6190476190476191,4.857142857142857,233121311444321224133
529,5,0.23809523809523808,0.3333333333333333,0.3333333333333333,0.38095238095238093,7.333333333333333,233121311444321224133
530,2,0.2857142857142857,0.38095238095238093,0.6666666666666666,0.8571428571428571,3.3333333333333335,424244344423421111422
530,3,0.19047619047619047,0.19047619047619047,0.7142857142857143,0.7619047619047619,3.9523809523809526,424244344423421111422
530,4,0.23809523809523808,0.3333333333333333,0.6666666666666666,0.8095238095238095,3.761904761904762,424244344423421111422
530,5,0.14285714285714285,0.09523809523809523,0.42857142857142855,0.5714285714285714,5.666666666666667,424244344423421111422
531,2,0.47619047619047616,0.3333333333333333,0.7142857142857143,0.7619047619047619,3.8095238095238093,223113422213131411133
531,3,0.2857142857142857,0.42857142857142855,0.5238095238095238,0.6666666666666666,4.476190476190476,223113422213131411133
531,4,0.2857142857142857,0.2857142857142857,0.47619047619047616,0.6190476190476191,5.476190476190476,223113422213131411133
531,5,0.23809523809523808,0.23809523809523808,0.3333333333333333,0.47619047619047616,6.619047619047619,223113422213131411133
532,2,0.3333333333333333,0.19047619047619047,0.6190476190476191,0.8095238095238095,3.9047619047619047,423143324234332342441
532,3,0.2857142857142857,0.23809523809523808,0.42857142857142855,0.5714285714285714,4.809523809523809,423143324234332342441
532,4,0.19047619047619047,0.14285714285714285,0.5714285714285714,0.6190476190476191,5.428571428571429,423143324234332342441
532,5,0.14285714285714285,0.14285714285714285,0.38095238095238093,0.47619047619047616,6.571428571428571,423143324234332342441
533,2,0.23809523809523808,0.19047619047619047,0.5238095238095238,0.7619047619047619,4.142857142857143,432123313313243322214
533,3,0.19047619047619047,0.19047619047619047,0.5238095238095238,0.6666666666666666,4.285714285714286,432123313313243322214
533,4,0.14285714285714285,0.14285714285714285,0.47619047619047616,0.6190476190476191,5.285714285714286,432123313313243322214
533,5,0.19047619047619047,0.14285714285714285,0.38095238095238093,0.47619047619047616,6.428571428571429,432123313313243322214
534,2,0.47619047619047616,0.2857142857142857,0.6666666666666666,0.9047619047619048,2.619047619047619,342421443142322112114
534,3,0.19047619047619047,0.38095238095238093,0.6666666666666666,0.8095238095238095,3.619047619047619,342421443142322112114
534,4,0.19047619047619047,0.19047619047619047,0.47619047619047616,0.6666666666666666,4.476190476190476,342421443142322112114
534,5,0.23809523809523808,0.23809523809523808,0.47619047619047616,0.5714285714285714,6.0,342421443142322112114
535,2,0.38095238095238093,0.23809523809523808,0.7142857142857143,0.8571428571428571,3.238095238095238,322231141234311341142
535,3,0.23809523809523808,0.23809523809523808,0.7142857142857143,0.8095238095238095,3.7142857142857144,322231141234311341142
535,4,0.2857142857142857,0.047619047619047616,0.5238095238095238,0.5238095238095238,5.190476190476191,322231141234311341142
535,5,0.09523809523809523,0.09523809523809523,0.3333333333333333,0.47619047619047616,6.714285714285714,322231141234311341142
536,2,0.2857142857142857,0.23809523809523808,0.5714285714285714,0.7142857142857143,5.142857142857143,123433111231432132134
536,3,0.14285714285714285,0.09523809523809523,0.5238095238095238,0.5714285714285714,5.238095238095238,123433111231432132134
536,4,0.14285714285714285,0.09523809523809523,0.38095238095238093,0.47619047619047616,6.666666666666667,123433111231432132134
536,5,0.23809523809523808,0.19047619047619047,0.2857142857142857,0.3333333333333333,7.523809523809524,123433111231432132134
537,2,0.3333333333333333,0.38095238095238093,0.7142857142857143,0.7619047619047619,4.238095238095238,141434221313223411124
537,3,0.2857142857142857,0.42857142857142855,0.5714285714285714,0.6190476190476191,5.142857142857143,141434221313223411124
537,4,0.23809523809523808,0.3333333333333333,0.47619047619047616,0.6666666666666666,5.095238095238095,141434221313223411124
537,5,0.19047619047619047,0.14285714285714285,0.42857142857142855,0.5714285714285714,6.142857142857143,141434221313223411124
538,2,0.2857142857142857,0.3333333333333333,0.5238095238095238,0.6666666666666666,5.333333333333333,133343233434231414413
538,3,0.3333333333333333,0.19047619047619047,0.47619047619047616,0.5238095238095238,6.142857142857143,133343233434231414413
538,4,0.23809523809523808,0.23809523809523808,0.42857142857142855,0.47619047619047616,7.095238095238095,133343233434231414413
538,5,0.19047619047619047,0.14285714285714285,0.2857142857142857,0.42857142857142855,8.19047619047619,133343233434231414413
539,2,0.3333333333333333,0.2857142857142857,0.5238095238095238,0.8095238095238095,3.857142857142857,434241413141122131144
539,3,0.19047619047619047,0.14285714285714285,0.7142857142857143,0.8095238095238095,3.5238095238095237,434241413141122131144
539,4,0.23809523809523808,0.14285714285714285,0.47619047619047616,0.6666666666666666,4.714285714285714,434241413141122131144
539,5,0.23809523809523808,0.19047619047619047,0.5238095238095238,0.5238095238095238,6.571428571428571,434241413141122131144
540,2,0.23809523809523808,0.23809523809523808,0.6666666666666666,0.8095238095238095,3.619047619047619,334431142223223242321
540,3,0.14285714285714285,0.3333333333333333,0.5714285714285714,0.8095238095238095,3.8095238095238093,334431142223223242321
540,4,0.09523809523809523,0.19047619047619047,0.5238095238095238,0.6190476190476191,4.571428571428571,334431142223223242321
540,5,0.14285714285714285,0.09523809523809523,0.23809523809523808,0.3333333333333333,6.9523809523809526,334431142223223242321
541,2,0.23809523809523808,0.2857142857142857,0.6190476190476191,0.8095238095238095,4.0,411213424233424441313
541,3,0.3333333333333333,0.23809523809523808,0.5238095238095238,0.6190476190476191,4.904761904761905,411213424233424441313
541,4,0.23809523809523808,0.19047619047619047,0.47619047619047616,0.6190476190476191,5.142857142857143,411213424233424441313
541,5,0.19047619047619047,0.23809523809523808,0.42857142857142855,0.6190476190476191,5.380952380952381,411213424233424441313
542,2,0.42857142857142855,0.2857142857142857,0.6666666666666666,0.8571428571428571,3.8095238095238093,122232341414411131243
542,3,0.3333333333333333,0.38095238095238093,0.8095238095238095,0.8095238095238095,4.238095238095238,122232341414411131243
542,4,0.2857142857142857,0.14285714285714285,0.5238095238095238,0.6666666666666666,5.190476190476191,122232341414411131243
542,5,0.14285714285714285,0.23809523809523808,0.38095238095238093,0.47619047619047616,7.0476190476190474,122232341414411131243
543,2,0.5238095238095238,0.5238095238095238,0.7142857142857143,0.8095238095238095,3.0952380952380953,213224232143411212231
543,3,0.3333333333333333,0.42857142857142855,0.5714285714285714,0.6666666666666666,3.761904761904762,213224232143411212231
543,4,0.3333333333333333,0.2857142857142857,0.47619047619047616,0.6666666666666666,4.666666666666667,213224232143411212231
543,5,0.2857142857142857,0.23809523809523808,0.47619047619047616,0.5714285714285714,6.142857142857143,213224232143411212231
544,2,0.42857142857142855,0.23809523809523808,0.7619047619047619,0.8571428571428571,3.2857142857142856,324233324211213212423
544,3,0.3333333333333333,0.23809523809523808,0.6190476190476191,0.8095238095238095,3.5238095238095237,324233324211213212423
544,4,0.2857142857142857,0.2857142857142857,0.5238095238095238,0.6190476190476191,4.238095238095238,324233324211213212423
544,5,0.19047619047619047,0.14285714285714285,0.38095238095238093,0.42857142857142855,6.333333333333333,324233324211213212423
545,2,0.3333333333333333,0.3333333333333333,0.47619047619047616,0.6666666666666666,5.0,121312342324114342133
545,3,0.3333333333333333,0.42857142857142855,0.6190476190476191,0.7142857142857143,5.380952380952381,121312342324114342133
545,4,0.3333333333333333,0.2857142857142857,0.5238095238095238,0.5714285714285714,6.0476190476190474,121312342324114342133
545,5,0.2857142857142857,0.2857142857142857,0.3333333333333333,0.47619047619047616,6.761904761904762,121312342324114342133
546,2,0.38095238095238093,0.09523809523809523,0.6666666666666666,0.7619047619047619,3.8095238095238093,431223323413211211423
546,3,0.2857142857142857,0.2857142857142857,0.6190476190476191,0.7142857142857143,4.380952380952381,431223323413211211423
546,4,0.2857142857142857,0.42857142857142855,0.5238095238095238,0.6190476190476191,4.666666666666667,431223323413211211423
546,5,0.23809523809523808,0.23809523809523808,0.42857142857142855,0.5238095238095238,6.0476190476190474,431223323413211211423
547,2,0.38095238095238093,0.5714285714285714,0.7142857142857143,1.0,2.380952380952381,322422344221334244243
547,3,0.2857142857142857,0.42857142857142855,0.7142857142857143,0.8571428571428571,2.857142857142857,322422344221334244243
547,4,0.19047619047619047,0.3333333333333333,0.6190476190476191,0.7619047619047619,3.4761904761904763,322422344221334244243
547,5,0.14285714285714285,0.14285714285714285,0.38095238095238093,0.42857142857142855,6.809523809523809,322422344221334244243
548,2,0.2857142857142857,0.38095238095238093,0.6190476190476191,0.6666666666666666,4.523809523809524,412413132332432423431
548,3,0.3333333333333333,0.2857142857142857,0.5238095238095238,0.6190476190476191,4.714285714285714,412413132332432423431
548,4,0.23809523809523808,0.14285714285714285,0.47619047619047616,0.5238095238095238,5.857142857142857,412413132332432423431
548,5,0.19047619047619047,0.19047619047619047,0.38095238095238093,0.5714285714285714,5.619047619047619,412413132332432423431
549,2,0.2857142857142857,0.23809523809523808,0.5238095238095238,0.7619047619047619,4.095238095238095,442312223243144343121
549,3,0.2857142857142857,0.19047619047619047,0.5238095238095238,0.7142857142857143,4.428571428571429,442312223243144343121
549,4,0.3333333333333333,0.38095238095238093,0.47619047619047616,0.6190476190476191,5.0476190476190474,442312223243144343121
549,5,0.3333333333333333,0.2857142857142857,0.5238095238095238,0.6666666666666666,4.9523809523809526,442312223243144343121
550,2,0.3333333333333333,0.2857142857142857,0.6190476190476191,0.9047619047619048,3.0476190476190474,432312311121411241433
550,3,0.2857142857142857,0.42857142857142855,0.6666666666666666,0.8571428571428571,3.3333333333333335,432312311121411241433
550,4,0.3333333333333333,0.19047619047619047,0.5714285714285714,0.7142857142857143,3.857142857142857,432312311121411241433
550,5,0.14285714285714285,0.047619047619047616,0.38095238095238093,0.5238095238095238,6.285714285714286,432312311121411241433
551,2,0.23809523809523808,0.2857142857142857,0.5714285714285714,0.7619047619047619,3.9047619047619047,442221143433414244412
551,3,0.2857142857142857,0.3333333333333333,0.5238095238095238,0.6666666666666666,4.476190476190476,442221143433414244412
551,4,0.23809523809523808,0.19047619047619047,0.42857142857142855,0.5714285714285714,5.285714285714286,442221143433414244412
551,5,0.14285714285714285,0.14285714285714285,0.3333333333333333,0.5238095238095238,6.142857142857143,442221143433414244412
552,2,0.2857142857142857,0.14285714285714285,0.47619047619047616,0.7142857142857143,4.809523809523809,442431113444112322324
552,3,0.19047619047619047,0.3333333333333333,0.5714285714285714,0.6190476190476191,5.0,442431113444112322324
552,4,0.14285714285714285,0.19047619047619047,0.38095238095238093,0.5238095238095238,6.380952380952381,442431113444112322324
552,5,0.2857142857142857,0.2857142857142857,0.47619047619047616,0.5238095238095238,5.428571428571429,442431113444112322324
553,2,0.23809523809523808,0.19047619047619047,0.5714285714285714,0.7619047619047619,4.523809523809524,413334214124413114424
553,3,0.2857142857142857,0.42857142857142855,0.6190476190476191,0.6666666666666666,4.380952380952381,413334214124413114424
553,4,0.2857142857142857,0.23809523809523808,0.6190476190476191,0.6666666666666666,4.714285714285714,413334214124413114424
553,5,0.2857142857142857,0.23809523809523808,0.5238095238095238,0.6666666666666666,5.476190476190476,413334214124413114424
554,2,0.3333333333333333,0.38095238095238093,0.6190476190476191,0.8571428571428571,3.5714285714285716,444112431444431424231
554,3,0.2857142857142857,0.38095238095238093,0.5238095238095238,0.6666666666666666,4.285714285714286,444112431444431424231
554,4,0.2857142857142857,0.23809523809523808,0.42857142857142855,0.5714285714285714,5.142857142857143,444112431444431424231
554,5,0.2857142857142857,0.19047619047619047,0.5238095238095238,0.5714285714285714,5.619047619047619,444112431444431424231
555,2,0.23809523809523808,0.14285714285714285,0.7142857142857143,0.8571428571428571,3.4285714285714284,333324341132143122313
555,3,0.23809523809523808,0.19047619047619047,0.5714285714285714,0.6666666666666666,4.714285714285714,333324341132143122313
555,4,0.09523809523809523,0.19047619047619047,0.47619047619047616,0.6666666666666666,5.476190476190476,333324341132143122313
555,5,0.09523809523809523,0.09523809523809523,0.2857142857142857,0.47619047619047616,7.714285714285714,333324341132143122313
556,2,0.2857142857142857,0.38095238095238093,0.7142857142857143,0.7619047619047619,4.523809523809524,113443311311321322312
556,3,0.09523809523809523,0.09523809523809523,0.47619047619047616,0.6666666666666666,5.333333333333333,113443311311321322312
556,4,0.14285714285714285,0.19047619047619047,0.47619047619047616,0.47619047619047616,6.428571428571429,113443311311321322312
556,5,0.14285714285714285,0.09523809523809523,0.19047619047619047,0.38095238095238093,7.9523809523809526,113443311311321322312
557,2,0.38095238095238093,0.2857142857142857,0.7142857142857143,0.8095238095238095,4.190476190476191,122144311212112224424
557,3,0.2857142857142857,0.23809523809523808,0.6190476190476191,0.7619047619047619,5.0476190476190474,122144311212112224424
557,4,0.23809523809523808,0.3333333333333333,0.38095238095238093,0.5714285714285714,6.0476190476190474,122144311212112224424
557,5,0.23809523809523808,0.14285714285714285,0.3333333333333333,0.42857142857142855,7.714285714285714,122144311212112224424
558,2,0.38095238095238093,0.19047619047619047,0.6190476190476191,0.7142857142857143,4.238095238095238,323443123214232132411
558,3,0.19047619047619047,0.23809523809523808,0.47619047619047616,0.6666666666666666,4.761904761904762,323443123214232132411
558,4,0.19047619047619047,0.2857142857142857,0.42857142857142855,0.42857142857142855,5.809523809523809,323443123214232132411
558,5,0.14285714285714285,0.19047619047619047,0.23809523809523808,0.47619047619047616,6.904761904761905,323443123214232132411
559,2,0.3333333333333333,0.3333333333333333,0.5238095238095238,0.8095238095238095,3.7142857142857144,441412313232121134343
559,3,0.14285714285714285,0.23809523809523808,0.6190476190476191,0.7619047619047619,4.380952380952381,441412313232121134343
559,4,0.23809523809523808,0.3333333333333333,0.47619047619047616,0.6190476190476191,5.380952380952381,441412313232121134343
559,5,0.19047619047619047,0.2857142857142857,0.42857142857142855,0.5714285714285714,6.476190476190476,441412313232121134343
560,2,0.3333333333333333,0.3333333333333333,0.6190476190476191,0.7619047619047619,3.9523809523809526,131321323312311431311
560,3,0.2857142857142857,0.2857142857142857,0.47619047619047616,0.7142857142857143,5.142857142857143,131321323312311431311
560,4,0.23809523809523808,0.19047619047619047,0.5238095238095238,0.5714285714285714,5.714285714285714,131321323312311431311
560,5,0.19047619047619047,0.23809523809523808,0.3333333333333333,0.5714285714285714,7.0476190476190474,131321323312311431311
561,2,0.2857142857142857,0.23809523809523808,0.5238095238095238,0.7619047619047619,4.809523809523809,124422144132124111324
561,3,0.23809523809523808,0.23809523809523808,0.5714285714285714,0.6666666666666666,5.476190476190476,124422144132124111324
561,4,0.19047619047619047,0.19047619047619047,0.5238095238095238,0.5714285714285714,6.190476190476191,124422144132124111324
561,5,0.09523809523809523,0.09523809523809523,0.2857142857142857,0.38095238095238093,7.904761904761905,124422144132124111324
562,2,0.3333333333333333,0.23809523809523808,0.5238095238095238,0.8095238095238095,3.5714285714285716,323144233341422443244
562,3,0.3333333333333333,0.38095238095238093,0.5714285714285714,0.6190476190476191,3.9523809523809526,323144233341422443244
562,4,0.19047619047619047,0.23809523809523808,0.6190476190476191,0.6190476190476191,4.857142857142857,323144233341422443244
562,5,0.2857142857142857,0.2857142857142857,0.42857142857142855,0.6190476190476191,6.380952380952381,323144233341422443244
563,2,0.3333333333333333,0.38095238095238093,0.7142857142857143,0.8095238095238095,3.7142857142857144,221412344114122243113
563,3,0.23809523809523808,0.42857142857142855,0.6666666666666666,0.7142857142857143,4.761904761904762,221412344114122243113
563,4,0.23809523809523808,0.2857142857142857,0.5714285714285714,0.6666666666666666,5.0,221412344114122243113
563,5,0.2857142857142857,0.2857142857142857,0.3333333333333333,0.42857142857142855,6.714285714285714,221412344114122243113
564,2,0.38095238095238093,0.2857142857142857,0.5714285714285714,0.7142857142857143,5.190476190476191,143223134333122431112
564,3,0.2857142857142857,0.19047619047619047,0.47619047619047616,0.5238095238095238,5.809523809523809,143223134333122431112
564,4,0.2857142857142857,0.2857142857142857,0.42857142857142855,0.5714285714285714,6.666666666666667,143223134333122431112
564,5,0.19047619047619047,0.38095238095238093,0.47619047619047616,0.5238095238095238,6.761904761904762,143223134333122431112
565,2,0.42857142857142855,0.19047619047619047,0.5714285714285714,0.7142857142857143,4.666666666666667,134233144221332434113
565,3,0.2857142857142857,0.2857142857142857,0.6190476190476191,0.7142857142857143,4.428571428571429,134233144221332434113
565,4,0.19047619047619047,0.2857142857142857,0.5238095238095238,0.5714285714285714,5.571428571428571,134233144221332434113
565,5,0.2857142857142857,0.23809523809523808,0.2857142857142857,0.38095238095238093,7.809523809523809,134233144221332434113
566,2,0.38095238095238093,0.19047619047619047,0.5714285714285714,0.7619047619047619,4.523809523809524,134312341322132122423
566,3,0.23809523809523808,0.09523809523809523,0.7142857142857143,0.7142857142857143,4.857142857142857,134312341322132122423
566,4,0.23809523809523808,0.3333333333333333,0.47619047619047616,0.5238095238095238,6.095238095238095,134312341322132122423
566,5,0.23809523809523808,0.23809523809523808,0.38095238095238093,0.47619047619047616,7.333333333333333,134312341322132122423
567,2,0.19047619047619047,0.23809523809523808,0.47619047619047616,0.8571428571428571,3.5714285714285716,324334343213442414214
567,3,0.23809523809523808,0.2857142857142857,0.5238095238095238,0.7619047619047619,3.857142857142857,324334343213442414214
567,4,0.09523809523809523,0.14285714285714285,0.6190476190476191,0.6190476190476191,4.666666666666667,324334343213442414214
567,5,0.23809523809523808,0.19047619047619047,0.38095238095238093,0.5238095238095238,5.857142857142857,324334343213442414214
568,2,0.3333333333333333,0.14285714285714285,0.5238095238095238,0.6190476190476191,4.666666666666667,241111212414433442324
568,3,0.19047619047619047,0.23809523809523808,0.5238095238095238,0.6190476190476191,5.190476190476191,241111212414433442324
568,4,0.14285714285714285,0.14285714285714285,0.3333333333333333,0.47619047619047616,6.333333333333333,241111212414433442324
568,5,0.14285714285714285,0.09523809523809523,0.23809523809523808,0.47619047619047616,6.523809523809524,241111212414433442324
569,2,0.3333333333333333,0.23809523809523808,0.7619047619047619,0.9047619047619048,2.619047619047619,313124431411334214222
569,3,0.2857142857142857,0.19047619047619047,0.5238095238095238,0.6666666666666666,4.142857142857143,313124431411334214222
569,4,0.19047619047619047,0.23809523809523808,0.38095238095238093,0.5238095238095238,5.523809523809524,313124431411334214222
569,5,0.19047619047619047,0.2857142857142857,0.38095238095238093,0.5238095238095238,6.619047619047619,313124431411334214222
570,2,0.23809523809523808,0.2857142857142857,0.5714285714285714,0.8571428571428571,3.5714285714285716,412311133311133424412
570,3,0.19047619047619047,0.2857142857142857,0.47619047619047616,0.7619047619047619,4.571428571428571,412311133311133424412
570,4,0.23809523809523808,0.19047619047619047,0.38095238095238093,0.5238095238095238,6.238095238095238,412311133311133424412
570,5,0.23809523809523808,0.14285714285714285,0.38095238095238093,0.6666666666666666,5.571428571428571,412311133311133424412
571,2,0.3333333333333333,0.23809523809523808,0.5714285714285714,0.7619047619047619,4.190476190476191,433412311224431333411
571,3,0.19047619047619047,0.2857142857142857,0.5714285714285714,0.6666666666666666,4.666666666666667,433412311224431333411
571,4,0.19047619047619047,0.2857142857142857,0.47619047619047616,0.5238095238095238,5.714285714285714,433412311224431333411
571,5,0.14285714285714285,0.14285714285714285,0.2857142857142857,0.3333333333333333,7.666666666666667,433412311224431333411
572,2,0.38095238095238093,0.38095238095238093,0.5238095238095238,0.7142857142857143,4.714285714285714,433443214134212444314
572,3,0.2857142857142857,0.2857142857142857,0.47619047619047616,0.6190476190476191,5.142857142857143,433443214134212444314
572,4,0.19047619047619047,0.23809523809523808,0.5238095238095238,0.6190476190476191,5.190476190476191,433443214134212444314
572,5,0.14285714285714285,0.09523809523809523,0.3333333333333333,0.47619047619047616,7.095238095238095,433443214134212444314
573,2,0.2857142857142857,0.09523809523809523,0.6190476190476191,0.7142857142857143,4.809523809523809,133433143412321114213
573,3,0.23809523809523808,0.23809523809523808,0.5714285714285714,0.6190476190476191,5.238095238095238,133433143412321114213
573,4,0.19047619047619047,0.14285714285714285,0.5238095238095238,0.5714285714285714,6.238095238095238,133433143412321114213
573,5,0.14285714285714285,0.23809523809523808,0.3333333333333333,0.42857142857142855,8.238095238095237,133433143412321114213
574,2,0.23809523809523808,0.23809523809523808,0.5714285714285714,0.8571428571428571,3.857142857142857,442411224414324114313
574,3,0.23809523809523808,0.2857142857142857,0.5714285714285714,0.8095238095238095,4.428571428571429,442411224414324114313
574,4,0.2857142857142857,0.23809523809523808,0.5238095238095238,0.7142857142857143,4.428571428571429,442411224414324114313
574,5,0.23809523809523808,0.23809523809523808,0.42857142857142855,0.5714285714285714,6.190476190476191,442411224414324114313
575,2,0.14285714285714285,0.23809523809523808,0.6190476190476191,0.7142857142857143,3.9523809523809526,343234142132434241313
575,3,0.19047619047619047,0.19047619047619047,0.47619047619047616,0.6190476190476191,4.904761904761905,343234142132434241313
575,4,0.09523809523809523,0.09523809523809523,0.42857142857142855,0.5238095238095238,5.9523809523809526,343234142132434241313
575,5,0.09523809523809523,0.09523809523809523,0.2857142857142857,0.38095238095238093,8.095238095238095,343234142132434241313
576,2,0.14285714285714285,0.2857142857142857,0.6190476190476191,0.8571428571428571,4.190476190476191,123421324422144113331
576,3,0.23809523809523808,0.23809523809523808,0.6190476190476191,0.6666666666666666,4.857142857142857,123421324422144113331
576,4,0.19047619047619047,0.09523809523809523,0.5714285714285714,0.6666666666666666,5.428571428571429,123421324422144113331
576,5,0.14285714285714285,0.047619047619047616,0.2857142857142857,0.47619047619047616,8.047619047619047,123421324422144113331
577,2,0.38095238095238093,0.38095238095238093,0.5714285714285714,0.8095238095238095,3.8095238095238093,333113432441212311144
577,3,0.2857142857142857,0.19047619047619047,0.6666666666666666,0.6666666666666666,3.9047619047619047,333113432441212311144
577,4,0.42857142857142855,0.23809523809523808,0.5714285714285714,0.6190476190476191,4.809523809523809,333113432441212311144
577,5,0.38095238095238093,0.19047619047619047,0.47619047619047616,0.5714285714285714,6.476190476190476,333113432441212311144
578,2,0.23809523809523808,0.42857142857142855,0.7142857142857143,0.9047619047619048,3.4761904761904763,422242334424422122412
578,3,0.19047619047619047,0.19047619047619047,0.6666666666666666,0.7619047619047619,4.238095238095238,422242334424422122412
578,4,0.23809523809523808,0.3333333333333333,0.6666666666666666,0.7619047619047619,4.142857142857143,422242334424422122412
578,5,0.2857142857142857,0.23809523809523808,0.38095238095238093,0.5714285714285714,5.619047619047619,422242334424422122412
579,2,0.2857142857142857,0.23809523809523808,0.5714285714285714,0.8571428571428571,3.4285714285714284,321131124411333243341
579,3,0.23809523809523808,0.2857142857142857,0.5714285714285714,0.7619047619047619,3.9523809523809526,321131124411333243341
579,4,0.23809523809523808,0.23809523809523808,0.47619047619047616,0.5714285714285714,5.476190476190476,321131124411333243341
579,5,0.14285714285714285,0.19047619047619047,0.2857142857142857,0.42857142857142855,7.142857142857143,321131124411333243341
580,2,0.42857142857142855,0.47619047619047616,0.7619047619047619,0.8571428571428571,3.0476190476190474,331234414233321231131
580,3,0.23809523809523808,0.14285714285714285,0.7142857142857143,0.8095238095238095,3.7142857142857144,331234414233321231131
580,4,0.2857142857142857,0.2857142857142857,0.5714285714285714,0.6190476190476191,4.285714285714286,331234414233321231131
580,5,0.09523809523809523,0.23809523809523808,0.38095238095238093,0.6190476190476191,6.571428571428571,331234414233321231131
581,2,0.19047619047619047,0.23809523809523808,0.6190476190476191,0.8571428571428571,3.0952380952380953,323144341442222231221
581,3,0.2857142857142857,0.09523809523809523,0.6190476190476191,0.7142857142857143,4.190476190476191,323144341442222231221
581,4,0.23809523809523808,0.09523809523809523,0.47619047619047616,0.6190476190476191,4.9523809523809526,323144341442222231221
581,5,0.2857142857142857,0.19047619047619047,0.3333333333333333,0.42857142857142855,7.571428571428571,323144341442222231221
582,2,0.14285714285714285,0.2857142857142857,0.5714285714285714,0.8095238095238095,4.809523809523809,112343343431142213342
582,3,0.09523809523809523,0.14285714285714285,0.5238095238095238,0.6666666666666666,5.142857142857143,112343343431142213342
582,4,0.23809523809523808,0.19047619047619047,0.5238095238095238,0.6666666666666666,5.761904761904762,112343343431142213342
582,5,0.19047619047619047,0.23809523809523808,0.42857142857142855,0.47619047619047616,7.333333333333333,112343343431142213342
583,2,0.38095238095238093,0.14285714285714285,0.6190476190476191,0.7619047619047619,3.0952380952380953,441322442233431222243
583,3,0.2857142857142857,0.38095238095238093,0.5714285714285714,0.7619047619047619,4.095238095238095,441322442233431222243
583,4,0.19047619047619047,0.14285714285714285,0.2857142857142857,0.5714285714285714,5.571428571428571,441322442233431222243
583,5,0.19047619047619047,0.2857142857142857,0.47619047619047616,0.5238095238095238,5.619047619047619,441322442233431222243
584,2,0.42857142857142855,0.47619047619047616,0.7142857142857143,0.7619047619047619,4.285714285714286,144234231214211244213
584,3,0.42857142857142855,0.42857142857142855,0.6190476190476191,0.7619047619047619,4.523809523809524,144234231214211244213
584,4,0.2857142857142857,0.23809523809523808,0.38095238095238093,0.5714285714285714,5.809523809523809,144234231214211244213
584,5,0.19047619047619047,0.14285714285714285,0.38095238095238093,0.42857142857142855,7.380952380952381,144234231214211244213
585,2,0.2857142857142857,0.2857142857142857,0.6190476190476191,0.7619047619047619,4.238095238095238,441313442143423223123
585,3,0.23809523809523808,0.2857142857142857,0.6190476190476191,0.7142857142857143,4.333333333333333,441313442143423223123
585,4,0.19047619047619047,0.2857142857142857,0.5238095238095238,0.6666666666666666,4.666666666666667,441313442143423223123
585,5,0.3333333333333333,0.38095238095238093,0.5238095238095238,0.6190476190476191,4.904761904761905,441313442143423223123
586,2,0.2857142857142857,0.23809523809523808,0.5238095238095238,0.7142857142857143,4.714285714285714,133442221334441144331
586,3,0.23809523809523808,0.23809523809523808,0.47619047619047616,0.6666666666666666,5.238095238095238,133442221334441144331
586,4,0.19047619047619047,0.19047619047619047,0.5238095238095238,0.5714285714285714,5.857142857142857,133442221334441144331
586,5,0.09523809523809523,0.0,0.2857142857142857,0.38095238095238093,8.047619047619047,133442221334441144331
587,2,0.2857142857142857,0.2857142857142857,0.6190476190476191,0.8095238095238095,3.5238095238095237,443414114131333242331
587,3,0.19047619047619047,0.23809523809523808,0.5714285714285714,0.6666666666666666,4.190476190476191,443414114131333242331
587,4,0.14285714285714285,0.14285714285714285,0.5238095238095238,0.6666666666666666,5.142857142857143,443414114131333242331
587,5,0.19047619047619047,0.14285714285714285,0.2857142857142857,0.5238095238095238,6.809523809523809,443414114131333242331
588,2,0.2857142857142857,0.14285714285714285,0.47619047619047616,0.7142857142857143,4.0,321342223331311134141
588,3,0.2857142857142857,0.14285714285714285,0.6190476190476191,0.7142857142857143,4.190476190476191,321342223331311134141
588,4,0.2857142857142857,0.2857142857142857,0.5238095238095238,0.5714285714285714,4.666666666666667,321342223331311134141
588,5,0.14285714285714285,0.3333333333333333,0.42857142857142855,0.6666666666666666,5.857142857142857,321342223331311134141
589,2,0.14285714285714285,0.23809523809523808,0.42857142857142855,0.7142857142857143,5.238095238095238,111114312424444433341
589,3,0.19047619047619047,0.14285714285714285,0.6190476190476191,0.6190476190476191,5.380952380952381,111114312424444433341
589,4,0.23809523809523808,0.14285714285714285,0.47619047619047616,0.5714285714285714,5.761904761904762,111114312424444433341
589,5,0.14285714285714285,0.23809523809523808,0.2857142857142857,0.5238095238095238,6.857142857142857,111114312424444433341
590,2,0.2857142857142857,0.2857142857142857,0.5238095238095238,0.6666666666666666,4.476190476190476,424433233233413412214
590,3,0.23809523809523808,0.2857142857142857,0.5238095238095238,0.6666666666666666,4.761904761904762,424433233233413412214
590,4,0.19047619047619047,0.3333333333333333,0.47619047619047616,0.6190476190476191,5.285714285714286,424433233233413412214
590,5,0.19047619047619047,0.19047619047619047,0.38095238095238093,0.42857142857142855,6.0476190476190474,424433233233413412214
591,2,0.3333333333333333,0.38095238095238093,0.6666666666666666,0.9047619047619048,3.0,434321334241244324222
591,3,0.2857142857142857,0.2857142857142857,0.6666666666666666,0.9047619047619048,3.238095238095238,434321334241244324222
591,4,0.3333333333333333,0.3333333333333333,0.5238095238095238,0.6666666666666666,4.095238095238095,434321334241244324222
591,5,0.38095238095238093,0.19047619047619047,0.5714285714285714,0.5714285714285714,5.380952380952381,434321334241244324222
592,2,0.3333333333333333,0.09523809523809523,0.6666666666666666,0.7142857142857143,3.8095238095238093,343233423233232212124
592,3,0.19047619047619047,0.3333333333333333,0.5714285714285714,0.6190476190476191,4.714285714285714,343233423233232212124
592,4,0.19047619047619047,0.3333333333333333,0.3333333333333333,0.5238095238095238,5.428571428571429,343233423233232212124
592,5,0.23809523809523808,0.23809523809523808,0.38095238095238093,0.42857142857142855,6.428571428571429,343233423233232212124
593,2,0.2857142857142857,0.2857142857142857,0.6666666666666666,0.7619047619047619,3.9523809523809526,231333421342423442412
593,3,0.2857142857142857,0.19047619047619047,0.5714285714285714,0.6666666666666666,4.619047619047619,231333421342423442412
593,4,0.23809523809523808,0.38095238095238093,0.5238095238095238,0.6666666666666666,5.095238095238095,231333421342423442412
593,5,0.2857142857142857,0.23809523809523808,0.47619047619047616,0.5714285714285714,5.809523809523809,231333421342423442412
594,2,0.23809523809523808,0.3333333333333333,0.6190476190476191,0.7619047619047619,3.8095238095238093,421321411342124413311
594,3,0.23809523809523808,0.14285714285714285,0.6190476190476191,0.7142857142857143,4.523809523809524,421321411342124413311
594,4,0.19047619047619047,0.19047619047619047,0.47619047619047616,0.6666666666666666,5.380952380952381,421321411342124413311
594,5,0.19047619047619047,0.14285714285714285,0.42857142857142855,0.5238095238095238,6.476190476190476,421321411342124413311
595,2,0.3333333333333333,0.2857142857142857,0.6190476190476191,0.8095238095238095,3.5238095238095237,441332222243214244221
595,3,0.3333333333333333,0.19047619047619047,0.5238095238095238,0.7619047619047619,4.142857142857143,441332222243214244221
595,4,0.2857142857142857,0.3333333333333333,0.47619047619047616,0.6666666666666666,4.380952380952381,441332222243214244221
595,5,0.3333333333333333,0.23809523809523808,0.5714285714285714,0.5714285714285714,4.904761904761905,441332222243214244221
596,2,0.19047619047619047,0.23809523809523808,0.6190476190476191,0.7619047619047619,4.523809523809524,123434124423124341423
596,3,0.3333333333333333,0.19047619047619047,0.5238095238095238,0.6190476190476191,5.380952380952381,123434124423124341423
596,4,0.19047619047619047,0.38095238095238093,0.5238095238095238,0.6190476190476191,6.285714285714286,123434124423124341423
596,5,0.14285714285714285,0.19047619047619047,0.38095238095238093,0.6666666666666666,6.523809523809524,123434124423124341423
597,2,0.19047619047619047,0.19047619047619047,0.5238095238095238,0.5714285714285714,5.476190476190476,314423112334143324434
597,3,0.23809523809523808,0.2857142857142857,0.47619047619047616,0.5714285714285714,5.619047619047619,314423112334143324434
597,4,0.14285714285714285,0.09523809523809523,0.2857142857142857,0.5238095238095238,6.523809523809524,314423112334143324434
597,5,0.14285714285714285,0.14285714285714285,0.2857142857142857,0.42857142857142855,6.761904761904762,314423112334143324434
598,2,0.23809523809523808,0.23809523809523808,0.5238095238095238,0.7142857142857143,4.190476190476191,221314143434324444123
598,3,0.3333333333333333,0.38095238095238093,0.5238095238095238,0.6190476190476191,5.0,221314143434324444123
598,4,0.2857142857142857,0.2857142857142857,0.5238095238095238,0.6190476190476191,5.571428571428571,221314143434324444123
598,5,0.19047619047619047,0.3333333333333333,0.42857142857142855,0.6190476190476191,5.142857142857143,221314143434324444123
599,2,0.38095238095238093,0.38095238095238093,0.7142857142857143,0.8571428571428571,3.0476190476190474,231211442243114221432
599,3,0.38095238095238093,0.3333333333333333,0.7142857142857143,0.7619047619047619,3.761904761904762,231211442243114221432
599,4,0.3333333333333333,0.2857142857142857,0.5238095238095238,0.6190476190476191,4.666666666666667,231211442243114221432
599,5,0.19047619047619047,0.19047619047619047,0.38095238095238093,0.42857142857142855,6.523809523809524,231211442243114221432
600,2,0.14285714285714285,0.23809523809523808,0.6190476190476191,0.8095238095238095,4.523809523809524,141412114222224313343
600,3,0.14285714285714285,0.19047619047619047,0.6666666666666666,0.7142857142857143,5.0476190476190474,141412114222224313343
600,4,0.23809523809523808,0.19047619047619047,0.5238095238095238,0.6190476190476191,5.761904761904762,141412114222224313343
600,5,0.23809523809523808,0.23809523809523808,0.2857142857142857,0.47619047619047616,6.904761904761905,141412114222224313343
601,2,0.14285714285714285,0.19047619047619047,0.47619047619047616,0.6190476190476191,5.904761904761905,124213343314141414321
601,3,0.23809523809523808,0.14285714285714285,0.5238095238095238,0.7142857142857143,5.571428571428571,124213343314141414321
601,4,0.19047619047619047,0.09523809523809523,0.5238095238095238,0.6190476190476191,6.333333333333333,124213343314141414321
601,5,0.09523809523809523,0.047619047619047616,0.2857142857142857,0.47619047619047616,7.428571428571429,124213343314141414321
602,2,0.19047619047619047,0.19047619047619047,0.5238095238095238,0.7619047619047619,4.142857142857143,424311212131331241442
602,3,0.19047619047619047,0.19047619047619047,0.5714285714285714,0.8095238095238095,4.142857142857143,424311212131331241442
602,4,0.23809523809523808,0.14285714285714285,0.5238095238095238,0.6190476190476191,4.857142857142857,424311212131331241442
602,5,0.19047619047619047,0.047619047619047616,0.38095238095238093,0.42857142857142855,6.714285714285714,424311212131331241442
603,2,0.23809523809523808,0.2857142857142857,0.6666666666666666,0.8095238095238095,3.7142857142857144,424322334314222322321
603,3,0.23809523809523808,0.14285714285714285,0.6190476190476191,0.7619047619047619,4.095238095238095,424322334314222322321
603,4,0.19047619047619047,0.19047619047619047,0.47619047619047616,0.6190476190476191,4.809523809523809,424322334314222322321
603,5,0.2857142857142857,0.14285714285714285,0.47619047619047616,0.5714285714285714,5.380952380952381,424322334314222322321
604,2,0.5714285714285714,0.47619047619047616,0.8095238095238095,0.9047619047619048,2.0952380952380953,242224334442211412412
604,3,0.3333333333333333,0.47619047619047616,0.7142857142857143,0.8571428571428571,3.238095238095238,242224334442211412412
604,4,0.3333333333333333,0.3333333333333333,0.5714285714285714,0.7142857142857143,4.0,242224334442211412412
604,5,0.3333333333333333,0.38095238095238093,0.5714285714285714,0.6666666666666666,5.476190476190476,242224334442211412412
605,2,0.3333333333333333,0.42857142857142855,0.6666666666666666,0.9047619047619048,2.857142857142857,313442331421222422423
605,3,0.23809523809523808,0.3333333333333333,0.5714285714285714,0.7142857142857143,3.9047619047619047,313442331421222422423
605,4,0.23809523809523808,0.3333333333333333,0.5238095238095238,0.5714285714285714,4.809523809523809,313442331421222422423
605,5,0.2857142857142857,0.23809523809523808,0.42857142857142855,0.5238095238095238,6.0,313442331421222422423
606,2,0.3333333333333333,0.38095238095238093,0.5714285714285714,0.7142857142857143,4.285714285714286,433343343242411313322
606,3,0.19047619047619047,0.3333333333333333,0.5238095238095238,0.6666666666666666,4.9523809523809526,433343343242411313322
606,4,0.19047619047619047,0.2857142857142857,0.5714285714285714,0.6190476190476191,5.428571428571429,433343343242411313322
606,5,0.23809523809523808,0.14285714285714285,0.42857142857142855,0.42857142857142855,7.238095238095238,433343343242411313322
607,2,0.2857142857142857,0.42857142857142855,0.7142857142857143,0.8095238095238095,3.8095238095238093,142321121132314413444
607,3,0.3333333333333333,0.2857142857142857,0.6666666666666666,0.7142857142857143,4.571428571428571,142321121132314413444
607,4,0.3333333333333333,0.38095238095238093,0.5238095238095238,0.5714285714285714,5.428571428571429,142321121132314413444
607,5,0.23809523809523808,0.23809523809523808,0.5238095238095238,0.5714285714285714,6.0,142321121132314413444
608,2,0.38095238095238093,0.3333333333333333,0.6190476190476191,0.9047619047619048,3.0476190476190474,222342132121242212333
608,3,0.19047619047619047,0.2857142857142857,0.5238095238095238,0.8095238095238095,3.5238095238095237,222342132121242212333
608,4,0.3333333333333333,0.3333333333333333,0.6190476190476191,0.7142857142857143,4.0,222342132121242212333
608,5,0.2857142857142857,0.2857142857142857,0.3333333333333333,0.5238095238095238,5.476190476190476,222342132121242212333
609,2,0.23809523809523808,0.19047619047619047,0.5714285714285714,0.7619047619047619,4.095238095238095,242233141133134224342
609,3,0.23809523809523808,0.3333333333333333,0.6190476190476191,0.7142857142857143,4.238095238095238,242233141133134224342
609,4,0.14285714285714285,0.09523809523809523,0.3333333333333333,0.5714285714285714,5.9523809523809526,242233141133134224342
609,5,0.19047619047619047,0.09523809523809523,0.3333333333333333,0.42857142857142855,6.761904761904762,242233141133134224342
610,2,0.38095238095238093,0.38095238095238093,0.6666666666666666,0.9047619047619048,3.0,242321422411433122132
610,3,0.14285714285714285,0.19047619047619047,0.5714285714285714,0.8095238095238095,3.619047619047619,242321422411433122132
610,4,0.19047619047619047,0.14285714285714285,0.38095238095238093,0.6666666666666666,4.523809523809524,242321422411433122132
610,5,0.19047619047619047,0.38095238095238093,0.42857142857142855,0.6190476190476191,5.380952380952381,242321422411433122132
611,2,0.3333333333333333,0.3333333333333333,0.6666666666666666,0.9047619047619048,3.0952380952380953,234334421411344142424
611,3,0.3333333333333333,0.23809523809523808,0.6666666666666666,0.8095238095238095,3.5714285714285716,234334421411344142424
611,4,0.2857142857142857,0.38095238095238093,0.5238095238095238,0.6666666666666666,4.190476190476191,234334421411344142424
611,5,0.19047619047619047,0.14285714285714285,0.47619047619047616,0.6190476190476191,5.476190476190476,234334421411344142424
612,2,0.23809523809523808,0.2857142857142857,0.6190476190476191,0.7619047619047619,3.6666666666666665,241332333334233224433
612,3,0.19047619047619047,0.23809523809523808,0.5238095238095238,0.7142857142857143,4.809523809523809,241332333334233224433
612,4,0.19047619047619047,0.23809523809523808,0.3333333333333333,0.5238095238095238,5.619047619047619,241332333334233224433
612,5,0.19047619047619047,0.23809523809523808,0.3333333333333333,0.5238095238095238,6.0,241332333334233224433
613,2,0.47619047619047616,0.42857142857142855,0.5714285714285714,0.6666666666666666,4.285714285714286,213443412341412222223
613,3,0.3333333333333333,0.2857142857142857,0.5714285714285714,0.7142857142857143,4.0,213443412341412222223
613,4,0.23809523809523808,0.2857142857142857,0.47619047619047616,0.6190476190476191,4.761904761904762,213443412341412222223
613,5,0.2857142857142857,0.23809523809523808,0.5238095238095238,0.5238095238095238,5.904761904761905,213443412341412222223
614,2,0.19047619047619047,0.38095238095238093,0.5238095238095238,0.7619047619047619,4.0476190476190474,344311222132243444141
614,3,0.2857142857142857,0.23809523809523808,0.5714285714285714,0.7142857142857143,4.190476190476191,344311222132243444141
614,4,0.23809523809523808,0.14285714285714285,0.47619047619047616,0.6190476190476191,4.666666666666667,344311222132243444141
614,5,0.2857142857142857,0.14285714285714285,0.47619047619047616,0.5714285714285714,5.619047619047619,344311222132243444141
615,2,0.38095238095238093,0.19047619047619047,0.7619047619047619,0.8571428571428571,3.4285714285714284,322331344134112214444
615,3,0.23809523809523808,0.3333333333333333,0.6666666666666666,0.8095238095238095,4.142857142857143,322331344134112214444
615,4,0.23809523809523808,0.09523809523809523,0.5714285714285714,0.6666666666666666,4.761904761904762,322331344134112214444
615,5,0.23809523809523808,0.14285714285714285,0.47619047619047616,0.5238095238095238,6.380952380952381,322331344134112214444
616,2,0.38095238095238093,0.42857142857142855,0.7142857142857143,0.8571428571428571,3.4285714285714284,322234213443223244143
616,3,0.3333333333333333,0.19047619047619047,0.6666666666666666,0.7619047619047619,3.4285714285714284,322234213443223244143
616,4,0.14285714285714285,0.14285714285714285,0.5238095238095238,0.6666666666666666,4.523809523809524,322234213443223244143
616,5,0.23809523809523808,0.2857142857142857,0.42857142857142855,0.5714285714285714,6.0,322234213443223244143
617,2,0.2857142857142857,0.23809523809523808,0.5714285714285714,0.7619047619047619,4.333333333333333,232323413332131342111
617,3,0.2857142857142857,0.14285714285714285,0.42857142857142855,0.5714285714285714,5.285714285714286,232323413332131342111
617,4,0.19047619047619047,0.19047619047619047,0.42857142857142855,0.47619047619047616,6.523809523809524,232323413332131342111
617,5,0.14285714285714285,0.19047619047619047,0.38095238095238093,0.5238095238095238,6.904761904761905,232323413332131342111
618,2,0.3333333333333333,0.23809523809523808,0.6190476190476191,0.8095238095238095,3.5714285714285716,243341144314333424341
618,3,0.23809523809523808,0.23809523809523808,0.42857142857142855,0.7619047619047619,4.428571428571429,243341144314333424341
618,4,0.09523809523809523,0.19047619047619047,0.42857142857142855,0.6190476190476191,5.619047619047619,243341144314333424341
618,5,0.23809523809523808,0.14285714285714285,0.3333333333333333,0.5238095238095238,6.523809523809524,243341144314333424341
619,2,0.3333333333333333,0.38095238095238093,0.7619047619047619,0.8095238095238095,3.4761904761904763,242434432324231324342
619,3,0.19047619047619047,0.38095238095238093,0.6666666666666666,0.8095238095238095,3.5714285714285716,242434432324231324342
619,4,0.19047619047619047,0.23809523809523808,0.42857142857142855,0.6190476190476191,5.142857142857143,242434432324231324342
619,5,0.14285714285714285,0.19047619047619047,0.38095238095238093,0.5714285714285714,5.714285714285714,242434432324231324342
620,2,0.3333333333333333,0.2857142857142857,0.6190476190476191,0.8571428571428571,3.238095238095238,343121414123331323223
620,3,0.23809523809523808,0.23809523809523808,0.5714285714285714,0.6666666666666666,4.0,343121414123331323223
620,4,0.19047619047619047,0.09523809523809523,0.47619047619047616,0.5238095238095238,5.190476190476191,343121414123331323223
620,5,0.23809523809523808,0.14285714285714285,0.42857142857142855,0.5714285714285714,6.285714285714286,343121414123331323223
621,2,0.2857142857142857,0.14285714285714285,0.47619047619047616,0.7142857142857143,4.619047619047619,131332323322131432241
621,3,0.2857142857142857,0.19047619047619047,0.5714285714285714,0.6666666666666666,5.0476190476190474,131332323322131432241
621,4,0.2857142857142857,0.19047619047619047,0.47619047619047616,0.5714285714285714,6.142857142857143,131332323322131432241
621,5,0.19047619047619047,0.3333333333333333,0.38095238095238093,0.5714285714285714,7.095238095238095,131332323322131432241
622,2,0.2857142857142857,0.23809523809523808,0.5714285714285714,0.7142857142857143,3.9047619047619047,333231412432334432214
622,3,0.19047619047619047,0.09523809523809523,0.5714285714285714,0.7142857142857143,4.428571428571429,333231412432334432214
622,4,0.14285714285714285,0.09523809523809523,0.3333333333333333,0.5714285714285714,5.619047619047619,333231412432334432214
622,5,0.14285714285714285,0.09523809523809523,0.23809523809523808,0.42857142857142855,8.142857142857142,333231412432334432214
623,2,0.3333333333333333,0.2857142857142857,0.7142857142857143,0.9047619047619048,3.0,231422341421142134342
623,3,0.19047619047619047,0.19047619047619047,0.6190476190476191,0.8095238095238095,4.095238095238095,231422341421142134342
623,4,0.14285714285714285,0.2857142857142857,0.5238095238095238,0.6666666666666666,5.190476190476191,231422341421142134342
623,5,0.09523809523809523,0.19047619047619047,0.3333333333333333,0.38095238095238093,7.142857142857143,231422341421142134342
624,2,0.38095238095238093,0.23809523809523808,0.6190476190476191,0.7142857142857143,4.666666666666667,213243232414212144444
624,3,0.3333333333333333,0.38095238095238093,0.5714285714285714,0.6666666666666666,4.476190476190476,213243232414212144444
624,4,0.3333333333333333,0.23809523809523808,0.42857142857142855,0.5714285714285714,5.190476190476191,213243232414212144444
624,5,0.2857142857142857,0.2857142857142857,0.3333333333333333,0.5238095238095238,6.333333333333333,213243232414212144444
625,2,0.3333333333333333,0.2857142857142857,0.5714285714285714,0.7142857142857143,4.333333333333333,213231114332423423223
625,3,0.3333333333333333,0.3333333333333333,0.5238095238095238,0.6190476190476191,5.0,213231114332423423223
625,4,0.14285714285714285,0.14285714285714285,0.42857142857142855,0.5238095238095238,6.0476190476190474,213231114332423423223
625,5,0.23809523809523808,0.19047619047619047,0.47619047619047616,0.47619047619047616,6.285714285714286,213231114332423423223
626,2,0.38095238095238093,0.2857142857142857,0.6190476190476191,0.7619047619047619,3.5238095238095237,213422243323211434112
626,3,0.2857142857142857,0.2857142857142857,0.5714285714285714,0.7142857142857143,3.9047619047619047,213422243323211434112
626,4,0.23809523809523808,0.23809523809523808,0.47619047619047616,0.5238095238095238,5.238095238095238,213422243323211434112
626,5,0.23809523809523808,0.2857142857142857,0.38095238095238093,0.5238095238095238,6.285714285714286,213422243323211434112
627,2,0.42857142857142855,0.38095238095238093,0.6666666666666666,0.8095238095238095,3.5714285714285716,212232432334422412214
627,3,0.19047619047619047,0.19047619047619047,0.6190476190476191,0.6666666666666666,4.428571428571429,212232432334422412214
627,4,0.19047619047619047,0.23809523809523808,0.47619047619047616,0.5714285714285714,5.0476190476190474,212232432334422412214
627,5,0.2857142857142857,0.38095238095238093,0.47619047619047616,0.5714285714285714,5.666666666666667,212232432334422412214
628,2,0.38095238095238093,0.3333333333333333,0.6666666666666666,0.8571428571428571,2.8095238095238093,431342341113431441441
628,3,0.2857142857142857,0.19047619047619047,0.6190476190476191,0.7619047619047619,4.0476190476190474,431342341113431441441
628,4,0.14285714285714285,0.19047619047619047,0.5238095238095238,0.6666666666666666,4.761904761904762,431342341113431441441
628,5,0.047619047619047616,0.09523809523809523,0.42857142857142855,0.5238095238095238,6.0476190476190474,431342341113431441441
629,2,0.19047619047619047,0.23809523809523808,0.42857142857142855,0.5238095238095238,5.9523809523809526,114211213334112123431
629,3,0.23809523809523808,0.23809523809523808,0.5238095238095238,0.6190476190476191,5.714285714285714,114211213334112123431
629,4,0.23809523809523808,0.14285714285714285,0.38095238095238093,0.5714285714285714,6.380952380952381,114211213334112123431
629,5,0.09523809523809523,0.14285714285714285,0.38095238095238093,0.47619047619047616,7.0476190476190474,114211213334112123431
630,2,0.23809523809523808,0.2857142857142857,0.7142857142857143,0.8571428571428571,3.4285714285714284,221342244412422334442
630,3,0.19047619047619047,0.047619047619047616,0.5238095238095238,0.6666666666666666,4.809523809523809,221342244412422334442
630,4,0.3333333333333333,0.14285714285714285,0.47619047619047616,0.5714285714285714,5.476190476190476,221342244412422334442
630,5,0.23809523809523808,0.14285714285714285,0.3333333333333333,0.5238095238095238,6.428571428571429,221342244412422334442
631,2,0.19047619047619047,0.19047619047619047,0.5714285714285714,0.8095238095238095,3.5714285714285716,421411312233222443432
631,3,0.3333333333333333,0.38095238095238093,0.7142857142857143,0.7142857142857143,3.7142857142857144,421411312233222443432
631,4,0.23809523809523808,0.14285714285714285,0.5714285714285714,0.7142857142857143,4.095238095238095,421411312233222443432
631,5,0.23809523809523808,0.19047619047619047,0.38095238095238093,0.47619047619047616,5.285714285714286,421411312233222443432
632,2,0.38095238095238093,0.3333333333333333,0.7142857142857143,0.8571428571428571,3.4761904761904763,122432134221231231144
632,3,0.2857142857142857,0.3333333333333333,0.6190476190476191,0.8095238095238095,4.0,122432134221231231144
632,4,0.2857142857142857,0.09523809523809523,0.5238095238095238,0.6190476190476191,5.095238095238095,122432134221231231144
632,5,0.14285714285714285,0.047619047619047616,0.3333333333333333,0.47619047619047616,7.285714285714286,122432134221231231144
633,2,0.09523809523809523,0.23809523809523808,0.5714285714285714,0.8095238095238095,4.285714285714286,112314321132421123321
633,3,0.2857142857142857,0.2857142857142857,0.5238095238095238,0.7142857142857143,5.0476190476190474,112314321132421123321
633,4,0.23809523809523808,0.19047619047619047,0.5238095238095238,0.6190476190476191,5.523809523809524,112314321132421123321
633,5,0.2857142857142857,0.2857142857142857,0.5238095238095238,0.6666666666666666,5.571428571428571,112314321132421123321
634,2,0.2857142857142857,0.23809523809523808,0.7142857142857143,0.8571428571428571,4.142857142857143,112221321314324213444
634,3,0.23809523809523808,0.19047619047619047,0.6190476190476191,0.9047619047619048,4.190476190476191,112221321314324213444
634,4,0.2857142857142857,0.19047619047619047,0.5238095238095238,0.5714285714285714,5.095238095238095,112221321314324213444
634,5,0.23809523809523808,0.23809523809523808,0.38095238095238093,0.47619047619047616,7.0476190476190474,112221321314324213444
635,2,0.2857142857142857,0.3333333333333333,0.5714285714285714,0.8571428571428571,3.5238095238095237,424411443142323132321
635,3,0.14285714285714285,0.19047619047619047,0.7142857142857143,0.8095238095238095,3.7142857142857144,424411443142323132321
635,4,0.14285714285714285,0.23809523809523808,0.5714285714285714,0.6666666666666666,4.523809523809524,424411443142323132321
635,5,0.19047619047619047,0.2857142857142857,0.38095238095238093,0.5238095238095238,5.809523809523809,424411443142323132321
636,2,0.14285714285714285,0.14285714285714285,0.6666666666666666,0.7619047619047619,4.9523809523809526,124242131424122311313
636,3,0.14285714285714285,0.14285714285714285,0.5238095238095238,0.6666666666666666,5.714285714285714,124242131424122311313
636,4,0.23809523809523808,0.19047619047619047,0.47619047619047616,0.5238095238095238,6.333333333333333,124242131424122311313
636,5,0.19047619047619047,0.09523809523809523,0.23809523809523808,0.38095238095238093,7.809523809523809,124242131424122311313
637,2,0.23809523809523808,0.2857142857142857,0.7142857142857143,0.7619047619047619,4.285714285714286,123224121423114313111
637,3,0.42857142857142855,0.3333333333333333,0.6190476190476191,0.6190476190476191,5.0476190476190474,123224121423114313111
637,4,0.3333333333333333,0.2857142857142857,0.47619047619047616,0.5238095238095238,6.333333333333333,123224121423114313111
637,5,0.19047619047619047,0.23809523809523808,0.2857142857142857,0.5238095238095238,7.238095238095238,123224121423114313111
638,2,0.3333333333333333,0.19047619047619047,0.5714285714285714,0.8095238095238095,3.7142857142857144,231322414243421311321
638,3,0.19047619047619047,0.09523809523809523,0.5714285714285714,0.7142857142857143,4.666666666666667,231322414243421311321
638,4,0.19047619047619047,0.09523809523809523,0.5238095238095238,0.6190476190476191,5.333333333333333,231322414243421311321
638,5,0.19047619047619047,0.14285714285714285,0.47619047619047616,0.5238095238095238,5.9523809523809526,231322414243421311321
639,2,0.3333333333333333,0.2857142857142857,0.6666666666666666,0.7619047619047619,4.0476190476190474,242233411221432341322
639,3,0.19047619047619047,0.14285714285714285,0.6190476190476191,0.7619047619047619,4.095238095238095,242233411221432341322
639,4,0.09523809523809523,0.047619047619047616,0.42857142857142855,0.6190476190476191,5.571428571428571,242233411221432341322
639,5,0.14285714285714285,0.0,0.38095238095238093,0.42857142857142855,6.476190476190476,242233411221432341322
640,2,0.38095238095238093,0.23809523809523808,0.5238095238095238,0.8095238095238095,4.333333333333333,223333242441414244243
640,3,0.3333333333333333,0.47619047619047616,0.5714285714285714,0.7142857142857143,4.095238095238095,223333242441414244243
640,4,0.23809523809523808,0.23809523809523808,0.47619047619047616,0.6666666666666666,4.857142857142857,223333242441414244243
640,5,0.2857142857142857,0.2857142857142857,0.38095238095238093,0.47619047619047616,6.904761904761905,223333242441414244243
641,2,0.3333333333333333,0.23809523809523808,0.6190476190476191,0.8095238095238095,4.0476190476190474,143221134431241332244
641,3,0.23809523809523808,0.42857142857142855,0.47619047619047616,0.6190476190476191,5.0476190476190474,143221134431241332244
641,4,0.23809523809523808,0.19047619047619047,0.47619047619047616,0.47619047619047616,6.285714285714286,143221134431241332244
641,5,0.23809523809523808,0.19047619047619047,0.47619047619047616,0.5238095238095238,6.666666666666667,143221134431241332244
642,2,0.5238095238095238,0.47619047619047616,0.8095238095238095,0.8571428571428571,3.0,132344421211414242241
642,3,0.38095238095238093,0.42857142857142855,0.6666666666666666,0.8571428571428571,3.5714285714285716,132344421211414242241
642,4,0.2857142857142857,0.3333333333333333,0.5714285714285714,0.7619047619047619,4.619047619047619,132344421211414242241
642,5,0.19047619047619047,0.2857142857142857,0.47619047619047616,0.6190476190476191,6.380952380952381,132344421211414242241
643,2,0.38095238095238093,0.3333333333333333,0.6666666666666666,0.7619047619047619,3.7142857142857144,231442143223424413423
643,3,0.23809523809523808,0.38095238095238093,0.5238095238095238,0.6666666666666666,4.476190476190476,231442143223424413423
643,4,0.14285714285714285,0.2857142857142857,0.5238095238095238,0.5714285714285714,5.571428571428571,231442143223424413423
643,5,0.19047619047619047,0.09523809523809523,0.23809523809523808,0.42857142857142855,6.428571428571429,231442143223424413423
644,2,0.3333333333333333,0.38095238095238093,0.6666666666666666,0.8095238095238095,3.8095238095238093,143344333222214343113
644,3,0.38095238095238093,0.42857142857142855,0.5238095238095238,0.6666666666666666,4.857142857142857,143344333222214343113
644,4,0.2857142857142857,0.38095238095238093,0.47619047619047616,0.5714285714285714,5.666666666666667,143344333222214343113
644,5,0.2857142857142857,0.23809523809523808,0.38095238095238093,0.5238095238095238,6.9523809523809526,143344333222214343113
645,2,0.38095238095238093,0.38095238095238093,0.6190476190476191,0.8095238095238095,3.4285714285714284,341342233142231423123
645,3,0.3333333333333333,0.42857142857142855,0.5238095238095238,0.6666666666666666,4.714285714285714,341342233142231423123
645,4,0.23809523809523808,0.19047619047619047,0.42857142857142855,0.5238095238095238,5.476190476190476,341342233142231423123
645,5,0.2857142857142857,0.38095238095238093,0.47619047619047616,0.6190476190476191,5.904761904761905,341342233142231423123
646,2,0.3333333333333333,0.42857142857142855,0.6666666666666666,0.8095238095238095,3.4285714285714284,221144141233313243221
646,3,0.2857142857142857,0.14285714285714285,0.5238095238095238,0.6190476190476191,4.571428571428571,221144141233313243221
646,4,0.2857142857142857,0.14285714285714285,0.5238095238095238,0.5714285714285714,5.285714285714286,221144141233313243221
646,5,0.14285714285714285,0.09523809523809523,0.3333333333333333,0.47619047619047616,6.190476190476191,221144141233313243221
647,2,0.3333333333333333,0.3333333333333333,0.6190476190476191,0.8095238095238095,3.238095238095238,233111333132231414111
647,3,0.3333333333333333,0.2857142857142857,0.47619047619047616,0.5714285714285714,4.190476190476191,233111333132231414111
647,4,0.3333333333333333,0.3333333333333333,0.42857142857142855,0.47619047619047616,5.714285714285714,233111333132231414111
647,5,0.14285714285714285,0.19047619047619047,0.2857142857142857,0.38095238095238093,7.857142857142857,233111333132231414111
648,2,0.2857142857142857,0.23809523809523808,0.7142857142857143,0.8095238095238095,3.761904761904762,312232232424412421332
648,3,0.19047619047619047,0.2857142857142857,0.7142857142857143,0.7142857142857143,4.380952380952381,312232232424412421332
648,4,0.19047619047619047,0.19047619047619047,0.47619047619047616,0.6190476190476191,4.904761904761905,312232232424412421332
648,5,0.23809523809523808,0.23809523809523808,0.42857142857142855,0.5714285714285714,6.142857142857143,312232232424412421332
649,2,0.23809523809523808,0.2857142857142857,0.5238095238095238,0.7142857142857143,4.666666666666667,114114312112344221413
649,3,0.23809523809523808,0.2857142857142857,0.5714285714285714,0.7142857142857143,4.761904761904762,114114312112344221413
649,4,0.23809523809523808,0.19047619047619047,0.47619047619047616,0.6190476190476191,5.190476190476191,114114312112344221413
649,5,0.19047619047619047,0.047619047619047616,0.2857142857142857,0.3333333333333333,7.857142857142857,114114312112344221413
650,2,0.2857142857142857,0.38095238095238093,0.42857142857142855,0.8095238095238095,3.9047619047619047,444141222431221112314
650,3,0.19047619047619047,0.19047619047619047,0.47619047619047616,0.6666666666666666,4.857142857142857,444141222431221112314
650,4,0.23809523809523808,0.19047619047619047,0.38095238095238093,0.5714285714285714,5.285714285714286,444141222431221112314
650,5,0.14285714285714285,0.14285714285714285,0.38095238095238093,0.42857142857142855,6.904761904761905,444141222431221112314
651,2,0.42857142857142855,0.3333333333333333,0.5714285714285714,0.7142857142857143,4.190476190476191,144114313241434412414
651,3,0.3333333333333333,0.19047619047619047,0.5714285714285714,0.6666666666666666,4.476190476190476,144114313241434412414
651,4,0.23809523809523808,0.2857142857142857,0.47619047619047616,0.6190476190476191,5.666666666666667,144114313241434412414
651,5,0.19047619047619047,0.19047619047619047,0.3333333333333333,0.42857142857142855,7.238095238095238,144114313241434412414
652,2,0.38095238095238093,0.5238095238095238,0.6666666666666666,0.9047619047619048,3.0,322112244143244431241
652,3,0.42857142857142855,0.2857142857142857,0.6666666666666666,0.7619047619047619,3.0952380952380953,322112244143244431241
652,4,0.3333333333333333,0.2857142857142857,0.5714285714285714,0.6666666666666666,3.857142857142857,322112244143244431241
652,5,0.23809523809523808,0.23809523809523808,0.47619047619047616,0.6666666666666666,5.619047619047619,322112244143244431241
653,2,0.14285714285714285,0.19047619047619047,0.6190476190476191,0.8095238095238095,3.4761904761904763,224132122231242334313
653,3,0.14285714285714285,0.047619047619047616,0.42857142857142855,0.7619047619047619,4.380952380952381,224132122231242334313
653,4,0.19047619047619047,0.19047619047619047,0.38095238095238093,0.5238095238095238,5.714285714285714,224132122231242334313
653,5,0.19047619047619047,0.19047619047619047,0.2857142857142857,0.42857142857142855,6.714285714285714,224132122231242334313
654,2,0.42857142857142855,0.42857142857142855,0.6666666666666666,0.8571428571428571,3.5238095238095237,222333234213313124444
654,3,0.2857142857142857,0.5238095238095238,0.6666666666666666,0.8571428571428571,3.5238095238095237,222333234213313124444
654,4,0.23809523809523808,0.3333333333333333,0.5238095238095238,0.7142857142857143,4.0,222333234213313124444
654,5,0.38095238095238093,0.19047619047619047,0.47619047619047616,0.6190476190476191,4.9523809523809526,222333234213313124444
655,2,0.23809523809523808,0.14285714285714285,0.42857142857142855,0.8095238095238095,3.9523809523809526,421141223323231434213
655,3,0.2857142857142857,0.19047619047619047,0.47619047619047616,0.7142857142857143,4.476190476190476,421141223323231434213
655,4,0.23809523809523808,0.19047619047619047,0.42857142857142855,0.5238095238095238,5.666666666666667,421141223323231434213
655,5,0.09523809523809523,0.19047619047619047,0.38095238095238093,0.5238095238095238,6.428571428571429,421141223323231434213
656,2,0.3333333333333333,0.3333333333333333,0.5714285714285714,0.9047619047619048,3.380952380952381,413214324443114441243
656,3,0.42857142857142855,0.38095238095238093,0.7142857142857143,0.7619047619047619,3.5238095238095237,413214324443114441243
656,4,0.3333333333333333,0.2857142857142857,0.6666666666666666,0.7619047619047619,4.190476190476191,413214324443114441243
656,5,0.3333333333333333,0.38095238095238093,0.5714285714285714,0.7619047619047619,5.0476190476190474,413214324443114441243
657,2,0.23809523809523808,0.2857142857142857,0.5714285714285714,0.7142857142857143,4.523809523809524,224234213324232143113
657,3,0.23809523809523808,0.23809523809523808,0.5714285714285714,0.7142857142857143,4.333333333333333,224234213324232143113
657,4,0.14285714285714285,0.19047619047619047,0.47619047619047616,0.5714285714285714,5.190476190476191,224234213324232143113
657,5,0.19047619047619047,0.09523809523809523,0.2857142857142857,0.38095238095238093,6.619047619047619,224234213324232143113
658,2,0.2857142857142857,0.3333333333333333,0.5714285714285714,0.8095238095238095,3.380952380952381,441232334333243144314
658,3,0.2857142857142857,0.23809523809523808,0.5714285714285714,0.7142857142857143,4.380952380952381,441232334333243144314
658,4,0.19047619047619047,0.19047619047619047,0.42857142857142855,0.7142857142857143,4.714285714285714,441232334333243144314
658,5,0.14285714285714285,0.19047619047619047,0.42857142857142855,0.5238095238095238,5.571428571428571,441232334333243144314
659,2,0.2857142857142857,0.19047619047619047,0.5714285714285714,0.8095238095238095,4.761904761904762,114331241144333144344
659,3,0.19047619047619047,0.23809523809523808,0.5714285714285714,0.7142857142857143,5.095238095238095,114331241144333144344
659,4,0.09523809523809523,0.09523809523809523,0.42857142857142855,0.6666666666666666,5.761904761904762,114331241144333144344
659,5,0.19047619047619047,0.19047619047619047,0.38095238095238093,0.42857142857142855,7.095238095238095,114331241144333144344
660,2,0.3333333333333333,0.2857142857142857,0.6666666666666666,0.7619047619047619,3.8095238095238093,322243432333314211441
660,3,0.2857142857142857,0.19047619047619047,0.5714285714285714,0.8095238095238095,3.6666666666666665,322243432333314211441
660,4,0.23809523809523808,0.19047619047619047,0.47619047619047616,0.7142857142857143,4.333333333333333,322243432333314211441
660,5,0.09523809523809523,0.09523809523809523,0.3333333333333333,0.5238095238095238,6.333333333333333,322243432333314211441
661,2,0.23809523809523808,0.23809523809523808,0.5238095238095238,0.6666666666666666,4.9523809523809526,123243332433431111141
661,3,0.2857142857142857,0.3333333333333333,0.47619047619047616,0.6190476190476191,5.238095238095238,123243332433431111141
661,4,0.2857142857142857,0.23809523809523808,0.42857142857142855,0.6190476190476191,5.857142857142857,123243332433431111141
661,5,0.14285714285714285,0.2857142857142857,0.3333333333333333,0.42857142857142855,7.238095238095238,123243332433431111141
662,2,0.38095238095238093,0.23809523809523808,0.6666666666666666,0.7619047619047619,4.095238095238095,433323413241114211434
662,3,0.2857142857142857,0.2857142857142857,0.5714285714285714,0.6666666666666666,4.142857142857143,433323413241114211434
662,4,0.19047619047619047,0.14285714285714285,0.42857142857142855,0.6190476190476191,5.523809523809524,433323413241114211434
662,5,0.23809523809523808,0.14285714285714285,0.42857142857142855,0.5714285714285714,7.238095238095238,433323413241114211434
663,2,0.38095238095238093,0.09523809523809523,0.5714285714285714,0.8095238095238095,3.238095238095238,223124144433344133444
663,3,0.2857142857142857,0.19047619047619047,0.5714285714285714,0.6666666666666666,4.238095238095238,223124144433344133444
663,4,0.23809523809523808,0.23809523809523808,0.5238095238095238,0.7142857142857143,5.190476190476191,223124144433344133444
663,5,0.19047619047619047,0.09523809523809523,0.3333333333333333,0.5714285714285714,6.142857142857143,223124144433344133444
664,2,0.3333333333333333,0.42857142857142855,0.7619047619047619,0.8571428571428571,3.4761904761904763,342331342422142142424
664,3,0.19047619047619047,0.3333333333333333,0.6666666666666666,0.7619047619047619,4.238095238095238,342331342422142142424
664,4,0.14285714285714285,0.09523809523809523,0.47619047619047616,0.6190476190476191,5.0,342331342422142142424
664,5,0.23809523809523808,0.2857142857142857,0.47619047619047616,0.6190476190476191,6.190476190476191,342331342422142142424
665,2,0.5238095238095238,0.3333333333333333,0.7619047619047619,0.8095238095238095,3.619047619047619,142124421244341431213
665,3,0.42857142857142855,0.23809523809523808,0.6190476190476191,0.7619047619047619,4.523809523809524,142124421244341431213
665,4,0.23809523809523808,0.19047619047619047,0.5238095238095238,0.6666666666666666,5.190476190476191,142124421244341431213
665,5,0.14285714285714285,0.14285714285714285,0.5238095238095238,0.6190476190476191,6.428571428571429,142124421244341431213
666,2,0.2857142857142857,0.42857142857142855,0.7619047619047619,0.8095238095238095,3.619047619047619,214243321313212232442
666,3,0.23809523809523808,0.23809523809523808,0.6666666666666666,0.8095238095238095,3.238095238095238,214243321313212232442
666,4,0.2857142857142857,0.19047619047619047,0.38095238095238093,0.6190476190476191,4.428571428571429,214243321313212232442
666,5,0.23809523809523808,0.19047619047619047,0.3333333333333333,0.5238095238095238,5.619047619047619,214243321313212232442
667,2,0.19047619047619047,0.14285714285714285,0.5238095238095238,0.7142857142857143,4.523809523809524,214434213131143121333
667,3,0.23809523809523808,0.09523809523809523,0.47619047619047616,0.6666666666666666,4.809523809523809,214434213131143121333
667,4,0.09523809523809523,0.047619047619047616,0.42857142857142855,0.5714285714285714,5.809523809523809,214434213131143121333
667,5,0.047619047619047616,0.09523809523809523,0.2857142857142857,0.5238095238095238,6.809523809523809,214434213131143121333
668,2,0.3333333333333333,0.2857142857142857,0.6666666666666666,0.8571428571428571,3.4761904761904763,434421324144234411421
668,3,0.3333333333333333,0.38095238095238093,0.7142857142857143,0.7619047619047619,3.7142857142857144,434421324144234411421
668,4,0.2857142857142857,0.2857142857142857,0.5238095238095238,0.7142857142857143,4.0,434421324144234411421
668,5,0.19047619047619047,0.14285714285714285,0.5238095238095238,0.5238095238095238,6.142857142857143,434421324144234411421
669,2,0.38095238095238093,0.5238095238095238,0.6666666666666666,0.9047619047619048,3.0952380952380953,433244234241232434332
669,3,0.19047619047619047,0.38095238095238093,0.5714285714285714,0.7619047619047619,3.8095238095238093,433244234241232434332
669,4,0.23809523809523808,0.19047619047619047,0.5714285714285714,0.6190476190476191,4.714285714285714,433244234241232434332
669,5,0.23809523809523808,0.23809523809523808,0.3333333333333333,0.47619047619047616,7.095238095238095,433244234241232434332
670,2,0.38095238095238093,0.2857142857142857,0.6190476190476191,0.8095238095238095,4.428571428571429,112424222111132323441
670,3,0.3333333333333333,0.42857142857142855,0.5714285714285714,0.6666666666666666,4.857142857142857,112424222111132323441
670,4,0.19047619047619047,0.23809523809523808,0.38095238095238093,0.6190476190476191,6.190476190476191,112424222111132323441
670,5,0.14285714285714285,0.19047619047619047,0.42857142857142855,0.47619047619047616,6.761904761904762,112424222111132323441
671,2,0.3333333333333333,0.23809523809523808,0.5714285714285714,0.9047619047619048,3.8095238095238093,131332341123342422333
671,3,0.19047619047619047,0.3333333333333333,0.5714285714285714,0.7619047619047619,4.619047619047619,131332341123342422333
671,4,0.09523809523809523,0.14285714285714285,0.5714285714285714,0.6190476190476191,5.0476190476190474,131332341123342422333
671,5,0.19047619047619047,0.19047619047619047,0.2857142857142857,0.47619047619047616,6.809523809523809,131332341123342422333
672,2,0.47619047619047616,0.47619047619047616,0.5714285714285714,0.7142857142857143,5.0,124412232224111441232
672,3,0.38095238095238093,0.42857142857142855,0.6190476190476191,0.7619047619047619,4.9523809523809526,124412232224111441232
672,4,0.2857142857142857,0.3333333333333333,0.5714285714285714,0.6666666666666666,5.380952380952381,124412232224111441232
672,5,0.23809523809523808,0.14285714285714285,0.42857142857142855,0.42857142857142855,7.285714285714286,124412232224111441232
673,2,0.38095238095238093,0.38095238095238093,0.6190476190476191,0.8095238095238095,3.5714285714285716,431142443341141434422
673,3,0.23809523809523808,0.19047619047619047,0.5238095238095238,0.7142857142857143,4.380952380952381,431142443341141434422
673,4,0.2857142857142857,0.23809523809523808,0.47619047619047616,0.6190476190476191,5.333333333333333,431142443341141434422
673,5,0.23809523809523808,0.23809523809523808,0.5714285714285714,0.6666666666666666,5.809523809523809,431142443341141434422
674,2,0.19047619047619047,0.2857142857142857,0.5238095238095238,0.7142857142857143,4.809523809523809,331143413433122213224
674,3,0.09523809523809523,0.14285714285714285,0.47619047619047616,0.6190476190476191,5.333333333333333,331143413433122213224
674,4,0.19047619047619047,0.09523809523809523,0.42857142857142855,0.47619047619047616,6.285714285714286,331143413433122213224
674,5,0.23809523809523808,0.14285714285714285,0.38095238095238093,0.5238095238095238,6.714285714285714,331143413433122213224
675,2,0.2857142857142857,0.42857142857142855,0.7619047619047619,0.9523809523809523,2.380952380952381,231134341241222131433
675,3,0.2857142857142857,0.2857142857142857,0.6666666666666666,0.7142857142857143,3.619047619047619,231134341241222131433
675,4,0.23809523809523808,0.2857142857142857,0.5238095238095238,0.6190476190476191,4.380952380952381,231134341241222131433
675,5,0.19047619047619047,0.19047619047619047,0.38095238095238093,0.47619047619047616,6.380952380952381,231134341241222131433
676,2,0.3333333333333333,0.3333333333333333,0.5714285714285714,0.8095238095238095,4.142857142857143,321143234223144332431
676,3,0.2857142857142857,0.3333333333333333,0.42857142857142855,0.6190476190476191,4.9523809523809526,321143234223144332431
676,4,0.19047619047619047,0.23809523809523808,0.47619047619047616,0.5238095238095238,6.0,321143234223144332431
676,5,0.19047619047619047,0.14285714285714285,0.2857142857142857,0.6190476190476191,6.476190476190476,321143234223144332431
677,2,0.2857142857142857,0.2857142857142857,0.6666666666666666,0.7619047619047619,4.0,412411111114121134211
677,3,0.23809523809523808,0.23809523809523808,0.5714285714285714,0.7619047619047619,4.428571428571429,412411111114121134211
677,4,0.2857142857142857,0.19047619047619047,0.47619047619047616,0.5714285714285714,5.666666666666667,412411111114121134211
677,5,0.19047619047619047,0.19047619047619047,0.42857142857142855,0.5714285714285714,6.238095238095238,412411111114121134211
678,2,0.19047619047619047,0.19047619047619047,0.5714285714285714,0.7142857142857143,4.9523809523809526,141311142424441221434
678,3,0.2857142857142857,0.38095238095238093,0.5238095238095238,0.6190476190476191,5.476190476190476,141311142424441221434
678,4,0.23809523809523808,0.19047619047619047,0.42857142857142855,0.5714285714285714,6.238095238095238,141311142424441221434
678,5,0.14285714285714285,0.047619047619047616,0.38095238095238093,0.5238095238095238,6.571428571428571,141311142424441221434
679,2,0.42857142857142855,0.23809523809523808,0.6666666666666666,0.8571428571428571,3.0,314222131141211331421
679,3,0.3333333333333333,0.23809523809523808,0.6190476190476191,0.6666666666666666,3.857142857142857,314222131141211331421
679,4,0.2857142857142857,0.19047619047619047,0.38095238095238093,0.42857142857142855,5.142857142857143,314222131141211331421
679,5,0.23809523809523808,0.14285714285714285,0.47619047619047616,0.47619047619047616,6.0,314222131141211331421
680,2,0.3333333333333333,0.3333333333333333,0.5714285714285714,0.8095238095238095,3.619047619047619,433231323124333111213
680,3,0.23809523809523808,0.2857142857142857,0.5714285714285714,0.7142857142857143,4.238095238095238,433231323124333111213
680,4,0.2857142857142857,0.2857142857142857,0.5714285714285714,0.6666666666666666,4.9523809523809526,433231323124333111213
680,5,0.09523809523809523,0.19047619047619047,0.38095238095238093,0.47619047619047616,7.333333333333333,433231323124333111213
681,2,0.38095238095238093,0.42857142857142855,0.6666666666666666,0.7142857142857143,3.9047619047619047,234314414434312423233
681,3,0.2857142857142857,0.19047619047619047,0.6190476190476191,0.8095238095238095,3.9047619047619047,234314414434312423233
681,4,0.3333333333333333,0.3333333333333333,0.6190476190476191,0.7142857142857143,4.190476190476191,234314414434312423233
681,5,0.2857142857142857,0.19047619047619047,0.38095238095238093,0.6190476190476191,5.761904761904762,234314414434312423233
682,2,0.47619047619047616,0.23809523809523808,0.6190476190476191,0.7619047619047619,3.6666666666666665,412424133234132331414
682,3,0.2857142857142857,0.19047619047619047,0.47619047619047616,0.6190476190476191,5.285714285714286,412424133234132331414
682,4,0.23809523809523808,0.14285714285714285,0.3333333333333333,0.47619047619047616,6.809523809523809,412424133234132331414
682,5,0.14285714285714285,0.047619047619047616,0.3333333333333333,0.5238095238095238,6.428571428571429,412424133234132331414
683,2,0.2857142857142857,0.23809523809523808,0.6190476190476191,0.7619047619047619,4.142857142857143,244334412124221224223
683,3,0.23809523809523808,0.19047619047619047,0.6190476190476191,0.8571428571428571,3.8095238095238093,244334412124221224223
683,4,0.19047619047619047,0.23809523809523808,0.47619047619047616,0.6190476190476191,4.523809523809524,244334412124221224223
683,5,0.2857142857142857,0.09523809523809523,0.42857142857142855,0.6190476190476191,5.523809523809524,244334412124221224223
684,2,0.2857142857142857,0.2857142857142857,0.6666666666666666,0.8571428571428571,3.619047619047619,422134232421413211142
684,3,0.19047619047619047,0.2857142857142857,0.5714285714285714,0.8095238095238095,4.0,422134232421413211142
684,4,0.38095238095238093,0.23809523809523808,0.6190476190476191,0.7142857142857143,4.0,422134232421413211142
684,5,0.23809523809523808,0.14285714285714285,0.38095238095238093,0.5714285714285714,6.095238095238095,422134232421413211142
685,2,0.23809523809523808,0.14285714285714285,0.5238095238095238,0.8095238095238095,4.0476190476190474,411423432412244113443
685,3,0.3333333333333333,0.09523809523809523,0.5714285714285714,0.7142857142857143,4.190476190476191,411423432412244113443
685,4,0.3333333333333333,0.23809523809523808,0.42857142857142855,0.7142857142857143,4.619047619047619,411423432412244113443
685,5,0.23809523809523808,0.23809523809523808,0.47619047619047616,0.6190476190476191,5.238095238095238,411423432412244113443
686,2,0.38095238095238093,0.19047619047619047,0.6190476190476191,0.7619047619047619,4.571428571428571,132413122123321231441
686,3,0.3333333333333333,0.19047619047619047,0.7142857142857143,0.7619047619047619,3.857142857142857,132413122123321231441
686,4,0.23809523809523808,0.19047619047619047,0.5714285714285714,0.7142857142857143,4.857142857142857,132413122123321231441
686,5,0.19047619047619047,0.14285714285714285,0.42857142857142855,0.5714285714285714,6.476190476190476,132413122123321231441
687,2,0.3333333333333333,0.23809523809523808,0.5238095238095238,0.8095238095238095,3.9047619047619047,314224444332143331324
687,3,0.23809523809523808,0.14285714285714285,0.5238095238095238,0.6190476190476191,5.0,314224444332143331324
687,4,0.14285714285714285,0.09523809523809523,0.38095238095238093,0.5238095238095238,5.809523809523809,314224444332143331324
687,5,0.14285714285714285,0.14285714285714285,0.42857142857142855,0.47619047619047616,6.666666666666667,314224444332143331324
688,2,0.3333333333333333,0.2857142857142857,0.7142857142857143,0.8095238095238095,3.238095238095238,341224311312344211442
688,3,0.19047619047619047,0.23809523809523808,0.6190476190476191,0.8095238095238095,3.857142857142857,341224311312344211442
688,4,0.23809523809523808,0.047619047619047616,0.5238095238095238,0.6190476190476191,4.285714285714286,341224311312344211442
688,5,0.19047619047619047,0.14285714285714285,0.2857142857142857,0.47619047619047616,6.619047619047619,341224311312344211442
689,2,0.3333333333333333,0.3333333333333333,0.5714285714285714,0.8095238095238095,3.5238095238095237,431142344132413424421
689,3,0.38095238095238093,0.14285714285714285,0.6190476190476191,0.6666666666666666,4.380952380952381,431142344132413424421
689,4,0.19047619047619047,0.3333333333333333,0.5714285714285714,0.6666666666666666,4.9523809523809526,431142344132413424421
689,5,0.14285714285714285,0.047619047619047616,0.42857142857142855,0.5714285714285714,6.095238095238095,431142344132413424421
690,2,0.2857142857142857,0.14285714285714285,0.7142857142857143,0.8571428571428571,3.761904761904762,443142221124224341421
690,3,0.2857142857142857,0.14285714285714285,0.5238095238095238,0.6190476190476191,4.714285714285714,443142221124224341421
690,4,0.14285714285714285,0.14285714285714285,0.5238095238095238,0.5714285714285714,5.380952380952381,443142221124224341421
690,5,0.19047619047619047,0.047619047619047616,0.38095238095238093,0.5238095238095238,6.714285714285714,443142221124224341421
691,2,0.23809523809523808,0.09523809523809523,0.47619047619047616,0.8095238095238095,4.380952380952381,113132323433444224243
691,3,0.23809523809523808,0.2857142857142857,0.47619047619047616,0.6666666666666666,5.0476190476190474,113132323433444224243
691,4,0.2857142857142857,0.14285714285714285,0.42857142857142855,0.47619047619047616,6.0,113132323433444224243
691,5,0.23809523809523808,0.3333333333333333,0.38095238095238093,0.47619047619047616,6.619047619047619,113132323433444224243
692,2,0.3333333333333333,0.2857142857142857,0.5238095238095238,0.8095238095238095,3.6666666666666665,444412322413141132413
692,3,0.2857142857142857,0.2857142857142857,0.7619047619047619,0.7619047619047619,3.6666666666666665,444412322413141132413
692,4,0.2857142857142857,0.2857142857142857,0.5238095238095238,0.6666666666666666,4.9523809523809526,444412322413141132413
692,5,0.23809523809523808,0.2857142857142857,0.47619047619047616,0.6190476190476191,5.619047619047619,444412322413141132413
693,2,0.42857142857142855,0.3333333333333333,0.6190476190476191,0.7619047619047619,4.238095238095238,231243121233441422123
693,3,0.2857142857142857,0.3333333333333333,0.5238095238095238,0.6666666666666666,4.619047619047619,231243121233441422123
693,4,0.23809523809523808,0.23809523809523808,0.42857142857142855,0.5238095238095238,5.904761904761905,231243121233441422123
693,5,0.14285714285714285,0.23809523809523808,0.42857142857142855,0.5238095238095238,5.9523809523809526,231243121233441422123
694,2,0.42857142857142855,0.38095238095238093,0.6666666666666666,0.8095238095238095,3.2857142857142856,444411134412312131213
694,3,0.2857142857142857,0.2857142857142857,0.6666666666666666,0.8095238095238095,3.4285714285714284,444411134412312131213
694,4,0.38095238095238093,0.3333333333333333,0.5238095238095238,0.6190476190476191,4.714285714285714,444411134412312131213
694,5,0.2857142857142857,0.38095238095238093,0.5238095238095238,0.6190476190476191,5.571428571428571,444411134412312131213
695,2,0.3333333333333333,0.2857142857142857,0.5714285714285714,0.7142857142857143,4.476190476190476,222243132432414334324
695,3,0.23809523809523808,0.3333333333333333,0.38095238095238093,0.6190476190476191,5.476190476190476,222243132432414334324
695,4,0.19047619047619047,0.19047619047619047,0.3333333333333333,0.5238095238095238,6.285714285714286,222243132432414334324
695,5,0.14285714285714285,0.09523809523809523,0.3333333333333333,0.5238095238095238,6.285714285714286,222243132432414334324
696,2,0.23809523809523808,0.2857142857142857,0.6190476190476191,0.9047619047619048,3.380952380952381,314141331143423323242
696,3,0.23809523809523808,0.19047619047619047,0.6190476190476191,0.7619047619047619,3.6666666666666665,314141331143423323242
696,4,0.2857142857142857,0.09523809523809523,0.42857142857142855,0.5714285714285714,4.857142857142857,314141331143423323242
696,5,0.2857142857142857,0.42857142857142855,0.42857142857142855,0.5238095238095238,5.666666666666667,314141331143423323242
697,2,0.3333333333333333,0.2857142857142857,0.8095238095238095,0.9523809523809523,2.5714285714285716,224112341211221341343
697,3,0.19047619047619047,0.23809523809523808,0.6190476190476191,0.8095238095238095,3.4761904761904763,224112341211221341343
697,4,0.23809523809523808,0.09523809523809523,0.47619047619047616,0.6190476190476191,5.0,224112341211221341343
697,5,0.14285714285714285,0.047619047619047616,0.23809523809523808,0.3333333333333333,7.0476190476190474,224112341211221341343
698,2,0.3333333333333333,0.3333333333333333,0.6190476190476191,0.8095238095238095,3.4761904761904763,213441411133421341214
698,3,0.23809523809523808,0.19047619047619047,0.47619047619047616,0.5714285714285714,4.761904761904762,213441411133421341214
698,4,0.14285714285714285,0.0,0.42857142857142855,0.5238095238095238,5.809523809523809,213441411133421341214
698,5,0.14285714285714285,0.14285714285714285,0.3333333333333333,0.42857142857142855,6.380952380952381,213441411133421341214
699,2,0.5238095238095238,0.42857142857142855,0.6190476190476191,0.8571428571428571,2.8095238095238093,441424322223312441314
699,3,0.3333333333333333,0.42857142857142855,0.6190476190476191,0.8571428571428571,3.5714285714285716,441424322223312441314
699,4,0.23809523809523808,0.38095238095238093,0.6190476190476191,0.7142857142857143,3.9523809523809526,441424322223312441314
699,5,0.14285714285714285,0.19047619047619047,0.42857142857142855,0.5238095238095238,5.571428571428571,441424322223312441314
700,2,0.14285714285714285,0.19047619047619047,0.5238095238095238,0.7142857142857143,4.666666666666667,324143342334424324432
700,3,0.23809523809523808,0.19047619047619047,0.42857142857142855,0.6666666666666666,4.761904761904762,324143342334424324432
700,4,0.14285714285714285,0.09523809523809523,0.38095238095238093,0.5238095238095238,5.476190476190476,324143342334424324432
700,5,0.14285714285714285,0.09523809523809523,0.19047619047619047,0.38095238095238093,7.095238095238095,324143342334424324432
701,2,0.38095238095238093,0.38095238095238093,0.6666666666666666,0.8095238095238095,3.142857142857143,334234321331311433112
701,3,0.3333333333333333,0.19047619047619047,0.6666666666666666,0.8095238095238095,3.4285714285714284,334234321331311433112
701,4,0.3333333333333333,0.38095238095238093,0.5714285714285714,0.6190476190476191,4.190476190476191,334234321331311433112
701,5,0.14285714285714285,0.14285714285714285,0.38095238095238093,0.47619047619047616,6.761904761904762,334234321331311433112
702,2,0.42857142857142855,0.2857142857142857,0.7142857142857143,0.7619047619047619,3.9523809523809526,114214221221311432311
702,3,0.3333333333333333,0.23809523809523808,0.6190476190476191,0.7142857142857143,4.476190476190476,114214221221311432311
702,4,0.2857142857142857,0.23809523809523808,0.5238095238095238,0.5714285714285714,5.238095238095238,114214221221311432311
702,5,0.23809523809523808,0.23809523809523808,0.38095238095238093,0.42857142857142855,7.190476190476191,114214221221311432311
703,2,0.2857142857142857,0.19047619047619047,0.7142857142857143,0.8095238095238095,4.238095238095238,113311434214134212331
703,3,0.19047619047619047,0.19047619047619047,0.5238095238095238,0.6666666666666666,5.380952380952381,113311434214134212331
703,4,0.19047619047619047,0.3333333333333333,0.38095238095238093,0.5238095238095238,6.380952380952381,113311434214134212331
703,5,0.23809523809523808,0.23809523809523808,0.3333333333333333,0.5238095238095238,7.333333333333333,113311434214134212331
704,2,0.47619047619047616,0.42857142857142855,0.6666666666666666,0.7619047619047619,4.428571428571429,133134222211111314443
704,3,0.38095238095238093,0.23809523809523808,0.5714285714285714,0.6666666666666666,4.904761904761905,133134222211111314443
704,4,0.2857142857142857,0.23809523809523808,0.47619047619047616,0.5714285714285714,6.380952380952381,133134222211111314443
704,5,0.19047619047619047,0.14285714285714285,0.3333333333333333,0.42857142857142855,8.571428571428571,133134222211111314443
705,2,0.3333333333333333,0.2857142857142857,0.6190476190476191,0.7619047619047619,3.380952380952381,233112322133213414412
705,3,0.2857142857142857,0.14285714285714285,0.6190476190476191,0.6666666666666666,4.0476190476190474,233112322133213414412
705,4,0.3333333333333333,0.5238095238095238,0.6190476190476191,0.6190476190476191,4.666666666666667,233112322133213414412
705,5,0.23809523809523808,0.23809523809523808,0.38095238095238093,0.5238095238095238,6.571428571428571,233112322133213414412
706,2,0.38095238095238093,0.38095238095238093,0.7619047619047619,0.9047619047619048,2.9047619047619047,334344431242341233231
706,3,0.3333333333333333,0.3333333333333333,0.5238095238095238,0.7619047619047619,3.5238095238095237,334344431242341233231
706,4,0.2857142857142857,0.14285714285714285,0.5714285714285714,0.6666666666666666,4.0476190476190474,334344431242341233231
706,5,0.2857142857142857,0.23809523809523808,0.38095238095238093,0.5238095238095238,6.714285714285714,334344431242341233231
707,2,0.47619047619047616,0.5238095238095238,0.6666666666666666,0.8095238095238095,3.1904761904761907,343234413211343432134
707,3,0.2857142857142857,0.19047619047619047,0.6190476190476191,0.8095238095238095,3.380952380952381,343234413211343432134
707,4,0.14285714285714285,0.14285714285714285,0.47619047619047616,0.6666666666666666,4.666666666666667,343234413211343432134
707,5,0.23809523809523808,0.14285714285714285,0.38095238095238093,0.5238095238095238,6.619047619047619,343234413211343432134
708,2,0.3333333333333333,0.3333333333333333,0.6190476190476191,0.8095238095238095,3.9047619047619047,432444322314134413142
708,3,0.2857142857142857,0.38095238095238093,0.6666666666666666,0.8095238095238095,3.9523809523809526,432444322314134413142
708,4,0.2857142857142857,0.3333333333333333,0.6190476190476191,0.7142857142857143,4.428571428571429,432444322314134413142
708,5,0.14285714285714285,0.09523809523809523,0.23809523809523808,0.6190476190476191,6.714285714285714,432444322314134413142
709,2,0.19047619047619047,0.23809523809523808,0.6666666666666666,0.8095238095238095,4.285714285714286,323243422114242434211
709,3,0.23809523809523808,0.23809523809523808,0.5238095238095238,0.7142857142857143,4.238095238095238,323243422114242434211
709,4,0.23809523809523808,0.19047619047619047,0.5238095238095238,0.5714285714285714,5.0476190476190474,323243422114242434211
709,5,0.14285714285714285,0.09523809523809523,0.3333333333333333,0.5238095238095238,6.666666666666667,323243422114242434211
710,2,0.2857142857142857,0.23809523809523808,0.6190476190476191,0.7619047619047619,4.523809523809524,133222434324124121111
710,3,0.38095238095238093,0.2857142857142857,0.6666666666666666,0.7619047619047619,4.809523809523809,133222434324124121111
710,4,0.19047619047619047,0.19047619047619047,0.6190476190476191,0.6666666666666666,5.571428571428571,133222434324124121111
710,5,0.19047619047619047,0.19047619047619047,0.38095238095238093,0.47619047619047616,7.761904761904762,133222434324124121111
711,2,0.2857142857142857,0.3333333333333333,0.7142857142857143,0.8571428571428571,3.142857142857143,413334224312321241431
711,3,0.3333333333333333,0.38095238095238093,0.47619047619047616,0.7142857142857143,3.857142857142857,413334224312321241431
711,4,0.19047619047619047,0.09523809523809523,0.5238095238095238,0.6190476190476191,4.761904761904762,413334224312321241431
711,5,0.09523809523809523,0.09523809523809523,0.47619047619047616,0.6190476190476191,6.333333333333333,413334224312321241431
712,2,0.38095238095238093,0.19047619047619047,0.5714285714285714,0.8095238095238095,3.619047619047619,442122122241442322421
712,3,0.23809523809523808,0.19047619047619047,0.5714285714285714,0.7619047619047619,4.095238095238095,442122122241442322421
712,4,0.23809523809523808,0.19047619047619047,0.38095238095238093,0.5714285714285714,5.380952380952381,442122122241442322421
712,5,0.23809523809523808,0.19047619047619047,0.5238095238095238,0.5714285714285714,5.666666666666667,442122122241442322421
713,2,0.3333333333333333,0.19047619047619047,0.6666666666666666,0.7619047619047619,4.571428571428571,331413431114121314114
713,3,0.2857142857142857,0.23809523809523808,0.5238095238095238,0.6666666666666666,5.380952380952381,331413431114121314114
713,4,0.38095238095238093,0.23809523809523808,0.47619047619047616,0.5238095238095238,5.904761904761905,331413431114121314114
713,5,0.2857142857142857,0.14285714285714285,0.38095238095238093,0.47619047619047616,7.095238095238095,331413431114121314114
714,2,0.2857142857142857,0.19047619047619047,0.6190476190476191,0.8095238095238095,4.190476190476191,133432313142324111142
714,3,0.19047619047619047,0.23809523809523808,0.7142857142857143,0.8095238095238095,3.9523809523809526,133432313142324111142
714,4,0.19047619047619047,0.14285714285714285,0.6666666666666666,0.7142857142857143,4.666666666666667,133432313142324111142
714,5,0.23809523809523808,0.09523809523809523,0.3333333333333333,0.42857142857142855,7.857142857142857,133432313142324111142
715,2,0.3333333333333333,0.19047619047619047,0.6190476190476191,0.8095238095238095,4.0476190476190474,131131144413323421343
715,3,0.23809523809523808,0.38095238095238093,0.5714285714285714,0.7142857142857143,4.9523809523809526,131131144413323421343
715,4,0.19047619047619047,0.2857142857142857,0.5714285714285714,0.6190476190476191,5.523809523809524,131131144413323421343
715,5,0.14285714285714285,0.14285714285714285,0.19047619047619047,0.42857142857142855,7.0,131131144413323421343
716,2,0.3333333333333333,0.38095238095238093,0.5714285714285714,0.8571428571428571,3.3333333333333335,333211324122433434241
716,3,0.3333333333333333,0.3333333333333333,0.6190476190476191,0.7619047619047619,3.4761904761904763,333211324122433434241
716,4,0.3333333333333333,0.23809523809523808,0.5714285714285714,0.6666666666666666,4.190476190476191,333211324122433434241
716,5,0.2857142857142857,0.19047619047619047,0.47619047619047616,0.5238095238095238,6.857142857142857,333211324122433434241
717,2,0.14285714285714285,0.23809523809523808,0.5238095238095238,0.8571428571428571,3.619047619047619,423211314411344323312
717,3,0.14285714285714285,0.19047619047619047,0.5238095238095238,0.8095238095238095,3.761904761904762,423211314411344323312
717,4,0.19047619047619047,0.19047619047619047,0.6190476190476191,0.6666666666666666,4.714285714285714,423211314411344323312
717,5,0.23809523809523808,0.047619047619047616,0.2857142857142857,0.38095238095238093,6.9523809523809526,423211314411344323312
718,2,0.19047619047619047,0.14285714285714285,0.5714285714285714,0.7142857142857143,4.809523809523809,313133223112141113411
718,3,0.23809523809523808,0.2857142857142857,0.47619047619047616,0.47619047619047616,5.0,313133223112141113411
718,4,0.19047619047619047,0.09523809523809523,0.42857142857142855,0.42857142857142855,6.761904761904762,313133223112141113411
718,5,0.09523809523809523,0.09523809523809523,0.42857142857142855,0.5238095238095238,8.142857142857142,313133223112141113411
719,2,0.23809523809523808,0.23809523809523808,0.5238095238095238,0.7619047619047619,5.238095238095238,142233221443134321344
719,3,0.23809523809523808,0.19047619047619047,0.5238095238095238,0.6190476190476191,5.428571428571429,142233221443134321344
719,4,0.19047619047619047,0.047619047619047616,0.38095238095238093,0.6190476190476191,6.523809523809524,142233221443134321344
719,5,0.14285714285714285,0.19047619047619047,0.38095238095238093,0.5238095238095238,6.809523809523809,142233221443134321344
720,2,0.2857142857142857,0.42857142857142855,0.7142857142857143,0.8095238095238095,3.4761904761904763,324411343323121241431
720,3,0.23809523809523808,0.38095238095238093,0.6190476190476191,0.7619047619047619,3.9523809523809526,324411343323121241431
720,4,0.19047619047619047,0.19047619047619047,0.5714285714285714,0.6190476190476191,5.0,324411343323121241431
720,5,0.047619047619047616,0.09523809523809523,0.38095238095238093,0.42857142857142855,6.571428571428571,324411343323121241431
721,2,0.38095238095238093,0.23809523809523808,0.6666666666666666,0.9047619047619048,3.142857142857143,322222211142231131243
721,3,0.2857142857142857,0.3333333333333333,0.7142857142857143,0.7619047619047619,3.5714285714285716,322222211142231131243
721,4,0.19047619047619047,0.19047619047619047,0.5238095238095238,0.6190476190476191,4.380952380952381,322222211142231131243
721,5,0.23809523809523808,0.19047619047619047,0.38095238095238093,0.42857142857142855,6.904761904761905,322222211142231131243
722,2,0.23809523809523808,0.19047619047619047,0.6190476190476191,0.8095238095238095,4.285714285714286,114311323143321314424
722,3,0.3333333333333333,0.23809523809523808,0.5238095238095238,0.6666666666666666,5.0,114311323143321314424
722,4,0.3333333333333333,0.23809523809523808,0.5238095238095238,0.5714285714285714,5.523809523809524,114311323143321314424
722,5,0.3333333333333333,0.3333333333333333,0.5238095238095238,0.6190476190476191,5.571428571428571,114311323143321314424
723,2,0.3333333333333333,0.23809523809523808,0.6190476190476191,0.8095238095238095,3.5714285714285716,414211431314321433213
723,3,0.2857142857142857,0.2857142857142857,0.5238095238095238,0.7619047619047619,4.0476190476190474,414211431314321433213
723,4,0.2857142857142857,0.23809523809523808,0.42857142857142855,0.5714285714285714,5.095238095238095,414211431314321433213
723,5,0.23809523809523808,0.19047619047619047,0.42857142857142855,0.5714285714285714,6.095238095238095,414211431314321433213
724,2,0.23809523809523808,0.23809523809523808,0.5714285714285714,0.7619047619047619,3.7142857142857144,422121143322211143341
724,3,0.23809523809523808,0.2857142857142857,0.6666666666666666,0.7142857142857143,3.5714285714285716,422121143322211143341
724,4,0.2857142857142857,0.23809523809523808,0.6190476190476191,0.7142857142857143,4.714285714285714,422121143322211143341
724,5,0.19047619047619047,0.09523809523809523,0.3333333333333333,0.5238095238095238,6.285714285714286,422121143322211143341
725,2,0.3333333333333333,0.38095238095238093,0.6666666666666666,0.8571428571428571,3.7142857142857144,133121424312324144111
725,3,0.3333333333333333,0.38095238095238093,0.42857142857142855,0.7142857142857143,4.523809523809524,133121424312324144111
725,4,0.19047619047619047,0.23809523809523808,0.6190476190476191,0.6190476190476191,5.238095238095238,133121424312324144111
725,5,0.19047619047619047,0.2857142857142857,0.38095238095238093,0.5238095238095238,7.904761904761905,133121424312324144111
726,2,0.47619047619047616,0.23809523809523808,0.7142857142857143,0.9047619047619048,3.2857142857142856,112344432212211132243
726,3,0.2857142857142857,0.42857142857142855,0.6190476190476191,0.8571428571428571,3.9523809523809526,112344432212211132243
726,4,0.2857142857142857,0.3333333333333333,0.42857142857142855,0.5714285714285714,4.857142857142857,112344432212211132243
726,5,0.2857142857142857,0.3333333333333333,0.42857142857142855,0.6666666666666666,5.619047619047619,112344432212211132243
727,2,0.42857142857142855,0.23809523809523808,0.7619047619047619,0.8571428571428571,3.380952380952381,342131344124114111424
727,3,0.3333333333333333,0.38095238095238093,0.7619047619047619,0.7619047619047619,3.9047619047619047,342131344124114111424
727,4,0.2857142857142857,0.2857142857142857,0.5714285714285714,0.6190476190476191,5.0,342131344124114111424
727,5,0.19047619047619047,0.09523809523809523,0.42857142857142855,0.5238095238095238,6.761904761904762,342131344124114111424
728,2,0.42857142857142855,0.2857142857142857,0.6666666666666666,0.7619047619047619,4.761904761904762,134223232111324442142
728,3,0.2857142857142857,0.38095238095238093,0.5238095238095238,0.8095238095238095,4.523809523809524,134223232111324442142
728,4,0.23809523809523808,0.19047619047619047,0.5238095238095238,0.7142857142857143,4.9523809523809526,134223232111324442142
728,5,0.23809523809523808,0.14285714285714285,0.38095238095238093,0.47619047619047616,7.380952380952381,134223232111324442142
729,2,0.3333333333333333,0.19047619047619047,0.5714285714285714,0.7619047619047619,4.428571428571429,234323143312121232343
729,3,0.19047619047619047,0.19047619047619047,0.47619047619047616,0.6666666666666666,4.523809523809524,234323143312121232343
729,4,0.19047619047619047,0.09523809523809523,0.38095238095238093,0.5238095238095238,6.333333333333333,234323143312121232343
729,5,0.19047619047619047,0.09523809523809523,0.2857142857142857,0.47619047619047616,7.095238095238095,234323143312121232343
730,2,0.2857142857142857,0.42857142857142855,0.5714285714285714,0.8571428571428571,3.142857142857143,231141333131242242313
730,3,0.19047619047619047,0.23809523809523808,0.5238095238095238,0.7142857142857143,4.619047619047619,231141333131242242313
730,4,0.19047619047619047,0.38095238095238093,0.47619047619047616,0.5238095238095238,5.285714285714286,231141333131242242313
730,5,0.23809523809523808,0.19047619047619047,0.23809523809523808,0.3333333333333333,7.142857142857143,231141333131242242313
731,2,0.2857142857142857,0.23809523809523808,0.5238095238095238,0.6666666666666666,4.857142857142857,244313212111411312113
731,3,0.23809523809523808,0.23809523809523808,0.47619047619047616,0.6666666666666666,4.809523809523809,244313212111411312113
731,4,0.3333333333333333,0.19047619047619047,0.38095238095238093,0.5714285714285714,5.476190476190476,244313212111411312113
731,5,0.2857142857142857,0.2857142857142857,0.38095238095238093,0.47619047619047616,6.476190476190476,244313212111411312113
732,2,0.3333333333333333,0.2857142857142857,0.6666666666666666,0.7142857142857143,3.9523809523809526,231234212341213243221
732,3,0.3333333333333333,0.3333333333333333,0.6190476190476191,0.8095238095238095,3.9047619047619047,231234212341213243221
732,4,0.19047619047619047,0.23809523809523808,0.47619047619047616,0.7619047619047619,4.333333333333333,231234212341213243221
732,5,0.23809523809523808,0.19047619047619047,0.3333333333333333,0.5238095238095238,6.619047619047619,231234212341213243221
733,2,0.2857142857142857,0.23809523809523808,0.5714285714285714,0.7142857142857143,4.523809523809524,112224112131213123123
733,3,0.2857142857142857,0.2857142857142857,0.5714285714285714,0.7142857142857143,4.809523809523809,112224112131213123123
733,4,0.19047619047619047,0.2857142857142857,0.42857142857142855,0.6666666666666666,5.380952380952381,112224112131213123123
733,5,0.19047619047619047,0.23809523809523808,0.42857142857142855,0.6190476190476191,5.904761904761905,112224112131213123123
734,2,0.2857142857142857,0.2857142857142857,0.6666666666666666,0.8095238095238095,4.476190476190476,121323414232321341431
734,3,0.2857142857142857,0.2857142857142857,0.5238095238095238,0.6666666666666666,5.285714285714286,121323414232321341431
734,4,0.14285714285714285,0.047619047619047616,0.5238095238095238,0.5714285714285714,5.904761904761905,121323414232321341431
734,5,0.09523809523809523,0.047619047619047616,0.42857142857142855,0.47619047619047616,6.476190476190476,121323414232321341431
735,2,0.3333333333333333,0.38095238095238093,0.6666666666666666,0.8571428571428571,3.2857142857142856,323224331311123123423
735,3,0.2857142857142857,0.2857142857142857,0.7142857142857143,0.7619047619047619,3.9047619047619047,323224331311123123423
735,4,0.19047619047619047,0.38095238095238093,0.5238095238095238,0.6666666666666666,5.142857142857143,323224331311123123423
735,5,0.23809523809523808,0.19047619047619047,0.3333333333333333,0.5714285714285714,6.476190476190476,323224331311123123423
736,2,0.3333333333333333,0.19047619047619047,0.5238095238095238,0.7142857142857143,5.095238095238095,134434232414344342314
736,3,0.23809523809523808,0.3333333333333333,0.5714285714285714,0.6666666666666666,5.238095238095238,134434232414344342314
736,4,0.19047619047619047,0.2857142857142857,0.5238095238095238,0.6190476190476191,5.904761904761905,134434232414344342314
736,5,0.23809523809523808,0.14285714285714285,0.3333333333333333,0.38095238095238093,7.523809523809524,134434232414344342314
737,2,0.23809523809523808,0.23809523809523808,0.6190476190476191,0.7142857142857143,4.9523809523809526,124311441234131414124
737,3,0.3333333333333333,0.14285714285714285,0.5714285714285714,0.7142857142857143,5.523809523809524,124311441234131414124
737,4,0.23809523809523808,0.19047619047619047,0.42857142857142855,0.47619047619047616,6.619047619047619,124311441234131414124
737,5,0.19047619047619047,0.0,0.38095238095238093,0.42857142857142855,7.476190476190476,124311441234131414124
738,2,0.2857142857142857,0.2857142857142857,0.6666666666666666,0.7142857142857143,3.761904761904762,211424223323233413134
738,3,0.2857142857142857,0.2857142857142857,0.47619047619047616,0.6666666666666666,4.714285714285714,211424223323233413134
738,4,0.19047619047619047,0.19047619047619047,0.47619047619047616,0.6190476190476191,5.428571428571429,211424223323233413134
738,5,0.23809523809523808,0.23809523809523808,0.23809523809523808,0.6190476190476191,5.9523809523809526,211424223323233413134
739,2,0.23809523809523808,0.23809523809523808,0.7142857142857143,0.7619047619047619,3.9047619047619047,423331142114221431112
739,3,0.23809523809523808,0.3333333333333333,0.5238095238095238,0.7142857142857143,4.476190476190476,423331142114221431112
739,4,0.2857142857142857,0.2857142857142857,0.47619047619047616,0.5238095238095238,5.523809523809524,423331142114221431112
739,5,0.23809523809523808,0.23809523809523808,0.42857142857142855,0.5238095238095238,6.428571428571429,423331142114221431112
740,2,0.2857142857142857,0.23809523809523808,0.6190476190476191,0.7142857142857143,4.285714285714286,343142112124224411422
740,3,0.19047619047619047,0.14285714285714285,0.5238095238095238,0.6666666666666666,4.619047619047619,343142112124224411422
740,4,0.19047619047619047,0.14285714285714285,0.38095238095238093,0.6666666666666666,5.523809523809524,343142112124224411422
740,5,0.23809523809523808,0.14285714285714285,0.3333333333333333,0.5238095238095238,6.666666666666667,343142112124224411422
741,2,0.2857142857142857,0.3333333333333333,0.5714285714285714,0.8095238095238095,4.666666666666667,124314314411113411314
741,3,0.19047619047619047,0.2857142857142857,0.6190476190476191,0.7619047619047619,4.904761904761905,124314314411113411314
741,4,0.23809523809523808,0.19047619047619047,0.42857142857142855,0.6666666666666666,5.809523809523809,124314314411113411314
741,5,0.14285714285714285,0.19047619047619047,0.3333333333333333,0.47619047619047616,7.333333333333333,124314314411113411314
742,2,0.38095238095238093,0.14285714285714285,0.5238095238095238,0.7142857142857143,4.523809523809524,213413241313114111421
742,3,0.3333333333333333,0.2857142857142857,0.5714285714285714,0.6190476190476191,4.333333333333333,213413241313114111421
742,4,0.23809523809523808,0.3333333333333333,0.42857142857142855,0.5714285714285714,5.619047619047619,213413241313114111421
742,5,0.19047619047619047,0.19047619047619047,0.3333333333333333,0.5714285714285714,6.904761904761905,213413241313114111421
743,2,0.2857142857142857,0.2857142857142857,0.7142857142857143,0.8571428571428571,3.380952380952381,414224424234214222222
743,3,0.3333333333333333,0.38095238095238093,0.5714285714285714,0.8095238095238095,4.0,414224424234214222222
743,4,0.2857142857142857,0.2857142857142857,0.5238095238095238,0.5714285714285714,4.523809523809524,414224424234214222222
743,5,0.23809523809523808,0.23809523809523808,0.5238095238095238,0.6666666666666666,5.285714285714286,414224424234214222222
744,2,0.42857142857142855,0.2857142857142857,0.5714285714285714,0.8571428571428571,3.9047619047619047,131112431421341442323
744,3,0.2857142857142857,0.23809523809523808,0.5238095238095238,0.6666666666666666,5.095238095238095,131112431421341442323
744,4,0.2857142857142857,0.23809523809523808,0.5714285714285714,0.6190476190476191,5.333333333333333,131112431421341442323
744,5,0.19047619047619047,0.23809523809523808,0.38095238095238093,0.5714285714285714,6.714285714285714,131112431421341442323
745,2,0.42857142857142855,0.47619047619047616,0.6190476190476191,1.0,2.6666666666666665,412441344213341424144
745,3,0.3333333333333333,0.2857142857142857,0.5714285714285714,0.8571428571428571,3.0952380952380953,412441344213341424144
745,4,0.23809523809523808,0.19047619047619047,0.5714285714285714,0.7142857142857143,3.9523809523809526,412441344213341424144
745,5,0.19047619047619047,0.047619047619047616,0.42857142857142855,0.6190476190476191,5.476190476190476,412441344213341424144
746,2,0.3333333333333333,0.23809523809523808,0.6190476190476191,0.7619047619047619,3.8095238095238093,344224143224441441141
746,3,0.3333333333333333,0.2857142857142857,0.6666666666666666,0.7619047619047619,3.7142857142857144,344224143224441441141
746,4,0.19047619047619047,0.09523809523809523,0.5238095238095238,0.7142857142857143,4.9523809523809526,344224143224441441141
746,5,0.047619047619047616,0.14285714285714285,0.42857142857142855,0.5238095238095238,6.142857142857143,344224143224441441141
747,2,0.47619047619047616,0.42857142857142855,0.7619047619047619,0.8095238095238095,3.1904761904761907,442124234444212232442
747,3,0.2857142857142857,0.3333333333333333,0.6190476190476191,0.7619047619047619,3.857142857142857,442124234444212232442
747,4,0.3333333333333333,0.38095238095238093,0.5238095238095238,0.7142857142857143,4.571428571428571,442124234444212232442
747,5,0.3333333333333333,0.2857142857142857,0.5714285714285714,0.6190476190476191,5.619047619047619,442124234444212232442
748,2,0.42857142857142855,0.2857142857142857,0.6190476190476191,0.7142857142857143,4.9523809523809526,144311314234314141124
748,3,0.3333333333333333,0.2857142857142857,0.6190476190476191,0.8095238095238095,4.714285714285714,144311314234314141124
748,4,0.2857142857142857,0.14285714285714285,0.5714285714285714,0.6190476190476191,5.0476190476190474,144311314234314141124
748,5,0.23809523809523808,0.14285714285714285,0.5238095238095238,0.5238095238095238,6.190476190476191,144311314234314141124
749,2,0.3333333333333333,0.2857142857142857,0.5238095238095238,0.9047619047619048,3.0952380952380953,431112332121311121432
749,3,0.23809523809523808,0.38095238095238093,0.6666666666666666,0.8571428571428571,3.5238095238095237,431112332121311121432
749,4,0.3333333333333333,0.2857142857142857,0.6666666666666666,0.7619047619047619,3.9047619047619047,431112332121311121432
749,5,0.19047619047619047,0.19047619047619047,0.42857142857142855,0.5238095238095238,5.714285714285714,431112332121311121432
750,2,0.2857142857142857,0.3333333333333333,0.7619047619047619,0.8571428571428571,3.6666666666666665,134224134213214313332
750,3,0.23809523809523808,0.38095238095238093,0.6190476190476191,0.7142857142857143,4.428571428571429,134224134213214313332
750,4,0.2857142857142857,0.2857142857142857,0.47619047619047616,0.6190476190476191,5.428571428571429,134224134213214313332
750,5,0.23809523809523808,0.23809523809523808,0.3333333333333333,0.38095238095238093,7.142857142857143,134224134213214313332
751,2,0.23809523809523808,0.23809523809523808,0.6666666666666666,0.8095238095238095,3.857142857142857,411342442124121333442
751,3,0.19047619047619047,0.09523809523809523,0.5238095238095238,0.7619047619047619,4.904761904761905,411342442124121333442
751,4,0.23809523809523808,0.19047619047619047,0.38095238095238093,0.5714285714285714,5.619047619047619,411342442124121333442
751,5,0.23809523809523808,0.23809523809523808,0.47619047619047616,0.6190476190476191,5.9523809523809526,411342442124121333442
752,2,0.2857142857142857,0.2857142857142857,0.6190476190476191,0.7619047619047619,4.523809523809524,333343211211112132431
752,3,0.23809523809523808,0.23809523809523808,0.6190476190476191,0.7142857142857143,4.0476190476190474,333343211211112132431
752,4,0.19047619047619047,0.23809523809523808,0.42857142857142855,0.5714285714285714,5.904761904761905,333343211211112132431
752,5,0.14285714285714285,0.19047619047619047,0.3333333333333333,0.47619047619047616,7.761904761904762,333343211211112132431
753,2,0.23809523809523808,0.2857142857142857,0.6666666666666666,0.9047619047619048,3.380952380952381,222431344134243113124
753,3,0.14285714285714285,0.2857142857142857,0.6666666666666666,0.8095238095238095,4.142857142857143,222431344134243113124
753,4,0.19047619047619047,0.23809523809523808,0.6190476190476191,0.6666666666666666,4.142857142857143,222431344134243113124
753,5,0.14285714285714285,0.047619047619047616,0.42857142857142855,0.5238095238095238,6.0,222431344134243113124
754,2,0.19047619047619047,0.3333333333333333,0.6190476190476191,0.9523809523809523,3.142857142857143,423311431333323224241
754,3,0.19047619047619047,0.2857142857142857,0.5714285714285714,0.8095238095238095,3.6666666666666665,423311431333323224241
754,4,0.23809523809523808,0.14285714285714285,0.47619047619047616,0.6190476190476191,4.666666666666667,423311431333323224241
754,5,0.2857142857142857,0.2857142857142857,0.42857142857142855,0.5238095238095238,5.571428571428571,423311431333323224241
755,2,0.3333333333333333,0.19047619047619047,0.6666666666666666,0.8095238095238095,3.6666666666666665,344343424112244121222
755,3,0.23809523809523808,0.14285714285714285,0.6666666666666666,0.7142857142857143,3.8095238095238093,344343424112244121222
755,4,0.14285714285714285,0.14285714285714285,0.47619047619047616,0.6666666666666666,4.619047619047619,344343424112244121222
755,5,0.19047619047619047,0.19047619047619047,0.47619047619047616,0.6190476190476191,5.333333333333333,344343424112244121222
756,2,0.23809523809523808,0.47619047619047616,0.6666666666666666,0.8095238095238095,3.857142857142857,411414434124131111312
756,3,0.19047619047619047,0.3333333333333333,0.5238095238095238,0.6666666666666666,5.095238095238095,411414434124131111312
756,4,0.2857142857142857,0.19047619047619047,0.6190476190476191,0.6190476190476191,5.238095238095238,411414434124131111312
756,5,0.14285714285714285,0.23809523809523808,0.42857142857142855,0.5238095238095238,6.0476190476190474,411414434124131111312
757,2,0.38095238095238093,0.19047619047619047,0.5238095238095238,0.8095238095238095,3.4761904761904763,314424322321421431141
757,3,0.3333333333333333,0.19047619047619047,0.6666666666666666,0.8095238095238095,3.142857142857143,314424322321421431141
757,4,0.2857142857142857,0.09523809523809523,0.5238095238095238,0.6666666666666666,4.0476190476190474,314424322321421431141
757,5,0.14285714285714285,0.3333333333333333,0.47619047619047616,0.47619047619047616,5.809523809523809,314424322321421431141
758,2,0.3333333333333333,0.3333333333333333,0.6666666666666666,0.8095238095238095,3.5714285714285716,441214242141223333223
758,3,0.23809523809523808,0.14285714285714285,0.6190476190476191,0.6666666666666666,4.523809523809524,441214242141223333223
758,4,0.19047619047619047,0.2857142857142857,0.5714285714285714,0.6666666666666666,4.619047619047619,441214242141223333223
758,5,0.3333333333333333,0.23809523809523808,0.42857142857142855,0.5714285714285714,5.571428571428571,441214242141223333223
759,2,0.19047619047619047,0.14285714285714285,0.42857142857142855,0.7619047619047619,4.904761904761905,443433142432144142141
759,3,0.23809523809523808,0.14285714285714285,0.5714285714285714,0.6666666666666666,4.666666666666667,443433142432144142141
759,4,0.14285714285714285,0.09523809523809523,0.6190476190476191,0.6666666666666666,5.428571428571429,443433142432144142141
759,5,0.14285714285714285,0.09523809523809523,0.42857142857142855,0.5714285714285714,6.523809523809524,443433142432144142141
760,2,0.47619047619047616,0.3333333333333333,0.7142857142857143,0.8571428571428571,3.380952380952381,222433234111313434411
760,3,0.3333333333333333,0.5238095238095238,0.6190476190476191,0.7619047619047619,3.857142857142857,222433234111313434411
760,4,0.23809523809523808,0.38095238095238093,0.5238095238095238,0.6666666666666666,4.571428571428571,222433234111313434411
760,5,0.2857142857142857,0.23809523809523808,0.42857142857142855,0.5238095238095238,6.0,222433234111313434411
761,2,0.38095238095238093,0.19047619047619047,0.47619047619047616,0.8095238095238095,3.8095238095238093,333322213221424141444
761,3,0.3333333333333333,0.19047619047619047,0.5238095238095238,0.7619047619047619,3.857142857142857,333322213221424141444
761,4,0.14285714285714285,0.19047619047619047,0.5714285714285714,0.6190476190476191,5.095238095238095,333322213221424141444
761,5,0.23809523809523808,0.09523809523809523,0.3333333333333333,0.47619047619047616,7.571428571428571,333322213221424141444
762,2,0.42857142857142855,0.3333333333333333,0.6190476190476191,0.7619047619047619,4.285714285714286,342333232413112434414
762,3,0.2857142857142857,0.38095238095238093,0.6190476190476191,0.7142857142857143,4.571428571428571,342333232413112434414
762,4,0.23809523809523808,0.3333333333333333,0.38095238095238093,0.5238095238095238,5.809523809523809,342333232413112434414
762,5,0.2857142857142857,0.23809523809523808,0.5238095238095238,0.6666666666666666,5.619047619047619,342333232413112434414
763,2,0.42857142857142855,0.3333333333333333,0.6666666666666666,0.7619047619047619,3.4285714285714284,223441134234233244444
763,3,0.2857142857142857,0.2857142857142857,0.5238095238095238,0.7142857142857143,4.285714285714286,223441134234233244444
763,4,0.19047619047619047,0.19047619047619047,0.47619047619047616,0.5714285714285714,5.571428571428571,223441134234233244444
763,5,0.19047619047619047,0.09523809523809523,0.3333333333333333,0.38095238095238093,7.142857142857143,223441134234233244444
764,2,0.3333333333333333,0.5238095238095238,0.5714285714285714,0.9047619047619048,3.4285714285714284,313341323144324242233
764,3,0.3333333333333333,0.38095238095238093,0.5238095238095238,0.7142857142857143,4.142857142857143,313341323144324242233
764,4,0.23809523809523808,0.3333333333333333,0.5238095238095238,0.6666666666666666,4.428571428571429,313341323144324242233
764,5,0.2857142857142857,0.19047619047619047,0.38095238095238093,0.5238095238095238,6.380952380952381,313341323144324242233
765,2,0.3333333333333333,0.2857142857142857,0.7142857142857143,0.8571428571428571,3.0476190476190474,344334121213331233143
765,3,0.2857142857142857,0.14285714285714285,0.5238095238095238,0.8571428571428571,3.380952380952381,344334121213331233143
765,4,0.23809523809523808,0.09523809523809523,0.3333333333333333,0.5238095238095238,5.142857142857143,344334121213331233143
765,5,0.19047619047619047,0.19047619047619047,0.38095238095238093,0.6190476190476191,5.9523809523809526,344334121213331233143
766,2,0.42857142857142855,0.38095238095238093,0.6666666666666666,0.7619047619047619,4.0476190476190474,222143314341443331124
766,3,0.23809523809523808,0.3333333333333333,0.5238095238095238,0.7619047619047619,4.0,222143314341443331124
766,4,0.19047619047619047,0.23809523809523808,0.5714285714285714,0.7142857142857143,4.857142857142857,222143314341443331124
766,5,0.23809523809523808,0.047619047619047616,0.47619047619047616,0.5238095238095238,5.809523809523809,222143314341443331124
767,2,0.23809523809523808,0.14285714285714285,0.6190476190476191,0.7142857142857143,4.619047619047619,334433123224124342234
767,3,0.23809523809523808,0.38095238095238093,0.5238095238095238,0.6666666666666666,4.9523809523809526,334433123224124342234
767,4,0.19047619047619047,0.2857142857142857,0.47619047619047616,0.5238095238095238,6.095238095238095,334433123224124342234
767,5,0.14285714285714285,0.09523809523809523,0.2857142857142857,0.42857142857142855,6.9523809523809526,334433123224124342234
768,2,0.5238095238095238,0.42857142857142855,0.7619047619047619,0.8095238095238095,3.8095238095238093,242423134144132231232
768,3,0.3333333333333333,0.23809523809523808,0.6190476190476191,0.7142857142857143,4.333333333333333,242423134144132231232
768,4,0.2857142857142857,0.14285714285714285,0.38095238095238093,0.6190476190476191,5.476190476190476,242423134144132231232
768,5,0.2857142857142857,0.14285714285714285,0.47619047619047616,0.5714285714285714,5.666666666666667,242423134144132231232
769,2,0.47619047619047616,0.42857142857142855,0.6666666666666666,0.7619047619047619,4.619047619047619,134132134242132114124
769,3,0.2857142857142857,0.19047619047619047,0.6190476190476191,0.7142857142857143,4.857142857142857,134132134242132114124
769,4,0.23809523809523808,0.2857142857142857,0.5238095238095238,0.5238095238095238,5.9523809523809526,134132134242132114124
769,5,0.2857142857142857,0.14285714285714285,0.47619047619047616,0.47619047619047616,7.333333333333333,134132134242132114124
770,2,0.3333333333333333,0.23809523809523808,0.42857142857142855,0.6666666666666666,5.285714285714286,314113112124111442141
770,3,0.3333333333333333,0.38095238095238093,0.5714285714285714,0.7142857142857143,4.523809523809524,314113112124111442141
770,4,0.2857142857142857,0.23809523809523808,0.47619047619047616,0.6190476190476191,5.619047619047619,314113112124111442141
770,5,0.23809523809523808,0.19047619047619047,0.47619047619047616,0.47619047619047616,6.476190476190476,314113112124111442141
771,2,0.2857142857142857,0.38095238095238093,0.8095238095238095,0.8571428571428571,3.4285714285714284,221134324212122223224
771,3,0.19047619047619047,0.38095238095238093,0.6190476190476191,0.7142857142857143,4.761904761904762,221134324212122223224
771,4,0.14285714285714285,0.14285714285714285,0.47619047619047616,0.5714285714285714,5.666666666666667,221134324212122223224
771,5,0.19047619047619047,0.14285714285714285,0.42857142857142855,0.47619047619047616,6.666666666666667,221134324212122223224
772,2,0.23809523809523808,0.42857142857142855,0.5714285714285714,0.7142857142857143,4.809523809523809,122144222334244243114
772,3,0.2857142857142857,0.23809523809523808,0.42857142857142855,0.6666666666666666,5.476190476190476,122144222334244243114
772,4,0.19047619047619047,0.23809523809523808,0.38095238095238093,0.6666666666666666,5.714285714285714,122144222334244243114
772,5,0.19047619047619047,0.14285714285714285,0.3333333333333333,0.5238095238095238,7.333333333333333,122144222334244243114
773,2,0.3333333333333333,0.3333333333333333,0.5238095238095238,0.8095238095238095,3.619047619047619,323231422241421442324
773,3,0.3333333333333333,0.42857142857142855,0.7142857142857143,0.8095238095238095,3.5714285714285716,323231422241421442324
773,4,0.19047619047619047,0.23809523809523808,0.5714285714285714,0.6666666666666666,4.523809523809524,323231422241421442324
773,5,0.19047619047619047,0.09523809523809523,0.47619047619047616,0.47619047619047616,6.666666666666667,323231422241421442324
774,2,0.23809523809523808,0.38095238095238093,0.6190476190476191,0.7142857142857143,5.0,134331123411121213424
774,3,0.23809523809523808,0.2857142857142857,0.5238095238095238,0.6666666666666666,5.142857142857143,134331123411121213424
774,4,0.23809523809523808,0.23809523809523808,0.42857142857142855,0.5238095238095238,6.714285714285714,134331123411121213424
774,5,0.19047619047619047,0.09523809523809523,0.42857142857142855,0.5714285714285714,7.285714285714286,134331123411121213424
775,2,0.23809523809523808,0.38095238095238093,0.6190476190476191,0.8571428571428571,4.142857142857143,112334144231143143431
775,3,0.2857142857142857,0.3333333333333333,0.5238095238095238,0.7142857142857143,4.9523809523809526,112334144231143143431
775,4,0.09523809523809523,0.23809523809523808,0.47619047619047616,0.5714285714285714,5.904761904761905,112334144231143143431
775,5,0.09523809523809523,0.047619047619047616,0.5238095238095238,0.5714285714285714,6.285714285714286,112334144231143143431
776,2,0.47619047619047616,0.47619047619047616,0.8095238095238095,0.8095238095238095,3.4761904761904763,323323424114311412414
776,3,0.3333333333333333,0.42857142857142855,0.6190476190476191,0.7619047619047619,4.0,323323424114311412414
776,4,0.3333333333333333,0.2857142857142857,0.5714285714285714,0.6666666666666666,4.714285714285714,323323424114311412414
776,5,0.3333333333333333,0.23809523809523808,0.5238095238095238,0.6190476190476191,6.0,323323424114311412414
777,2,0.47619047619047616,0.42857142857142855,0.6666666666666666,0.7619047619047619,3.619047619047619,234424143414333322223
777,3,0.23809523809523808,0.23809523809523808,0.5238095238095238,0.6666666666666666,4.571428571428571,234424143414333322223
777,4,0.14285714285714285,0.09523809523809523,0.38095238095238093,0.47619047619047616,6.380952380952381,234424143414333322223
777,5,0.14285714285714285,0.14285714285714285,0.23809523809523808,0.42857142857142855,6.523809523809524,234424143414333322223
778,2,0.2857142857142857,0.2857142857142857,0.6190476190476191,0.7619047619047619,4.761904761904762,114113332242431212331
778,3,0.23809523809523808,0.19047619047619047,0.47619047619047616,0.6190476190476191,5.285714285714286,114113332242431212331
778,4,0.23809523809523808,0.14285714285714285,0.47619047619047616,0.5238095238095238,5.523809523809524,114113332242431212331
778,5,0.23809523809523808,0.19047619047619047,0.2857142857142857,0.38095238095238093,7.666666666666667,114113332242431212331
779,2,0.3333333333333333,0.19047619047619047,0.6190476190476191,0.6666666666666666,4.428571428571429,343443142222433421311
779,3,0.2857142857142857,0.2857142857142857,0.42857142857142855,0.6666666666666666,5.0,343443142222433421311
779,4,0.09523809523809523,0.09523809523809523,0.38095238095238093,0.5714285714285714,5.9523809523809526,343443142222433421311
779,5,0.047619047619047616,0.09523809523809523,0.23809523809523808,0.38095238095238093,7.714285714285714,343443142222433421311
780,2,0.3333333333333333,0.3333333333333333,0.6666666666666666,0.8095238095238095,3.4761904761904763,223144234311144343441
780,3,0.3333333333333333,0.23809523809523808,0.5238095238095238,0.7619047619047619,4.142857142857143,223144234311144343441
780,4,0.19047619047619047,0.23809523809523808,0.42857142857142855,0.6190476190476191,5.857142857142857,223144234311144343441
780,5,0.19047619047619047,0.23809523809523808,0.3333333333333333,0.5714285714285714,7.095238095238095,223144234311144343441
781,2,0.3333333333333333,0.38095238095238093,0.7142857142857143,0.9047619047619048,2.857142857142857,313131342111232231442
781,3,0.14285714285714285,0.14285714285714285,0.6190476190476191,0.7619047619047619,3.5714285714285716,313131342111232231442
781,4,0.19047619047619047,0.14285714285714285,0.38095238095238093,0.5238095238095238,5.285714285714286,313131342111232231442
781,5,0.14285714285714285,0.09523809523809523,0.2857142857142857,0.47619047619047616,7.285714285714286,313131342111232231442
782,2,0.38095238095238093,0.3333333333333333,0.5238095238095238,0.7619047619047619,3.857142857142857,323441214213441131412
782,3,0.23809523809523808,0.23809523809523808,0.5714285714285714,0.7142857142857143,3.9047619047619047,323441214213441131412
782,4,0.23809523809523808,0.2857142857142857,0.47619047619047616,0.6190476190476191,5.142857142857143,323441214213441131412
782,5,0.19047619047619047,0.09523809523809523,0.3333333333333333,0.47619047619047616,7.0,323441214213441131412
783,2,0.3333333333333333,0.38095238095238093,0.6666666666666666,0.7619047619047619,3.5714285714285716,214241121222421414133
783,3,0.3333333333333333,0.38095238095238093,0.6190476190476191,0.7142857142857143,3.9047619047619047,214241121222421414133
783,4,0.23809523809523808,0.2857142857142857,0.47619047619047616,0.5238095238095238,5.523809523809524,214241121222421414133
783,5,0.19047619047619047,0.14285714285714285,0.3333333333333333,0.47619047619047616,6.476190476190476,214241121222421414133
784,2,0.23809523809523808,0.19047619047619047,0.47619047619047616,0.7619047619047619,4.095238095238095,414332221433342423334
784,3,0.19047619047619047,0.23809523809523808,0.47619047619047616,0.6666666666666666,4.714285714285714,414332221433342423334
784,4,0.14285714285714285,0.09523809523809523,0.47619047619047616,0.6666666666666666,5.095238095238095,414332221433342423334
784,5,0.19047619047619047,0.09523809523809523,0.47619047619047616,0.5714285714285714,5.619047619047619,414332221433342423334
785,2,0.2857142857142857,0.42857142857142855,0.6190476190476191,0.9523809523809523,2.857142857142857,341114344421324234332
785,3,0.19047619047619047,0.14285714285714285,0.6190476190476191,0.8095238095238095,4.0476190476190474,341114344421324234332
785,4,0.23809523809523808,0.23809523809523808,0.6190476190476191,0.6666666666666666,4.380952380952381,341114344421324234332
785,5,0.23809523809523808,0.09523809523809523,0.3333333333333333,0.47619047619047616,6.809523809523809,341114344421324234332
786,2,0.3333333333333333,0.23809523809523808,0.6190476190476191,0.7619047619047619,3.761904761904762,421422233232123222314
786,3,0.14285714285714285,0.19047619047619047,0.5238095238095238,0.7142857142857143,5.619047619047619,421422233232123222314
786,4,0.14285714285714285,0.23809523809523808,0.38095238095238093,0.5238095238095238,6.476190476190476,421422233232123222314
786,5,0.19047619047619047,0.14285714285714285,0.2857142857142857,0.38095238095238093,7.428571428571429,421422233232123222314
787,2,0.3333333333333333,0.19047619047619047,0.7619047619047619,0.8571428571428571,4.285714285714286,142243441412123223441
787,3,0.2857142857142857,0.2857142857142857,0.6666666666666666,0.7619047619047619,4.619047619047619,142243441412123223441
787,4,0.14285714285714285,0.09523809523809523,0.38095238095238093,0.7142857142857143,5.809523809523809,142243441412123223441
787,5,0.19047619047619047,0.19047619047619047,0.38095238095238093,0.5238095238095238,7.380952380952381,142243441412123223441
788,2,0.38095238095238093,0.5238095238095238,0.5714285714285714,0.7619047619047619,4.333333333333333,124121242343343242431
788,3,0.23809523809523808,0.38095238095238093,0.5238095238095238,0.7619047619047619,4.666666666666667,124121242343343242431
788,4,0.14285714285714285,0.14285714285714285,0.47619047619047616,0.6190476190476191,5.142857142857143,124121242343343242431
788,5,0.14285714285714285,0.14285714285714285,0.3333333333333333,0.42857142857142855,7.380952380952381,124121242343343242431
789,2,0.2857142857142857,0.14285714285714285,0.6190476190476191,0.7619047619047619,3.9523809523809526,334134343124431343424
789,3,0.2857142857142857,0.2857142857142857,0.5238095238095238,0.7142857142857143,4.476190476190476,334134343124431343424
789,4,0.19047619047619047,0.38095238095238093,0.5238095238095238,0.5238095238095238,5.571428571428571,334134343124431343424
789,5,0.14285714285714285,0.047619047619047616,0.2857142857142857,0.3333333333333333,7.190476190476191,334134343124431343424
790,2,0.38095238095238093,0.3333333333333333,0.5714285714285714,0.8095238095238095,3.5238095238095237,334144242113333132334
790,3,0.14285714285714285,0.14285714285714285,0.5238095238095238,0.7142857142857143,4.142857142857143,334144242113333132334
790,4,0.14285714285714285,0.19047619047619047,0.47619047619047616,0.5238095238095238,5.190476190476191,334144242113333132334
790,5,0.09523809523809523,0.09523809523809523,0.14285714285714285,0.3333333333333333,7.095238095238095,334144242113333132334
791,2,0.2857142857142857,0.3333333333333333,0.5714285714285714,0.8571428571428571,3.4761904761904763,442212132123442444441
791,3,0.2857142857142857,0.2857142857142857,0.7142857142857143,0.8095238095238095,3.2857142857142856,442212132123442444441
791,4,0.23809523809523808,0.19047619047619047,0.6666666666666666,0.8095238095238095,3.8095238095238093,442212132123442444441
791,5,0.23809523809523808,0.2857142857142857,0.5238095238095238,0.6666666666666666,4.571428571428571,442212132123442444441
792,2,0.42857142857142855,0.3333333333333333,0.6666666666666666,0.8095238095238095,3.761904761904762,213213424422411442444
792,3,0.42857142857142855,0.47619047619047616,0.5714285714285714,0.7142857142857143,4.0476190476190474,213213424422411442444
792,4,0.3333333333333333,0.19047619047619047,0.47619047619047616,0.6666666666666666,4.666666666666667,213213424422411442444
792,5,0.2857142857142857,0.2857142857142857,0.5714285714285714,0.6666666666666666,5.809523809523809,213213424422411442444
793,2,0.42857142857142855,0.2857142857142857,0.5238095238095238,0.6666666666666666,4.666666666666667,313443213343413442131
793,3,0.3333333333333333,0.42857142857142855,0.5238095238095238,0.5714285714285714,4.428571428571429,313443213343413442131
793,4,0.19047619047619047,0.47619047619047616,0.47619047619047616,0.5714285714285714,5.428571428571429,313443213343413442131
793,5,0.19047619047619047,0.42857142857142855,0.42857142857142855,0.6190476190476191,6.0,313443213343413442131
794,2,0.3333333333333333,0.38095238095238093,0.6190476190476191,0.7142857142857143,4.380952380952381,111314241213433432122
794,3,0.23809523809523808,0.09523809523809523,0.5238095238095238,0.6666666666666666,5.285714285714286,111314241213433432122
794,4,0.19047619047619047,0.14285714285714285,0.38095238095238093,0.5714285714285714,6.238095238095238,111314241213433432122
794,5,0.19047619047619047,0.2857142857142857,0.3333333333333333,0.5714285714285714,6.0,111314241213433432122
795,2,0.3333333333333333,0.2857142857142857,0.5714285714285714,0.7619047619047619,3.857142857142857,324411343322114322114
795,3,0.3333333333333333,0.3333333333333333,0.6190476190476191,0.6666666666666666,4.190476190476191,324411343322114322114
795,4,0.3333333333333333,0.23809523809523808,0.47619047619047616,0.5714285714285714,5.523809523809524,324411343322114322114
795,5,0.19047619047619047,0.23809523809523808,0.2857142857142857,0.47619047619047616,7.0,324411343322114322114
796,2,0.2857142857142857,0.14285714285714285,0.5238095238095238,0.8571428571428571,3.6666666666666665,341221323312441341244
796,3,0.23809523809523808,0.3333333333333333,0.47619047619047616,0.6666666666666666,4.714285714285714,341221323312441341244
796,4,0.19047619047619047,0.047619047619047616,0.38095238095238093,0.5238095238095238,5.714285714285714,341221323312441341244
796,5,0.14285714285714285,0.047619047619047616,0.42857142857142855,0.6190476190476191,6.0476190476190474,341221323312441341244
797,2,0.3333333333333333,0.2857142857142857,0.6666666666666666,0.8095238095238095,3.9523809523809526,141421431441122421413
797,3,0.3333333333333333,0.2857142857142857,0.6190476190476191,0.7142857142857143,5.142857142857143,141421431441122421413
797,4,0.23809523809523808,0.19047619047619047,0.47619047619047616,0.5714285714285714,5.904761904761905,141421431441122421413
797,5,0.23809523809523808,0.3333333333333333,0.5238095238095238,0.5714285714285714,6.0476190476190474,141421431441122421413
798,2,0.3333333333333333,0.23809523809523808,0.42857142857142855,0.7619047619047619,4.809523809523809,112411211243444324114
798,3,0.3333333333333333,0.3333333333333333,0.5714285714285714,0.6666666666666666,4.761904761904762,112411211243444324114
798,4,0.23809523809523808,0.2857142857142857,0.38095238095238093,0.5714285714285714,6.095238095238095,112411211243444324114
798,5,0.2857142857142857,0.09523809523809523,0.38095238095238093,0.47619047619047616,6.476190476190476,112411211243444324114
799,2,0.2857142857142857,0.23809523809523808,0.6190476190476191,0.8095238095238095,3.8095238095238093,312111111144414444434
799,3,0.42857142857142855,0.42857142857142855,0.6190476190476191,0.6666666666666666,4.190476190476191,312111111144414444434
799,4,0.2857142857142857,0.2857142857142857,0.42857142857142855,0.6190476190476191,5.285714285714286,312111111144414444434
799,5,0.2857142857142857,0.2857142857142857,0.42857142857142855,0.5714285714285714,5.857142857142857,312111111144414444434
800,2,0.23809523809523808,0.09523809523809523,0.42857142857142855,0.7619047619047619,4.095238095238095,421431223322422131241
800,3,0.23809523809523808,0.23809523809523808,0.5714285714285714,0.6666666666666666,4.380952380952381,421431223322422131241
800,4,0.19047619047619047,0.19047619047619047,0.47619047619047616,0.6190476190476191,5.0476190476190474,421431223322422131241
800,5,0.23809523809523808,0.23809523809523808,0.47619047619047616,0.5714285714285714,5.857142857142857,421431223322422131241
801,2,0.3333333333333333,0.2857142857142857,0.6666666666666666,0.7619047619047619,3.9523809523809526,244223233312232122131
801,3,0.23809523809523808,0.3333333333333333,0.5714285714285714,0.6666666666666666,4.238095238095238,244223233312232122131
801,4,0.23809523809523808,0.38095238095238093,0.38095238095238093,0.5238095238095238,5.285714285714286,244223233312232122131
801,5,0.19047619047619047,0.23809523809523808,0.38095238095238093,0.5714285714285714,6.238095238095238,244223233312232122131
802,2,0.3333333333333333,0.14285714285714285,0.6190476190476191,0.7619047619047619,3.5238095238095237,341322122442322423244
802,3,0.23809523809523808,0.3333333333333333,0.6190476190476191,0.8095238095238095,4.095238095238095,341322122442322423244
802,4,0.19047619047619047,0.14285714285714285,0.47619047619047616,0.6666666666666666,4.9523809523809526,341322122442322423244
802,5,0.2857142857142857,0.2857142857142857,0.5714285714285714,0.6666666666666666,5.0476190476190474,341322122442322423244
803,2,0.23809523809523808,0.19047619047619047,0.47619047619047616,0.6666666666666666,5.333333333333333,144232123444441331211
803,3,0.2857142857142857,0.23809523809523808,0.5714285714285714,0.6190476190476191,5.285714285714286,144232123444441331211
803,4,0.2857142857142857,0.14285714285714285,0.42857142857142855,0.47619047619047616,6.380952380952381,144232123444441331211
803,5,0.14285714285714285,0.19047619047619047,0.38095238095238093,0.5238095238095238,6.857142857142857,144232123444441331211
804,2,0.2857142857142857,0.38095238095238093,0.5238095238095238,0.6666666666666666,4.809523809523809,341243312434443243133
804,3,0.23809523809523808,0.38095238095238093,0.47619047619047616,0.6666666666666666,4.857142857142857,341243312434443243133
804,4,0.14285714285714285,0.14285714285714285,0.47619047619047616,0.6666666666666666,5.190476190476191,341243312434443243133
804,5,0.23809523809523808,0.19047619047619047,0.3333333333333333,0.42857142857142855,6.666666666666667,341243312434443243133
805,2,0.38095238095238093,0.3333333333333333,0.6666666666666666,0.7142857142857143,4.0476190476190474,244123323222412431122
805,3,0.2857142857142857,0.23809523809523808,0.47619047619047616,0.7142857142857143,4.190476190476191,244123323222412431122
805,4,0.2857142857142857,0.14285714285714285,0.47619047619047616,0.5238095238095238,5.095238095238095,244123323222412431122
805,5,0.19047619047619047,0.3333333333333333,0.47619047619047616,0.5714285714285714,6.0,244123323222412431122
806,2,0.3333333333333333,0.23809523809523808,0.6190476190476191,0.8571428571428571,3.5714285714285716,223342121443422442212
806,3,0.2857142857142857,0.3333333333333333,0.5238095238095238,0.6666666666666666,4.333333333333333,223342121443422442212
806,4,0.19047619047619047,0.23809523809523808,0.5238095238095238,0.6190476190476191,5.238095238095238,223342121443422442212
806,5,0.23809523809523808,0.23809523809523808,0.47619047619047616,0.47619047619047616,5.857142857142857,223342121443422442212
807,2,0.3333333333333333,0.19047619047619047,0.5714285714285714,0.8095238095238095,3.761904761904762,211413323133321431214
807,3,0.23809523809523808,0.2857142857142857,0.5238095238095238,0.5714285714285714,4.761904761904762,211413323133321431214
807,4,0.2857142857142857,0.14285714285714285,0.5238095238095238,0.5238095238095238,5.190476190476191,211413323133321431214
807,5,0.14285714285714285,0.14285714285714285,0.38095238095238093,0.6666666666666666,5.571428571428571,211413323133321431214
808,2,0.3333333333333333,0.23809523809523808,0.5238095238095238,0.7142857142857143,4.095238095238095,341432133233444432422
808,3,0.23809523809523808,0.2857142857142857,0.5238095238095238,0.6190476190476191,4.761904761904762,341432133233444432422
808,4,0.23809523809523808,0.23809523809523808,0.38095238095238093,0.47619047619047616,5.904761904761905,341432133233444432422
808,5,0.23809523809523808,0.19047619047619047,0.42857142857142855,0.47619047619047616,5.523809523809524,341432133233444432422
809,2,0.42857142857142855,0.38095238095238093,0.6666666666666666,0.7619047619047619,3.9523809523809526,143222244211432313112
809,3,0.14285714285714285,0.2857142857142857,0.5714285714285714,0.6666666666666666,5.142857142857143,143222244211432313112
809,4,0.19047619047619047,0.19047619047619047,0.38095238095238093,0.47619047619047616,6.761904761904762,143222244211432313112
809,5,0.14285714285714285,0.19047619047619047,0.3333333333333333,0.38095238095238093,8.476190476190476,143222244211432313112
810,2,0.2857142857142857,0.3333333333333333,0.6190476190476191,0.7619047619047619,4.476190476190476,242213212132334423433
810,3,0.3333333333333333,0.5238095238095238,0.5714285714285714,0.6666666666666666,4.333333333333333,242213212132334423433
810,4,0.23809523809523808,0.14285714285714285,0.47619047619047616,0.6190476190476191,5.095238095238095,242213212132334423433
810,5,0.19047619047619047,0.09523809523809523,0.38095238095238093,0.42857142857142855,6.904761904761905,242213212132334423433
811,2,0.2857142857142857,0.19047619047619047,0.6190476190476191,0.8571428571428571,3.142857142857143,432111443323343234113
811,3,0.23809523809523808,0.2857142857142857,0.6666666666666666,0.7619047619047619,3.5714285714285716,432111443323343234113
811,4,0.2857142857142857,0.23809523809523808,0.47619047619047616,0.6666666666666666,4.666666666666667,432111443323343234113
811,5,0.19047619047619047,0.23809523809523808,0.38095238095238093,0.6190476190476191,6.476190476190476,432111443323343234113
812,2,0.38095238095238093,0.42857142857142855,0.7142857142857143,0.8095238095238095,3.8095238095238093,421222224244144311134
812,3,0.2857142857142857,0.3333333333333333,0.5714285714285714,0.6666666666666666,5.142857142857143,421222224244144311134
812,4,0.23809523809523808,0.14285714285714285,0.5238095238095238,0.6666666666666666,5.476190476190476,421222224244144311134
812,5,0.23809523809523808,0.23809523809523808,0.42857142857142855,0.5714285714285714,6.714285714285714,421222224244144311134
813,2,0.3333333333333333,0.19047619047619047,0.5714285714285714,0.8095238095238095,4.238095238095238,111321431233442412122
813,3,0.23809523809523808,0.19047619047619047,0.6190476190476191,0.6190476190476191,5.190476190476191,111321431233442412122
813,4,0.23809523809523808,0.23809523809523808,0.42857142857142855,0.5714285714285714,6.142857142857143,111321431233442412122
813,5,0.19047619047619047,0.47619047619047616,0.5238095238095238,0.5714285714285714,5.428571428571429,111321431233442412122
814,2,0.42857142857142855,0.3333333333333333,0.5714285714285714,0.8571428571428571,3.5714285714285716,414441314411331122423
814,3,0.23809523809523808,0.23809523809523808,0.5714285714285714,0.7142857142857143,4.142857142857143,414441314411331122423
814,4,0.19047619047619047,0.23809523809523808,0.47619047619047616,0.5714285714285714,4.809523809523809,414441314411331122423
814,5,0.19047619047619047,0.14285714285714285,0.42857142857142855,0.5238095238095238,5.761904761904762,414441314411331122423
815,2,0.3333333333333333,0.3333333333333333,0.7142857142857143,0.9523809523809523,2.619047619047619,322242141111242231244
815,3,0.14285714285714285,0.23809523809523808,0.6666666666666666,0.8571428571428571,3.1904761904761907,322242141111242231244
815,4,0.23809523809523808,0.047619047619047616,0.47619047619047616,0.6666666666666666,4.380952380952381,322242141111242231244
815,5,0.19047619047619047,0.09523809523809523,0.2857142857142857,0.47619047619047616,6.904761904761905,322242141111242231244
816,2,0.38095238095238093,0.23809523809523808,0.6190476190476191,0.8571428571428571,3.0476190476190474,334442333131232242331
816,3,0.19047619047619047,0.14285714285714285,0.5714285714285714,0.7142857142857143,3.9523809523809526,334442333131232242331
816,4,0.19047619047619047,0.2857142857142857,0.47619047619047616,0.6190476190476191,4.428571428571429,334442333131232242331
816,5,0.19047619047619047,0.09523809523809523,0.19047619047619047,0.42857142857142855,7.238095238095238,334442333131232242331
817,2,0.23809523809523808,0.3333333333333333,0.7142857142857143,0.8571428571428571,3.619047619047619,113134424221242142141
817,3,0.2857142857142857,0.2857142857142857,0.6190476190476191,0.7142857142857143,4.0476190476190474,113134424221242142141
817,4,0.19047619047619047,0.14285714285714285,0.6190476190476191,0.6666666666666666,4.809523809523809,113134424221242142141
817,5,0.14285714285714285,0.23809523809523808,0.5714285714285714,0.6190476190476191,6.142857142857143,113134424221242142141
818,2,0.19047619047619047,0.09523809523809523,0.6190476190476191,0.8095238095238095,3.7142857142857144,241312221431443224432
818,3,0.14285714285714285,0.19047619047619047,0.47619047619047616,0.7142857142857143,4.904761904761905,241312221431443224432
818,4,0.23809523809523808,0.23809523809523808,0.3333333333333333,0.6190476190476191,5.380952380952381,241312221431443224432
818,5,0.23809523809523808,0.19047619047619047,0.38095238095238093,0.5238095238095238,5.904761904761905,241312221431443224432
819,2,0.23809523809523808,0.19047619047619047,0.6666666666666666,0.8571428571428571,3.6666666666666665,111144341131332331441
819,3,0.23809523809523808,0.09523809523809523,0.5238095238095238,0.5714285714285714,5.333333333333333,111144341131332331441
819,4,0.14285714285714285,0.047619047619047616,0.38095238095238093,0.5238095238095238,6.428571428571429,111144341131332331441
819,5,0.09523809523809523,0.09523809523809523,0.3333333333333333,0.47619047619047616,7.095238095238095,111144341131332331441
820,2,0.2857142857142857,0.38095238095238093,0.6190476190476191,0.7142857142857143,4.142857142857143,331443331343434124224
820,3,0.23809523809523808,0.3333333333333333,0.6666666666666666,0.6666666666666666,4.142857142857143,331443331343434124224
820,4,0.23809523809523808,0.47619047619047616,0.47619047619047616,0.5714285714285714,4.571428571428571,331443331343434124224
820,5,0.19047619047619047,0.3333333333333333,0.38095238095238093,0.5238095238095238,5.380952380952381,331443331343434124224
821,2,0.38095238095238093,0.38095238095238093,0.7619047619047619,0.8095238095238095,3.142857142857143,231442433144234211413
821,3,0.2857142857142857,0.2857142857142857,0.6190476190476191,0.7142857142857143,4.476190476190476,231442433144234211413
821,4,0.23809523809523808,0.2857142857142857,0.5238095238095238,0.6666666666666666,4.904761904761905,231442433144234211413
821,5,0.19047619047619047,0.19047619047619047,0.2857142857142857,0.38095238095238093,7.0,231442433144234211413
822,2,0.19047619047619047,0.19047619047619047,0.7142857142857143,0.8571428571428571,3.9047619047619047,132421321132333213311
822,3,0.19047619047619047,0.19047619047619047,0.5714285714285714,0.6666666666666666,5.0476190476190474,132421321132333213311
822,4,0.19047619047619047,0.14285714285714285,0.47619047619047616,0.7142857142857143,5.333333333333333,132421321132333213311
822,5,0.19047619047619047,0.14285714285714285,0.23809523809523808,0.38095238095238093,8.428571428571429,132421321132333213311
823,2,0.47619047619047616,0.2857142857142857,0.7619047619047619,0.9047619047619048,2.8095238095238093,242132421223114221111
823,3,0.2857142857142857,0.2857142857142857,0.6666666666666666,0.8095238095238095,3.9523809523809526,242132421223114221111
823,4,0.3333333333333333,0.23809523809523808,0.38095238095238093,0.6190476190476191,5.0476190476190474,242132421223114221111
823,5,0.09523809523809523,0.19047619047619047,0.38095238095238093,0.5714285714285714,6.476190476190476,242132421223114221111
824,2,0.3333333333333333,0.3333333333333333,0.47619047619047616,0.7142857142857143,4.333333333333333,331434222233141424122
824,3,0.23809523809523808,0.2857142857142857,0.6190476190476191,0.6666666666666666,4.857142857142857,331434222233141424122
824,4,0.23809523809523808,0.14285714285714285,0.42857142857142855,0.6190476190476191,5.190476190476191,331434222233141424122
824,5,0.14285714285714285,0.2857142857142857,0.42857142857142855,0.6190476190476191,5.9523809523809526,331434222233141424122
825,2,0.5238095238095238,0.5238095238095238,0.6666666666666666,0.8095238095238095,2.9523809523809526,321222133243313221223
825,3,0.3333333333333333,0.23809523809523808,0.6190476190476191,0.7619047619047619,3.9523809523809526,321222133243313221223
825,4,0.23809523809523808,0.19047619047619047,0.47619047619047616,0.5238095238095238,4.9523809523809526,321222133243313221223
825,5,0.23809523809523808,0.23809523809523808,0.47619047619047616,0.5238095238095238,5.761904761904762,321222133243313221223
826,2,0.38095238095238093,0.2857142857142857,0.6666666666666666,0.7619047619047619,3.2857142857142856,431424141343412234141
826,3,0.3333333333333333,0.14285714285714285,0.7142857142857143,0.7619047619047619,3.5714285714285716,431424141343412234141
826,4,0.23809523809523808,0.2857142857142857,0.47619047619047616,0.6666666666666666,4.714285714285714,431424141343412234141
826,5,0.19047619047619047,0.42857142857142855,0.47619047619047616,0.5238095238095238,5.666666666666667,431424141343412234141
827,2,0.2857142857142857,0.19047619047619047,0.5714285714285714,0.6666666666666666,4.476190476190476,421434312234433341323
827,3,0.14285714285714285,0.19047619047619047,0.5238095238095238,0.6666666666666666,5.238095238095238,421434312234433341323
827,4,0.09523809523809523,0.09523809523809523,0.47619047619047616,0.6190476190476191,5.666666666666667,421434312234433341323
827,5,0.09523809523809523,0.09523809523809523,0.2857142857142857,0.38095238095238093,6.523809523809524,421434312234433341323
828,2,0.47619047619047616,0.3333333333333333,0.6190476190476191,0.7619047619047619,3.5238095238095237,234421142213423332114
828,3,0.23809523809523808,0.2857142857142857,0.5714285714285714,0.7142857142857143,4.095238095238095,234421142213423332114
828,4,0.14285714285714285,0.19047619047619047,0.38095238095238093,0.42857142857142855,6.0476190476190474,234421142213423332114
828,5,0.19047619047619047,0.09523809523809523,0.23809523809523808,0.3333333333333333,6.857142857142857,234421142213423332114
829,2,0.2857142857142857,0.42857142857142855,0.6190476190476191,0.7619047619047619,3.5238095238095237,411234124322331443244
829,3,0.3333333333333333,0.42857142857142855,0.5714285714285714,0.6666666666666666,4.0476190476190474,411234124322331443244
829,4,0.19047619047619047,0.19047619047619047,0.5714285714285714,0.7619047619047619,4.809523809523809,411234124322331443244
829,5,0.09523809523809523,0.14285714285714285,0.5238095238095238,0.7142857142857143,5.285714285714286,411234124322331443244
830,2,0.2857142857142857,0.2857142857142857,0.5238095238095238,0.8095238095238095,3.857142857142857,434341214443224111213
830,3,0.19047619047619047,0.38095238095238093,0.7142857142857143,0.7142857142857143,3.9047619047619047,434341214443224111213
830,4,0.19047619047619047,0.2857142857142857,0.5238095238095238,0.6666666666666666,4.428571428571429,434341214443224111213
830,5,0.14285714285714285,0.23809523809523808,0.38095238095238093,0.47619047619047616,6.428571428571429,434341214443224111213
831,2,0.3333333333333333,0.3333333333333333,0.6666666666666666,0.8571428571428571,3.5714285714285716,312343441313243221324
831,3,0.19047619047619047,0.19047619047619047,0.5714285714285714,0.8095238095238095,3.761904761904762,312343441313243221324
831,4,0.09523809523809523,0.14285714285714285,0.38095238095238093,0.5238095238095238,4.714285714285714,312343441313243221324
831,5,0.09523809523809523,0.09523809523809523,0.38095238095238093,0.5238095238095238,6.0476190476190474,312343441313243221324
832,2,0.3333333333333333,0.38095238095238093,0.7619047619047619,0.9523809523809523,2.4285714285714284,242431434411343421132
832,3,0.23809523809523808,0.2857142857142857,0.5714285714285714,0.9047619047619048,3.380952380952381,242431434411343421132
832,4,0.19047619047619047,0.23809523809523808,0.5714285714285714,0.8095238095238095,3.7142857142857144,242431434411343421132
832,5,0.23809523809523808,0.14285714285714285,0.42857142857142855,0.6190476190476191,5.333333333333333,242431434411343421132
833,2,0.3333333333333333,0.2857142857142857,0.7619047619047619,0.9523809523809523,2.6666666666666665,222321424113443234113
833,3,0.23809523809523808,0.2857142857142857,0.5714285714285714,0.8095238095238095,3.5238095238095237,222321424113443234113
833,4,0.2857142857142857,0.23809523809523808,0.47619047619047616,0.6666666666666666,4.285714285714286,222321424113443234113
833,5,0.3333333333333333,0.19047619047619047,0.47619047619047616,0.6190476190476191,5.333333333333333,222321424113443234113
834,2,0.42857142857142855,0.2857142857142857,0.6190476190476191,0.8095238095238095,3.4285714285714284,234331344234333214243
834,3,0.19047619047619047,0.2857142857142857,0.6190476190476191,0.8571428571428571,3.857142857142857,234331344234333214243
834,4,0.19047619047619047,0.2857142857142857,0.5238095238095238,0.6666666666666666,4.523809523809524,234331344234333214243
834,5,0.23809523809523808,0.23809523809523808,0.3333333333333333,0.38095238095238093,6.904761904761905,234331344234333214243
835,2,0.38095238095238093,0.38095238095238093,0.6666666666666666,0.7619047619047619,3.8095238095238093,444132312143111233414
835,3,0.23809523809523808,0.19047619047619047,0.6190476190476191,0.7619047619047619,4.190476190476191,444132312143111233414
835,4,0.23809523809523808,0.19047619047619047,0.5238095238095238,0.5714285714285714,5.142857142857143,444132312143111233414
835,5,0.23809523809523808,0.19047619047619047,0.42857142857142855,0.47619047619047616,6.761904761904762,444132312143111233414
836,2,0.23809523809523808,0.23809523809523808,0.5238095238095238,0.8095238095238095,4.523809523809524,344433442442143343344
836,3,0.19047619047619047,0.2857142857142857,0.6190476190476191,0.7142857142857143,4.523809523809524,344433442442143343344
836,4,0.09523809523809523,0.14285714285714285,0.47619047619047616,0.6190476190476191,5.523809523809524,344433442442143343344
836,5,0.23809523809523808,0.047619047619047616,0.42857142857142855,0.42857142857142855,6.904761904761905,344433442442143343344
837,2,0.23809523809523808,0.2857142857142857,0.5714285714285714,0.8571428571428571,3.5714285714285716,444324433121432333341
837,3,0.23809523809523808,0.2857142857142857,0.5714285714285714,0.7619047619047619,3.7142857142857144,444324433121432333341
837,4,0.23809523809523808,0.19047619047619047,0.42857142857142855,0.5238095238095238,5.142857142857143,444324433121432333341
837,5,0.19047619047619047,0.23809523809523808,0.5238095238095238,0.5714285714285714,5.380952380952381,444324433121432333341
838,2,0.38095238095238093,0.2857142857142857,0.5714285714285714,0.7142857142857143,4.9523809523809526,243313212113122211114
838,3,0.14285714285714285,0.09523809523809523,0.5714285714285714,0.6666666666666666,4.809523809523809,243313212113122211114
838,4,0.2857142857142857,0.09523809523809523,0.38095238095238093,0.5714285714285714,6.0,243313212113122211114
838,5,0.3333333333333333,0.3333333333333333,0.38095238095238093,0.5238095238095238,6.904761904761905,243313212113122211114
839,2,0.3333333333333333,0.42857142857142855,0.6666666666666666,0.8571428571428571,3.2857142857142856,241214421231143413113
839,3,0.3333333333333333,0.2857142857142857,0.5714285714285714,0.7619047619047619,4.761904761904762,241214421231143413113
839,4,0.23809523809523808,0.23809523809523808,0.42857142857142855,0.6666666666666666,5.523809523809524,241214421231143413113
839,5,0.23809523809523808,0.23809523809523808,0.38095238095238093,0.5714285714285714,6.0,241214421231143413113
840,2,0.2857142857142857,0.2857142857142857,0.5714285714285714,0.8095238095238095,3.4761904761904763,234341232213243132113
840,3,0.19047619047619047,0.2857142857142857,0.5714285714285714,0.8571428571428571,3.619047619047619,234341232213243132113
840,4,0.19047619047619047,0.2857142857142857,0.42857142857142855,0.5238095238095238,5.0476190476190474,234341232213243132113
840,5,0.23809523809523808,0.19047619047619047,0.3333333333333333,0.42857142857142855,6.142857142857143,234341232213243132113
841,2,0.19047619047619047,0.09523809523809523,0.42857142857142855,0.6190476190476191,4.857142857142857,421323213313234343324
841,3,0.23809523809523808,0.14285714285714285,0.42857142857142855,0.5714285714285714,5.190476190476191,421323213313234343324
841,4,0.19047619047619047,0.14285714285714285,0.38095238095238093,0.5238095238095238,5.904761904761905,421323213313234343324
841,5,0.19047619047619047,0.09523809523809523,0.3333333333333333,0.38095238095238093,6.333333333333333,421323213313234343324
842,2,0.3333333333333333,0.23809523809523808,0.7142857142857143,0.8095238095238095,3.4285714285714284,443334322113123432211
842,3,0.23809523809523808,0.14285714285714285,0.5714285714285714,0.8095238095238095,4.095238095238095,443334322113123432211
842,4,0.19047619047619047,0.23809523809523808,0.5238095238095238,0.6190476190476191,5.285714285714286,443334322113123432211
842,5,0.23809523809523808,0.3333333333333333,0.47619047619047616,0.7142857142857143,5.761904761904762,443334322113123432211
843,2,0.3333333333333333,0.19047619047619047,0.6666666666666666,0.8095238095238095,3.9047619047619047,244333424131412214421
843,3,0.2857142857142857,0.2857142857142857,0.6190476190476191,0.7142857142857143,4.190476190476191,244333424131412214421
843,4,0.23809523809523808,0.09523809523809523,0.42857142857142855,0.6666666666666666,4.857142857142857,244333424131412214421
843,5,0.23809523809523808,0.3333333333333333,0.5714285714285714,0.6190476190476191,5.333333333333333,244333424131412214421
844,2,0.23809523809523808,0.38095238095238093,0.7619047619047619,0.9523809523809523,2.6666666666666665,322342343243222233413
844,3,0.2857142857142857,0.19047619047619047,0.5714285714285714,0.8571428571428571,3.619047619047619,322342343243222233413
844,4,0.23809523809523808,0.19047619047619047,0.47619047619047616,0.5714285714285714,4.428571428571429,322342343243222233413
844,5,0.3333333333333333,0.2857142857142857,0.38095238095238093,0.47619047619047616,6.285714285714286,322342343243222233413
845,2,0.2857142857142857,0.23809523809523808,0.5238095238095238,0.8095238095238095,3.857142857142857,423322244334343433244
845,3,0.23809523809523808,0.19047619047619047,0.6190476190476191,0.7142857142857143,4.142857142857143,423322244334343433244
845,4,0.19047619047619047,0.0,0.5714285714285714,0.6666666666666666,4.571428571428571,423322244334343433244
845,5,0.19047619047619047,0.14285714285714285,0.47619047619047616,0.5238095238095238,6.190476190476191,423322244334343433244
846,2,0.2857142857142857,0.23809523809523808,0.6666666666666666,0.8571428571428571,3.619047619047619,123424341313342312433
846,3,0.19047619047619047,0.19047619047619047,0.5714285714285714,0.7142857142857143,4.523809523809524,123424341313342312433
846,4,0.2857142857142857,0.23809523809523808,0.5238095238095238,0.6666666666666666,5.238095238095238,123424341313342312433
846,5,0.14285714285714285,0.23809523809523808,0.2857142857142857,0.38095238095238093,7.142857142857143,123424341313342312433
847,2,0.19047619047619047,0.14285714285714285,0.6190476190476191,0.7619047619047619,5.0476190476190474,131213442422124214241
847,3,0.23809523809523808,0.2857142857142857,0.6190476190476191,0.7142857142857143,5.142857142857143,131213442422124214241
847,4,0.3333333333333333,0.23809523809523808,0.47619047619047616,0.7142857142857143,5.523809523809524,131213442422124214241
847,5,0.23809523809523808,0.23809523809523808,0.3333333333333333,0.47619047619047616,8.142857142857142,131213442422124214241
848,2,0.23809523809523808,0.2857142857142857,0.6666666666666666,0.7619047619047619,3.761904761904762,343343432232212231312
848,3,0.14285714285714285,0.23809523809523808,0.5238095238095238,0.6666666666666666,4.904761904761905,343343432232212231312
848,4,0.23809523809523808,0.09523809523809523,0.3333333333333333,0.47619047619047616,5.476190476190476,343343432232212231312
848,5,0.23809523809523808,0.19047619047619047,0.3333333333333333,0.47619047619047616,6.9523809523809526,343343432232212231312
849,2,0.3333333333333333,0.23809523809523808,0.5714285714285714,0.7142857142857143,3.8095238095238093,314424142342224433114
849,3,0.42857142857142855,0.47619047619047616,0.5714285714285714,0.6666666666666666,3.9047619047619047,314424142342224433114
849,4,0.23809523809523808,0.2857142857142857,0.42857142857142855,0.6190476190476191,4.904761904761905,314424142342224433114
849,5,0.2857142857142857,0.14285714285714285,0.38095238095238093,0.47619047619047616,6.095238095238095,314424142342224433114
850,2,0.38095238095238093,0.42857142857142855,0.7142857142857143,0.8095238095238095,3.4761904761904763,232442311224412413142
850,3,0.19047619047619047,0.23809523809523808,0.7619047619047619,0.9047619047619048,3.2857142857142856,232442311224412413142
850,4,0.2857142857142857,0.2857142857142857,0.6190476190476191,0.8095238095238095,3.8095238095238093,232442311224412413142
850,5,0.23809523809523808,0.09523809523809523,0.3333333333333333,0.47619047619047616,6.380952380952381,232442311224412413142
851,2,0.38095238095238093,0.23809523809523808,0.7142857142857143,0.8571428571428571,3.761904761904762,133134343341221241421
851,3,0.3333333333333333,0.3333333333333333,0.5714285714285714,0.6666666666666666,4.571428571428571,133134343341221241421
851,4,0.14285714285714285,0.19047619047619047,0.5238095238095238,0.6190476190476191,5.619047619047619,133134343341221241421
851,5,0.14285714285714285,0.14285714285714285,0.38095238095238093,0.47619047619047616,7.809523809523809,133134343341221241421
852,2,0.2857142857142857,0.42857142857142855,0.6190476190476191,0.9523809523809523,2.9047619047619047,222321432431322133231
852,3,0.19047619047619047,0.38095238095238093,0.5714285714285714,0.7619047619047619,3.8095238095238093,222321432431322133231
852,4,0.23809523809523808,0.3333333333333333,0.5238095238095238,0.7619047619047619,4.142857142857143,222321432431322133231
852,5,0.23809523809523808,0.09523809523809523,0.42857142857142855,0.6190476190476191,5.238095238095238,222321432431322133231
853,2,0.2857142857142857,0.3333333333333333,0.42857142857142855,0.6190476190476191,5.142857142857143,411323143344434143123
853,3,0.2857142857142857,0.3333333333333333,0.47619047619047616,0.5238095238095238,5.238095238095238,411323143344434143123
853,4,0.19047619047619047,0.2857142857142857,0.42857142857142855,0.5238095238095238,6.095238095238095,411323143344434143123
853,5,0.23809523809523808,0.2857142857142857,0.47619047619047616,0.5714285714285714,5.380952380952381,411323143344434143123
854,2,0.3333333333333333,0.42857142857142855,0.6190476190476191,0.9047619047619048,3.0952380952380953,242131334433423142331
854,3,0.23809523809523808,0.2857142857142857,0.6190476190476191,0.6666666666666666,3.9523809523809526,242131334433423142331
854,4,0.19047619047619047,0.19047619047619047,0.5238095238095238,0.6666666666666666,4.571428571428571,242131334433423142331
854,5,0.23809523809523808,0.23809523809523808,0.42857142857142855,0.6190476190476191,5.380952380952381,242131334433423142331
855,2,0.23809523809523808,0.23809523809523808,0.6190476190476191,0.8571428571428571,3.761904761904762,122412424323213223324
855,3,0.2857142857142857,0.2857142857142857,0.7619047619047619,0.8571428571428571,3.8095238095238093,122412424323213223324
855,4,0.2857142857142857,0.2857142857142857,0.47619047619047616,0.6190476190476191,4.761904761904762,122412424323213223324
855,5,0.23809523809523808,0.14285714285714285,0.38095238095238093,0.5238095238095238,6.142857142857143,122412424323213223324
856,2,0.2857142857142857,0.19047619047619047,0.6190476190476191,0.8571428571428571,3.3333333333333335,413344413212221413142
856,3,0.23809523809523808,0.23809523809523808,0.47619047619047616,0.7142857142857143,3.5714285714285716,413344413212221413142
856,4,0.19047619047619047,0.09523809523809523,0.47619047619047616,0.6666666666666666,5.0,413344413212221413142
856,5,0.23809523809523808,0.14285714285714285,0.42857142857142855,0.7142857142857143,5.761904761904762,413344413212221413142
857,2,0.42857142857142855,0.42857142857142855,0.7619047619047619,0.9047619047619048,3.4761904761904763,132444334443122124443
857,3,0.2857142857142857,0.23809523809523808,0.7142857142857143,0.8095238095238095,4.285714285714286,132444334443122124443
857,4,0.2857142857142857,0.42857142857142855,0.6666666666666666,0.8571428571428571,4.428571428571429,132444334443122124443
857,5,0.3333333333333333,0.42857142857142855,0.47619047619047616,0.5714285714285714,5.666666666666667,132444334443122124443
858,2,0.42857142857142855,0.38095238095238093,0.6190476190476191,0.7142857142857143,3.9047619047619047,223412212432342242233
858,3,0.3333333333333333,0.3333333333333333,0.5238095238095238,0.7142857142857143,4.190476190476191,223412212432342242233
858,4,0.23809523809523808,0.2857142857142857,0.5714285714285714,0.6666666666666666,4.904761904761905,223412212432342242233
858,5,0.2857142857142857,0.19047619047619047,0.2857142857142857,0.42857142857142855,7.380952380952381,223412212432342242233
859,2,0.3333333333333333,0.38095238095238093,0.6666666666666666,0.7619047619047619,3.4761904761904763,213334211213231121134
859,3,0.2857142857142857,0.23809523809523808,0.5238095238095238,0.6666666666666666,3.9523809523809526,213334211213231121134
859,4,0.19047619047619047,0.23809523809523808,0.3333333333333333,0.47619047619047616,5.476190476190476,213334211213231121134
859,5,0.09523809523809523,0.19047619047619047,0.3333333333333333,0.5714285714285714,6.619047619047619,213334211213231121134
860,2,0.42857142857142855,0.2857142857142857,0.6190476190476191,0.7619047619047619,3.761904761904762,233234412141422412324
860,3,0.19047619047619047,0.14285714285714285,0.6190476190476191,0.7142857142857143,3.8095238095238093,233234412141422412324
860,4,0.19047619047619047,0.14285714285714285,0.5714285714285714,0.7142857142857143,4.523809523809524,233234412141422412324
860,5,0.2857142857142857,0.23809523809523808,0.42857142857142855,0.5238095238095238,6.523809523809524,233234412141422412324
861,2,0.3333333333333333,0.38095238095238093,0.7142857142857143,0.9047619047619048,3.761904761904762,312413341443122344144
861,3,0.23809523809523808,0.2857142857142857,0.6190476190476191,0.7142857142857143,4.285714285714286,312413341443122344144
861,4,0.2857142857142857,0.14285714285714285,0.5714285714285714,0.6190476190476191,5.095238095238095,312413341443122344144
861,5,0.3333333333333333,0.19047619047619047,0.47619047619047616,0.5714285714285714,5.809523809523809,312413341443122344144
862,2,0.3333333333333333,0.3333333333333333,0.6666666666666666,0.8571428571428571,3.380952380952381,423242222121321312233
862,3,0.23809523809523808,0.23809523809523808,0.5238095238095238,0.6190476190476191,4.380952380952381,423242222121321312233
862,4,0.2857142857142857,0.2857142857142857,0.5714285714285714,0.7142857142857143,4.523809523809524,423242222121321312233
862,5,0.19047619047619047,0.19047619047619047,0.3333333333333333,0.47619047619047616,7.095238095238095,423242222121321312233
863,2,0.2857142857142857,0.19047619047619047,0.5238095238095238,0.7142857142857143,4.333333333333333,313413442132414111114
863,3,0.3333333333333333,0.23809523809523808,0.6190476190476191,0.6190476190476191,4.666666666666667,313413442132414111114
863,4,0.2857142857142857,0.19047619047619047,0.47619047619047616,0.5714285714285714,5.238095238095238,313413442132414111114
863,5,0.19047619047619047,0.14285714285714285,0.3333333333333333,0.5238095238095238,7.0476190476190474,313413442132414111114
864,2,0.2857142857142857,0.2857142857142857,0.6666666666666666,0.7619047619047619,3.8095238095238093,213414341434441223412
864,3,0.2857142857142857,0.23809523809523808,0.5238095238095238,0.6666666666666666,4.619047619047619,213414341434441223412
864,4,0.2857142857142857,0.19047619047619047,0.47619047619047616,0.5714285714285714,5.523809523809524,213414341434441223412
864,5,0.23809523809523808,0.09523809523809523,0.3333333333333333,0.38095238095238093,6.666666666666667,213414341434441223412
865,2,0.23809523809523808,0.3333333333333333,0.7619047619047619,0.8095238095238095,3.4285714285714284,241331141312114334232
865,3,0.3333333333333333,0.23809523809523808,0.5714285714285714,0.6190476190476191,4.857142857142857,241331141312114334232
865,4,0.23809523809523808,0.19047619047619047,0.38095238095238093,0.47619047619047616,6.0476190476190474,241331141312114334232
865,5,0.23809523809523808,0.23809523809523808,0.38095238095238093,0.5238095238095238,6.571428571428571,241331141312114334232
866,2,0.3333333333333333,0.2857142857142857,0.5238095238095238,0.6666666666666666,5.095238095238095,111142114244124133111
866,3,0.2857142857142857,0.2857142857142857,0.5238095238095238,0.6190476190476191,5.761904761904762,111142114244124133111
866,4,0.23809523809523808,0.19047619047619047,0.42857142857142855,0.5238095238095238,6.761904761904762,111142114244124133111
866,5,0.19047619047619047,0.23809523809523808,0.2857142857142857,0.5714285714285714,7.285714285714286,111142114244124133111
867,2,0.3333333333333333,0.2857142857142857,0.5714285714285714,0.7619047619047619,3.857142857142857,314144413223131342421
867,3,0.2857142857142857,0.09523809523809523,0.5238095238095238,0.7142857142857143,4.571428571428571,314144413223131342421
867,4,0.14285714285714285,0.047619047619047616,0.38095238095238093,0.47619047619047616,6.142857142857143,314144413223131342421
867,5,0.09523809523809523,0.09523809523809523,0.3333333333333333,0.5238095238095238,6.238095238095238,314144413223131342421
868,2,0.38095238095238093,0.5714285714285714,0.7142857142857143,0.8571428571428571,3.2857142857142856,311112324243111241312
868,3,0.3333333333333333,0.38095238095238093,0.6190476190476191,0.7142857142857143,4.523809523809524,311112324243111241312
868,4,0.2857142857142857,0.3333333333333333,0.5238095238095238,0.5238095238095238,5.333333333333333,311112324243111241312
868,5,0.23809523809523808,0.3333333333333333,0.42857142857142855,0.5238095238095238,6.238095238095238,311112324243111241312
869,2,0.42857142857142855,0.23809523809523808,0.5714285714285714,0.8571428571428571,3.0476190476190474,233211423413312112343
869,3,0.19047619047619047,0.2857142857142857,0.6190476190476191,0.8095238095238095,3.5714285714285716,233211423413312112343
869,4,0.38095238095238093,0.23809523809523808,0.5238095238095238,0.7142857142857143,4.238095238095238,233211423413312112343
869,5,0.23809523809523808,0.3333333333333333,0.3333333333333333,0.5238095238095238,6.809523809523809,233211423413312112343
870,2,0.2857142857142857,0.38095238095238093,0.6666666666666666,0.8571428571428571,3.3333333333333335,213134333112134321142
870,3,0.23809523809523808,0.23809523809523808,0.5238095238095238,0.7142857142857143,4.142857142857143,213134333112134321142
870,4,0.23809523809523808,0.14285714285714285,0.3333333333333333,0.5238095238095238,6.142857142857143,213134333112134321142
870,5,0.14285714285714285,0.047619047619047616,0.2857142857142857,0.5714285714285714,7.142857142857143,213134333112134321142
871,2,0.42857142857142855,0.5714285714285714,0.6666666666666666,0.8571428571428571,3.4761904761904763,422332312341312431134
871,3,0.23809523809523808,0.2857142857142857,0.7142857142857143,0.8095238095238095,3.0952380952380953,422332312341312431134
871,4,0.19047619047619047,0.23809523809523808,0.47619047619047616,0.7142857142857143,3.857142857142857,422332312341312431134
871,5,0.3333333333333333,0.19047619047619047,0.47619047619047616,0.5714285714285714,5.476190476190476,422332312341312431134
872,2,0.2857142857142857,0.23809523809523808,0.5714285714285714,0.8095238095238095,3.7142857142857144,222231123221114223423
872,3,0.2857142857142857,0.3333333333333333,0.6190476190476191,0.7619047619047619,4.0476190476190474,222231123221114223423
872,4,0.3333333333333333,0.2857142857142857,0.42857142857142855,0.5714285714285714,5.476190476190476,222231123221114223423
872,5,0.19047619047619047,0.14285714285714285,0.3333333333333333,0.5714285714285714,6.571428571428571,222231123221114223423
873,2,0.23809523809523808,0.3333333333333333,0.5238095238095238,0.7142857142857143,4.904761904761905,113432112123443432331
873,3,0.14285714285714285,0.19047619047619047,0.5238095238095238,0.6666666666666666,4.9523809523809526,113432112123443432331
873,4,0.09523809523809523,0.14285714285714285,0.38095238095238093,0.5238095238095238,6.0476190476190474,113432112123443432331
873,5,0.14285714285714285,0.14285714285714285,0.2857142857142857,0.5238095238095238,6.761904761904762,113432112123443432331
874,2,0.2857142857142857,0.3333333333333333,0.5714285714285714,0.9523809523809523,3.4761904761904763,412313343221332343242
874,3,0.14285714285714285,0.19047619047619047,0.5714285714285714,0.7619047619047619,3.9047619047619047,412313343221332343242
874,4,0.23809523809523808,0.09523809523809523,0.5714285714285714,0.6666666666666666,4.523809523809524,412313343221332343242
874,5,0.23809523809523808,0.14285714285714285,0.47619047619047616,0.5238095238095238,6.095238095238095,412313343221332343242
875,2,0.2857142857142857,0.09523809523809523,0.5714285714285714,0.6666666666666666,5.380952380952381,133233122313232333322
875,3,0.14285714285714285,0.047619047619047616,0.5238095238095238,0.5238095238095238,5.619047619047619,133233122313232333322
875,4,0.14285714285714285,0.14285714285714285,0.38095238095238093,0.47619047619047616,6.714285714285714,133233122313232333322
875,5,0.14285714285714285,0.14285714285714285,0.2857142857142857,0.38095238095238093,7.428571428571429,133233122313232333322
876,2,0.38095238095238093,0.3333333333333333,0.5714285714285714,0.7619047619047619,3.380952380952381,434342423313431444233
876,3,0.3333333333333333,0.3333333333333333,0.5238095238095238,0.7142857142857143,3.9047619047619047,434342423313431444233
876,4,0.2857142857142857,0.3333333333333333,0.42857142857142855,0.6190476190476191,4.857142857142857,434342423313431444233
876,5,0.19047619047619047,0.14285714285714285,0.42857142857142855,0.6190476190476191,5.666666666666667,434342423313431444233
877,2,0.2857142857142857,0.3333333333333333,0.7142857142857143,0.8095238095238095,3.619047619047619,123222343213232234331
877,3,0.19047619047619047,0.19047619047619047,0.5714285714285714,0.7142857142857143,4.619047619047619,123222343213232234331
877,4,0.14285714285714285,0.14285714285714285,0.42857142857142855,0.42857142857142855,5.904761904761905,123222343213232234331
877,5,0.14285714285714285,0.09523809523809523,0.19047619047619047,0.2857142857142857,8.285714285714286,123222343213232234331
878,2,0.3333333333333333,0.2857142857142857,0.6190476190476191,0.9047619047619048,2.9523809523809526,233412433123423311333
878,3,0.14285714285714285,0.19047619047619047,0.47619047619047616,0.6666666666666666,4.190476190476191,233412433123423311333
878,4,0.23809523809523808,0.2857142857142857,0.5238095238095238,0.6190476190476191,5.142857142857143,233412433123423311333
878,5,0.19047619047619047,0.14285714285714285,0.2857142857142857,0.47619047619047616,6.571428571428571,233412433123423311333
879,2,0.2857142857142857,0.14285714285714285,0.6190476190476191,0.7142857142857143,4.333333333333333,344443322132132233413
879,3,0.23809523809523808,0.19047619047619047,0.47619047619047616,0.6666666666666666,4.904761904761905,344443322132132233413
879,4,0.23809523809523808,0.19047619047619047,0.38095238095238093,0.47619047619047616,5.9523809523809526,344443322132132233413
879,5,0.19047619047619047,0.09523809523809523,0.3333333333333333,0.38095238095238093,7.476190476190476,344443322132132233413
880,2,0.3333333333333333,0.3333333333333333,0.6190476190476191,0.8571428571428571,3.5714285714285716,324422422232144414144
880,3,0.42857142857142855,0.2857142857142857,0.6666666666666666,0.8095238095238095,3.9047619047619047,324422422232144414144
880,4,0.23809523809523808,0.23809523809523808,0.42857142857142855,0.6666666666666666,4.809523809523809,324422422232144414144
880,5,0.19047619047619047,0.14285714285714285,0.47619047619047616,0.47619047619047616,6.666666666666667,324422422232144414144
881,2,0.2857142857142857,0.23809523809523808,0.5714285714285714,0.8095238095238095,3.4285714285714284,333421423322311111312
881,3,0.19047619047619047,0.2857142857142857,0.5714285714285714,0.7619047619047619,4.0,333421423322311111312
881,4,0.23809523809523808,0.3333333333333333,0.5714285714285714,0.6190476190476191,4.619047619047619,333421423322311111312
881,5,0.19047619047619047,0.14285714285714285,0.2857142857142857,0.38095238095238093,7.571428571428571,333421423322311111312
882,2,0.23809523809523808,0.3333333333333333,0.5714285714285714,0.7142857142857143,4.666666666666667,231113144433114233313
882,3,0.2857142857142857,0.14285714285714285,0.47619047619047616,0.5238095238095238,5.380952380952381,231113144433114233313
882,4,0.2857142857142857,0.3333333333333333,0.42857142857142855,0.5238095238095238,6.285714285714286,231113144433114233313
882,5,0.19047619047619047,0.047619047619047616,0.2857142857142857,0.38095238095238093,7.380952380952381,231113144433114233313
883,2,0.38095238095238093,0.42857142857142855,0.7619047619047619,0.8571428571428571,3.8095238095238093,122341244243114333431
883,3,0.38095238095238093,0.47619047619047616,0.6190476190476191,0.7142857142857143,4.619047619047619,122341244243114333431
883,4,0.23809523809523808,0.3333333333333333,0.47619047619047616,0.5714285714285714,5.714285714285714,122341244243114333431
883,5,0.23809523809523808,0.14285714285714285,0.38095238095238093,0.5238095238095238,6.571428571428571,122341244243114333431
884,2,0.42857142857142855,0.23809523809523808,0.6190476190476191,0.8095238095238095,3.619047619047619,243121312233141214443
884,3,0.23809523809523808,0.14285714285714285,0.5238095238095238,0.7619047619047619,4.333333333333333,243121312233141214443
884,4,0.23809523809523808,0.23809523809523808,0.42857142857142855,0.5238095238095238,5.809523809523809,243121312233141214443
884,5,0.23809523809523808,0.23809523809523808,0.38095238095238093,0.38095238095238093,7.333333333333333,243121312233141214443
885,2,0.2857142857142857,0.38095238095238093,0.6190476190476191,0.6190476190476191,5.0476190476190474,221243243324132411434
885,3,0.19047619047619047,0.2857142857142857,0.42857142857142855,0.5238095238095238,5.619047619047619,221243243324132411434
885,4,0.23809523809523808,0.047619047619047616,0.47619047619047616,0.5238095238095238,6.190476190476191,221243243324132411434
885,5,0.09523809523809523,0.14285714285714285,0.19047619047619047,0.47619047619047616,7.190476190476191,221243243324132411434
886,2,0.42857142857142855,0.23809523809523808,0.6190476190476191,0.7142857142857143,4.666666666666667,131443244232341212132
886,3,0.14285714285714285,0.23809523809523808,0.47619047619047616,0.6190476190476191,5.809523809523809,131443244232341212132
886,4,0.19047619047619047,0.19047619047619047,0.5238095238095238,0.5714285714285714,5.9523809523809526,131443244232341212132
886,5,0.19047619047619047,0.19047619047619047,0.2857142857142857,0.42857142857142855,8.095238095238095,131443244232341212132
887,2,0.3333333333333333,0.5238095238095238,0.6666666666666666,0.8571428571428571,3.0,241442332423223433311
887,3,0.23809523809523808,0.19047619047619047,0.5714285714285714,0.7619047619047619,4.380952380952381,241442332423223433311
887,4,0.14285714285714285,0.2857142857142857,0.5238095238095238,0.6190476190476191,5.0476190476190474,241442332423223433311
887,5,0.19047619047619047,0.23809523809523808,0.2857142857142857,0.47619047619047616,6.285714285714286,241442332423223433311
888,2,0.3333333333333333,0.5238095238095238,0.5714285714285714,0.7619047619047619,4.619047619047619,112214221224411413112
888,3,0.3333333333333333,0.38095238095238093,0.6190476190476191,0.7142857142857143,4.9523809523809526,112214221224411413112
888,4,0.3333333333333333,0.3333333333333333,0.5238095238095238,0.6190476190476191,5.523809523809524,112214221224411413112
888,5,0.2857142857142857,0.23809523809523808,0.42857142857142855,0.5238095238095238,6.904761904761905,112214221224411413112
889,2,0.23809523809523808,0.38095238095238093,0.5714285714285714,0.7142857142857143,4.904761904761905,222143222214142123214
889,3,0.14285714285714285,0.19047619047619047,0.47619047619047616,0.7142857142857143,5.142857142857143,222143222214142123214
889,4,0.19047619047619047,0.19047619047619047,0.47619047619047616,0.5714285714285714,5.666666666666667,222143222214142123214
889,5,0.14285714285714285,0.09523809523809523,0.3333333333333333,0.47619047619047616,7.0476190476190474,222143222214142123214
890,2,0.23809523809523808,0.38095238095238093,0.5714285714285714,0.7142857142857143,4.523809523809524,234131223144134243144
890,3,0.3333333333333333,0.2857142857142857,0.5714285714285714,0.7142857142857143,4.619047619047619,234131223144134243144
890,4,0.23809523809523808,0.3333333333333333,0.42857142857142855,0.5714285714285714,5.714285714285714,234131223144134243144
890,5,0.19047619047619047,0.047619047619047616,0.3333333333333333,0.38095238095238093,7.666666666666667,234131223144134243144
891,2,0.23809523809523808,0.14285714285714285,0.6190476190476191,0.8571428571428571,3.5714285714285716,224311141123321442324
891,3,0.23809523809523808,0.3333333333333333,0.5238095238095238,0.7142857142857143,3.9047619047619047,224311141123321442324
891,4,0.23809523809523808,0.19047619047619047,0.5238095238095238,0.5714285714285714,5.095238095238095,224311141123321442324
891,5,0.19047619047619047,0.09523809523809523,0.38095238095238093,0.5238095238095238,5.714285714285714,224311141123321442324
892,2,0.2857142857142857,0.2857142857142857,0.7142857142857143,0.8571428571428571,3.0476190476190474,343231444342422413432
892,3,0.19047619047619047,0.19047619047619047,0.6666666666666666,0.7142857142857143,3.857142857142857,343231444342422413432
892,4,0.19047619047619047,0.14285714285714285,0.5238095238095238,0.6666666666666666,4.380952380952381,343231444342422413432
892,5,0.2857142857142857,0.2857142857142857,0.5238095238095238,0.5714285714285714,6.380952380952381,343231444342422413432
893,2,0.3333333333333333,0.38095238095238093,0.6190476190476191,0.7142857142857143,4.428571428571429,213323244134113321321
893,3,0.2857142857142857,0.19047619047619047,0.42857142857142855,0.5714285714285714,5.285714285714286,213323244134113321321
893,4,0.14285714285714285,0.19047619047619047,0.42857142857142855,0.5238095238095238,6.428571428571429,213323244134113321321
893,5,0.19047619047619047,0.19047619047619047,0.38095238095238093,0.5238095238095238,6.571428571428571,213323244134113321321
894,2,0.19047619047619047,0.2857142857142857,0.6666666666666666,0.8571428571428571,3.619047619047619,224241333422421233331
894,3,0.19047619047619047,0.19047619047619047,0.47619047619047616,0.8095238095238095,4.0476190476190474,224241333422421233331
894,4,0.19047619047619047,0.14285714285714285,0.5238095238095238,0.5714285714285714,5.0476190476190474,224241333422421233331
894,5,0.19047619047619047,0.14285714285714285,0.23809523809523808,0.38095238095238093,7.0476190476190474,224241333422421233331
895,2,0.2857142857142857,0.3333333333333333,0.7142857142857143,0.8095238095238095,3.857142857142857,113334441442324442221
895,3,0.38095238095238093,0.38095238095238093,0.5714285714285714,0.7142857142857143,4.571428571428571,113334441442324442221
895,4,0.14285714285714285,0.2857142857142857,0.5714285714285714,0.6666666666666666,5.190476190476191,113334441442324442221
895,5,0.2857142857142857,0.2857142857142857,0.5238095238095238,0.6666666666666666,6.190476190476191,113334441442324442221
896,2,0.3333333333333333,0.23809523809523808,0.5714285714285714,0.7619047619047619,3.8095238095238093,223234231324342131244
896,3,0.19047619047619047,0.2857142857142857,0.6190476190476191,0.8571428571428571,3.857142857142857,223234231324342131244
896,4,0.14285714285714285,0.19047619047619047,0.5238095238095238,0.6666666666666666,4.571428571428571,223234231324342131244
896,5,0.19047619047619047,0.14285714285714285,0.42857142857142855,0.5238095238095238,6.238095238095238,223234231324342131244
897,2,0.42857142857142855,0.23809523809523808,0.6666666666666666,0.7619047619047619,3.7142857142857144,244431241314332341242
897,3,0.14285714285714285,0.14285714285714285,0.6666666666666666,0.7619047619047619,4.142857142857143,244431241314332341242
897,4,0.09523809523809523,0.0,0.38095238095238093,0.5714285714285714,5.523809523809524,244431241314332341242
897,5,0.23809523809523808,0.14285714285714285,0.2857142857142857,0.42857142857142855,6.809523809523809,244431241314332341242
898,2,0.19047619047619047,0.23809523809523808,0.6666666666666666,0.8571428571428571,3.1904761904761907,431131133221224343234
898,3,0.23809523809523808,0.2857142857142857,0.5238095238095238,0.5714285714285714,4.476190476190476,431131133221224343234
898,4,0.19047619047619047,0.19047619047619047,0.47619047619047616,0.5714285714285714,5.809523809523809,431131133221224343234
898,5,0.19047619047619047,0.14285714285714285,0.3333333333333333,0.42857142857142855,6.238095238095238,431131133221224343234
899,2,0.19047619047619047,0.38095238095238093,0.6190476190476191,0.8571428571428571,3.5238095238095237,212112122112243143434
899,3,0.23809523809523808,0.19047619047619047,0.5714285714285714,0.7142857142857143,3.857142857142857,212112122112243143434
899,4,0.23809523809523808,0.09523809523809523,0.47619047619047616,0.6190476190476191,4.9523809523809526,212112122112243143434
899,5,0.19047619047619047,0.047619047619047616,0.42857142857142855,0.47619047619047616,5.904761904761905,212112122112243143434
900,2,0.23809523809523808,0.2857142857142857,0.5714285714285714,0.6666666666666666,5.0,123243114222334331313
900,3,0.19047619047619047,0.14285714285714285,0.42857142857142855,0.6190476190476191,5.666666666666667,123243114222334331313
900,4,0.14285714285714285,0.09523809523809523,0.42857142857142855,0.5238095238095238,6.523809523809524,123243114222334331313
900,5,0.09523809523809523,0.09523809523809523,0.14285714285714285,0.3333333333333333,8.476190476190476,123243114222334331313
901,2,0.23809523809523808,0.19047619047619047,0.47619047619047616,0.8095238095238095,3.8095238095238093,323321222321421111141
901,3,0.2857142857142857,0.3333333333333333,0.5238095238095238,0.8095238095238095,3.761904761904762,323321222321421111141
901,4,0.2857142857142857,0.2857142857142857,0.5714285714285714,0.6190476190476191,4.523809523809524,323321222321421111141
901,5,0.23809523809523808,0.3333333333333333,0.42857142857142855,0.47619047619047616,6.904761904761905,323321222321421111141
902,2,0.47619047619047616,0.42857142857142855,0.7619047619047619,0.9523809523809523,2.3333333333333335,212241434411333212113
902,3,0.23809523809523808,0.2857142857142857,0.5238095238095238,0.7142857142857143,4.095238095238095,212241434411333212113
902,4,0.2857142857142857,0.23809523809523808,0.42857142857142855,0.6666666666666666,4.857142857142857,212241434411333212113
902,5,0.19047619047619047,0.23809523809523808,0.3333333333333333,0.47619047619047616,6.809523809523809,212241434411333212113
903,2,0.3333333333333333,0.2857142857142857,0.5714285714285714,0.7619047619047619,3.761904761904762,324332223312434422233
903,3,0.2857142857142857,0.2857142857142857,0.47619047619047616,0.6666666666666666,4.428571428571429,324332223312434422233
903,4,0.23809523809523808,0.3333333333333333,0.42857142857142855,0.47619047619047616,5.619047619047619,324332223312434422233
903,5,0.23809523809523808,0.14285714285714285,0.42857142857142855,0.47619047619047616,6.380952380952381,324332223312434422233
904,2,0.38095238095238093,0.38095238095238093,0.6666666666666666,0.9047619047619048,3.0952380952380953,443324424424343342133
904,3,0.2857142857142857,0.38095238095238093,0.5714285714285714,0.7619047619047619,4.238095238095238,443324424424343342133
904,4,0.23809523809523808,0.23809523809523808,0.6666666666666666,0.7619047619047619,4.285714285714286,443324424424343342133
904,5,0.2857142857142857,0.38095238095238093,0.5238095238095238,0.7142857142857143,4.904761904761905,443324424424343342133
905,2,0.38095238095238093,0.23809523809523808,0.6666666666666666,0.8095238095238095,3.8095238095238093,442244311144143341412
905,3,0.23809523809523808,0.14285714285714285,0.7619047619047619,0.7619047619047619,4.333333333333333,442244311144143341412
905,4,0.19047619047619047,0.19047619047619047,0.5714285714285714,0.7142857142857143,5.142857142857143,442244311144143341412
905,5,0.19047619047619047,0.09523809523809523,0.47619047619047616,0.5238095238095238,6.238095238095238,442244311144143341412
906,2,0.2857142857142857,0.23809523809523808,0.5714285714285714,0.7142857142857143,3.857142857142857,333431443332133112423
906,3,0.14285714285714285,0.09523809523809523,0.5714285714285714,0.6190476190476191,4.857142857142857,333431443332133112423
906,4,0.19047619047619047,0.19047619047619047,0.42857142857142855,0.5238095238095238,5.904761904761905,333431443332133112423
906,5,0.14285714285714285,0.23809523809523808,0.3333333333333333,0.47619047619047616,7.809523809523809,333431443332133112423
907,2,0.2857142857142857,0.3333333333333333,0.6190476190476191,0.8095238095238095,4.0476190476190474,123341234131431214231
907,3,0.2857142857142857,0.23809523809523808,0.42857142857142855,0.6190476190476191,5.142857142857143,123341234131431214231
907,4,0.2857142857142857,0.3333333333333333,0.38095238095238093,0.5238095238095238,6.0,123341234131431214231
907,5,0.23809523809523808,0.09523809523809523,0.38095238095238093,0.42857142857142855,7.571428571428571,123341234131431214231
908,2,0.3333333333333333,0.23809523809523808,0.6666666666666666,0.8571428571428571,3.142857142857143,424322341321224333424
908,3,0.2857142857142857,0.14285714285714285,0.6190476190476191,0.7619047619047619,3.857142857142857,424322341321224333424
908,4,0.23809523809523808,0.2857142857142857,0.47619047619047616,0.5238095238095238,4.857142857142857,424322341321224333424
908,5,0.23809523809523808,0.09523809523809523,0.42857142857142855,0.47619047619047616,6.0,424322341321224333424
909,2,0.42857142857142855,0.38095238095238093,0.6666666666666666,0.8095238095238095,4.523809523809524,112323234244332312413
909,3,0.2857142857142857,0.3333333333333333,0.5238095238095238,0.6190476190476191,5.523809523809524,112323234244332312413
909,4,0.23809523809523808,0.23809523809523808,0.47619047619047616,0.5714285714285714,6.0,112323234244332312413
909,5,0.2857142857142857,0.2857142857142857,0.47619047619047616,0.5238095238095238,6.666666666666667,112323234244332312413
910,2,0.23809523809523808,0.23809523809523808,0.47619047619047616,0.7142857142857143,4.523809523809524,443312412434144332434
910,3,0.19047619047619047,0.14285714285714285,0.5714285714285714,0.6190476190476191,5.0,443312412434144332434
910,4,0.19047619047619047,0.19047619047619047,0.38095238095238093,0.5238095238095238,6.190476190476191,443312412434144332434
910,5,0.23809523809523808,0.14285714285714285,0.47619047619047616,0.5714285714285714,6.238095238095238,443312412434144332434
911,2,0.14285714285714285,0.2857142857142857,0.5714285714285714,0.8571428571428571,3.857142857142857,314311413241221334132
911,3,0.19047619047619047,0.19047619047619047,0.47619047619047616,0.7619047619047619,4.095238095238095,314311413241221334132
911,4,0.2857142857142857,0.14285714285714285,0.38095238095238093,0.5714285714285714,4.857142857142857,314311413241221334132
911,5,0.2857142857142857,0.38095238095238093,0.38095238095238093,0.5714285714285714,5.714285714285714,314311413241221334132
912,2,0.2857142857142857,0.38095238095238093,0.6190476190476191,0.9047619047619048,3.1904761904761907,312412124421342243122
912,3,0.23809523809523808,0.38095238095238093,0.6190476190476191,0.8095238095238095,3.5238095238095237,312412124421342243122
912,4,0.3333333333333333,0.38095238095238093,0.5714285714285714,0.6666666666666666,4.095238095238095,312412124421342243122
912,5,0.3333333333333333,0.3333333333333333,0.5238095238095238,0.5714285714285714,5.333333333333333,312412124421342243122
913,2,0.23809523809523808,0.2857142857142857,0.6190476190476191,0.8571428571428571,3.5238095238095237,443224121312244324123
913,3,0.3333333333333333,0.3333333333333333,0.5238095238095238,0.7142857142857143,4.238095238095238,443224121312244324123
913,4,0.23809523809523808,0.14285714285714285,0.38095238095238093,0.6666666666666666,5.0,443224121312244324123
913,5,0.3333333333333333,0.38095238095238093,0.47619047619047616,0.6190476190476191,5.666666666666667,443224121312244324123
914,2,0.23809523809523808,0.2857142857142857,0.47619047619047616,0.7142857142857143,5.380952380952381,123213313223114343414
914,3,0.3333333333333333,0.3333333333333333,0.5714285714285714,0.6190476190476191,5.333333333333333,123213313223114343414
914,4,0.2857142857142857,0.42857142857142855,0.47619047619047616,0.5714285714285714,6.666666666666667,123213313223114343414
914,5,0.19047619047619047,0.3333333333333333,0.23809523809523808,0.42857142857142855,7.571428571428571,123213313223114343414
915,2,0.42857142857142855,0.23809523809523808,0.6190476190476191,0.6666666666666666,4.9523809523809526,123443113241314431212
915,3,0.2857142857142857,0.23809523809523808,0.5238095238095238,0.6666666666666666,4.904761904761905,123443113241314431212
915,4,0.14285714285714285,0.09523809523809523,0.47619047619047616,0.5714285714285714,6.190476190476191,123443113241314431212
915,5,0.14285714285714285,0.14285714285714285,0.2857142857142857,0.47619047619047616,7.428571428571429,123443113241314431212
916,2,0.19047619047619047,0.47619047619047616,0.5714285714285714,0.9047619047619048,3.0476190476190474,312141422423241313234
916,3,0.19047619047619047,0.3333333333333333,0.5238095238095238,0.7142857142857143,4.0476190476190474,312141422423241313234
916,4,0.23809523809523808,0.14285714285714285,0.38095238095238093,0.5714285714285714,4.809523809523809,312141422423241313234
916,5,0.14285714285714285,0.19047619047619047,0.42857142857142855,0.6190476190476191,6.0,312141422423241313234
917,2,0.2857142857142857,0.14285714285714285,0.6190476190476191,0.7619047619047619,3.761904761904762,241121313414223411212
917,3,0.19047619047619047,0.19047619047619047,0.5238095238095238,0.7142857142857143,5.0476190476190474,241121313414223411212
917,4,0.09523809523809523,0.09523809523809523,0.42857142857142855,0.5238095238095238,5.9523809523809526,241121313414223411212
917,5,0.14285714285714285,0.14285714285714285,0.3333333333333333,0.47619047619047616,6.619047619047619,241121313414223411212
918,2,0.23809523809523808,0.2857142857142857,0.7142857142857143,0.8571428571428571,3.142857142857143,344444441333312424432
918,3,0.2857142857142857,0.19047619047619047,0.6666666666666666,0.7619047619047619,3.619047619047619,344444441333312424432
918,4,0.23809523809523808,0.2857142857142857,0.5714285714285714,0.6666666666666666,4.142857142857143,344444441333312424432
918,5,0.19047619047619047,0.3333333333333333,0.3333333333333333,0.5714285714285714,5.476190476190476,344444441333312424432
919,2,0.23809523809523808,0.38095238095238093,0.6666666666666666,0.8095238095238095,3.9047619047619047,212113444332131233431
919,3,0.3333333333333333,0.2857142857142857,0.47619047619047616,0.6190476190476191,4.571428571428571,212113444332131233431
919,4,0.23809523809523808,0.14285714285714285,0.42857142857142855,0.5714285714285714,5.571428571428571,212113444332131233431
919,5,0.14285714285714285,0.19047619047619047,0.38095238095238093,0.5714285714285714,6.9523809523809526,212113444332131233431
920,2,0.2857142857142857,0.19047619047619047,0.5714285714285714,0.7619047619047619,4.523809523809524,441233124413111311224
920,3,0.23809523809523808,0.23809523809523808,0.5714285714285714,0.6190476190476191,5.238095238095238,441233124413111311224
920,4,0.2857142857142857,0.047619047619047616,0.47619047619047616,0.5714285714285714,5.9523809523809526,441233124413111311224
920,5,0.14285714285714285,0.14285714285714285,0.47619047619047616,0.7142857142857143,5.571428571428571,441233124413111311224
921,2,0.42857142857142855,0.3333333333333333,0.6190476190476191,0.7142857142857143,3.761904761904762,331442133332114241343
921,3,0.2857142857142857,0.2857142857142857,0.5238095238095238,0.7142857142857143,4.761904761904762,331442133332114241343
921,4,0.23809523809523808,0.19047619047619047,0.42857142857142855,0.5714285714285714,5.714285714285714,331442133332114241343
921,5,0.09523809523809523,0.19047619047619047,0.23809523809523808,0.47619047619047616,7.476190476190476,331442133332114241343
922,2,0.38095238095238093,0.3333333333333333,0.5238095238095238,0.7619047619047619,3.857142857142857,444144432322142414414
922,3,0.2857142857142857,0.23809523809523808,0.5238095238095238,0.7142857142857143,4.523809523809524,444144432322142414414
922,4,0.2857142857142857,0.09523809523809523,0.47619047619047616,0.6190476190476191,5.095238095238095,444144432322142414414
922,5,0.23809523809523808,0.2857142857142857,0.47619047619047616,0.6190476190476191,6.476190476190476,444144432322142414414
923,2,0.38095238095238093,0.3333333333333333,0.6666666666666666,0.9047619047619048,2.9047619047619047,432342341311434141244
923,3,0.23809523809523808,0.5238095238095238,0.6190476190476191,0.7619047619047619,3.5714285714285716,432342341311434141244
923,4,0.14285714285714285,0.23809523809523808,0.5714285714285714,0.6666666666666666,4.238095238095238,432342341311434141244
923,5,0.047619047619047616,0.047619047619047616,0.3333333333333333,0.5714285714285714,6.428571428571429,432342341311434141244
924,2,0.19047619047619047,0.14285714285714285,0.47619047619047616,0.7619047619047619,4.571428571428571,421413312221344314413
924,3,0.2857142857142857,0.19047619047619047,0.6190476190476191,0.8095238095238095,4.238095238095238,421413312221344314413
924,4,0.23809523809523808,0.23809523809523808,0.5714285714285714,0.7142857142857143,4.666666666666667,421413312221344314413
924,5,0.23809523809523808,0.19047619047619047,0.3333333333333333,0.38095238095238093,6.857142857142857,421413312221344314413
925,2,0.47619047619047616,0.38095238095238093,0.7142857142857143,0.9047619047619048,2.761904761904762,322444321241114421313
925,3,0.38095238095238093,0.3333333333333333,0.7142857142857143,0.8571428571428571,3.4761904761904763,322444321241114421313
925,4,0.19047619047619047,0.23809523809523808,0.5714285714285714,0.7142857142857143,4.523809523809524,322444321241114421313
925,5,0.14285714285714285,0.23809523809523808,0.3333333333333333,0.47619047619047616,6.476190476190476,322444321241114421313
926,2,0.3333333333333333,0.23809523809523808,0.6666666666666666,0.8571428571428571,3.1904761904761907,442321424341433331422
926,3,0.19047619047619047,0.14285714285714285,0.6666666666666666,0.7619047619047619,4.0,442321424341433331422
926,4,0.23809523809523808,0.14285714285714285,0.38095238095238093,0.6190476190476191,5.142857142857143,442321424341433331422
926,5,0.2857142857142857,0.23809523809523808,0.5714285714285714,0.7142857142857143,4.9523809523809526,442321424341433331422
927,2,0.42857142857142855,0.5238095238095238,0.6666666666666666,0.8571428571428571,3.7142857142857144,133424234423323412333
927,3,0.19047619047619047,0.19047619047619047,0.5714285714285714,0.7619047619047619,4.904761904761905,133424234423323412333
927,4,0.19047619047619047,0.38095238095238093,0.6666666666666666,0.7619047619047619,5.0,133424234423323412333
927,5,0.19047619047619047,0.19047619047619047,0.2857142857142857,0.5714285714285714,7.0,133424234423323412333
928,2,0.38095238095238093,0.3333333333333333,0.5714285714285714,0.6666666666666666,4.857142857142857,143223144333312342121
928,3,0.2857142857142857,0.38095238095238093,0.5238095238095238,0.5714285714285714,5.619047619047619,143223144333312342121
928,4,0.23809523809523808,0.2857142857142857,0.47619047619047616,0.5714285714285714,6.476190476190476,143223144333312342121
928,5,0.14285714285714285,0.09523809523809523,0.42857142857142855,0.47619047619047616,6.714285714285714,143223144333312342121
929,2,0.23809523809523808,0.19047619047619047,0.5714285714285714,0.7619047619047619,5.0476190476190474,144213413412342114232
929,3,0.14285714285714285,0.14285714285714285,0.6190476190476191,0.6666666666666666,4.904761904761905,144213413412342114232
929,4,0.19047619047619047,0.14285714285714285,0.5238095238095238,0.6666666666666666,5.476190476190476,144213413412342114232
929,5,0.23809523809523808,0.23809523809523808,0.38095238095238093,0.47619047619047616,7.0476190476190474,144213413412342114232
930,2,0.42857142857142855,0.5238095238095238,0.6666666666666666,0.8095238095238095,3.3333333333333335,432242224441441212112
930,3,0.19047619047619047,0.19047619047619047,0.6190476190476191,0.7619047619047619,4.095238095238095,432242224441441212112
930,4,0.3333333333333333,0.2857142857142857,0.47619047619047616,0.8095238095238095,4.285714285714286,432242224441441212112
930,5,0.23809523809523808,0.19047619047619047,0.42857142857142855,0.5238095238095238,7.095238095238095,432242224441441212112
931,2,0.2857142857142857,0.09523809523809523,0.6190476190476191,0.8095238095238095,3.761904761904762,131222441322242114413
931,3,0.23809523809523808,0.23809523809523808,0.6190476190476191,0.7142857142857143,4.761904761904762,131222441322242114413
931,4,0.23809523809523808,0.19047619047619047,0.47619047619047616,0.6666666666666666,5.0476190476190474,131222441322242114413
931,5,0.19047619047619047,0.09523809523809523,0.38095238095238093,0.47619047619047616,7.333333333333333,131222441322242114413
932,2,0.2857142857142857,0.23809523809523808,0.6190476190476191,0.7619047619047619,4.380952380952381,333313121444223221222
932,3,0.19047619047619047,0.14285714285714285,0.5714285714285714,0.6666666666666666,4.619047619047619,333313121444223221222
932,4,0.19047619047619047,0.047619047619047616,0.42857142857142855,0.5714285714285714,5.571428571428571,333313121444223221222
932,5,0.2857142857142857,0.14285714285714285,0.42857142857142855,0.47619047619047616,6.523809523809524,333313121444223221222
933,2,0.2857142857142857,0.19047619047619047,0.7142857142857143,0.8095238095238095,4.666666666666667,113123333242131244343
933,3,0.2857142857142857,0.3333333333333333,0.42857142857142855,0.6190476190476191,5.380952380952381,113123333242131244343
933,4,0.19047619047619047,0.19047619047619047,0.42857142857142855,0.5238095238095238,6.523809523809524,113123333242131244343
933,5,0.19047619047619047,0.23809523809523808,0.38095238095238093,0.42857142857142855,8.142857142857142,113123333242131244343
934,2,0.2857142857142857,0.23809523809523808,0.6666666666666666,0.8095238095238095,3.9523809523809526,312423442222121214312
934,3,0.19047619047619047,0.23809523809523808,0.5238095238095238,0.7142857142857143,4.571428571428571,312423442222121214312
934,4,0.14285714285714285,0.14285714285714285,0.47619047619047616,0.5714285714285714,5.428571428571429,312423442222121214312
934,5,0.14285714285714285,0.09523809523809523,0.3333333333333333,0.47619047619047616,7.333333333333333,312423442222121214312
935,2,0.42857142857142855,0.42857142857142855,0.6666666666666666,0.8095238095238095,3.1904761904761907,233231444344342413113
935,3,0.23809523809523808,0.2857142857142857,0.5714285714285714,0.8095238095238095,3.8095238095238093,233231444344342413113
935,4,0.23809523809523808,0.23809523809523808,0.5714285714285714,0.7142857142857143,4.285714285714286,233231444344342413113
935,5,0.2857142857142857,0.2857142857142857,0.38095238095238093,0.5238095238095238,6.9523809523809526,233231444344342413113
936,2,0.23809523809523808,0.14285714285714285,0.5238095238095238,0.7142857142857143,5.142857142857143,131141124434123123214
936,3,0.19047619047619047,0.2857142857142857,0.5238095238095238,0.5714285714285714,6.142857142857143,131141124434123123214
936,4,0.19047619047619047,0.14285714285714285,0.5238095238095238,0.5714285714285714,6.666666666666667,131141124434123123214
936,5,0.14285714285714285,0.19047619047619047,0.3333333333333333,0.5714285714285714,7.380952380952381,131141124434123123214
937,2,0.42857142857142855,0.38095238095238093,0.6190476190476191,0.8571428571428571,3.0952380952380953,441121433343314242331
937,3,0.2857142857142857,0.23809523809523808,0.5714285714285714,0.7142857142857143,4.238095238095238,441121433343314242331
937,4,0.23809523809523808,0.2857142857142857,0.47619047619047616,0.6190476190476191,4.9523809523809526,441121433343314242331
937,5,0.23809523809523808,0.3333333333333333,0.47619047619047616,0.5238095238095238,5.523809523809524,441121433343314242331
938,2,0.42857142857142855,0.3333333333333333,0.6666666666666666,0.8571428571428571,2.9523809523809526,243114433422312223444
938,3,0.2857142857142857,0.3333333333333333,0.5714285714285714,0.7619047619047619,3.7142857142857144,243114433422312223444
938,4,0.38095238095238093,0.2857142857142857,0.47619047619047616,0.6190476190476191,4.714285714285714,243114433422312223444
938,5,0.2857142857142857,0.2857142857142857,0.5238095238095238,0.5238095238095238,6.476190476190476,243114433422312223444
939,2,0.23809523809523808,0.3333333333333333,0.7142857142857143,0.7619047619047619,4.428571428571429,144432443424314213313
939,3,0.23809523809523808,0.2857142857142857,0.6666666666666666,0.7619047619047619,4.904761904761905,144432443424314213313
939,4,0.23809523809523808,0.23809523809523808,0.5238095238095238,0.6190476190476191,5.380952380952381,144432443424314213313
939,5,0.19047619047619047,0.09523809523809523,0.3333333333333333,0.42857142857142855,7.380952380952381,144432443424314213313
940,2,0.2857142857142857,0.38095238095238093,0.6666666666666666,0.8571428571428571,3.9523809523809526,313433311123221432134
940,3,0.23809523809523808,0.19047619047619047,0.6190476190476191,0.7142857142857143,3.9047619047619047,313433311123221432134
940,4,0.23809523809523808,0.19047619047619047,0.47619047619047616,0.5238095238095238,4.857142857142857,313433311123221432134
940,5,0.23809523809523808,0.19047619047619047,0.3333333333333333,0.5238095238095238,5.9523809523809526,313433311123221432134
941,2,0.3333333333333333,0.3333333333333333,0.5714285714285714,0.9047619047619048,3.6666666666666665,142211443441334133443
941,3,0.2857142857142857,0.23809523809523808,0.6666666666666666,0.8095238095238095,3.9523809523809526,142211443441334133443
941,4,0.23809523809523808,0.23809523809523808,0.47619047619047616,0.6666666666666666,4.904761904761905,142211443441334133443
941,5,0.23809523809523808,0.19047619047619047,0.38095238095238093,0.6190476190476191,6.523809523809524,142211443441334133443
942,2,0.23809523809523808,0.23809523809523808,0.42857142857142855,0.7142857142857143,5.619047619047619,143213412442424112334
942,3,0.19047619047619047,0.19047619047619047,0.6190476190476191,0.6666666666666666,5.0,143213412442424112334
942,4,0.19047619047619047,0.14285714285714285,0.5238095238095238,0.6666666666666666,5.571428571428571,143213412442424112334
942,5,0.23809523809523808,0.2857142857142857,0.3333333333333333,0.5238095238095238,7.571428571428571,143213412442424112334
943,2,0.19047619047619047,0.2857142857142857,0.6190476190476191,0.7619047619047619,3.6666666666666665,433232224132242113312
943,3,0.09523809523809523,0.19047619047619047,0.6190476190476191,0.6190476190476191,4.666666666666667,433232224132242113312
943,4,0.19047619047619047,0.23809523809523808,0.5714285714285714,0.7142857142857143,4.809523809523809,433232224132242113312
943,5,0.14285714285714285,0.14285714285714285,0.42857142857142855,0.47619047619047616,7.523809523809524,433232224132242113312
944,2,0.23809523809523808,0.14285714285714285,0.47619047619047616,0.7142857142857143,4.904761904761905,124112423432122421323
944,3,0.19047619047619047,0.19047619047619047,0.47619047619047616,0.7142857142857143,5.571428571428571,124112423432122421323
944,4,0.23809523809523808,0.14285714285714285,0.38095238095238093,0.5238095238095238,6.809523809523809,124112423432122421323
944,5,0.19047619047619047,0.23809523809523808,0.42857142857142855,0.47619047619047616,7.285714285714286,124112423432122421323
945,2,0.2857142857142857,0.3333333333333333,0.6190476190476191,0.8095238095238095,4.333333333333333,123122224414343341131
945,3,0.2857142857142857,0.23809523809523808,0.42857142857142855,0.6190476190476191,5.476190476190476,123122224414343341131
945,4,0.23809523809523808,0.19047619047619047,0.5238095238095238,0.5238095238095238,5.9523809523809526,123122224414343341131
945,5,0.19047619047619047,0.19047619047619047,0.3333333333333333,0.42857142857142855,7.571428571428571,123122224414343341131
946,2,0.38095238095238093,0.38095238095238093,0.6190476190476191,0.8095238095238095,3.4285714285714284,443344313213434221131
946,3,0.2857142857142857,0.3333333333333333,0.47619047619047616,0.8095238095238095,3.5714285714285716,443344313213434221131
946,4,0.14285714285714285,0.2857142857142857,0.42857142857142855,0.5238095238095238,5.333333333333333,443344313213434221131
946,5,0.14285714285714285,0.19047619047619047,0.3333333333333333,0.5238095238095238,6.571428571428571,443344313213434221131
947,2,0.23809523809523808,0.23809523809523808,0.47619047619047616,0.8571428571428571,3.761904761904762,424131232121244434231
947,3,0.2857142857142857,0.42857142857142855,0.42857142857142855,0.8095238095238095,3.9047619047619047,424131232121244434231
947,4,0.23809523809523808,0.3333333333333333,0.47619047619047616,0.6666666666666666,4.333333333333333,424131232121244434231
947,5,0.19047619047619047,0.19047619047619047,0.42857142857142855,0.47619047619047616,6.190476190476191,424131232121244434231
948,2,0.23809523809523808,0.3333333333333333,0.6666666666666666,0.8095238095238095,3.4761904761904763,222431342323141314413
948,3,0.23809523809523808,0.2857142857142857,0.7142857142857143,0.7619047619047619,3.8095238095238093,222431342323141314413
948,4,0.2857142857142857,0.14285714285714285,0.5714285714285714,0.6666666666666666,4.904761904761905,222431342323141314413
948,5,0.19047619047619047,0.09523809523809523,0.2857142857142857,0.47619047619047616,6.904761904761905,222431342323141314413
949,2,0.2857142857142857,0.3333333333333333,0.6190476190476191,0.7142857142857143,4.285714285714286,343423244312414113341
949,3,0.23809523809523808,0.23809523809523808,0.6666666666666666,0.7142857142857143,3.9523809523809526,343423244312414113341
949,4,0.23809523809523808,0.2857142857142857,0.5238095238095238,0.6190476190476191,5.095238095238095,343423244312414113341
949,5,0.14285714285714285,0.09523809523809523,0.3333333333333333,0.5238095238095238,7.428571428571429,343423244312414113341
950,2,0.3333333333333333,0.38095238095238093,0.5714285714285714,0.8095238095238095,3.761904761904762,432211132114232333111
950,3,0.23809523809523808,0.42857142857142855,0.5714285714285714,0.6666666666666666,4.476190476190476,432211132114232333111
950,4,0.2857142857142857,0.2857142857142857,0.42857142857142855,0.5238095238095238,5.523809523809524,432211132114232333111
950,5,0.23809523809523808,0.19047619047619047,0.38095238095238093,0.47619047619047616,6.523809523809524,432211132114232333111
951,2,0.3333333333333333,0.3333333333333333,0.5238095238095238,0.7619047619047619,3.8095238095238093,231231312333343221234
951,3,0.14285714285714285,0.3333333333333333,0.47619047619047616,0.7142857142857143,4.428571428571429,231231312333343221234
951,4,0.14285714285714285,0.23809523809523808,0.5238095238095238,0.6666666666666666,4.380952380952381,231231312333343221234
951,5,0.14285714285714285,0.09523809523809523,0.2857142857142857,0.47619047619047616,6.523809523809524,231231312333343221234
952,2,0.38095238095238093,0.2857142857142857,0.6190476190476191,0.8571428571428571,3.238095238095238,331144343411314131123
952,3,0.3333333333333333,0.2857142857142857,0.6666666666666666,0.6666666666666666,3.9523809523809526,331144343411314131123
952,4,0.23809523809523808,0.38095238095238093,0.5714285714285714,0.5714285714285714,4.809523809523809,331144343411314131123
952,5,0.14285714285714285,0.38095238095238093,0.23809523809523808,0.47619047619047616,6.571428571428571,331144343411314131123
953,2,0.3333333333333333,0.2857142857142857,0.5714285714285714,0.7619047619047619,3.8095238095238093,243312112143212414411
953,3,0.3333333333333333,0.2857142857142857,0.6190476190476191,0.7142857142857143,3.5714285714285716,243312112143212414411
953,4,0.2857142857142857,0.23809523809523808,0.5238095238095238,0.6190476190476191,5.0,243312112143212414411
953,5,0.3333333333333333,0.23809523809523808,0.47619047619047616,0.5238095238095238,5.476190476190476,243312112143212414411
954,2,0.3333333333333333,0.19047619047619047,0.6190476190476191,0.8571428571428571,3.2857142857142856,434424341233424314124
954,3,0.3333333333333333,0.14285714285714285,0.6190476190476191,0.7142857142857143,4.190476190476191,434424341233424314124
954,4,0.23809523809523808,0.38095238095238093,0.5238095238095238,0.6666666666666666,4.857142857142857,434424341233424314124
954,5,0.19047619047619047,0.09523809523809523,0.3333333333333333,0.42857142857142855,6.476190476190476,434424341233424314124
955,2,0.2857142857142857,0.42857142857142855,0.8095238095238095,0.8571428571428571,3.8095238095238093,141434244241233313434
955,3,0.19047619047619047,0.2857142857142857,0.6190476190476191,0.6190476190476191,5.142857142857143,141434244241233313434
955,4,0.14285714285714285,0.19047619047619047,0.47619047619047616,0.5714285714285714,5.666666666666667,141434244241233313434
955,5,0.19047619047619047,0.14285714285714285,0.3333333333333333,0.47619047619047616,7.0,141434244241233313434
956,2,0.38095238095238093,0.19047619047619047,0.6666666666666666,0.8095238095238095,3.4761904761904763,344242331434343442432
956,3,0.2857142857142857,0.2857142857142857,0.6666666666666666,0.7142857142857143,4.190476190476191,344242331434343442432
956,4,0.23809523809523808,0.19047619047619047,0.5238095238095238,0.6190476190476191,4.476190476190476,344242331434343442432
956,5,0.14285714285714285,0.14285714285714285,0.38095238095238093,0.5238095238095238,6.285714285714286,344242331434343442432
957,2,0.2857142857142857,0.2857142857142857,0.7142857142857143,0.9047619047619048,2.9523809523809526,422414441112124422413
957,3,0.38095238095238093,0.38095238095238093,0.6666666666666666,0.7619047619047619,3.7142857142857144,422414441112124422413
957,4,0.23809523809523808,0.2857142857142857,0.5238095238095238,0.8095238095238095,4.523809523809524,422414441112124422413
957,5,0.2857142857142857,0.14285714285714285,0.42857142857142855,0.5238095238095238,5.9523809523809526,422414441112124422413
958,2,0.2857142857142857,0.19047619047619047,0.5238095238095238,0.8571428571428571,3.4761904761904763,241311323321313322333
958,3,0.19047619047619047,0.23809523809523808,0.5238095238095238,0.6666666666666666,4.380952380952381,241311323321313322333
958,4,0.2857142857142857,0.19047619047619047,0.5238095238095238,0.6190476190476191,5.142857142857143,241311323321313322333
958,5,0.2857142857142857,0.14285714285714285,0.38095238095238093,0.5238095238095238,5.428571428571429,241311323321313322333
959,2,0.38095238095238093,0.2857142857142857,0.7142857142857143,0.8095238095238095,4.0476190476190474,234313331114214214424
959,3,0.38095238095238093,0.2857142857142857,0.6190476190476191,0.7619047619047619,3.857142857142857,234313331114214214424
959,4,0.38095238095238093,0.3333333333333333,0.47619047619047616,0.5714285714285714,4.666666666666667,234313331114214214424
959,5,0.2857142857142857,0.14285714285714285,0.42857142857142855,0.42857142857142855,6.190476190476191,234313331114214214424
960,2,0.2857142857142857,0.2857142857142857,0.5238095238095238,0.8095238095238095,4.571428571428571,123132142224424114233
960,3,0.23809523809523808,0.19047619047619047,0.5238095238095238,0.6666666666666666,5.0,123132142224424114233
960,4,0.19047619047619047,0.23809523809523808,0.5238095238095238,0.5714285714285714,5.904761904761905,123132142224424114233
960,5,0.23809523809523808,0.09523809523809523,0.23809523809523808,0.38095238095238093,7.904761904761905,123132142224424114233
961,2,0.3333333333333333,0.2857142857142857,0.6190476190476191,0.7142857142857143,3.857142857142857,221232342321112411344
961,3,0.19047619047619047,0.19047619047619047,0.6666666666666666,0.7619047619047619,4.142857142857143,221232342321112411344
961,4,0.19047619047619047,0.09523809523809523,0.5714285714285714,0.7142857142857143,4.714285714285714,221232342321112411344
961,5,0.14285714285714285,0.19047619047619047,0.3333333333333333,0.42857142857142855,6.809523809523809,221232342321112411344
962,2,0.42857142857142855,0.09523809523809523,0.7142857142857143,0.9047619047619048,2.9523809523809526,233321324231121232244
962,3,0.23809523809523808,0.3333333333333333,0.5714285714285714,0.8095238095238095,4.0476190476190474,233321324231121232244
962,4,0.2857142857142857,0.23809523809523808,0.47619047619047616,0.6190476190476191,5.238095238095238,233321324231121232244
962,5,0.23809523809523808,0.09523809523809523,0.47619047619047616,0.47619047619047616,7.285714285714286,233321324231121232244
963,2,0.14285714285714285,0.23809523809523808,0.5238095238095238,0.7619047619047619,4.0476190476190474,414231312141244113314
963,3,0.14285714285714285,0.2857142857142857,0.5714285714285714,0.8095238095238095,3.857142857142857,414231312141244113314
963,4,0.19047619047619047,0.23809523809523808,0.5714285714285714,0.7619047619047619,4.0,414231312141244113314
963,5,0.14285714285714285,0.14285714285714285,0.42857142857142855,0.42857142857142855,6.619047619047619,414231312141244113314
964,2,0.2857142857142857,0.14285714285714285,0.6190476190476191,0.8095238095238095,3.761904761904762,242232412112434113324
964,3,0.14285714285714285,0.23809523809523808,0.6190476190476191,0.7619047619047619,3.857142857142857,242232412112434113324
964,4,0.19047619047619047,0.14285714285714285,0.47619047619047616,0.5714285714285714,4.9523809523809526,242232412112434113324
964,5,0.19047619047619047,0.047619047619047616,0.3333333333333333,0.47619047619047616,6.619047619047619,242232412112434113324
965,2,0.38095238095238093,0.23809523809523808,0.6190476190476191,0.7619047619047619,4.0476190476190474,144411333211413214221
965,3,0.2857142857142857,0.2857142857142857,0.5714285714285714,0.7619047619047619,4.238095238095238,144411333211413214221
965,4,0.2857142857142857,0.23809523809523808,0.5238095238095238,0.5714285714285714,5.523809523809524,144411333211413214221
965,5,0.23809523809523808,0.19047619047619047,0.38095238095238093,0.47619047619047616,6.571428571428571,144411333211413214221
966,2,0.23809523809523808,0.3333333333333333,0.6666666666666666,0.8095238095238095,4.0476190476190474,214413314423321213211
966,3,0.19047619047619047,0.09523809523809523,0.5714285714285714,0.7619047619047619,4.285714285714286,214413314423321213211
966,4,0.3333333333333333,0.23809523809523808,0.6190476190476191,0.6666666666666666,4.523809523809524,214413314423321213211
966,5,0.19047619047619047,0.14285714285714285,0.3333333333333333,0.5238095238095238,6.476190476190476,214413314423321213211
967,2,0.14285714285714285,0.3333333333333333,0.5714285714285714,0.7619047619047619,4.0476190476190474,314312122423122121234
967,3,0.19047619047619047,0.19047619047619047,0.5714285714285714,0.7142857142857143,4.0476190476190474,314312122423122121234
967,4,0.23809523809523808,0.09523809523809523,0.42857142857142855,0.6190476190476191,5.238095238095238,314312122423122121234
967,5,0.23809523809523808,0.14285714285714285,0.5238095238095238,0.6190476190476191,5.095238095238095,314312122423122121234
968,2,0.3333333333333333,0.19047619047619047,0.5238095238095238,0.7619047619047619,4.285714285714286,213123142422422331211
968,3,0.23809523809523808,0.14285714285714285,0.38095238095238093,0.47619047619047616,5.285714285714286,213123142422422331211
968,4,0.19047619047619047,0.09523809523809523,0.38095238095238093,0.38095238095238093,6.666666666666667,213123142422422331211
968,5,0.09523809523809523,0.09523809523809523,0.2857142857142857,0.42857142857142855,7.428571428571429,213123142422422331211
969,2,0.3333333333333333,0.2857142857142857,0.6190476190476191,0.8095238095238095,4.0476190476190474,341323431433113142444
969,3,0.2857142857142857,0.14285714285714285,0.6190476190476191,0.7142857142857143,4.666666666666667,341323431433113142444
969,4,0.23809523809523808,0.2857142857142857,0.42857142857142855,0.6666666666666666,5.380952380952381,341323431433113142444
969,5,0.19047619047619047,0.38095238095238093,0.5238095238095238,0.5714285714285714,5.095238095238095,341323431433113142444
970,2,0.38095238095238093,0.19047619047619047,0.5714285714285714,0.7619047619047619,3.9523809523809526,431114123324211441241
970,3,0.42857142857142855,0.42857142857142855,0.6190476190476191,0.6666666666666666,4.095238095238095,431114123324211441241
970,4,0.3333333333333333,0.14285714285714285,0.5714285714285714,0.6666666666666666,5.238095238095238,431114123324211441241
970,5,0.19047619047619047,0.19047619047619047,0.47619047619047616,0.5238095238095238,6.190476190476191,431114123324211441241
971,2,0.2857142857142857,0.2857142857142857,0.5714285714285714,0.6666666666666666,4.380952380952381,443143233341314323221
971,3,0.2857142857142857,0.3333333333333333,0.42857142857142855,0.47619047619047616,4.904761904761905,443143233341314323221
971,4,0.23809523809523808,0.14285714285714285,0.47619047619047616,0.5714285714285714,5.476190476190476,443143233341314323221
971,5,0.2857142857142857,0.2857142857142857,0.42857142857142855,0.6190476190476191,6.190476190476191,443143233341314323221
972,2,0.38095238095238093,0.19047619047619047,0.6190476190476191,0.7619047619047619,3.619047619047619,434232322233333333122
972,3,0.19047619047619047,0.19047619047619047,0.5714285714285714,0.7619047619047619,4.095238095238095,434232322233333333122
972,4,0.2857142857142857,0.14285714285714285,0.47619047619047616,0.5714285714285714,4.9523809523809526,434232322233333333122
972,5,0.19047619047619047,0.14285714285714285,0.38095238095238093,0.47619047619047616,6.476190476190476,434232322233333333122
973,2,0.23809523809523808,0.2857142857142857,0.6666666666666666,0.8095238095238095,3.0476190476190474,312332343431321431211
973,3,0.2857142857142857,0.19047619047619047,0.5714285714285714,0.7142857142857143,4.0,312332343431321431211
973,4,0.23809523809523808,0.19047619047619047,0.5238095238095238,0.5238095238095238,4.9523809523809526,312332343431321431211
973,5,0.09523809523809523,0.14285714285714285,0.42857142857142855,0.6190476190476191,6.285714285714286,312332343431321431211
974,2,0.14285714285714285,0.2857142857142857,0.6190476190476191,0.8095238095238095,3.4285714285714284,241212124123224213344
974,3,0.19047619047619047,0.14285714285714285,0.6190476190476191,0.7619047619047619,4.0476190476190474,241212124123224213344
974,4,0.2857142857142857,0.23809523809523808,0.47619047619047616,0.6666666666666666,4.666666666666667,241212124123224213344
974,5,0.2857142857142857,0.14285714285714285,0.3333333333333333,0.5238095238095238,5.857142857142857,241212124123224213344
975,2,0.47619047619047616,0.38095238095238093,0.6666666666666666,0.8095238095238095,4.0476190476190474,123242232241313444112
975,3,0.38095238095238093,0.38095238095238093,0.5714285714285714,0.7619047619047619,4.476190476190476,123242232241313444112
975,4,0.2857142857142857,0.38095238095238093,0.5714285714285714,0.7142857142857143,5.0476190476190474,123242232241313444112
975,5,0.2857142857142857,0.3333333333333333,0.38095238095238093,0.42857142857142855,7.523809523809524,123242232241313444112
976,2,0.2857142857142857,0.38095238095238093,0.6666666666666666,0.8095238095238095,3.6666666666666665,411414321341141213414
976,3,0.2857142857142857,0.3333333333333333,0.5714285714285714,0.8095238095238095,4.476190476190476,411414321341141213414
976,4,0.3333333333333333,0.2857142857142857,0.5238095238095238,0.7142857142857143,5.0476190476190474,411414321341141213414
976,5,0.3333333333333333,0.23809523809523808,0.47619047619047616,0.5238095238095238,6.095238095238095,411414321341141213414
977,2,0.3333333333333333,0.42857142857142855,0.6190476190476191,0.8571428571428571,3.7142857142857144,211122233141142133434
977,3,0.2857142857142857,0.23809523809523808,0.47619047619047616,0.6190476190476191,4.904761904761905,211122233141142133434
977,4,0.23809523809523808,0.23809523809523808,0.38095238095238093,0.5238095238095238,6.0476190476190474,211122233141142133434
977,5,0.19047619047619047,0.23809523809523808,0.47619047619047616,0.6190476190476191,6.333333333333333,211122233141142133434
978,2,0.19047619047619047,0.14285714285714285,0.5238095238095238,0.8571428571428571,4.142857142857143,411213341431144111443
978,3,0.23809523809523808,0.2857142857142857,0.5714285714285714,0.6666666666666666,4.809523809523809,411213341431144111443
978,4,0.2857142857142857,0.14285714285714285,0.5238095238095238,0.6190476190476191,5.285714285714286,411213341431144111443
978,5,0.14285714285714285,0.09523809523809523,0.42857142857142855,0.5714285714285714,6.523809523809524,411213341431144111443
979,2,0.19047619047619047,0.09523809523809523,0.6666666666666666,0.8095238095238095,3.9523809523809526,312334422324343134323
979,3,0.14285714285714285,0.19047619047619047,0.5238095238095238,0.9047619047619048,3.9047619047619047,312334422324343134323
979,4,0.14285714285714285,0.14285714285714285,0.5714285714285714,0.6666666666666666,4.190476190476191,312334422324343134323
979,5,0.19047619047619047,0.2857142857142857,0.47619047619047616,0.7142857142857143,4.904761904761905,312334422324343134323
980,2,0.23809523809523808,0.2857142857142857,0.6666666666666666,0.9047619047619048,3.380952380952381,412211412113323214311
980,3,0.19047619047619047,0.2857142857142857,0.5714285714285714,0.8095238095238095,3.9047619047619047,412211412113323214311
980,4,0.19047619047619047,0.14285714285714285,0.47619047619047616,0.6190476190476191,4.714285714285714,412211412113323214311
980,5,0.19047619047619047,0.14285714285714285,0.38095238095238093,0.47619047619047616,6.333333333333333,412211412113323214311
981,2,0.23809523809523808,0.23809523809523808,0.6190476190476191,0.7619047619047619,4.476190476190476,123244433312141224221
981,3,0.2857142857142857,0.38095238095238093,0.5238095238095238,0.7142857142857143,5.0,123244433312141224221
981,4,0.23809523809523808,0.19047619047619047,0.38095238095238093,0.6190476190476191,6.190476190476191,123244433312141224221
981,5,0.23809523809523808,0.19047619047619047,0.42857142857142855,0.6190476190476191,7.380952380952381,123244433312141224221
982,2,0.3333333333333333,0.19047619047619047,0.5714285714285714,0.8095238095238095,4.428571428571429,123121133314323321131
982,3,0.23809523809523808,0.23809523809523808,0.3333333333333333,0.6190476190476191,5.619047619047619,123121133314323321131
982,4,0.19047619047619047,0.19047619047619047,0.42857142857142855,0.5238095238095238,6.714285714285714,123121133314323321131
982,5,0.14285714285714285,0.2857142857142857,0.2857142857142857,0.47619047619047616,7.095238095238095,123121133314323321131
983,2,0.3333333333333333,0.19047619047619047,0.5714285714285714,0.6666666666666666,5.190476190476191,143224213444232314324
983,3,0.2857142857142857,0.23809523809523808,0.47619047619047616,0.5714285714285714,5.619047619047619,143224213444232314324
983,4,0.14285714285714285,0.19047619047619047,0.3333333333333333,0.47619047619047616,7.095238095238095,143224213444232314324
983,5,0.23809523809523808,0.09523809523809523,0.3333333333333333,0.38095238095238093,7.666666666666667,143224213444232314324
984,2,0.2857142857142857,0.23809523809523808,0.5714285714285714,0.8571428571428571,4.095238095238095,112212323121142312241
984,3,0.23809523809523808,0.2857142857142857,0.6666666666666666,0.7619047619047619,4.380952380952381,112212323121142312241
984,4,0.38095238095238093,0.23809523809523808,0.5714285714285714,0.6666666666666666,5.285714285714286,112212323121142312241
984,5,0.2857142857142857,0.47619047619047616,0.47619047619047616,0.6190476190476191,6.428571428571429,112212323121142312241
985,2,0.23809523809523808,0.38095238095238093,0.5714285714285714,0.7619047619047619,4.714285714285714,113444414424234411413
985,3,0.23809523809523808,0.23809523809523808,0.5714285714285714,0.6190476190476191,5.619047619047619,113444414424234411413
985,4,0.19047619047619047,0.2857142857142857,0.42857142857142855,0.6190476190476191,6.142857142857143,113444414424234411413
985,5,0.14285714285714285,0.047619047619047616,0.23809523809523808,0.47619047619047616,7.476190476190476,113444414424234411413
986,2,0.2857142857142857,0.23809523809523808,0.5714285714285714,0.8095238095238095,4.142857142857143,233333341431112421342
986,3,0.2857142857142857,0.23809523809523808,0.6190476190476191,0.7619047619047619,4.238095238095238,233333341431112421342
986,4,0.19047619047619047,0.23809523809523808,0.47619047619047616,0.6190476190476191,5.238095238095238,233333341431112421342
986,5,0.09523809523809523,0.09523809523809523,0.3333333333333333,0.47619047619047616,7.476190476190476,233333341431112421342
987,2,0.3333333333333333,0.3333333333333333,0.5714285714285714,0.7142857142857143,5.0,113133224312331213434
987,3,0.23809523809523808,0.2857142857142857,0.42857142857142855,0.5238095238095238,5.476190476190476,113133224312331213434
987,4,0.2857142857142857,0.14285714285714285,0.42857142857142855,0.5238095238095238,6.190476190476191,113133224312331213434
987,5,0.09523809523809523,0.19047619047619047,0.3333333333333333,0.47619047619047616,8.238095238095237,113133224312331213434
988,2,0.3333333333333333,0.3333333333333333,0.6190476190476191,0.8571428571428571,3.1904761904761907,312314142421211212413
988,3,0.23809523809523808,0.23809523809523808,0.5714285714285714,0.7142857142857143,3.857142857142857,312314142421211212413
988,4,0.38095238095238093,0.3333333333333333,0.42857142857142855,0.6190476190476191,4.809523809523809,312314142421211212413
988,5,0.23809523809523808,0.19047619047619047,0.38095238095238093,0.5238095238095238,6.428571428571429,312314142421211212413
989,2,0.14285714285714285,0.3333333333333333,0.7142857142857143,0.8571428571428571,4.0476190476190474,413133441114242314434
989,3,0.19047619047619047,0.2857142857142857,0.42857142857142855,0.5714285714285714,4.809523809523809,413133441114242314434
989,4,0.19047619047619047,0.09523809523809523,0.42857142857142855,0.5238095238095238,5.9523809523809526,413133441114242314434
989,5,0.19047619047619047,0.14285714285714285,0.42857142857142855,0.47619047619047616,6.666666666666667,413133441114242314434
990,2,0.2857142857142857,0.23809523809523808,0.7619047619047619,0.9047619047619048,2.9047619047619047,432214331421421334211
990,3,0.2857142857142857,0.38095238095238093,0.5714285714285714,0.7142857142857143,4.095238095238095,432214331421421334211
990,4,0.3333333333333333,0.3333333333333333,0.5714285714285714,0.6666666666666666,4.523809523809524,432214331421421334211
990,5,0.23809523809523808,0.23809523809523808,0.38095238095238093,0.5238095238095238,6.285714285714286,432214331421421334211
991,2,0.3333333333333333,0.19047619047619047,0.6190476190476191,0.8095238095238095,3.4761904761904763,344412413122322223314
991,3,0.09523809523809523,0.23809523809523808,0.6190476190476191,0.8095238095238095,3.8095238095238093,344412413122322223314
991,4,0.19047619047619047,0.19047619047619047,0.47619047619047616,0.5714285714285714,5.0,344412413122322223314
991,5,0.19047619047619047,0.14285714285714285,0.3333333333333333,0.42857142857142855,7.142857142857143,344412413122322223314
992,2,0.3333333333333333,0.2857142857142857,0.6666666666666666,0.8571428571428571,3.380952380952381,414341341114413241311
992,3,0.23809523809523808,0.23809523809523808,0.5714285714285714,0.7619047619047619,4.238095238095238,414341341114413241311
992,4,0.14285714285714285,0.14285714285714285,0.42857142857142855,0.6666666666666666,5.0,414341341114413241311
992,5,0.09523809523809523,0.047619047619047616,0.3333333333333333,0.42857142857142855,6.619047619047619,414341341114413241311
993,2,0.3333333333333333,0.14285714285714285,0.5238095238095238,0.7142857142857143,5.0,141211323214122134123
993,3,0.19047619047619047,0.23809523809523808,0.6666666666666666,0.7619047619047619,5.333333333333333,141211323214122134123
993,4,0.3333333333333333,0.14285714285714285,0.47619047619047616,0.5238095238095238,6.238095238095238,141211323214122134123
993,5,0.3333333333333333,0.42857142857142855,0.47619047619047616,0.6190476190476191,6.476190476190476,141211323214122134123
994,2,0.2857142857142857,0.23809523809523808,0.8095238095238095,0.9047619047619048,2.9047619047619047,243234321122221234421
994,3,0.2857142857142857,0.19047619047619047,0.5714285714285714,0.7619047619047619,3.761904761904762,243234321122221234421
994,4,0.19047619047619047,0.09523809523809523,0.42857142857142855,0.6666666666666666,4.619047619047619,243234321122221234421
994,5,0.19047619047619047,0.09523809523809523,0.42857142857142855,0.5238095238095238,6.809523809523809,243234321122221234421
995,2,0.2857142857142857,0.23809523809523808,0.5714285714285714,0.7619047619047619,3.5238095238095237,311432343333313123111
995,3,0.23809523809523808,0.19047619047619047,0.6190476190476191,0.6666666666666666,4.380952380952381,311432343333313123111
995,4,0.23809523809523808,0.2857142857142857,0.47619047619047616,0.5238095238095238,5.095238095238095,311432343333313123111
995,5,0.14285714285714285,0.2857142857142857,0.38095238095238093,0.6190476190476191,5.571428571428571,311432343333313123111
996,2,0.3333333333333333,0.2857142857142857,0.7142857142857143,0.9047619047619048,3.0476190476190474,334131431313211114334
996,3,0.38095238095238093,0.2857142857142857,0.6190476190476191,0.7619047619047619,3.3333333333333335,334131431313211114334
996,4,0.38095238095238093,0.23809523809523808,0.42857142857142855,0.5238095238095238,4.380952380952381,334131431313211114334
996,5,0.19047619047619047,0.2857142857142857,0.42857142857142855,0.47619047619047616,6.285714285714286,334131431313211114334
997,2,0.14285714285714285,0.14285714285714285,0.6666666666666666,0.8571428571428571,3.1904761904761907,241311421321221344214
997,3,0.2857142857142857,0.23809523809523808,0.42857142857142855,0.6190476190476191,4.571428571428571,241311421321221344214
997,4,0.23809523809523808,0.19047619047619047,0.42857142857142855,0.5238095238095238,5.666666666666667,241311421321221344214
997,5,0.23809523809523808,0.2857142857142857,0.47619047619047616,0.5714285714285714,5.476190476190476,241311421321221344214
998,2,0.23809523809523808,0.3333333333333333,0.5714285714285714,0.7142857142857143,4.0476190476190474,213331232323121413433
998,3,0.2857142857142857,0.38095238095238093,0.42857142857142855,0.6666666666666666,4.619047619047619,213331232323121413433
998,4,0.2857142857142857,0.38095238095238093,0.47619047619047616,0.5714285714285714,5.523809523809524,213331232323121413433
998,5,0.23809523809523808,0.2857142857142857,0.42857142857142855,0.5714285714285714,6.523809523809524,213331232323121413433
999,2,0.38095238095238093,0.38095238095238093,0.6666666666666666,0.8095238095238095,3.142857142857143,223414324323441141423
999,3,0.38095238095238093,0.38095238095238093,0.5714285714285714,0.7619047619047619,3.6666666666666665,223414324323441141423
999,4,0.2857142857142857,0.47619047619047616,0.7142857142857143,0.7619047619047619,4.190476190476191,223414324323441141423
999,5,0.23809523809523808,0.23809523809523808,0.5238095238095238,0.5714285714285714,5.523809523809524,223414324323441141423
1000,2,0.38095238095238093,0.38095238095238093,0.7619047619047619,0.9047619047619048,2.857142857142857,222332114111314441432
1000,3,0.3333333333333333,0.42857142857142855,0.6190476190476191,0.8571428571428571,3.142857142857143,222332114111314441432
1000,4,0.23809523809523808,0.2857142857142857,0.5238095238095238,0.6666666666666666,4.380952380952381,222332114111314441432
1000,5,0.19047619047619047,0.14285714285714285,0.38095238095238093,0.5238095238095238,5.619047619047619,222332114111314441432
1001,2,0.38095238095238093,0.2857142857142857,0.6190476190476191,0.8095238095238095,4.190476190476191,222233442144134311143
1001,3,0.2857142857142857,0.2857142857142857,0.5714285714285714,0.7142857142857143,4.523809523809524,222233442144134311143
1001,4,0.23809523809523808,0.09523809523809523,0.5238095238095238,0.6666666666666666,5.380952380952381,222233442144134311143
1001,5,0.14285714285714285,0.19047619047619047,0.38095238095238093,0.42857142857142855,6.904761904761905,222233442144134311143
1002,2,0.2857142857142857,0.14285714285714285,0.6190476190476191,0.7619047619047619,4.761904761904762,142133324414344231441
1002,3,0.2857142857142857,0.09523809523809523,0.5238095238095238,0.7619047619047619,4.666666666666667,142133324414344231441
1002,4,0.2857142857142857,0.14285714285714285,0.5238095238095238,0.6666666666666666,5.238095238095238,142133324414344231441
1002,5,0.23809523809523808,0.09523809523809523,0.47619047619047616,0.5714285714285714,6.761904761904762,142133324414344231441
1003,2,0.42857142857142855,0.38095238095238093,0.6666666666666666,0.9047619047619048,3.1904761904761907,442214321344333433142
1003,3,0.2857142857142857,0.23809523809523808,0.7142857142857143,0.8571428571428571,3.380952380952381,442214321344333433142
1003,4,0.23809523809523808,0.19047619047619047,0.5238095238095238,0.8095238095238095,4.0,442214321344333433142
1003,5,0.3333333333333333,0.19047619047619047,0.5238095238095238,0.6666666666666666,5.238095238095238,442214321344333433142
1004,2,0.42857142857142855,0.38095238095238093,0.6666666666666666,0.7619047619047619,4.523809523809524,142423134242421324413
1004,3,0.3333333333333333,0.3333333333333333,0.5714285714285714,0.6666666666666666,4.9523809523809526,142423134242421324413
1004,4,0.23809523809523808,0.23809523809523808,0.42857142857142855,0.5238095238095238,6.333333333333333,142423134242421324413
1004,5,0.2857142857142857,0.38095238095238093,0.47619047619047616,0.5238095238095238,6.142857142857143,142423134242421324413
1005,2,0.2857142857142857,0.3333333333333333,0.6190476190476191,0.8095238095238095,3.5714285714285716,314414423422442133133
1005,3,0.23809523809523808,0.2857142857142857,0.5714285714285714,0.6666666666666666,4.0476190476190474,314414423422442133133
1005,4,0.2857142857142857,0.2857142857142857,0.5714285714285714,0.5714285714285714,4.857142857142857,314414423422442133133
1005,5,0.23809523809523808,0.19047619047619047,0.47619047619047616,0.5238095238095238,5.666666666666667,314414423422442133133
1006,2,0.2857142857142857,0.47619047619047616,0.6190476190476191,0.8571428571428571,3.238095238095238,213114432143243223223
1006,3,0.23809523809523808,0.23809523809523808,0.6190476190476191,0.7619047619047619,3.5714285714285716,213114432143243223223
1006,4,0.2857142857142857,0.23809523809523808,0.42857142857142855,0.6190476190476191,4.571428571428571,213114432143243223223
1006,5,0.3333333333333333,0.3333333333333333,0.47619047619047616,0.6666666666666666,5.428571428571429,213114432143243223223
1007,2,0.38095238095238093,0.2857142857142857,0.5714285714285714,0.7142857142857143,4.380952380952381,434134113214142422231
1007,3,0.2857142857142857,0.19047619047619047,0.47619047619047616,0.6666666666666666,4.523809523809524,434134113214142422231
1007,4,0.14285714285714285,0.2857142857142857,0.47619047619047616,0.5714285714285714,6.142857142857143,434134113214142422231
1007,5,0.19047619047619047,0.047619047619047616,0.3333333333333333,0.47619047619047616,6.904761904761905,434134113214142422231
1008,2,0.3333333333333333,0.2857142857142857,0.5714285714285714,0.7619047619047619,4.380952380952381,322123232114313113223
1008,3,0.23809523809523808,0.3333333333333333,0.5714285714285714,0.7142857142857143,4.571428571428571,322123232114313113223
1008,4,0.2857142857142857,0.2857142857142857,0.5238095238095238,0.6190476190476191,4.857142857142857,322123232114313113223
1008,5,0.2857142857142857,0.23809523809523808,0.38095238095238093,0.5714285714285714,6.238095238095238,322123232114313113223
1009,2,0.3333333333333333,0.23809523809523808,0.6666666666666666,0.8095238095238095,3.619047619047619,141221443221233341214
1009,3,0.19047619047619047,0.19047619047619047,0.5714285714285714,0.6666666666666666,5.0476190476190474,141221443221233341214
1009,4,0.09523809523809523,0.0,0.38095238095238093,0.5238095238095238,6.380952380952381,141221443221233341214
1009,5,0.09523809523809523,0.0,0.2857142857142857,0.42857142857142855,7.333333333333333,141221443221233341214
1010,2,0.2857142857142857,0.2857142857142857,0.6666666666666666,0.8571428571428571,3.857142857142857,133224121442233134332
1010,3,0.23809523809523808,0.09523809523809523,0.5714285714285714,0.6190476190476191,4.9523809523809526,133224121442233134332
1010,4,0.19047619047619047,0.19047619047619047,0.42857142857142855,0.6190476190476191,5.9523809523809526,133224121442233134332
1010,5,0.23809523809523808,0.19047619047619047,0.2857142857142857,0.38095238095238093,7.619047619047619,133224121442233134332
1011,2,0.23809523809523808,0.14285714285714285,0.7142857142857143,0.8095238095238095,3.5714285714285716,344324421432111224421
1011,3,0.3333333333333333,0.23809523809523808,0.5714285714285714,0.7619047619047619,4.523809523809524,344324421432111224421
1011,4,0.23809523809523808,0.19047619047619047,0.3333333333333333,0.5714285714285714,5.714285714285714,344324421432111224421
1011,5,0.19047619047619047,0.09523809523809523,0.5238095238095238,0.6666666666666666,6.0476190476190474,344324421432111224421
1012,2,0.2857142857142857,0.3333333333333333,0.5714285714285714,0.7142857142857143,3.5714285714285716,214411343332334121113
1012,3,0.23809523809523808,0.2857142857142857,0.5714285714285714,0.6666666666666666,4.285714285714286,214411343332334121113
1012,4,0.2857142857142857,0.2857142857142857,0.38095238095238093,0.47619047619047616,5.761904761904762,214411343332334121113
1012,5,0.09523809523809523,0.19047619047619047,0.2857142857142857,0.3333333333333333,7.095238095238095,214411343332334121113
1013,2,0.3333333333333333,0.2857142857142857,0.6190476190476191,0.8095238095238095,4.238095238095238,233113121234123131133
1013,3,0.23809523809523808,0.23809523809523808,0.47619047619047616,0.6190476190476191,4.857142857142857,233113121234123131133
1013,4,0.23809523809523808,0.3333333333333333,0.42857142857142855,0.5238095238095238,6.238095238095238,233113121234123131133
1013,5,0.23809523809523808,0.2857142857142857,0.38095238095238093,0.5238095238095238,6.904761904761905,233113121234123131133
1014,2,0.3333333333333333,0.23809523809523808,0.6190476190476191,0.8571428571428571,3.9047619047619047,114132424141341122112
1014,3,0.2857142857142857,0.14285714285714285,0.6190476190476191,0.7619047619047619,4.380952380952381,114132424141341122112
1014,4,0.23809523809523808,0.19047619047619047,0.47619047619047616,0.6666666666666666,4.857142857142857,114132424141341122112
1014,5,0.23809523809523808,0.23809523809523808,0.5714285714285714,0.5714285714285714,6.285714285714286,114132424141341122112
1015,2,0.23809523809523808,0.19047619047619047,0.5238095238095238,0.7142857142857143,4.666666666666667,343133142321314443413
1015,3,0.3333333333333333,0.42857142857142855,0.5238095238095238,0.6666666666666666,4.476190476190476,343133142321314443413
1015,4,0.19047619047619047,0.3333333333333333,0.5238095238095238,0.6190476190476191,5.571428571428571,343133142321314443413
1015,5,0.23809523809523808,0.19047619047619047,0.3333333333333333,0.5238095238095238,6.9523809523809526,343133142321314443413
1016,2,0.5238095238095238,0.3333333333333333,0.7142857142857143,0.8095238095238095,3.2857142857142856,332323124211343211223
1016,3,0.23809523809523808,0.14285714285714285,0.5714285714285714,0.8095238095238095,3.9047619047619047,332323124211343211223
1016,4,0.23809523809523808,0.09523809523809523,0.6190476190476191,0.6666666666666666,4.428571428571429,332323124211343211223
1016,5,0.23809523809523808,0.09523809523809523,0.47619047619047616,0.5238095238095238,6.333333333333333,332323124211343211223
1017,2,0.3333333333333333,0.14285714285714285,0.5714285714285714,0.7619047619047619,4.476190476190476,122122113314331121442
1017,3,0.19047619047619047,0.23809523809523808,0.5238095238095238,0.7142857142857143,4.714285714285714,122122113314331121442
1017,4,0.19047619047619047,0.047619047619047616,0.47619047619047616,0.5238095238095238,6.190476190476191,122122113314331121442
1017,5,0.09523809523809523,0.09523809523809523,0.2857142857142857,0.5714285714285714,7.0,122122113314331121442
1018,2,0.38095238095238093,0.19047619047619047,0.5714285714285714,0.8095238095238095,3.9047619047619047,314123322211412142143
1018,3,0.3333333333333333,0.38095238095238093,0.6190476190476191,0.7619047619047619,3.5238095238095237,314123322211412142143
1018,4,0.3333333333333333,0.38095238095238093,0.47619047619047616,0.5714285714285714,4.666666666666667,314123322211412142143
1018,5,0.23809523809523808,0.3333333333333333,0.42857142857142855,0.5238095238095238,5.9523809523809526,314123322211412142143
1019,2,0.47619047619047616,0.42857142857142855,0.6190476190476191,0.8571428571428571,3.7142857142857144,112412244321341221223
1019,3,0.3333333333333333,0.3333333333333333,0.6666666666666666,0.8571428571428571,4.0,112412244321341221223
1019,4,0.2857142857142857,0.2857142857142857,0.5714285714285714,0.6666666666666666,4.619047619047619,112412244321341221223
1019,5,0.23809523809523808,0.09523809523809523,0.47619047619047616,0.5238095238095238,6.523809523809524,112412244321341221223
1020,2,0.3333333333333333,0.19047619047619047,0.5714285714285714,0.7619047619047619,4.285714285714286,241123143441322143422
1020,3,0.19047619047619047,0.2857142857142857,0.47619047619047616,0.5714285714285714,4.9523809523809526,241123143441322143422
1020,4,0.23809523809523808,0.23809523809523808,0.47619047619047616,0.5714285714285714,5.857142857142857,241123143441322143422
1020,5,0.2857142857142857,0.3333333333333333,0.47619047619047616,0.5238095238095238,5.714285714285714,241123143441322143422
1021,2,0.2857142857142857,0.23809523809523808,0.6666666666666666,0.8095238095238095,4.285714285714286,122421442344342414432
1021,3,0.2857142857142857,0.38095238095238093,0.6666666666666666,0.8571428571428571,4.238095238095238,122421442344342414432
1021,4,0.23809523809523808,0.19047619047619047,0.47619047619047616,0.7619047619047619,4.619047619047619,122421442344342414432
1021,5,0.14285714285714285,0.19047619047619047,0.38095238095238093,0.5238095238095238,6.476190476190476,122421442344342414432
1022,2,0.47619047619047616,0.38095238095238093,0.7142857142857143,0.9047619047619048,2.6666666666666665,314232444411312342223
1022,3,0.2857142857142857,0.23809523809523808,0.6666666666666666,0.7619047619047619,3.6666666666666665,314232444411312342223
1022,4,0.19047619047619047,0.19047619047619047,0.47619047619047616,0.6190476190476191,4.809523809523809,314232444411312342223
1022,5,0.2857142857142857,0.14285714285714285,0.42857142857142855,0.5714285714285714,6.190476190476191,314232444411312342223
1023,2,0.3333333333333333,0.5238095238095238,0.6190476190476191,0.8095238095238095,3.857142857142857,132114231443342411341
1023,3,0.2857142857142857,0.2857142857142857,0.6190476190476191,0.7619047619047619,4.571428571428571,132114231443342411341
1023,4,0.3333333333333333,0.3333333333333333,0.6190476190476191,0.7142857142857143,4.619047619047619,132114231443342411341
1023,5,0.23809523809523808,0.2857142857142857,0.42857142857142855,0.5238095238095238,6.666666666666667,132114231443342411341
1024,2,0.5238095238095238,0.2857142857142857,0.7142857142857143,0.8095238095238095,3.7142857142857144,134422311141411221243
1024,3,0.3333333333333333,0.2857142857142857,0.7619047619047619,0.8095238095238095,3.7142857142857144,134422311141411221243
1024,4,0.2857142857142857,0.3333333333333333,0.47619047619047616,0.6666666666666666,4.666666666666667,134422311141411221243
1024,5,0.19047619047619047,0.19047619047619047,0.38095238095238093,0.38095238095238093,7.190476190476191,134422311141411221243
1025,2,0.3333333333333333,0.42857142857142855,0.6190476190476191,0.8095238095238095,3.6666666666666665,214144114423321212321
1025,3,0.14285714285714285,0.19047619047619047,0.5238095238095238,0.7142857142857143,4.523809523809524,214144114423321212321
1025,4,0.19047619047619047,0.23809523809523808,0.5238095238095238,0.6190476190476191,5.238095238095238,214144114423321212321
1025,5,0.14285714285714285,0.14285714285714285,0.3333333333333333,0.38095238095238093,6.428571428571429,214144114423321212321
1026,2,0.3333333333333333,0.42857142857142855,0.8095238095238095,0.9047619047619048,2.619047619047619,343134424132421211231
1026,3,0.23809523809523808,0.19047619047619047,0.5714285714285714,0.7142857142857143,3.9523809523809526,343134424132421211231
1026,4,0.2857142857142857,0.14285714285714285,0.5714285714285714,0.5714285714285714,4.9523809523809526,343134424132421211231
1026,5,0.14285714285714285,0.14285714285714285,0.47619047619047616,0.6190476190476191,6.619047619047619,343134424132421211231
1027,2,0.23809523809523808,0.23809523809523808,0.6666666666666666,0.7619047619047619,3.5714285714285716,323134413131412243112
1027,3,0.23809523809523808,0.19047619047619047,0.5714285714285714,0.6666666666666666,4.238095238095238,323134413131412243112
1027,4,0.19047619047619047,0.23809523809523808,0.47619047619047616,0.5714285714285714,5.523809523809524,323134413131412243112
1027,5,0.23809523809523808,0.23809523809523808,0.38095238095238093,0.42857142857142855,6.857142857142857,323134413131412243112
1028,2,0.19047619047619047,0.2857142857142857,0.5238095238095238,1.0,3.0,412331424421342123212
1028,3,0.19047619047619047,0.2857142857142857,0.6190476190476191,0.8571428571428571,3.619047619047619,412331424421342123212
1028,4,0.14285714285714285,0.14285714285714285,0.5238095238095238,0.7142857142857143,4.0476190476190474,412331424421342123212
1028,5,0.23809523809523808,0.2857142857142857,0.5714285714285714,0.7142857142857143,4.666666666666667,412331424421342123212
1029,2,0.3333333333333333,0.2857142857142857,0.5238095238095238,0.7619047619047619,4.333333333333333,411424214331114141134
1029,3,0.42857142857142855,0.2857142857142857,0.5714285714285714,0.6190476190476191,4.809523809523809,411424214331114141134
1029,4,0.23809523809523808,0.3333333333333333,0.5238095238095238,0.6190476190476191,5.142857142857143,411424214331114141134
1029,5,0.09523809523809523,0.23809523809523808,0.38095238095238093,0.6666666666666666,6.0,411424214331114141134
1030,2,0.3333333333333333,0.5714285714285714,0.6666666666666666,0.8095238095238095,3.6666666666666665,224234312213113123131
1030,3,0.3333333333333333,0.3333333333333333,0.6666666666666666,0.8571428571428571,3.380952380952381,224234312213113123131
1030,4,0.19047619047619047,0.38095238095238093,0.5238095238095238,0.6666666666666666,4.619047619047619,224234312213113123131
1030,5,0.14285714285714285,0.2857142857142857,0.2857142857142857,0.47619047619047616,6.238095238095238,224234312213113123131
1031,2,0.3333333333333333,0.3333333333333333,0.6190476190476191,0.6666666666666666,4.619047619047619,133441243221113413141
1031,3,0.23809523809523808,0.3333333333333333,0.6666666666666666,0.7142857142857143,4.619047619047619,133441243221113413141
1031,4,0.19047619047619047,0.23809523809523808,0.6190476190476191,0.6190476190476191,5.809523809523809,133441243221113413141
1031,5,0.14285714285714285,0.23809523809523808,0.2857142857142857,0.47619047619047616,8.285714285714286,133441243221113413141
1032,2,0.3333333333333333,0.2857142857142857,0.6190476190476191,0.7619047619047619,4.428571428571429,123421223122311433442
1032,3,0.2857142857142857,0.23809523809523808,0.6190476190476191,0.7142857142857143,4.666666666666667,123421223122311433442
1032,4,0.2857142857142857,0.2857142857142857,0.5238095238095238,0.6190476190476191,5.142857142857143,123421223122311433442
1032,5,0.23809523809523808,0.19047619047619047,0.42857142857142855,0.5714285714285714,6.761904761904762,123421223122311433442
1033,2,0.2857142857142857,0.2857142857142857,0.7142857142857143,0.8571428571428571,4.0476190476190474,124222241422232244133
1033,3,0.23809523809523808,0.23809523809523808,0.6190476190476191,0.6666666666666666,4.857142857142857,124222241422232244133
1033,4,0.19047619047619047,0.19047619047619047,0.42857142857142855,0.5714285714285714,5.857142857142857,124222241422232244133
1033,5,0.19047619047619047,0.19047619047619047,0.23809523809523808,0.2857142857142857,8.476190476190476,124222241422232244133
1034,2,0.2857142857142857,0.14285714285714285,0.42857142857142855,0.7142857142857143,4.857142857142857,213413213123424122421
1034,3,0.23809523809523808,0.3333333333333333,0.47619047619047616,0.5714285714285714,4.523809523809524,213413213123424122421
1034,4,0.14285714285714285,0.09523809523809523,0.42857142857142855,0.5238095238095238,5.571428571428571,213413213123424122421
1034,5,0.14285714285714285,0.14285714285714285,0.38095238095238093,0.5238095238095238,6.142857142857143,213413213123424122421
1035,2,0.2857142857142857,0.3333333333333333,0.6190476190476191,0.7142857142857143,3.5714285714285716,414434144433221233114
1035,3,0.2857142857142857,0.2857142857142857,0.5238095238095238,0.7142857142857143,4.380952380952381,414434144433221233114
1035,4,0.2857142857142857,0.14285714285714285,0.5238095238095238,0.5238095238095238,5.476190476190476,414434144433221233114
1035,5,0.19047619047619047,0.09523809523809523,0.38095238095238093,0.5238095238095238,5.857142857142857,414434144433221233114
1036,2,0.3333333333333333,0.19047619047619047,0.7619047619047619,0.7619047619047619,3.1904761904761907,344422432432333221211
1036,3,0.23809523809523808,0.14285714285714285,0.6190476190476191,0.7619047619047619,4.190476190476191,344422432432333221211
1036,4,0.19047619047619047,0.14285714285714285,0.3333333333333333,0.5238095238095238,5.571428571428571,344422432432333221211
1036,5,0.09523809523809523,0.14285714285714285,0.2857142857142857,0.47619047619047616,7.190476190476191,344422432432333221211
1037,2,0.38095238095238093,0.38095238095238093,0.6666666666666666,0.8095238095238095,4.428571428571429,142213244322311244333
1037,3,0.2857142857142857,0.47619047619047616,0.5714285714285714,0.7142857142857143,4.666666666666667,142213244322311244333
1037,4,0.2857142857142857,0.23809523809523808,0.5238095238095238,0.7142857142857143,5.0,142213244322311244333
1037,5,0.23809523809523808,0.14285714285714285,0.38095238095238093,0.47619047619047616,7.619047619047619,142213244322311244333
1038,2,0.38095238095238093,0.5238095238095238,0.7142857142857143,0.8095238095238095,3.1904761904761907,243444131312444414133
1038,3,0.38095238095238093,0.2857142857142857,0.47619047619047616,0.7142857142857143,4.0476190476190474,243444131312444414133
1038,4,0.23809523809523808,0.23809523809523808,0.47619047619047616,0.5714285714285714,5.238095238095238,243444131312444414133
1038,5,0.19047619047619047,0.3333333333333333,0.38095238095238093,0.6190476190476191,6.333333333333333,243444131312444414133
1039,2,0.38095238095238093,0.2857142857142857,0.6190476190476191,0.7619047619047619,4.0,422414233324132132331
1039,3,0.19047619047619047,0.2857142857142857,0.5714285714285714,0.6666666666666666,4.571428571428571,422414233324132132331
1039,4,0.23809523809523808,0.19047619047619047,0.5714285714285714,0.6190476190476191,5.285714285714286,422414233324132132331
1039,5,0.19047619047619047,0.23809523809523808,0.3333333333333333,0.5238095238095238,6.333333333333333,422414233324132132331
1040,2,0.3333333333333333,0.23809523809523808,0.7142857142857143,0.7619047619047619,4.142857142857143,322223241314341431412
1040,3,0.2857142857142857,0.2857142857142857,0.5714285714285714,0.6666666666666666,4.333333333333333,322223241314341431412
1040,4,0.23809523809523808,0.19047619047619047,0.47619047619047616,0.6190476190476191,4.857142857142857,322223241314341431412
1040,5,0.09523809523809523,0.047619047619047616,0.38095238095238093,0.5238095238095238,6.904761904761905,322223241314341431412
1041,2,0.2857142857142857,0.38095238095238093,0.6666666666666666,0.9047619047619048,3.0476190476190474,424311324211231443424
1041,3,0.38095238095238093,0.38095238095238093,0.47619047619047616,0.7619047619047619,3.5714285714285716,424311324211231443424
1041,4,0.2857142857142857,0.23809523809523808,0.5238095238095238,0.5714285714285714,4.523809523809524,424311324211231443424
1041,5,0.2857142857142857,0.09523809523809523,0.5238095238095238,0.5714285714285714,5.523809523809524,424311324211231443424
1042,2,0.2857142857142857,0.3333333333333333,0.5238095238095238,0.8571428571428571,3.5714285714285716,413241414143124122244
1042,3,0.23809523809523808,0.38095238095238093,0.6666666666666666,0.7619047619047619,3.7142857142857144,413241414143124122244
1042,4,0.09523809523809523,0.19047619047619047,0.5238095238095238,0.7619047619047619,4.619047619047619,413241414143124122244
1042,5,0.19047619047619047,0.2857142857142857,0.47619047619047616,0.6190476190476191,5.9523809523809526,413241414143124122244
1043,2,0.2857142857142857,0.2857142857142857,0.6666666666666666,0.8095238095238095,4.238095238095238,131422214142233112431
1043,3,0.19047619047619047,0.2857142857142857,0.6190476190476191,0.6190476190476191,5.285714285714286,131422214142233112431
1043,4,0.14285714285714285,0.14285714285714285,0.5238095238095238,0.5714285714285714,5.476190476190476,131422214142233112431
1043,5,0.14285714285714285,0.09523809523809523,0.3333333333333333,0.42857142857142855,7.523809523809524,131422214142233112431
1044,2,0.23809523809523808,0.19047619047619047,0.5714285714285714,0.8571428571428571,4.0,132341231413343424314
1044,3,0.19047619047619047,0.23809523809523808,0.5238095238095238,0.6666666666666666,5.0,132341231413343424314
1044,4,0.14285714285714285,0.19047619047619047,0.42857142857142855,0.6666666666666666,5.428571428571429,132341231413343424314
1044,5,0.14285714285714285,0.14285714285714285,0.3333333333333333,0.47619047619047616,6.857142857142857,132341231413343424314
1045,2,0.38095238095238093,0.2857142857142857,0.6190476190476191,0.8571428571428571,3.380952380952381,231321231421324421423
1045,3,0.2857142857142857,0.19047619047619047,0.5238095238095238,0.6190476190476191,4.666666666666667,231321231421324421423
1045,4,0.23809523809523808,0.23809523809523808,0.5238095238095238,0.6190476190476191,4.857142857142857,231321231421324421423
1045,5,0.19047619047619047,0.09523809523809523,0.38095238095238093,0.5714285714285714,5.809523809523809,231321231421324421423
1046,2,0.19047619047619047,0.23809523809523808,0.6190476190476191,0.9047619047619048,3.5714285714285716,412214343134242443212
1046,3,0.23809523809523808,0.42857142857142855,0.6190476190476191,0.7142857142857143,4.142857142857143,412214343134242443212
1046,4,0.23809523809523808,0.19047619047619047,0.6190476190476191,0.7142857142857143,4.238095238095238,412214343134242443212
1046,5,0.14285714285714285,0.14285714285714285,0.5238095238095238,0.6190476190476191,5.428571428571429,412214343134242443212
1047,2,0.47619047619047616,0.42857142857142855,0.8095238095238095,0.8571428571428571,3.2857142857142856,132434422212211432241
1047,3,0.3333333333333333,0.38095238095238093,0.8095238095238095,0.8571428571428571,3.380952380952381,132434422212211432241
1047,4,0.3333333333333333,0.3333333333333333,0.5238095238095238,0.7142857142857143,4.285714285714286,132434422212211432241
1047,5,0.19047619047619047,0.23809523809523808,0.42857142857142855,0.5714285714285714,6.380952380952381,132434422212211432241
1048,2,0.42857142857142855,0.23809523809523808,0.7619047619047619,0.8571428571428571,3.0,244444241242214132242
1048,3,0.3333333333333333,0.23809523809523808,0.7142857142857143,0.8571428571428571,3.142857142857143,244444241242214132242
1048,4,0.23809523809523808,0.2857142857142857,0.5238095238095238,0.7142857142857143,4.142857142857143,244444241242214132242
1048,5,0.2857142857142857,0.3333333333333333,0.38095238095238093,0.5714285714285714,6.0,244444241242214132242
1049,2,0.19047619047619047,0.09523809523809523,0.5238095238095238,0.7619047619047619,4.9523809523809526,131133423431344121113
1049,3,0.23809523809523808,0.14285714285714285,0.47619047619047616,0.5714285714285714,5.761904761904762,131133423431344121113
1049,4,0.2857142857142857,0.14285714285714285,0.47619047619047616,0.5714285714285714,5.761904761904762,131133423431344121113
1049,5,0.14285714285714285,0.19047619047619047,0.38095238095238093,0.5714285714285714,6.9523809523809526,131133423431344121113
1050,2,0.3333333333333333,0.3333333333333333,0.6666666666666666,0.8095238095238095,3.619047619047619,343444142424313222332
1050,3,0.23809523809523808,0.19047619047619047,0.6190476190476191,0.7619047619047619,4.142857142857143,343444142424313222332
1050,4,0.19047619047619047,0.19047619047619047,0.5714285714285714,0.6190476190476191,4.904761904761905,343444142424313222332
1050,5,0.19047619047619047,0.14285714285714285,0.2857142857142857,0.5238095238095238,6.714285714285714,343444142424313222332
1051,2,0.2857142857142857,0.38095238095238093,0.6190476190476191,0.7619047619047619,3.4761904761904763,442112343132113111311
1051,3,0.23809523809523808,0.09523809523809523,0.5238095238095238,0.7619047619047619,4.380952380952381,442112343132113111311
1051,4,0.19047619047619047,0.14285714285714285,0.5714285714285714,0.6666666666666666,5.238095238095238,442112343132113111311
1051,5,0.047619047619047616,0.23809523809523808,0.38095238095238093,0.5238095238095238,7.0476190476190474,442112343132113111311
1052,2,0.38095238095238093,0.19047619047619047,0.5714285714285714,0.7619047619047619,3.9047619047619047,431434323344441234444
1052,3,0.2857142857142857,0.3333333333333333,0.6190476190476191,0.8095238095238095,4.142857142857143,431434323344441234444
1052,4,0.23809523809523808,0.2857142857142857,0.47619047619047616,0.7142857142857143,4.666666666666667,431434323344441234444
1052,5,0.23809523809523808,0.19047619047619047,0.5238095238095238,0.6190476190476191,5.619047619047619,431434323344441234444
1053,2,0.2857142857142857,0.14285714285714285,0.6190476190476191,0.8095238095238095,4.428571428571429,122224412413144444241
1053,3,0.3333333333333333,0.5238095238095238,0.6666666666666666,0.8095238095238095,4.285714285714286,122224412413144444241
1053,4,0.19047619047619047,0.23809523809523808,0.47619047619047616,0.7142857142857143,5.238095238095238,122224412413144444241
1053,5,0.14285714285714285,0.14285714285714285,0.42857142857142855,0.6190476190476191,6.380952380952381,122224412413144444241
1054,2,0.3333333333333333,0.3333333333333333,0.8095238095238095,0.9047619047619048,3.0952380952380953,312133421212421211342
1054,3,0.23809523809523808,0.14285714285714285,0.5238095238095238,0.7142857142857143,3.9523809523809526,312133421212421211342
1054,4,0.23809523809523808,0.09523809523809523,0.42857142857142855,0.5238095238095238,5.380952380952381,312133421212421211342
1054,5,0.09523809523809523,0.14285714285714285,0.42857142857142855,0.5238095238095238,6.380952380952381,312133421212421211342
1055,2,0.09523809523809523,0.19047619047619047,0.7142857142857143,0.9047619047619048,3.1904761904761907,323311331422434241431
1055,3,0.3333333333333333,0.3333333333333333,0.47619047619047616,0.7142857142857143,4.285714285714286,323311331422434241431
1055,4,0.19047619047619047,0.19047619047619047,0.47619047619047616,0.5714285714285714,5.380952380952381,323311331422434241431
1055,5,0.14285714285714285,0.047619047619047616,0.2857142857142857,0.42857142857142855,7.333333333333333,323311331422434241431
1056,2,0.23809523809523808,0.3333333333333333,0.5714285714285714,0.7619047619047619,4.238095238095238,434324111424243213111
1056,3,0.19047619047619047,0.14285714285714285,0.6190476190476191,0.8571428571428571,4.0476190476190474,434324111424243213111
1056,4,0.23809523809523808,0.23809523809523808,0.5238095238095238,0.7142857142857143,4.9523809523809526,434324111424243213111
1056,5,0.19047619047619047,0.14285714285714285,0.3333333333333333,0.47619047619047616,6.761904761904762,434324111424243213111
1057,2,0.14285714285714285,0.2857142857142857,0.7142857142857143,0.9523809523809523,2.9047619047619047,321432424423244112343
1057,3,0.19047619047619047,0.23809523809523808,0.7142857142857143,0.7619047619047619,3.6666666666666665,321432424423244112343
1057,4,0.2857142857142857,0.2857142857142857,0.5714285714285714,0.7619047619047619,3.9523809523809526,321432424423244112343
1057,5,0.09523809523809523,0.19047619047619047,0.47619047619047616,0.5714285714285714,5.333333333333333,321432424423244112343
1058,2,0.3333333333333333,0.19047619047619047,0.6190476190476191,0.8095238095238095,3.9047619047619047,332213412441211344211
1058,3,0.3333333333333333,0.2857142857142857,0.6190476190476191,0.7142857142857143,3.9047619047619047,332213412441211344211
1058,4,0.3333333333333333,0.3333333333333333,0.5238095238095238,0.6666666666666666,4.476190476190476,332213412441211344211
1058,5,0.23809523809523808,0.19047619047619047,0.38095238095238093,0.5238095238095238,6.761904761904762,332213412441211344211
1059,2,0.3333333333333333,0.23809523809523808,0.5714285714285714,0.8571428571428571,3.3333333333333335,321421423123344141124
1059,3,0.2857142857142857,0.42857142857142855,0.5714285714285714,0.7142857142857143,4.0476190476190474,321421423123344141124
1059,4,0.23809523809523808,0.47619047619047616,0.47619047619047616,0.7142857142857143,4.238095238095238,321421423123344141124
1059,5,0.14285714285714285,0.19047619047619047,0.38095238095238093,0.5714285714285714,5.380952380952381,321421423123344141124
1060,2,0.47619047619047616,0.47619047619047616,0.6190476190476191,0.8095238095238095,3.0,311241423241311212133
1060,3,0.3333333333333333,0.38095238095238093,0.5714285714285714,0.7142857142857143,3.9523809523809526,311241423241311212133
1060,4,0.2857142857142857,0.23809523809523808,0.5238095238095238,0.6190476190476191,4.523809523809524,311241423241311212133
1060,5,0.23809523809523808,0.42857142857142855,0.42857142857142855,0.6190476190476191,6.190476190476191,311241423241311212133
1061,2,0.23809523809523808,0.38095238095238093,0.6190476190476191,0.8095238095238095,4.333333333333333,132234342322142223131
1061,3,0.2857142857142857,0.2857142857142857,0.6190476190476191,0.8095238095238095,4.380952380952381,132234342322142223131
1061,4,0.19047619047619047,0.23809523809523808,0.47619047619047616,0.7619047619047619,4.904761904761905,132234342322142223131
1061,5,0.19047619047619047,0.2857142857142857,0.2857142857142857,0.42857142857142855,7.904761904761905,132234342322142223131
1062,2,0.19047619047619047,0.3333333333333333,0.6666666666666666,0.8095238095238095,3.619047619047619,343221114123211344311
1062,3,0.3333333333333333,0.2857142857142857,0.5714285714285714,0.6666666666666666,3.9523809523809526,343221114123211344311
1062,4,0.23809523809523808,0.23809523809523808,0.47619047619047616,0.5238095238095238,5.476190476190476,343221114123211344311
1062,5,0.19047619047619047,0.23809523809523808,0.38095238095238093,0.42857142857142855,6.428571428571429,343221114123211344311
1063,2,0.2857142857142857,0.3333333333333333,0.5714285714285714,0.8095238095238095,3.380952380952381,233411331333424211313
1063,3,0.23809523809523808,0.19047619047619047,0.5238095238095238,0.6666666666666666,4.238095238095238,233411331333424211313
1063,4,0.23809523809523808,0.2857142857142857,0.47619047619047616,0.5714285714285714,5.095238095238095,233411331333424211313
1063,5,0.23809523809523808,0.19047619047619047,0.23809523809523808,0.2857142857142857,7.571428571428571,233411331333424211313
1064,2,0.3333333333333333,0.3333333333333333,0.6190476190476191,0.8571428571428571,3.5238095238095237,323111231242322421222
1064,3,0.23809523809523808,0.23809523809523808,0.5238095238095238,0.7619047619047619,4.238095238095238,323111231242322421222
1064,4,0.23809523809523808,0.19047619047619047,0.47619047619047616,0.5238095238095238,5.190476190476191,323111231242322421222
1064,5,0.38095238095238093,0.2857142857142857,0.47619047619047616,0.47619047619047616,6.666666666666667,323111231242322421222
1065,2,0.23809523809523808,0.3333333333333333,0.6666666666666666,0.8571428571428571,2.9047619047619047,411124421222211143344
1065,3,0.3333333333333333,0.19047619047619047,0.6666666666666666,0.7619047619047619,3.6666666666666665,411124421222211143344
1065,4,0.23809523809523808,0.2857142857142857,0.5238095238095238,0.6666666666666666,4.333333333333333,411124421222211143344
1065,5,0.23809523809523808,0.19047619047619047,0.5238095238095238,0.5238095238095238,5.476190476190476,411124421222211143344
1066,2,0.2857142857142857,0.3333333333333333,0.6190476190476191,0.6666666666666666,4.714285714285714,213414112114142124422
1066,3,0.2857142857142857,0.42857142857142855,0.5714285714285714,0.7142857142857143,4.476190476190476,213414112114142124422
1066,4,0.23809523809523808,0.3333333333333333,0.42857142857142855,0.5714285714285714,5.904761904761905,213414112114142124422
1066,5,0.23809523809523808,0.19047619047619047,0.42857142857142855,0.5238095238095238,6.238095238095238,213414112114142124422
1067,2,0.23809523809523808,0.2857142857142857,0.6190476190476191,0.7619047619047619,4.238095238095238,313143231132311114313
1067,3,0.2857142857142857,0.14285714285714285,0.42857142857142855,0.5238095238095238,5.238095238095238,313143231132311114313
1067,4,0.2857142857142857,0.09523809523809523,0.47619047619047616,0.47619047619047616,6.095238095238095,313143231132311114313
1067,5,0.14285714285714285,0.09523809523809523,0.3333333333333333,0.5238095238095238,7.761904761904762,313143231132311114313
1068,2,0.3333333333333333,0.3333333333333333,0.5714285714285714,0.7619047619047619,4.571428571428571,434213412323313312132
1068,3,0.23809523809523808,0.38095238095238093,0.6190476190476191,0.7619047619047619,3.857142857142857,434213412323313312132
1068,4,0.38095238095238093,0.23809523809523808,0.5714285714285714,0.6666666666666666,4.238095238095238,434213412323313312132
1068,5,0.23809523809523808,0.3333333333333333,0.38095238095238093,0.5714285714285714,6.333333333333333,434213412323313312132
1069,2,0.3333333333333333,0.23809523809523808,0.42857142857142855,0.6190476190476191,4.761904761904762,434411112134414432121
1069,3,0.3333333333333333,0.2857142857142857,0.6190476190476191,0.7142857142857143,4.190476190476191,434411112134414432121
1069,4,0.2857142857142857,0.23809523809523808,0.42857142857142855,0.5714285714285714,5.190476190476191,434411112134414432121
1069,5,0.14285714285714285,0.2857142857142857,0.38095238095238093,0.5238095238095238,6.095238095238095,434411112134414432121
1070,2,0.23809523809523808,0.2857142857142857,0.5238095238095238,0.7619047619047619,4.0,444134211132224132112
1070,3,0.19047619047619047,0.19047619047619047,0.6190476190476191,0.6190476190476191,4.476190476190476,444134211132224132112
1070,4,0.19047619047619047,0.23809523809523808,0.5238095238095238,0.6190476190476191,5.380952380952381,444134211132224132112
1070,5,0.19047619047619047,0.2857142857142857,0.38095238095238093,0.5238095238095238,6.333333333333333,444134211132224132112
1071,2,0.3333333333333333,0.3333333333333333,0.5714285714285714,0.8095238095238095,3.3333333333333335,234331442323214321444
1071,3,0.3333333333333333,0.38095238095238093,0.6190476190476191,0.8095238095238095,2.9047619047619047,234331442323214321444
1071,4,0.3333333333333333,0.3333333333333333,0.42857142857142855,0.6190476190476191,4.666666666666667,234331442323214321444
1071,5,0.19047619047619047,0.14285714285714285,0.38095238095238093,0.47619047619047616,5.9523809523809526,234331442323214321444
1072,2,0.19047619047619047,0.14285714285714285,0.5238095238095238,0.6190476190476191,5.809523809523809,111333212212124344113
1072,3,0.23809523809523808,0.2857142857142857,0.47619047619047616,0.5714285714285714,6.571428571428571,111333212212124344113
1072,4,0.19047619047619047,0.19047619047619047,0.38095238095238093,0.42857142857142855,7.571428571428571,111333212212124344113
1072,5,0.23809523809523808,0.19047619047619047,0.2857142857142857,0.42857142857142855,7.666666666666667,111333212212124344113
1073,2,0.3333333333333333,0.38095238095238093,0.6190476190476191,0.8095238095238095,4.380952380952381,124424314421143222333
1073,3,0.19047619047619047,0.19047619047619047,0.7142857142857143,0.8095238095238095,4.571428571428571,124424314421143222333
1073,4,0.14285714285714285,0.19047619047619047,0.47619047619047616,0.7142857142857143,5.285714285714286,124424314421143222333
1073,5,0.19047619047619047,0.09523809523809523,0.23809523809523808,0.47619047619047616,7.428571428571429,124424314421143222333
1074,2,0.23809523809523808,0.3333333333333333,0.6190476190476191,0.8095238095238095,3.4761904761904763,414142312141224244313
1074,3,0.19047619047619047,0.2857142857142857,0.5714285714285714,0.7142857142857143,4.0476190476190474,414142312141224244313
1074,4,0.09523809523809523,0.14285714285714285,0.5714285714285714,0.7142857142857143,4.476190476190476,414142312141224244313
1074,5,0.19047619047619047,0.14285714285714285,0.23809523809523808,0.38095238095238093,6.857142857142857,414142312141224244313
1075,2,0.3333333333333333,0.23809523809523808,0.5714285714285714,0.7619047619047619,3.8095238095238093,311241131234424431412
1075,3,0.23809523809523808,0.38095238095238093,0.6190476190476191,0.6666666666666666,4.809523809523809,311241131234424431412
1075,4,0.19047619047619047,0.23809523809523808,0.38095238095238093,0.47619047619047616,6.095238095238095,311241131234424431412
1075,5,0.19047619047619047,0.14285714285714285,0.3333333333333333,0.42857142857142855,6.428571428571429,311241131234424431412
1076,2,0.42857142857142855,0.19047619047619047,0.7142857142857143,0.9047619047619048,2.619047619047619,242121341133213224143
1076,3,0.2857142857142857,0.19047619047619047,0.7142857142857143,0.8095238095238095,3.3333333333333335,242121341133213224143
1076,4,0.19047619047619047,0.19047619047619047,0.42857142857142855,0.6190476190476191,4.761904761904762,242121341133213224143
1076,5,0.23809523809523808,0.23809523809523808,0.38095238095238093,0.5238095238095238,6.142857142857143,242121341133213224143
1077,2,0.23809523809523808,0.2857142857142857,0.6190476190476191,0.8095238095238095,4.142857142857143,312243414242434113313
1077,3,0.23809523809523808,0.19047619047619047,0.6190476190476191,0.6666666666666666,4.333333333333333,312243414242434113313
1077,4,0.09523809523809523,0.2857142857142857,0.47619047619047616,0.5714285714285714,5.0476190476190474,312243414242434113313
1077,5,0.14285714285714285,0.19047619047619047,0.2857142857142857,0.47619047619047616,7.095238095238095,312243414242434113313
1078,2,0.2857142857142857,0.19047619047619047,0.47619047619047616,0.8095238095238095,4.666666666666667,313313314434343132144
1078,3,0.19047619047619047,0.09523809523809523,0.5714285714285714,0.7142857142857143,4.428571428571429,313313314434343132144
1078,4,0.2857142857142857,0.14285714285714285,0.5238095238095238,0.6666666666666666,4.714285714285714,313313314434343132144
1078,5,0.23809523809523808,0.19047619047619047,0.47619047619047616,0.6190476190476191,5.619047619047619,313313314434343132144
1079,2,0.3333333333333333,0.3333333333333333,0.5714285714285714,0.7619047619047619,4.095238095238095,233421224334124343334
1079,3,0.3333333333333333,0.2857142857142857,0.42857142857142855,0.6190476190476191,5.380952380952381,233421224334124343334
1079,4,0.14285714285714285,0.23809523809523808,0.47619047619047616,0.5238095238095238,6.142857142857143,233421224334124343334
1079,5,0.19047619047619047,0.09523809523809523,0.2857142857142857,0.38095238095238093,7.904761904761905,233421224334124343334
1080,2,0.38095238095238093,0.38095238095238093,0.6666666666666666,0.8095238095238095,4.142857142857143,111331144212332323224
1080,3,0.19047619047619047,0.38095238095238093,0.5714285714285714,0.6190476190476191,5.571428571428571,111331144212332323224
1080,4,0.09523809523809523,0.14285714285714285,0.38095238095238093,0.42857142857142855,7.0476190476190474,111331144212332323224
1080,5,0.2857142857142857,0.19047619047619047,0.42857142857142855,0.47619047619047616,6.571428571428571,111331144212332323224
1081,2,0.14285714285714285,0.23809523809523808,0.47619047619047616,0.8571428571428571,3.4761904761904763,332211422322242123331
1081,3,0.23809523809523808,0.3333333333333333,0.6666666666666666,0.8571428571428571,3.2857142857142856,332211422322242123331
1081,4,0.2857142857142857,0.19047619047619047,0.5714285714285714,0.7619047619047619,3.761904761904762,332211422322242123331
1081,5,0.23809523809523808,0.14285714285714285,0.38095238095238093,0.5714285714285714,6.380952380952381,332211422322242123331
1082,2,0.47619047619047616,0.23809523809523808,0.6190476190476191,0.7619047619047619,3.8095238095238093,244224212141341312444
1082,3,0.23809523809523808,0.09523809523809523,0.6190476190476191,0.8095238095238095,3.761904761904762,244224212141341312444
1082,4,0.23809523809523808,0.14285714285714285,0.5238095238095238,0.7142857142857143,4.523809523809524,244224212141341312444
1082,5,0.2857142857142857,0.14285714285714285,0.42857142857142855,0.47619047619047616,6.238095238095238,244224212141341312444
1083,2,0.38095238095238093,0.2857142857142857,0.6190476190476191,0.8095238095238095,3.380952380952381,331331432313313421322
1083,3,0.23809523809523808,0.3333333333333333,0.6190476190476191,0.8095238095238095,3.857142857142857,331331432313313421322
1083,4,0.23809523809523808,0.19047619047619047,0.5714285714285714,0.6666666666666666,4.0,331331432313313421322
1083,5,0.23809523809523808,0.23809523809523808,0.42857142857142855,0.5238095238095238,5.476190476190476,331331432313313421322
1084,2,0.38095238095238093,0.3333333333333333,0.5714285714285714,0.7142857142857143,5.095238095238095,143433234223133311414
1084,3,0.19047619047619047,0.19047619047619047,0.5238095238095238,0.6190476190476191,5.904761904761905,143433234223133311414
1084,4,0.19047619047619047,0.23809523809523808,0.42857142857142855,0.5238095238095238,6.904761904761905,143433234223133311414
1084,5,0.14285714285714285,0.19047619047619047,0.3333333333333333,0.47619047619047616,7.619047619047619,143433234223133311414
1085,2,0.19047619047619047,0.23809523809523808,0.6666666666666666,0.8095238095238095,4.0476190476190474,142331423132343333434
1085,3,0.19047619047619047,0.19047619047619047,0.5714285714285714,0.6666666666666666,5.0476190476190474,142331423132343333434
1085,4,0.19047619047619047,0.14285714285714285,0.42857142857142855,0.5714285714285714,5.904761904761905,142331423132343333434
1085,5,0.2857142857142857,0.14285714285714285,0.42857142857142855,0.5714285714285714,6.095238095238095,142331423132343333434
1086,2,0.23809523809523808,0.23809523809523808,0.6666666666666666,0.7619047619047619,4.238095238095238,122321144322131313242
1086,3,0.19047619047619047,0.14285714285714285,0.6190476190476191,0.6666666666666666,4.9523809523809526,122321144322131313242
1086,4,0.19047619047619047,0.14285714285714285,0.5714285714285714,0.5714285714285714,6.095238095238095,122321144322131313242
1086,5,0.19047619047619047,0.19047619047619047,0.42857142857142855,0.5238095238095238,7.380952380952381,122321144322131313242
1087,2,0.38095238095238093,0.3333333333333333,0.7619047619047619,0.7619047619047619,3.9047619047619047,112434412341213442241
1087,3,0.3333333333333333,0.42857142857142855,0.7619047619047619,0.8571428571428571,3.4285714285714284,112434412341213442241
1087,4,0.19047619047619047,0.3333333333333333,0.5238095238095238,0.8571428571428571,4.095238095238095,112434412341213442241
1087,5,0.23809523809523808,0.5238095238095238,0.47619047619047616,0.6190476190476191,5.333333333333333,112434412341213442241
1088,2,0.3333333333333333,0.19047619047619047,0.6666666666666666,0.8571428571428571,3.380952380952381,333221144421334422421
1088,3,0.3333333333333333,0.23809523809523808,0.5714285714285714,0.6666666666666666,4.095238095238095,333221144421334422421
1088,4,0.09523809523809523,0.23809523809523808,0.47619047619047616,0.6190476190476191,5.476190476190476,333221144421334422421
1088,5,0.14285714285714285,0.047619047619047616,0.2857142857142857,0.47619047619047616,7.333333333333333,333221144421334422421
1089,2,0.23809523809523808,0.2857142857142857,0.6190476190476191,0.7619047619047619,4.095238095238095,314244224233144443322
1089,3,0.3333333333333333,0.2857142857142857,0.5238095238095238,0.6666666666666666,4.523809523809524,314244224233144443322
1089,4,0.14285714285714285,0.19047619047619047,0.42857142857142855,0.6190476190476191,5.0,314244224233144443322
1089,5,0.09523809523809523,0.23809523809523808,0.47619047619047616,0.6190476190476191,6.0476190476190474,314244224233144443322
1090,2,0.3333333333333333,0.3333333333333333,0.5238095238095238,0.6666666666666666,4.619047619047619,411413132321142211221
1090,3,0.2857142857142857,0.3333333333333333,0.5238095238095238,0.6666666666666666,4.857142857142857,411413132321142211221
1090,4,0.3333333333333333,0.14285714285714285,0.47619047619047616,0.6190476190476191,5.523809523809524,411413132321142211221
1090,5,0.2857142857142857,0.14285714285714285,0.47619047619047616,0.5714285714285714,6.0,411413132321142211221
1091,2,0.23809523809523808,0.3333333333333333,0.5714285714285714,0.8571428571428571,3.5238095238095237,413211421433112442333
1091,3,0.2857142857142857,0.23809523809523808,0.6190476190476191,0.6666666666666666,4.428571428571429,413211421433112442333
1091,4,0.2857142857142857,0.2857142857142857,0.42857142857142855,0.6190476190476191,5.0476190476190474,413211421433112442333
1091,5,0.23809523809523808,0.2857142857142857,0.47619047619047616,0.6190476190476191,5.904761904761905,413211421433112442333
1092,2,0.2857142857142857,0.2857142857142857,0.5714285714285714,0.8095238095238095,4.333333333333333,334343124434241121233
1092,3,0.2857142857142857,0.19047619047619047,0.5714285714285714,0.6666666666666666,4.476190476190476,334343124434241121233
1092,4,0.23809523809523808,0.19047619047619047,0.42857142857142855,0.5714285714285714,5.095238095238095,334343124434241121233
1092,5,0.09523809523809523,0.09523809523809523,0.47619047619047616,0.6190476190476191,5.9523809523809526,334343124434241121233
1093,2,0.23809523809523808,0.23809523809523808,0.6190476190476191,0.9047619047619048,3.238095238095238,211421331323243214334
1093,3,0.19047619047619047,0.2857142857142857,0.5714285714285714,0.7619047619047619,4.0476190476190474,211421331323243214334
1093,4,0.19047619047619047,0.14285714285714285,0.47619047619047616,0.5714285714285714,4.809523809523809,211421331323243214334
1093,5,0.23809523809523808,0.14285714285714285,0.2857142857142857,0.47619047619047616,6.238095238095238,211421331323243214334
1094,2,0.2857142857142857,0.14285714285714285,0.5238095238095238,0.7142857142857143,5.238095238095238,134443234422342111322
1094,3,0.14285714285714285,0.14285714285714285,0.5238095238095238,0.6666666666666666,5.333333333333333,134443234422342111322
1094,4,0.23809523809523808,0.14285714285714285,0.6190476190476191,0.6666666666666666,5.285714285714286,134443234422342111322
1094,5,0.14285714285714285,0.09523809523809523,0.38095238095238093,0.47619047619047616,7.714285714285714,134443234422342111322
1095,2,0.42857142857142855,0.2857142857142857,0.5714285714285714,0.7619047619047619,3.5238095238095237,223142123411433423443
1095,3,0.2857142857142857,0.19047619047619047,0.42857142857142855,0.6666666666666666,3.9523809523809526,223142123411433423443
1095,4,0.23809523809523808,0.14285714285714285,0.38095238095238093,0.5238095238095238,6.095238095238095,223142123411433423443
1095,5,0.14285714285714285,0.09523809523809523,0.23809523809523808,0.5238095238095238,6.714285714285714,223142123411433423443
1096,2,0.3333333333333333,0.14285714285714285,0.42857142857142855,0.6666666666666666,5.0,311443313333141434424
1096,3,0.23809523809523808,0.19047619047619047,0.5238095238095238,0.5238095238095238,5.285714285714286,311443313333141434424
1096,4,0.19047619047619047,0.2857142857142857,0.38095238095238093,0.47619047619047616,6.0476190476190474,311443313333141434424
1096,5,0.14285714285714285,0.09523809523809523,0.42857142857142855,0.6666666666666666,5.714285714285714,311443313333141434424
1097,2,0.23809523809523808,0.3333333333333333,0.6190476190476191,0.8095238095238095,3.9047619047619047,411434213223323112431
1097,3,0.19047619047619047,0.14285714285714285,0.6190476190476191,0.6666666666666666,4.285714285714286,411434213223323112431
1097,4,0.09523809523809523,0.2857142857142857,0.5714285714285714,0.7142857142857143,4.857142857142857,411434213223323112431
1097,5,0.14285714285714285,0.2857142857142857,0.38095238095238093,0.5714285714285714,5.285714285714286,411434213223323112431
1098,2,0.23809523809523808,0.23809523809523808,0.6666666666666666,0.7142857142857143,4.571428571428571,224223232324213423333
1098,3,0.2857142857142857,0.2857142857142857,0.5714285714285714,0.7619047619047619,4.190476190476191,224223232324213423333
1098,4,0.19047619047619047,0.38095238095238093,0.5238095238095238,0.7142857142857143,4.428571428571429,224223232324213423333
1098,5,0.23809523809523808,0.23809523809523808,0.2857142857142857,0.47619047619047616,6.380952380952381,224223232324213423333
1099,2,0.19047619047619047,0.23809523809523808,0.5238095238095238,0.7619047619047619,4.285714285714286,411343332421434331221
1099,3,0.23809523809523808,0.23809523809523808,0.42857142857142855,0.5238095238095238,5.380952380952381,411343332421434331221
1099,4,0.23809523809523808,0.09523809523809523,0.38095238095238093,0.47619047619047616,6.0,411343332421434331221
1099,5,0.14285714285714285,0.14285714285714285,0.42857142857142855,0.6190476190476191,5.857142857142857,411343332421434331221
1100,2,0.38095238095238093,0.6190476190476191,0.7142857142857143,0.9523809523809523,2.7142857142857144,342341244111334412333
1100,3,0.23809523809523808,0.38095238095238093,0.5714285714285714,0.6666666666666666,4.0476190476190474,342341244111334412333
1100,4,0.14285714285714285,0.19047619047619047,0.5238095238095238,0.6666666666666666,4.476190476190476,342341244111334412333
1100,5,0.23809523809523808,0.2857142857142857,0.3333333333333333,0.5238095238095238,6.714285714285714,342341244111334412333
1101,2,0.42857142857142855,0.3333333333333333,0.6190476190476191,0.7619047619047619,4.0476190476190474,232133222133112222232
1101,3,0.19047619047619047,0.2857142857142857,0.5714285714285714,0.7142857142857143,4.666666666666667,232133222133112222232
1101,4,0.19047619047619047,0.23809523809523808,0.47619047619047616,0.6190476190476191,5.333333333333333,232133222133112222232
1101,5,0.23809523809523808,0.19047619047619047,0.47619047619047616,0.5714285714285714,6.285714285714286,232133222133112222232
1102,2,0.19047619047619047,0.19047619047619047,0.6666666666666666,0.8571428571428571,3.2857142857142856,224221424111134324122
1102,3,0.2857142857142857,0.38095238095238093,0.5714285714285714,0.7619047619047619,4.0,224221424111134324122
1102,4,0.23809523809523808,0.19047619047619047,0.42857142857142855,0.5714285714285714,5.428571428571429,224221424111134324122
1102,5,0.23809523809523808,0.14285714285714285,0.38095238095238093,0.5238095238095238,6.523809523809524,224221424111134324122
1103,2,0.42857142857142855,0.19047619047619047,0.5714285714285714,0.8571428571428571,3.0952380952380953,444212441341421331143
1103,3,0.23809523809523808,0.23809523809523808,0.6666666666666666,0.7619047619047619,3.6666666666666665,444212441341421331143
1103,4,0.23809523809523808,0.14285714285714285,0.42857142857142855,0.7142857142857143,4.523809523809524,444212441341421331143
1103,5,0.23809523809523808,0.19047619047619047,0.5238095238095238,0.5714285714285714,5.904761904761905,444212441341421331143
1104,2,0.23809523809523808,0.14285714285714285,0.5238095238095238,0.8095238095238095,3.4761904761904763,321321133122212214222
1104,3,0.2857142857142857,0.2857142857142857,0.5238095238095238,0.6666666666666666,4.666666666666667,321321133122212214222
1104,4,0.2857142857142857,0.14285714285714285,0.47619047619047616,0.5714285714285714,5.0,321321133122212214222
1104,5,0.3333333333333333,0.23809523809523808,0.47619047619047616,0.5238095238095238,5.571428571428571,321321133122212214222
1105,2,0.38095238095238093,0.14285714285714285,0.47619047619047616,0.7619047619047619,4.333333333333333,423213234443411444213
1105,3,0.42857142857142855,0.5238095238095238,0.5714285714285714,0.6666666666666666,4.428571428571429,423213234443411444213
1105,4,0.3333333333333333,0.2857142857142857,0.5714285714285714,0.7142857142857143,4.761904761904762,423213234443411444213
1105,5,0.2857142857142857,0.3333333333333333,0.5238095238095238,0.5714285714285714,5.809523809523809,423213234443411444213
1106,2,0.3333333333333333,0.3333333333333333,0.7142857142857143,0.8571428571428571,3.4285714285714284,232123444311234434321
1106,3,0.3333333333333333,0.3333333333333333,0.5238095238095238,0.6666666666666666,3.761904761904762,232123444311234434321
1106,4,0.2857142857142857,0.23809523809523808,0.47619047619047616,0.6190476190476191,4.476190476190476,232123444311234434321
1106,5,0.14285714285714285,0.2857142857142857,0.42857142857142855,0.47619047619047616,6.428571428571429,232123444311234434321
1107,2,0.3333333333333333,0.2857142857142857,0.6666666666666666,0.7142857142857143,4.0476190476190474,244244133314432311432
1107,3,0.19047619047619047,0.19047619047619047,0.5714285714285714,0.6190476190476191,4.666666666666667,244244133314432311432
1107,4,0.23809523809523808,0.14285714285714285,0.38095238095238093,0.47619047619047616,5.904761904761905,244244133314432311432
1107,5,0.14285714285714285,0.14285714285714285,0.2857142857142857,0.6190476190476191,5.857142857142857,244244133314432311432
1108,2,0.2857142857142857,0.2857142857142857,0.6190476190476191,0.7142857142857143,4.0,343114132132433243424
1108,3,0.23809523809523808,0.23809523809523808,0.5238095238095238,0.5714285714285714,5.0,343114132132433243424
1108,4,0.23809523809523808,0.19047619047619047,0.42857142857142855,0.47619047619047616,6.190476190476191,343114132132433243424
1108,5,0.23809523809523808,0.19047619047619047,0.3333333333333333,0.47619047619047616,7.238095238095238,343114132132433243424
1109,2,0.42857142857142855,0.42857142857142855,0.5714285714285714,0.8571428571428571,3.0952380952380953,432211343143414212114
1109,3,0.23809523809523808,0.3333333333333333,0.6190476190476191,0.7619047619047619,3.7142857142857144,432211343143414212114
1109,4,0.3333333333333333,0.3333333333333333,0.47619047619047616,0.6666666666666666,4.190476190476191,432211343143414212114
1109,5,0.23809523809523808,0.19047619047619047,0.42857142857142855,0.5238095238095238,6.523809523809524,432211343143414212114
1110,2,0.23809523809523808,0.23809523809523808,0.47619047619047616,0.7619047619047619,3.9523809523809526,323421114332242113343
1110,3,0.14285714285714285,0.14285714285714285,0.6190476190476191,0.6666666666666666,4.380952380952381,323421114332242113343
1110,4,0.23809523809523808,0.19047619047619047,0.6190476190476191,0.6190476190476191,4.9523809523809526,323421114332242113343
1110,5,0.14285714285714285,0.19047619047619047,0.3333333333333333,0.42857142857142855,6.904761904761905,323421114332242113343
1111,2,0.09523809523809523,0.23809523809523808,0.5714285714285714,0.8095238095238095,4.095238095238095,412311313234234134141
1111,3,0.19047619047619047,0.2857142857142857,0.6190476190476191,0.7142857142857143,4.0476190476190474,412311313234234134141
1111,4,0.3333333333333333,0.19047619047619047,0.47619047619047616,0.5714285714285714,4.809523809523809,412311313234234134141
1111,5,0.14285714285714285,0.23809523809523808,0.42857142857142855,0.5714285714285714,5.857142857142857,412311313234234134141
1112,2,0.2857142857142857,0.19047619047619047,0.7619047619047619,0.9047619047619048,3.0476190476190474,411314321141141234242
1112,3,0.23809523809523808,0.14285714285714285,0.6190476190476191,0.8571428571428571,3.857142857142857,411314321141141234242
1112,4,0.2857142857142857,0.2857142857142857,0.47619047619047616,0.6666666666666666,4.714285714285714,411314321141141234242
1112,5,0.3333333333333333,0.3333333333333333,0.5714285714285714,0.6666666666666666,5.380952380952381,411314321141141234242
1113,2,0.47619047619047616,0.23809523809523808,0.6666666666666666,0.9047619047619048,2.619047619047619,433324123223324211243
1113,3,0.2857142857142857,0.2857142857142857,0.6190476190476191,0.8095238095238095,3.238095238095238,433324123223324211243
1113,4,0.19047619047619047,0.23809523809523808,0.6190476190476191,0.7142857142857143,4.333333333333333,433324123223324211243
1113,5,0.23809523809523808,0.23809523809523808,0.42857142857142855,0.5714285714285714,6.0,433324123223324211243
1114,2,0.2857142857142857,0.14285714285714285,0.47619047619047616,0.6190476190476191,5.428571428571429,111312412314144241133
1114,3,0.23809523809523808,0.2857142857142857,0.5714285714285714,0.7142857142857143,5.476190476190476,111312412314144241133
1114,4,0.23809523809523808,0.19047619047619047,0.42857142857142855,0.5714285714285714,6.0,111312412314144241133
1114,5,0.23809523809523808,0.19047619047619047,0.38095238095238093,0.5714285714285714,6.571428571428571,111312412314144241133
1115,2,0.2857142857142857,0.09523809523809523,0.5238095238095238,0.7142857142857143,4.380952380952381,442313243133112121422
1115,3,0.2857142857142857,0.19047619047619047,0.6190476190476191,0.6190476190476191,4.666666666666667,442313243133112121422
1115,4,0.2857142857142857,0.23809523809523808,0.47619047619047616,0.6666666666666666,5.190476190476191,442313243133112121422
1115,5,0.23809523809523808,0.2857142857142857,0.5714285714285714,0.7619047619047619,4.761904761904762,442313243133112121422
1116,2,0.5238095238095238,0.42857142857142855,0.7142857142857143,0.9523809523809523,2.4285714285714284,443224444241423222242
1116,3,0.2857142857142857,0.23809523809523808,0.7142857142857143,0.9047619047619048,2.857142857142857,443224444241423222242
1116,4,0.09523809523809523,0.09523809523809523,0.5714285714285714,0.7142857142857143,4.142857142857143,443224444241423222242
1116,5,0.23809523809523808,0.3333333333333333,0.6190476190476191,0.6190476190476191,5.904761904761905,443224444241423222242
1117,2,0.2857142857142857,0.19047619047619047,0.5238095238095238,0.8571428571428571,3.380952380952381,423121333133411132241
1117,3,0.2857142857142857,0.38095238095238093,0.6190476190476191,0.7142857142857143,3.6666666666666665,423121333133411132241
1117,4,0.2857142857142857,0.38095238095238093,0.5238095238095238,0.5714285714285714,4.857142857142857,423121333133411132241
1117,5,0.19047619047619047,0.2857142857142857,0.42857142857142855,0.5714285714285714,5.809523809523809,423121333133411132241
1118,2,0.5238095238095238,0.38095238095238093,0.8095238095238095,0.8095238095238095,4.0,142234121244311422424
1118,3,0.42857142857142855,0.47619047619047616,0.6666666666666666,0.8095238095238095,4.285714285714286,142234121244311422424
1118,4,0.2857142857142857,0.2857142857142857,0.5238095238095238,0.6190476190476191,5.571428571428571,142234121244311422424
1118,5,0.2857142857142857,0.3333333333333333,0.5714285714285714,0.6190476190476191,5.761904761904762,142234121244311422424
1119,2,0.47619047619047616,0.2857142857142857,0.5714285714285714,0.8571428571428571,3.380952380952381,312412244241424331423
1119,3,0.38095238095238093,0.2857142857142857,0.6190476190476191,0.7142857142857143,3.9523809523809526,312412244241424331423
1119,4,0.2857142857142857,0.2857142857142857,0.42857142857142855,0.5714285714285714,5.0476190476190474,312412244241424331423
1119,5,0.23809523809523808,0.09523809523809523,0.47619047619047616,0.5238095238095238,6.238095238095238,312412244241424331423
1120,2,0.19047619047619047,0.3333333333333333,0.47619047619047616,0.7142857142857143,5.285714285714286,231313412444141131334
1120,3,0.23809523809523808,0.2857142857142857,0.5238095238095238,0.6190476190476191,5.095238095238095,231313412444141131334
1120,4,0.23809523809523808,0.23809523809523808,0.42857142857142855,0.5714285714285714,5.666666666666667,231313412444141131334
1120,5,0.14285714285714285,0.19047619047619047,0.47619047619047616,0.5714285714285714,5.9523809523809526,231313412444141131334
1121,2,0.3333333333333333,0.2857142857142857,0.5238095238095238,0.6666666666666666,5.095238095238095,331233412214141441214
1121,3,0.23809523809523808,0.38095238095238093,0.6190476190476191,0.7142857142857143,5.142857142857143,331233412214141441214
1121,4,0.19047619047619047,0.09523809523809523,0.38095238095238093,0.6190476190476191,5.857142857142857,331233412214141441214
1121,5,0.047619047619047616,0.047619047619047616,0.3333333333333333,0.47619047619047616,7.619047619047619,331233412214141441214
1122,2,0.3333333333333333,0.23809523809523808,0.6666666666666666,0.8571428571428571,3.857142857142857,433314414144444212441
1122,3,0.19047619047619047,0.2857142857142857,0.6666666666666666,0.8571428571428571,3.5714285714285716,433314414144444212441
1122,4,0.2857142857142857,0.23809523809523808,0.6190476190476191,0.8095238095238095,4.190476190476191,433314414144444212441
1122,5,0.2857142857142857,0.19047619047619047,0.5238095238095238,0.6666666666666666,6.0476190476190474,433314414144444212441
1123,2,0.3333333333333333,0.38095238095238093,0.7142857142857143,0.8571428571428571,2.9523809523809526,312314142131212231232
1123,3,0.19047619047619047,0.23809523809523808,0.5714285714285714,0.7619047619047619,3.761904761904762,312314142131212231232
1123,4,0.23809523809523808,0.09523809523809523,0.38095238095238093,0.6190476190476191,4.714285714285714,312314142131212231232
1123,5,0.2857142857142857,0.19047619047619047,0.5714285714285714,0.5714285714285714,5.380952380952381,312314142131212231232
1124,2,0.3333333333333333,0.2857142857142857,0.6190476190476191,0.7619047619047619,3.380952380952381,241324333432411441214
1124,3,0.38095238095238093,0.2857142857142857,0.5238095238095238,0.6190476190476191,4.9523809523809526,241324333432411441214
1124,4,0.23809523809523808,0.2857142857142857,0.5238095238095238,0.5714285714285714,5.571428571428571,241324333432411441214
1124,5,0.09523809523809523,0.23809523809523808,0.42857142857142855,0.7142857142857143,5.523809523809524,241324333432411441214
1125,2,0.2857142857142857,0.23809523809523808,0.5714285714285714,0.8571428571428571,3.7142857142857144,211323344432241332322
1125,3,0.23809523809523808,0.09523809523809523,0.42857142857142855,0.6190476190476191,5.285714285714286,211323344432241332322
1125,4,0.19047619047619047,0.14285714285714285,0.42857142857142855,0.42857142857142855,6.0476190476190474,211323344432241332322
1125,5,0.19047619047619047,0.23809523809523808,0.47619047619047616,0.5238095238095238,6.0,211323344432241332322
1126,2,0.47619047619047616,0.23809523809523808,0.7619047619047619,0.8571428571428571,3.761904761904762,142222344144312111221
1126,3,0.23809523809523808,0.38095238095238093,0.7619047619047619,0.8095238095238095,4.238095238095238,142222344144312111221
1126,4,0.2857142857142857,0.19047619047619047,0.6190476190476191,0.7619047619047619,4.428571428571429,142222344144312111221
1126,5,0.2857142857142857,0.23809523809523808,0.5238095238095238,0.6190476190476191,6.238095238095238,142222344144312111221
1127,2,0.3333333333333333,0.19047619047619047,0.6190476190476191,0.7619047619047619,4.714285714285714,321413224444131344241
1127,3,0.38095238095238093,0.42857142857142855,0.5714285714285714,0.6190476190476191,5.142857142857143,321413224444131344241
1127,4,0.2857142857142857,0.23809523809523808,0.5238095238095238,0.5714285714285714,5.714285714285714,321413224444131344241
1127,5,0.2857142857142857,0.2857142857142857,0.42857142857142855,0.5238095238095238,6.380952380952381,321413224444131344241
1128,2,0.2857142857142857,0.23809523809523808,0.5714285714285714,0.7142857142857143,3.8095238095238093,241212132122423241421
1128,3,0.2857142857142857,0.14285714285714285,0.5238095238095238,0.7142857142857143,4.619047619047619,241212132122423241421
1128,4,0.19047619047619047,0.23809523809523808,0.47619047619047616,0.6666666666666666,5.285714285714286,241212132122423241421
1128,5,0.19047619047619047,0.09523809523809523,0.38095238095238093,0.47619047619047616,6.190476190476191,241212132122423241421
1129,2,0.23809523809523808,0.14285714285714285,0.5714285714285714,0.8095238095238095,3.7142857142857144,214331123231121411242
1129,3,0.23809523809523808,0.19047619047619047,0.5238095238095238,0.7142857142857143,4.285714285714286,214331123231121411242
1129,4,0.19047619047619047,0.047619047619047616,0.42857142857142855,0.5714285714285714,6.0476190476190474,214331123231121411242
1129,5,0.19047619047619047,0.23809523809523808,0.47619047619047616,0.5714285714285714,6.095238095238095,214331123231121411242
1130,2,0.3333333333333333,0.2857142857142857,0.6666666666666666,0.7619047619047619,3.380952380952381,312224242432321231114
1130,3,0.23809523809523808,0.2857142857142857,0.5238095238095238,0.7142857142857143,4.523809523809524,312224242432321231114
1130,4,0.19047619047619047,0.09523809523809523,0.42857142857142855,0.47619047619047616,5.523809523809524,312224242432321231114
1130,5,0.14285714285714285,0.14285714285714285,0.38095238095238093,0.5238095238095238,7.285714285714286,312224242432321231114
1131,2,0.2857142857142857,0.23809523809523808,0.5238095238095238,0.7142857142857143,4.0,214222143134441132313
1131,3,0.19047619047619047,0.14285714285714285,0.5238095238095238,0.6190476190476191,4.523809523809524,214222143134441132313
1131,4,0.14285714285714285,0.09523809523809523,0.42857142857142855,0.47619047619047616,5.761904761904762,214222143134441132313
1131,5,0.09523809523809523,0.19047619047619047,0.3333333333333333,0.47619047619047616,6.333333333333333,214222143134441132313
1132,2,0.2857142857142857,0.23809523809523808,0.5238095238095238,0.7142857142857143,4.571428571428571,413433144332134341444
1132,3,0.2857142857142857,0.23809523809523808,0.47619047619047616,0.5238095238095238,5.523809523809524,413433144332134341444
1132,4,0.14285714285714285,0.09523809523809523,0.42857142857142855,0.5714285714285714,6.571428571428571,413433144332134341444
1132,5,0.09523809523809523,0.0,0.38095238095238093,0.42857142857142855,7.0476190476190474,413433144332134341444
1133,2,0.42857142857142855,0.38095238095238093,0.7619047619047619,0.8571428571428571,2.6666666666666665,244442334311313423413
1133,3,0.3333333333333333,0.42857142857142855,0.6190476190476191,0.8095238095238095,3.380952380952381,244442334311313423413
1133,4,0.23809523809523808,0.2857142857142857,0.5714285714285714,0.7142857142857143,4.0476190476190474,244442334311313423413
1133,5,0.2857142857142857,0.19047619047619047,0.38095238095238093,0.5238095238095238,6.0476190476190474,244442334311313423413
1134,2,0.38095238095238093,0.19047619047619047,0.6666666666666666,0.8571428571428571,3.619047619047619,134122443141243124233
1134,3,0.3333333333333333,0.38095238095238093,0.6190476190476191,0.7619047619047619,4.142857142857143,134122443141243124233
1134,4,0.14285714285714285,0.2857142857142857,0.5238095238095238,0.6666666666666666,4.857142857142857,134122443141243124233
1134,5,0.23809523809523808,0.23809523809523808,0.38095238095238093,0.5238095238095238,6.714285714285714,134122443141243124233
1135,2,0.3333333333333333,0.2857142857142857,0.7142857142857143,0.9047619047619048,3.238095238095238,122241441411224241231
1135,3,0.23809523809523808,0.3333333333333333,0.7142857142857143,0.7619047619047619,4.142857142857143,122241441411224241231
1135,4,0.14285714285714285,0.23809523809523808,0.47619047619047616,0.7142857142857143,4.904761904761905,122241441411224241231
1135,5,0.14285714285714285,0.047619047619047616,0.23809523809523808,0.42857142857142855,7.571428571428571,122241441411224241231
1136,2,0.19047619047619047,0.19047619047619047,0.6666666666666666,0.7619047619047619,4.142857142857143,431131414424144332313
1136,3,0.19047619047619047,0.14285714285714285,0.47619047619047616,0.6666666666666666,5.238095238095238,431131414424144332313
1136,4,0.23809523809523808,0.14285714285714285,0.47619047619047616,0.5714285714285714,5.9523809523809526,431131414424144332313
1136,5,0.23809523809523808,0.09523809523809523,0.3333333333333333,0.5238095238095238,6.904761904761905,431131414424144332313
1137,2,0.23809523809523808,0.2857142857142857,0.6190476190476191,0.7619047619047619,3.619047619047619,323324241332312314341
1137,3,0.23809523809523808,0.2857142857142857,0.5238095238095238,0.6666666666666666,4.190476190476191,323324241332312314341
1137,4,0.2857142857142857,0.19047619047619047,0.5238095238095238,0.7142857142857143,4.809523809523809,323324241332312314341
1137,5,0.09523809523809523,0.14285714285714285,0.3333333333333333,0.47619047619047616,7.428571428571429,323324241332312314341
1138,2,0.38095238095238093,0.2857142857142857,0.6190476190476191,0.9047619047619048,3.0,231421423441222434412
1138,3,0.2857142857142857,0.2857142857142857,0.5714285714285714,0.7142857142857143,4.190476190476191,231421423441222434412
1138,4,0.23809523809523808,0.23809523809523808,0.5238095238095238,0.5714285714285714,4.9523809523809526,231421423441222434412
1138,5,0.3333333333333333,0.23809523809523808,0.42857142857142855,0.5238095238095238,6.0476190476190474,231421423441222434412
1139,2,0.2857142857142857,0.23809523809523808,0.5714285714285714,0.8571428571428571,3.380952380952381,414231331221114341314
1139,3,0.2857142857142857,0.2857142857142857,0.5714285714285714,0.7142857142857143,4.190476190476191,414231331221114341314
1139,4,0.2857142857142857,0.19047619047619047,0.47619047619047616,0.5238095238095238,5.761904761904762,414231331221114341314
1139,5,0.14285714285714285,0.19047619047619047,0.38095238095238093,0.42857142857142855,7.0,414231331221114341314
1140,2,0.23809523809523808,0.23809523809523808,0.6190476190476191,0.8095238095238095,3.3333333333333335,313234141432233421142
1140,3,0.3333333333333333,0.19047619047619047,0.6190476190476191,0.6666666666666666,4.238095238095238,313234141432233421142
1140,4,0.19047619047619047,0.19047619047619047,0.3333333333333333,0.5238095238095238,5.857142857142857,313234141432233421142
1140,5,0.09523809523809523,0.047619047619047616,0.38095238095238093,0.5238095238095238,6.857142857142857,313234141432233421142
1141,2,0.3333333333333333,0.3333333333333333,0.5238095238095238,0.7142857142857143,4.476190476190476,231343114241434244314
1141,3,0.2857142857142857,0.38095238095238093,0.42857142857142855,0.6666666666666666,4.666666666666667,231343114241434244314
1141,4,0.09523809523809523,0.23809523809523808,0.38095238095238093,0.5238095238095238,5.904761904761905,231343114241434244314
1141,5,0.19047619047619047,0.14285714285714285,0.2857142857142857,0.3333333333333333,7.380952380952381,231343114241434244314
1142,2,0.3333333333333333,0.2857142857142857,0.6666666666666666,0.8571428571428571,3.6666666666666665,211344241212133424344
1142,3,0.3333333333333333,0.2857142857142857,0.5714285714285714,0.6666666666666666,4.904761904761905,211344241212133424344
1142,4,0.09523809523809523,0.2857142857142857,0.3333333333333333,0.5714285714285714,6.0476190476190474,211344241212133424344
1142,5,0.09523809523809523,0.14285714285714285,0.23809523809523808,0.47619047619047616,6.904761904761905,211344241212133424344
1143,2,0.2857142857142857,0.2857142857142857,0.5238095238095238,0.7142857142857143,5.666666666666667,144413231444133131341
1143,3,0.23809523809523808,0.23809523809523808,0.5714285714285714,0.6666666666666666,5.571428571428571,144413231444133131341
1143,4,0.23809523809523808,0.23809523809523808,0.42857142857142855,0.5714285714285714,6.333333333333333,144413231444133131341
1143,5,0.19047619047619047,0.23809523809523808,0.38095238095238093,0.47619047619047616,6.904761904761905,144413231444133131341
1144,2,0.42857142857142855,0.42857142857142855,0.6666666666666666,0.7619047619047619,3.7142857142857144,443143424132432412111
1144,3,0.23809523809523808,0.23809523809523808,0.38095238095238093,0.5238095238095238,4.9523809523809526,443143424132432412111
1144,4,0.2857142857142857,0.19047619047619047,0.42857142857142855,0.5714285714285714,5.571428571428571,443143424132432412111
1144,5,0.14285714285714285,0.2857142857142857,0.5714285714285714,0.6190476190476191,6.523809523809524,443143424132432412111
1145,2,0.38095238095238093,0.2857142857142857,0.5238095238095238,0.8095238095238095,4.0,341423444131444132324
1145,3,0.2857142857142857,0.19047619047619047,0.6190476190476191,0.6666666666666666,4.238095238095238,341423444131444132324
1145,4,0.19047619047619047,0.23809523809523808,0.38095238095238093,0.6190476190476191,5.142857142857143,341423444131444132324
1145,5,0.14285714285714285,0.09523809523809523,0.38095238095238093,0.5714285714285714,5.857142857142857,341423444131444132324
1146,2,0.23809523809523808,0.14285714285714285,0.6190476190476191,0.7619047619047619,3.8095238095238093,333141412131332343122
1146,3,0.14285714285714285,0.14285714285714285,0.5238095238095238,0.5714285714285714,4.809523809523809,333141412131332343122
1146,4,0.23809523809523808,0.19047619047619047,0.47619047619047616,0.5238095238095238,5.476190476190476,333141412131332343122
1146,5,0.19047619047619047,0.23809523809523808,0.3333333333333333,0.42857142857142855,7.238095238095238,333141412131332343122
1147,2,0.3333333333333333,0.3333333333333333,0.5238095238095238,0.7142857142857143,4.333333333333333,431113133323412343233
1147,3,0.3333333333333333,0.42857142857142855,0.47619047619047616,0.5714285714285714,4.761904761904762,431113133323412343233
1147,4,0.38095238095238093,0.38095238095238093,0.47619047619047616,0.5238095238095238,5.809523809523809,431113133323412343233
1147,5,0.2857142857142857,0.19047619047619047,0.47619047619047616,0.47619047619047616,5.714285714285714,431113133323412343233
1148,2,0.3333333333333333,0.23809523809523808,0.6666666666666666,0.7619047619047619,3.3333333333333335,333441331133432312423
1148,3,0.23809523809523808,0.09523809523809523,0.5714285714285714,0.6190476190476191,4.714285714285714,333441331133432312423
1148,4,0.2857142857142857,0.47619047619047616,0.47619047619047616,0.5238095238095238,5.571428571428571,333441331133432312423
1148,5,0.23809523809523808,0.19047619047619047,0.3333333333333333,0.3333333333333333,6.857142857142857,333441331133432312423
1149,2,0.23809523809523808,0.19047619047619047,0.5238095238095238,0.7142857142857143,4.666666666666667,423213111321223413423
1149,3,0.23809523809523808,0.14285714285714285,0.47619047619047616,0.6190476190476191,4.523809523809524,423213111321223413423
1149,4,0.23809523809523808,0.23809523809523808,0.47619047619047616,0.6666666666666666,5.333333333333333,423213111321223413423
1149,5,0.23809523809523808,0.09523809523809523,0.38095238095238093,0.5238095238095238,6.190476190476191,423213111321223413423
1150,2,0.2857142857142857,0.2857142857142857,0.5714285714285714,0.8095238095238095,3.9047619047619047,211312414134232142133
1150,3,0.23809523809523808,0.3333333333333333,0.5238095238095238,0.6190476190476191,5.0,211312414134232142133
1150,4,0.23809523809523808,0.23809523809523808,0.47619047619047616,0.5714285714285714,5.0,211312414134232142133
1150,5,0.2857142857142857,0.2857142857142857,0.47619047619047616,0.5714285714285714,4.904761904761905,211312414134232142133
1151,2,0.38095238095238093,0.19047619047619047,0.6666666666666666,0.7619047619047619,3.380952380952381,313424133134331222243
1151,3,0.2857142857142857,0.38095238095238093,0.5238095238095238,0.6666666666666666,4.380952380952381,313424133134331222243
1151,4,0.23809523809523808,0.14285714285714285,0.42857142857142855,0.5714285714285714,5.761904761904762,313424133134331222243
1151,5,0.19047619047619047,0.2857142857142857,0.42857142857142855,0.5714285714285714,6.380952380952381,313424133134331222243
1152,2,0.19047619047619047,0.14285714285714285,0.5714285714285714,0.8095238095238095,3.7142857142857144,314132321424432221334
1152,3,0.14285714285714285,0.19047619047619047,0.5238095238095238,0.6666666666666666,4.666666666666667,314132321424432221334
1152,4,0.14285714285714285,0.047619047619047616,0.38095238095238093,0.47619047619047616,5.714285714285714,314132321424432221334
1152,5,0.14285714285714285,0.047619047619047616,0.23809523809523808,0.38095238095238093,7.095238095238095,314132321424432221334
1153,2,0.2857142857142857,0.38095238095238093,0.7619047619047619,0.8571428571428571,3.7142857142857144,122342424142444314224
1153,3,0.2857142857142857,0.23809523809523808,0.5714285714285714,0.7142857142857143,5.0,122342424142444314224
1153,4,0.19047619047619047,0.23809523809523808,0.47619047619047616,0.6666666666666666,5.523809523809524,122342424142444314224
1153,5,0.2857142857142857,0.14285714285714285,0.5238095238095238,0.6666666666666666,6.190476190476191,122342424142444314224
1154,2,0.3333333333333333,0.3333333333333333,0.7142857142857143,0.8095238095238095,3.857142857142857,224432241412131422321
1154,3,0.2857142857142857,0.2857142857142857,0.6666666666666666,0.7142857142857143,4.619047619047619,224432241412131422321
1154,4,0.19047619047619047,0.14285714285714285,0.38095238095238093,0.47619047619047616,6.0,224432241412131422321
1154,5,0.09523809523809523,0.19047619047619047,0.23809523809523808,0.38095238095238093,7.571428571428571,224432241412131422321
1155,2,0.2857142857142857,0.23809523809523808,0.6190476190476191,0.7142857142857143,3.8095238095238093,434211413212143231214
1155,3,0.14285714285714285,0.09523809523809523,0.6190476190476191,0.8095238095238095,4.285714285714286,434211413212143231214
1155,4,0.19047619047619047,0.19047619047619047,0.38095238095238093,0.47619047619047616,5.904761904761905,434211413212143231214
1155,5,0.09523809523809523,0.047619047619047616,0.38095238095238093,0.47619047619047616,7.761904761904762,434211413212143231214
1156,2,0.2857142857142857,0.2857142857142857,0.6190476190476191,0.7619047619047619,4.571428571428571,334343322444134321243
1156,3,0.2857142857142857,0.47619047619047616,0.6666666666666666,0.7142857142857143,4.523809523809524,334343322444134321243
1156,4,0.23809523809523808,0.19047619047619047,0.38095238095238093,0.6190476190476191,5.428571428571429,334343322444134321243
1156,5,0.14285714285714285,0.3333333333333333,0.38095238095238093,0.47619047619047616,6.666666666666667,334343322444134321243
1157,2,0.23809523809523808,0.19047619047619047,0.6190476190476191,0.7619047619047619,4.428571428571429,131332443424321321341
1157,3,0.19047619047619047,0.23809523809523808,0.5714285714285714,0.7142857142857143,5.0476190476190474,131332443424321321341
1157,4,0.23809523809523808,0.09523809523809523,0.47619047619047616,0.6190476190476191,5.666666666666667,131332443424321321341
1157,5,0.09523809523809523,0.047619047619047616,0.38095238095238093,0.5238095238095238,6.904761904761905,131332443424321321341
1158,2,0.38095238095238093,0.23809523809523808,0.6190476190476191,0.8095238095238095,4.190476190476191,323233144413412123414
1158,3,0.3333333333333333,0.3333333333333333,0.6666666666666666,0.6666666666666666,4.0,323233144413412123414
1158,4,0.23809523809523808,0.42857142857142855,0.5238095238095238,0.6190476190476191,5.142857142857143,323233144413412123414
1158,5,0.3333333333333333,0.23809523809523808,0.38095238095238093,0.47619047619047616,6.333333333333333,323233144413412123414
1159,2,0.2857142857142857,0.19047619047619047,0.7142857142857143,0.8571428571428571,3.2857142857142856,224444322422331233241
1159,3,0.2857142857142857,0.23809523809523808,0.5238095238095238,0.8571428571428571,3.4285714285714284,224444322422331233241
1159,4,0.23809523809523808,0.23809523809523808,0.5238095238095238,0.6666666666666666,4.476190476190476,224444322422331233241
1159,5,0.14285714285714285,0.2857142857142857,0.2857142857142857,0.42857142857142855,6.714285714285714,224444322422331233241
1160,2,0.3333333333333333,0.3333333333333333,0.6666666666666666,0.7619047619047619,4.095238095238095,121422344222142143313
1160,3,0.23809523809523808,0.23809523809523808,0.7142857142857143,0.7142857142857143,5.190476190476191,121422344222142143313
1160,4,0.14285714285714285,0.19047619047619047,0.5714285714285714,0.6666666666666666,5.761904761904762,121422344222142143313
1160,5,0.09523809523809523,0.19047619047619047,0.3333333333333333,0.38095238095238093,7.904761904761905,121422344222142143313
1161,2,0.19047619047619047,0.14285714285714285,0.6666666666666666,0.7619047619047619,4.857142857142857,133323321341111134432
1161,3,0.2857142857142857,0.2857142857142857,0.6666666666666666,0.7619047619047619,4.428571428571429,133323321341111134432
1161,4,0.3333333333333333,0.3333333333333333,0.5238095238095238,0.6190476190476191,5.666666666666667,133323321341111134432
1161,5,0.23809523809523808,0.2857142857142857,0.42857142857142855,0.5714285714285714,6.9523809523809526,133323321341111134432
1162,2,0.42857142857142855,0.47619047619047616,0.7142857142857143,0.8571428571428571,3.142857142857143,314232414231313242434
1162,3,0.3333333333333333,0.23809523809523808,0.5714285714285714,0.8095238095238095,3.857142857142857,314232414231313242434
1162,4,0.19047619047619047,0.19047619047619047,0.47619047619047616,0.5714285714285714,4.380952380952381,314232414231313242434
1162,5,0.14285714285714285,0.14285714285714285,0.3333333333333333,0.47619047619047616,6.9523809523809526,314232414231313242434
1163,2,0.38095238095238093,0.09523809523809523,0.6190476190476191,0.8571428571428571,3.619047619047619,242113221141242424222
1163,3,0.23809523809523808,0.38095238095238093,0.5714285714285714,0.7619047619047619,3.857142857142857,242113221141242424222
1163,4,0.2857142857142857,0.2857142857142857,0.5238095238095238,0.6666666666666666,4.380952380952381,242113221141242424222
1163,5,0.42857142857142855,0.23809523809523808,0.5714285714285714,0.6190476190476191,5.380952380952381,242113221141242424222
1164,2,0.38095238095238093,0.42857142857142855,0.5714285714285714,0.7142857142857143,4.904761904761905,112421233424132433133
1164,3,0.2857142857142857,0.3333333333333333,0.5714285714285714,0.6190476190476191,5.714285714285714,112421233424132433133
1164,4,0.23809523809523808,0.23809523809523808,0.38095238095238093,0.5238095238095238,6.476190476190476,112421233424132433133
1164,5,0.19047619047619047,0.2857142857142857,0.2857142857142857,0.6190476190476191,6.809523809523809,112421233424132433133
1165,2,0.2857142857142857,0.47619047619047616,0.7142857142857143,0.8095238095238095,3.5714285714285716,313244414312113234311
1165,3,0.2857142857142857,0.2857142857142857,0.5238095238095238,0.7619047619047619,4.238095238095238,313244414312113234311
1165,4,0.19047619047619047,0.2857142857142857,0.38095238095238093,0.6190476190476191,5.523809523809524,313244414312113234311
1165,5,0.19047619047619047,0.23809523809523808,0.3333333333333333,0.5238095238095238,7.761904761904762,313244414312113234311
1166,2,0.2857142857142857,0.23809523809523808,0.6666666666666666,0.8095238095238095,3.761904761904762,422241121214243443221
1166,3,0.3333333333333333,0.19047619047619047,0.6190476190476191,0.8571428571428571,3.761904761904762,422241121214243443221
1166,4,0.23809523809523808,0.14285714285714285,0.5238095238095238,0.6666666666666666,4.619047619047619,422241121214243443221
1166,5,0.14285714285714285,0.09523809523809523,0.47619047619047616,0.5714285714285714,5.666666666666667,422241121214243443221
1167,2,0.3333333333333333,0.38095238095238093,0.6190476190476191,0.8571428571428571,3.0,341434343111424441444
1167,3,0.3333333333333333,0.3333333333333333,0.6190476190476191,0.7619047619047619,3.857142857142857,341434343111424441444
1167,4,0.19047619047619047,0.23809523809523808,0.5238095238095238,0.6666666666666666,4.714285714285714,341434343111424441444
1167,5,0.23809523809523808,0.09523809523809523,0.3333333333333333,0.47619047619047616,5.9523809523809526,341434343111424441444
1168,2,0.3333333333333333,0.2857142857142857,0.5714285714285714,0.8571428571428571,3.5238095238095237,431214423244223322442
1168,3,0.23809523809523808,0.23809523809523808,0.6666666666666666,0.8571428571428571,3.8095238095238093,431214423244223322442
1168,4,0.2857142857142857,0.19047619047619047,0.5714285714285714,0.6666666666666666,4.714285714285714,431214423244223322442
1168,5,0.2857142857142857,0.14285714285714285,0.47619047619047616,0.6190476190476191,5.476190476190476,431214423244223322442
1169,2,0.3333333333333333,0.19047619047619047,0.5714285714285714,0.9523809523809523,3.0476190476190474,414411341143214341142
1169,3,0.2857142857142857,0.2857142857142857,0.7142857142857143,0.7619047619047619,3.238095238095238,414411341143214341142
1169,4,0.3333333333333333,0.19047619047619047,0.5714285714285714,0.7142857142857143,4.0,414411341143214341142
1169,5,0.23809523809523808,0.23809523809523808,0.47619047619047616,0.5238095238095238,5.333333333333333,414411341143214341142
1170,2,0.42857142857142855,0.23809523809523808,0.5714285714285714,0.7142857142857143,4.523809523809524,233443214234424444131
1170,3,0.3333333333333333,0.42857142857142855,0.47619047619047616,0.6666666666666666,4.523809523809524,233443214234424444131
1170,4,0.14285714285714285,0.3333333333333333,0.42857142857142855,0.5714285714285714,5.476190476190476,233443214234424444131
1170,5,0.14285714285714285,0.2857142857142857,0.23809523809523808,0.42857142857142855,7.380952380952381,233443214234424444131
1171,2,0.2857142857142857,0.23809523809523808,0.5714285714285714,0.8095238095238095,3.761904761904762,342341212311242441142
1171,3,0.23809523809523808,0.2857142857142857,0.5714285714285714,0.8571428571428571,3.4285714285714284,342341212311242441142
1171,4,0.19047619047619047,0.047619047619047616,0.47619047619047616,0.6190476190476191,4.333333333333333,342341212311242441142
1171,5,0.23809523809523808,0.047619047619047616,0.42857142857142855,0.6190476190476191,5.809523809523809,342341212311242441142
1172,2,0.2857142857142857,0.2857142857142857,0.7142857142857143,0.7619047619047619,4.476190476190476,122143424244342423331
1172,3,0.3333333333333333,0.19047619047619047,0.5238095238095238,0.7142857142857143,4.761904761904762,122143424244342423331
1172,4,0.19047619047619047,0.047619047619047616,0.5238095238095238,0.6666666666666666,4.9523809523809526,122143424244342423331
1172,5,0.23809523809523808,0.19047619047619047,0.42857142857142855,0.5238095238095238,6.285714285714286,122143424244342423331
1173,2,0.23809523809523808,0.3333333333333333,0.6190476190476191,0.8095238095238095,4.238095238095238,421223141231432343413
1173,3,0.23809523809523808,0.23809523809523808,0.5238095238095238,0.6190476190476191,5.0,421223141231432343413
1173,4,0.23809523809523808,0.14285714285714285,0.38095238095238093,0.5238095238095238,6.428571428571429,421223141231432343413
1173,5,0.14285714285714285,0.19047619047619047,0.2857142857142857,0.3333333333333333,7.0476190476190474,421223141231432343413
1174,2,0.42857142857142855,0.38095238095238093,0.6666666666666666,0.7142857142857143,4.238095238095238,131432332244343341141
1174,3,0.2857142857142857,0.2857142857142857,0.7142857142857143,0.8095238095238095,4.619047619047619,131432332244343341141
1174,4,0.23809523809523808,0.19047619047619047,0.6190476190476191,0.7142857142857143,4.809523809523809,131432332244343341141
1174,5,0.23809523809523808,0.2857142857142857,0.38095238095238093,0.42857142857142855,6.904761904761905,131432332244343341141
1175,2,0.23809523809523808,0.23809523809523808,0.47619047619047616,0.8095238095238095,3.857142857142857,441431224311441233241
1175,3,0.2857142857142857,0.3333333333333333,0.5238095238095238,0.8095238095238095,3.9047619047619047,441431224311441233241
1175,4,0.2857142857142857,0.19047619047619047,0.38095238095238093,0.6666666666666666,4.809523809523809,441431224311441233241
1175,5,0.23809523809523808,0.23809523809523808,0.5714285714285714,0.6190476190476191,5.571428571428571,441431224311441233241
1176,2,0.42857142857142855,0.2857142857142857,0.6190476190476191,0.7619047619047619,3.2857142857142856,232122113131331241414
1176,3,0.23809523809523808,0.2857142857142857,0.47619047619047616,0.6190476190476191,4.476190476190476,232122113131331241414
1176,4,0.19047619047619047,0.14285714285714285,0.42857142857142855,0.5714285714285714,5.523809523809524,232122113131331241414
1176,5,0.09523809523809523,0.0,0.2857142857142857,0.3333333333333333,7.714285714285714,232122113131331241414
1177,2,0.38095238095238093,0.5238095238095238,0.7142857142857143,0.8095238095238095,3.4761904761904763,214431134244231242133
1177,3,0.38095238095238093,0.2857142857142857,0.5714285714285714,0.7619047619047619,4.0476190476190474,214431134244231242133
1177,4,0.23809523809523808,0.2857142857142857,0.47619047619047616,0.6190476190476191,4.904761904761905,214431134244231242133
1177,5,0.23809523809523808,0.23809523809523808,0.38095238095238093,0.47619047619047616,5.9523809523809526,214431134244231242133
1178,2,0.2857142857142857,0.2857142857142857,0.47619047619047616,0.7142857142857143,4.857142857142857,433143213124444312242
1178,3,0.14285714285714285,0.09523809523809523,0.47619047619047616,0.5714285714285714,4.9523809523809526,433143213124444312242
1178,4,0.14285714285714285,0.09523809523809523,0.5714285714285714,0.5714285714285714,5.761904761904762,433143213124444312242
1178,5,0.19047619047619047,0.19047619047619047,0.38095238095238093,0.47619047619047616,7.666666666666667,433143213124444312242
1179,2,0.42857142857142855,0.47619047619047616,0.7142857142857143,0.9523809523809523,2.4761904761904763,222414323221313223133
1179,3,0.2857142857142857,0.38095238095238093,0.6666666666666666,0.8571428571428571,3.0952380952380953,222414323221313223133
1179,4,0.3333333333333333,0.2857142857142857,0.6190476190476191,0.7142857142857143,3.761904761904762,222414323221313223133
1179,5,0.23809523809523808,0.23809523809523808,0.3333333333333333,0.5238095238095238,6.0476190476190474,222414323221313223133
1180,2,0.14285714285714285,0.19047619047619047,0.7142857142857143,0.8571428571428571,3.5714285714285716,423432321142123123321
1180,3,0.14285714285714285,0.23809523809523808,0.6666666666666666,0.7619047619047619,4.238095238095238,423432321142123123321
1180,4,0.14285714285714285,0.2857142857142857,0.5714285714285714,0.8095238095238095,4.761904761904762,423432321142123123321
1180,5,0.19047619047619047,0.19047619047619047,0.42857142857142855,0.47619047619047616,6.809523809523809,423432321142123123321
1181,2,0.3333333333333333,0.09523809523809523,0.6190476190476191,0.7142857142857143,4.476190476190476,233433112412313143213
1181,3,0.23809523809523808,0.19047619047619047,0.6190476190476191,0.7142857142857143,4.285714285714286,233433112412313143213
1181,4,0.19047619047619047,0.23809523809523808,0.5238095238095238,0.6190476190476191,5.476190476190476,233433112412313143213
1181,5,0.19047619047619047,0.19047619047619047,0.2857142857142857,0.38095238095238093,7.476190476190476,233433112412313143213
1182,2,0.23809523809523808,0.2857142857142857,0.6190476190476191,0.8095238095238095,3.8095238095238093,323312341144442443323
1182,3,0.23809523809523808,0.23809523809523808,0.6190476190476191,0.7619047619047619,4.285714285714286,323312341144442443323
1182,4,0.19047619047619047,0.14285714285714285,0.5238095238095238,0.6666666666666666,4.666666666666667,323312341144442443323
1182,5,0.23809523809523808,0.19047619047619047,0.42857142857142855,0.5238095238095238,6.333333333333333,323312341144442443323
1183,2,0.23809523809523808,0.19047619047619047,0.5238095238095238,0.6666666666666666,4.571428571428571,331231114414441231313
1183,3,0.19047619047619047,0.23809523809523808,0.5238095238095238,0.7142857142857143,4.904761904761905,331231114414441231313
1183,4,0.19047619047619047,0.19047619047619047,0.47619047619047616,0.5714285714285714,5.714285714285714,331231114414441231313
1183,5,0.14285714285714285,0.09523809523809523,0.23809523809523808,0.3333333333333333,7.761904761904762,331231114414441231313
1184,2,0.23809523809523808,0.23809523809523808,0.6666666666666666,0.8095238095238095,4.285714285714286,323323411214434314143
1184,3,0.2857142857142857,0.23809523809523808,0.6190476190476191,0.7142857142857143,4.333333333333333,323323411214434314143
1184,4,0.14285714285714285,0.19047619047619047,0.42857142857142855,0.5714285714285714,5.714285714285714,323323411214434314143
1184,5,0.14285714285714285,0.19047619047619047,0.2857142857142857,0.42857142857142855,7.238095238095238,323323411214434314143
1185,2,0.3333333333333333,0.2857142857142857,0.7142857142857143,0.8095238095238095,3.7142857142857144,124312433111333334433
1185,3,0.19047619047619047,0.38095238095238093,0.5714285714285714,0.7142857142857143,4.571428571428571,124312433111333334433
1185,4,0.23809523809523808,0.2857142857142857,0.42857142857142855,0.5238095238095238,5.714285714285714,124312433111333334433
1185,5,0.19047619047619047,0.19047619047619047,0.2857142857142857,0.42857142857142855,6.476190476190476,124312433111333334433
1186,2,0.42857142857142855,0.38095238095238093,0.5714285714285714,0.6666666666666666,4.571428571428571,132242114333113414212
1186,3,0.2857142857142857,0.14285714285714285,0.6666666666666666,0.6666666666666666,5.0,132242114333113414212
1186,4,0.19047619047619047,0.14285714285714285,0.5238095238095238,0.7142857142857143,5.380952380952381,132242114333113414212
1186,5,0.09523809523809523,0.14285714285714285,0.2857142857142857,0.5714285714285714,7.333333333333333,132242114333113414212
1187,2,0.3333333333333333,0.2857142857142857,0.5714285714285714,0.6666666666666666,5.0,441413142424112142221
1187,3,0.42857142857142855,0.47619047619047616,0.6190476190476191,0.6190476190476191,4.904761904761905,441413142424112142221
1187,4,0.2857142857142857,0.19047619047619047,0.6190476190476191,0.6666666666666666,5.476190476190476,441413142424112142221
1187,5,0.3333333333333333,0.42857142857142855,0.47619047619047616,0.5714285714285714,5.571428571428571,441413142424112142221
1188,2,0.38095238095238093,0.2857142857142857,0.7142857142857143,0.8095238095238095,3.761904761904762,333214434344132214434
1188,3,0.2857142857142857,0.23809523809523808,0.6666666666666666,0.7142857142857143,4.333333333333333,333214434344132214434
1188,4,0.38095238095238093,0.38095238095238093,0.42857142857142855,0.6666666666666666,5.095238095238095,333214434344132214434
1188,5,0.2857142857142857,0.19047619047619047,0.42857142857142855,0.6190476190476191,7.095238095238095,333214434344132214434
1189,2,0.38095238095238093,0.23809523809523808,0.7142857142857143,0.8571428571428571,3.238095238095238,342321232412313112441
1189,3,0.23809523809523808,0.3333333333333333,0.5714285714285714,0.8571428571428571,3.761904761904762,342321232412313112441
1189,4,0.23809523809523808,0.2857142857142857,0.5714285714285714,0.5714285714285714,4.380952380952381,342321232412313112441
1189,5,0.19047619047619047,0.2857142857142857,0.47619047619047616,0.6190476190476191,5.809523809523809,342321232412313112441
1190,2,0.2857142857142857,0.38095238095238093,0.6666666666666666,0.7142857142857143,4.0476190476190474,221242242312124434314
1190,3,0.23809523809523808,0.2857142857142857,0.5238095238095238,0.6190476190476191,5.285714285714286,221242242312124434314
1190,4,0.19047619047619047,0.14285714285714285,0.3333333333333333,0.5714285714285714,5.9523809523809526,221242242312124434314
1190,5,0.14285714285714285,0.14285714285714285,0.19047619047619047,0.42857142857142855,7.904761904761905,221242242312124434314
1191,2,0.42857142857142855,0.2857142857142857,0.6666666666666666,0.9047619047619048,2.9047619047619047,341121424223422231323
1191,3,0.23809523809523808,0.19047619047619047,0.5714285714285714,0.7619047619047619,4.095238095238095,341121424223422231323
1191,4,0.23809523809523808,0.09523809523809523,0.42857142857142855,0.5714285714285714,5.095238095238095,341121424223422231323
1191,5,0.19047619047619047,0.2857142857142857,0.47619047619047616,0.5714285714285714,5.666666666666667,341121424223422231323
1192,2,0.3333333333333333,0.2857142857142857,0.5714285714285714,0.8095238095238095,3.7142857142857144,211311323214433112443
1192,3,0.19047619047619047,0.14285714285714285,0.5714285714285714,0.7142857142857143,4.380952380952381,211311323214433112443
1192,4,0.23809523809523808,0.14285714285714285,0.47619047619047616,0.5238095238095238,5.380952380952381,211311323214433112443
1192,5,0.23809523809523808,0.2857142857142857,0.38095238095238093,0.5238095238095238,5.619047619047619,211311323214433112443
1193,2,0.38095238095238093,0.2857142857142857,0.6666666666666666,0.8095238095238095,3.4761904761904763,442134313111111341113
1193,3,0.3333333333333333,0.2857142857142857,0.6190476190476191,0.6666666666666666,4.142857142857143,442134313111111341113
1193,4,0.23809523809523808,0.19047619047619047,0.5238095238095238,0.6190476190476191,5.809523809523809,442134313111111341113
1193,5,0.14285714285714285,0.14285714285714285,0.42857142857142855,0.5714285714285714,6.238095238095238,442134313111111341113
1194,2,0.38095238095238093,0.19047619047619047,0.7619047619047619,0.9047619047619048,2.9047619047619047,342132431223444112421
1194,3,0.2857142857142857,0.19047619047619047,0.6666666666666666,0.8095238095238095,3.4761904761904763,342132431223444112421
1194,4,0.19047619047619047,0.23809523809523808,0.47619047619047616,0.6190476190476191,4.619047619047619,342132431223444112421
1194,5,0.19047619047619047,0.2857142857142857,0.42857142857142855,0.6666666666666666,5.380952380952381,342132431223444112421
1195,2,0.23809523809523808,0.2857142857142857,0.5238095238095238,0.9047619047619048,3.4761904761904763,424141321442424132334
1195,3,0.23809523809523808,0.09523809523809523,0.6190476190476191,0.7142857142857143,3.9523809523809526,424141321442424132334
1195,4,0.14285714285714285,0.14285714285714285,0.5238095238095238,0.6666666666666666,4.857142857142857,424141321442424132334
1195,5,0.19047619047619047,0.23809523809523808,0.2857142857142857,0.42857142857142855,6.857142857142857,424141321442424132334
1196,2,0.38095238095238093,0.3333333333333333,0.7142857142857143,0.8095238095238095,3.4285714285714284,413442414111113312222
1196,3,0.14285714285714285,0.14285714285714285,0.5714285714285714,0.7142857142857143,4.333333333333333,413442414111113312222
1196,4,0.19047619047619047,0.19047619047619047,0.5714285714285714,0.5714285714285714,5.476190476190476,413442414111113312222
1196,5,0.19047619047619047,0.14285714285714285,0.5238095238095238,0.6190476190476191,6.095238095238095,413442414111113312222
1197,2,0.2857142857142857,0.42857142857142855,0.6666666666666666,0.9047619047619048,3.2857142857142856,432411431424221112322
1197,3,0.23809523809523808,0.19047619047619047,0.6666666666666666,0.8571428571428571,3.9523809523809526,432411431424221112322
1197,4,0.3333333333333333,0.2857142857142857,0.6190476190476191,0.6666666666666666,4.095238095238095,432411431424221112322
1197,5,0.23809523809523808,0.19047619047619047,0.42857142857142855,0.5238095238095238,5.857142857142857,432411431424221112322
1198,2,0.2857142857142857,0.19047619047619047,0.5714285714285714,0.7619047619047619,3.9523809523809526,323131133434222422144
1198,3,0.23809523809523808,0.2857142857142857,0.5714285714285714,0.6190476190476191,4.523809523809524,323131133434222422144
1198,4,0.19047619047619047,0.23809523809523808,0.47619047619047616,0.47619047619047616,6.142857142857143,323131133434222422144
1198,5,0.2857142857142857,0.2857142857142857,0.42857142857142855,0.47619047619047616,6.285714285714286,323131133434222422144
1199,2,0.38095238095238093,0.3333333333333333,0.6190476190476191,0.7619047619047619,3.857142857142857,231333231342343341143
1199,3,0.2857142857142857,0.23809523809523808,0.5238095238095238,0.6666666666666666,4.714285714285714,231333231342343341143
1199,4,0.19047619047619047,0.19047619047619047,0.5238095238095238,0.6190476190476191,5.095238095238095,231333231342343341143
1199,5,0.2857142857142857,0.23809523809523808,0.42857142857142855,0.5238095238095238,6.142857142857143,231333231342343341143
1200,2,0.23809523809523808,0.19047619047619047,0.6190476190476191,0.8095238095238095,3.6666666666666665,321132231322221144323
1200,3,0.23809523809523808,0.19047619047619047,0.5238095238095238,0.6190476190476191,4.714285714285714,321132231322221144323
1200,4,0.23809523809523808,0.23809523809523808,0.5238095238095238,0.5238095238095238,5.095238095238095,321132231322221144323
1200,5,0.19047619047619047,0.09523809523809523,0.38095238095238093,0.42857142857142855,6.904761904761905,321132231322221144323
1201,2,0.14285714285714285,0.2857142857142857,0.5238095238095238,0.7619047619047619,5.238095238095238,124243211123212134343
1201,3,0.19047619047619047,0.19047619047619047,0.6190476190476191,0.7619047619047619,4.571428571428571,124243211123212134343
1201,4,0.23809523809523808,0.2857142857142857,0.47619047619047616,0.6666666666666666,5.238095238095238,124243211123212134343
1201,5,0.19047619047619047,0.19047619047619047,0.2857142857142857,0.42857142857142855,6.9523809523809526,124243211123212134343
1202,2,0.38095238095238093,0.19047619047619047,0.7142857142857143,0.8571428571428571,2.761904761904762,441232433411211344442
1202,3,0.2857142857142857,0.3333333333333333,0.5714285714285714,0.8095238095238095,3.857142857142857,441232433411211344442
1202,4,0.2857142857142857,0.23809523809523808,0.42857142857142855,0.6666666666666666,4.904761904761905,441232433411211344442
1202,5,0.23809523809523808,0.38095238095238093,0.47619047619047616,0.7142857142857143,5.190476190476191,441232433411211344442
1203,2,0.38095238095238093,0.3333333333333333,0.6190476190476191,0.7619047619047619,4.0476190476190474,443312222242113423334
1203,3,0.23809523809523808,0.3333333333333333,0.6190476190476191,0.7142857142857143,4.428571428571429,443312222242113423334
1203,4,0.23809523809523808,0.14285714285714285,0.3333333333333333,0.7142857142857143,5.285714285714286,443312222242113423334
1203,5,0.38095238095238093,0.19047619047619047,0.47619047619047616,0.5238095238095238,6.666666666666667,443312222242113423334
1204,2,0.14285714285714285,0.14285714285714285,0.5238095238095238,0.8571428571428571,4.190476190476191,412313122131241443343
1204,3,0.2857142857142857,0.2857142857142857,0.5714285714285714,0.8095238095238095,3.9523809523809526,412313122131241443343
1204,4,0.2857142857142857,0.19047619047619047,0.6190476190476191,0.7142857142857143,4.285714285714286,412313122131241443343
1204,5,0.23809523809523808,0.3333333333333333,0.6190476190476191,0.6666666666666666,4.523809523809524,412313122131241443343
1205,2,0.3333333333333333,0.19047619047619047,0.6190476190476191,0.8095238095238095,3.5238095238095237,313442111441212244324
1205,3,0.23809523809523808,0.2857142857142857,0.5714285714285714,0.6666666666666666,4.142857142857143,313442111441212244324
1205,4,0.19047619047619047,0.2857142857142857,0.42857142857142855,0.6190476190476191,5.285714285714286,313442111441212244324
1205,5,0.23809523809523808,0.14285714285714285,0.38095238095238093,0.42857142857142855,6.9523809523809526,313442111441212244324
1206,2,0.3333333333333333,0.2857142857142857,0.6190476190476191,0.7619047619047619,4.095238095238095,423423333312141242441
1206,3,0.2857142857142857,0.3333333333333333,0.47619047619047616,0.7142857142857143,4.333333333333333,423423333312141242441
1206,4,0.19047619047619047,0.23809523809523808,0.5238095238095238,0.6666666666666666,5.428571428571429,423423333312141242441
1206,5,0.19047619047619047,0.14285714285714285,0.42857142857142855,0.5714285714285714,7.0,423423333312141242441
1207,2,0.2857142857142857,0.047619047619047616,0.5238095238095238,0.8571428571428571,3.4761904761904763,344442121321213321332
1207,3,0.19047619047619047,0.19047619047619047,0.6190476190476191,0.8095238095238095,3.7142857142857144,344442121321213321332
1207,4,0.23809523809523808,0.047619047619047616,0.42857142857142855,0.5714285714285714,4.761904761904762,344442121321213321332
1207,5,0.14285714285714285,0.14285714285714285,0.2857142857142857,0.47619047619047616,6.333333333333333,344442121321213321332
1208,2,0.3333333333333333,0.42857142857142855,0.7619047619047619,0.9523809523809523,2.9047619047619047,312324221112212342213
1208,3,0.38095238095238093,0.3333333333333333,0.6190476190476191,0.6666666666666666,4.238095238095238,312324221112212342213
1208,4,0.2857142857142857,0.23809523809523808,0.42857142857142855,0.5714285714285714,5.0,312324221112212342213
1208,5,0.2857142857142857,0.19047619047619047,0.5238095238095238,0.5714285714285714,5.904761904761905,312324221112212342213
1209,2,0.19047619047619047,0.2857142857142857,0.5714285714285714,0.7619047619047619,4.380952380952381,141332411143434113332
1209,3,0.14285714285714285,0.19047619047619047,0.6666666666666666,0.6666666666666666,4.714285714285714,141332411143434113332
1209,4,0.19047619047619047,0.14285714285714285,0.42857142857142855,0.6666666666666666,5.523809523809524,141332411143434113332
1209,5,0.19047619047619047,0.42857142857142855,0.38095238095238093,0.47619047619047616,6.333333333333333,141332411143434113332
1210,2,0.38095238095238093,0.2857142857142857,0.6666666666666666,0.7619047619047619,4.095238095238095,143224414321322133424
1210,3,0.19047619047619047,0.14285714285714285,0.6666666666666666,0.7619047619047619,4.285714285714286,143224414321322133424
1210,4,0.23809523809523808,0.38095238095238093,0.5714285714285714,0.7142857142857143,5.095238095238095,143224414321322133424
1210,5,0.23809523809523808,0.23809523809523808,0.42857142857142855,0.6190476190476191,6.285714285714286,143224414321322133424
1211,2,0.38095238095238093,0.2857142857142857,0.6190476190476191,0.7619047619047619,3.5238095238095237,421421143212142242232
1211,3,0.19047619047619047,0.23809523809523808,0.5238095238095238,0.6666666666666666,4.666666666666667,421421143212142242232
1211,4,0.19047619047619047,0.14285714285714285,0.42857142857142855,0.5714285714285714,5.857142857142857,421421143212142242232
1211,5,0.19047619047619047,0.14285714285714285,0.3333333333333333,0.42857142857142855,6.857142857142857,421421143212142242232
1212,2,0.42857142857142855,0.23809523809523808,0.6190476190476191,0.7619047619047619,3.8095238095238093,214333134411334432241
1212,3,0.3333333333333333,0.38095238095238093,0.5714285714285714,0.7142857142857143,3.9047619047619047,214333134411334432241
1212,4,0.2857142857142857,0.23809523809523808,0.42857142857142855,0.5714285714285714,5.428571428571429,214333134411334432241
1212,5,0.2857142857142857,0.38095238095238093,0.47619047619047616,0.5714285714285714,5.571428571428571,214333134411334432241
1213,2,0.2857142857142857,0.23809523809523808,0.5714285714285714,0.7619047619047619,3.9047619047619047,444432442322423431322
1213,3,0.19047619047619047,0.09523809523809523,0.6666666666666666,0.7619047619047619,4.0476190476190474,444432442322423431322
1213,4,0.14285714285714285,0.14285714285714285,0.5238095238095238,0.6190476190476191,4.809523809523809,444432442322423431322
1213,5,0.14285714285714285,0.23809523809523808,0.42857142857142855,0.5238095238095238,6.095238095238095,444432442322423431322
1214,2,0.19047619047619047,0.3333333333333333,0.6190476190476191,0.8095238095238095,3.5238095238095237,221241333322424134141
1214,3,0.23809523809523808,0.2857142857142857,0.6190476190476191,0.7142857142857143,3.9047619047619047,221241333322424134141
1214,4,0.23809523809523808,0.19047619047619047,0.5714285714285714,0.6190476190476191,4.857142857142857,221241333322424134141
1214,5,0.19047619047619047,0.23809523809523808,0.2857142857142857,0.6190476190476191,5.857142857142857,221241333322424134141
1215,2,0.23809523809523808,0.3333333333333333,0.7142857142857143,0.9047619047619048,3.380952380952381,224214421413123144441
1215,3,0.3333333333333333,0.3333333333333333,0.7619047619047619,0.8095238095238095,3.5714285714285716,224214421413123144441
1215,4,0.23809523809523808,0.3333333333333333,0.47619047619047616,0.6666666666666666,4.714285714285714,224214421413123144441
1215,5,0.23809523809523808,0.2857142857142857,0.42857142857142855,0.6666666666666666,5.619047619047619,224214421413123144441
1216,2,0.14285714285714285,0.19047619047619047,0.5238095238095238,0.7619047619047619,4.285714285714286,123321333332233133331
1216,3,0.14285714285714285,0.19047619047619047,0.5238095238095238,0.5714285714285714,5.238095238095238,123321333332233133331
1216,4,0.14285714285714285,0.09523809523809523,0.38095238095238093,0.47619047619047616,6.285714285714286,123321333332233133331
1216,5,0.23809523809523808,0.09523809523809523,0.23809523809523808,0.38095238095238093,7.571428571428571,123321333332233133331
1217,2,0.2857142857142857,0.19047619047619047,0.47619047619047616,0.7619047619047619,4.9523809523809526,132413131133143322422
1217,3,0.19047619047619047,0.23809523809523808,0.5714285714285714,0.5714285714285714,5.761904761904762,132413131133143322422
1217,4,0.2857142857142857,0.3333333333333333,0.47619047619047616,0.5714285714285714,6.619047619047619,132413131133143322422
1217,5,0.2857142857142857,0.19047619047619047,0.38095238095238093,0.47619047619047616,6.523809523809524,132413131133143322422
1218,2,0.47619047619047616,0.47619047619047616,0.7142857142857143,0.8095238095238095,3.2857142857142856,241332432341313412224
1218,3,0.2857142857142857,0.23809523809523808,0.5714285714285714,0.7619047619047619,3.9047619047619047,241332432341313412224
1218,4,0.23809523809523808,0.2857142857142857,0.5238095238095238,0.8095238095238095,4.095238095238095,241332432341313412224
1218,5,0.3333333333333333,0.38095238095238093,0.6190476190476191,0.6666666666666666,4.714285714285714,241332432341313412224
1219,2,0.3333333333333333,0.38095238095238093,0.5238095238095238,0.8095238095238095,4.238095238095238,113244411233314322334
1219,3,0.23809523809523808,0.3333333333333333,0.5238095238095238,0.6190476190476191,5.0,113244411233314322334
1219,4,0.14285714285714285,0.14285714285714285,0.42857142857142855,0.5238095238095238,6.190476190476191,113244411233314322334
1219,5,0.09523809523809523,0.09523809523809523,0.23809523809523808,0.42857142857142855,7.428571428571429,113244411233314322334
1220,2,0.23809523809523808,0.23809523809523808,0.5238095238095238,0.7142857142857143,4.619047619047619,314313433224444444411
1220,3,0.3333333333333333,0.2857142857142857,0.42857142857142855,0.6666666666666666,4.714285714285714,314313433224444444411
1220,4,0.23809523809523808,0.19047619047619047,0.47619047619047616,0.5714285714285714,5.095238095238095,314313433224444444411
1220,5,0.19047619047619047,0.19047619047619047,0.5238095238095238,0.5714285714285714,5.857142857142857,314313433224444444411
1221,2,0.2857142857142857,0.38095238095238093,0.47619047619047616,0.7619047619047619,4.666666666666667,113141312442211124224
1221,3,0.2857142857142857,0.2857142857142857,0.5238095238095238,0.6190476190476191,5.095238095238095,113141312442211124224
1221,4,0.2857142857142857,0.14285714285714285,0.42857142857142855,0.5714285714285714,5.619047619047619,113141312442211124224
1221,5,0.19047619047619047,0.19047619047619047,0.38095238095238093,0.47619047619047616,7.0,113141312442211124224
1222,2,0.47619047619047616,0.47619047619047616,0.7142857142857143,0.8571428571428571,2.8095238095238093,233444441231111111333
1222,3,0.2857142857142857,0.09523809523809523,0.6190476190476191,0.7619047619047619,4.0476190476190474,233444441231111111333
1222,4,0.23809523809523808,0.2857142857142857,0.5238095238095238,0.7142857142857143,5.0,233444441231111111333
1222,5,0.09523809523809523,0.19047619047619047,0.2857142857142857,0.42857142857142855,7.761904761904762,233444441231111111333
1223,2,0.23809523809523808,0.38095238095238093,0.5238095238095238,0.8095238095238095,4.190476190476191,234443333332244112431
1223,3,0.23809523809523808,0.3333333333333333,0.5714285714285714,0.7142857142857143,4.095238095238095,234443333332244112431
1223,4,0.14285714285714285,0.19047619047619047,0.6190476190476191,0.6190476190476191,4.9523809523809526,234443333332244112431
1223,5,0.09523809523809523,0.19047619047619047,0.2857142857142857,0.47619047619047616,6.666666666666667,234443333332244112431
1224,2,0.3333333333333333,0.14285714285714285,0.7142857142857143,0.8095238095238095,4.0,131334144221324323421
1224,3,0.2857142857142857,0.3333333333333333,0.6190476190476191,0.7142857142857143,4.809523809523809,131334144221324323421
1224,4,0.14285714285714285,0.19047619047619047,0.5714285714285714,0.6666666666666666,5.666666666666667,131334144221324323421
1224,5,0.23809523809523808,0.09523809523809523,0.42857142857142855,0.5238095238095238,6.285714285714286,131334144221324323421
1225,2,0.23809523809523808,0.2857142857142857,0.6190476190476191,0.8571428571428571,4.190476190476191,431123411441134331132
1225,3,0.19047619047619047,0.09523809523809523,0.5238095238095238,0.6666666666666666,4.9523809523809526,431123411441134331132
1225,4,0.19047619047619047,0.09523809523809523,0.42857142857142855,0.5238095238095238,6.142857142857143,431123411441134331132
1225,5,0.19047619047619047,0.2857142857142857,0.3333333333333333,0.47619047619047616,6.714285714285714,431123411441134331132
1226,2,0.42857142857142855,0.23809523809523808,0.6666666666666666,0.7142857142857143,4.142857142857143,224334432344413411124
1226,3,0.3333333333333333,0.3333333333333333,0.5714285714285714,0.8095238095238095,3.8095238095238093,224334432344413411124
1226,4,0.2857142857142857,0.2857142857142857,0.5714285714285714,0.7142857142857143,4.142857142857143,224334432344413411124
1226,5,0.3333333333333333,0.23809523809523808,0.5238095238095238,0.6666666666666666,4.666666666666667,224334432344413411124
1227,2,0.23809523809523808,0.23809523809523808,0.5714285714285714,0.7142857142857143,4.333333333333333,313234112132142134143
1227,3,0.14285714285714285,0.09523809523809523,0.6190476190476191,0.6666666666666666,4.571428571428571,313234112132142134143
1227,4,0.14285714285714285,0.14285714285714285,0.42857142857142855,0.5714285714285714,5.809523809523809,313234112132142134143
1227,5,0.19047619047619047,0.47619047619047616,0.47619047619047616,0.5714285714285714,6.714285714285714,313234112132142134143
1228,2,0.23809523809523808,0.3333333333333333,0.6190476190476191,0.9047619047619048,3.238095238095238,343241131421242132242
1228,3,0.14285714285714285,0.09523809523809523,0.6190476190476191,0.7619047619047619,3.6666666666666665,343241131421242132242
1228,4,0.19047619047619047,0.14285714285714285,0.47619047619047616,0.5714285714285714,4.904761904761905,343241131421242132242
1228,5,0.23809523809523808,0.2857142857142857,0.42857142857142855,0.5714285714285714,6.238095238095238,343241131421242132242
1229,2,0.3333333333333333,0.5238095238095238,0.6666666666666666,0.8095238095238095,3.3333333333333335,224432143213414312234
1229,3,0.19047619047619047,0.38095238095238093,0.5714285714285714,0.7142857142857143,3.9523809523809526,224432143213414312234
1229,4,0.23809523809523808,0.19047619047619047,0.42857142857142855,0.47619047619047616,5.809523809523809,224432143213414312234
1229,5,0.19047619047619047,0.19047619047619047,0.2857142857142857,0.3333333333333333,6.380952380952381,224432143213414312234
1230,2,0.38095238095238093,0.14285714285714285,0.5714285714285714,0.8095238095238095,4.095238095238095,144314322342321433443
1230,3,0.3333333333333333,0.14285714285714285,0.6666666666666666,0.8095238095238095,3.8095238095238093,144314322342321433443
1230,4,0.2857142857142857,0.2857142857142857,0.5714285714285714,0.7142857142857143,4.476190476190476,144314322342321433443
1230,5,0.42857142857142855,0.38095238095238093,0.5714285714285714,0.6190476190476191,5.857142857142857,144314322342321433443
1231,2,0.19047619047619047,0.23809523809523808,0.5714285714285714,0.7619047619047619,4.333333333333333,413143411422344432311
1231,3,0.19047619047619047,0.14285714285714285,0.38095238095238093,0.5714285714285714,5.0,413143411422344432311
1231,4,0.09523809523809523,0.09523809523809523,0.42857142857142855,0.6190476190476191,5.523809523809524,413143411422344432311
1231,5,0.09523809523809523,0.23809523809523808,0.38095238095238093,0.5238095238095238,7.0476190476190474,413143411422344432311
1232,2,0.23809523809523808,0.47619047619047616,0.7142857142857143,0.9523809523809523,2.7142857142857144,221141331213224224142
1232,3,0.23809523809523808,0.2857142857142857,0.6666666666666666,0.8571428571428571,3.4761904761904763,221141331213224224142
1232,4,0.19047619047619047,0.23809523809523808,0.42857142857142855,0.47619047619047616,5.142857142857143,221141331213224224142
1232,5,0.23809523809523808,0.09523809523809523,0.23809523809523808,0.38095238095238093,6.428571428571429,221141331213224224142
1233,2,0.23809523809523808,0.42857142857142855,0.5238095238095238,0.7619047619047619,4.476190476190476,122414123322144344433
1233,3,0.3333333333333333,0.38095238095238093,0.5238095238095238,0.6190476190476191,4.9523809523809526,122414123322144344433
1233,4,0.2857142857142857,0.2857142857142857,0.5238095238095238,0.6190476190476191,6.0476190476190474,122414123322144344433
1233,5,0.19047619047619047,0.14285714285714285,0.2857142857142857,0.5714285714285714,6.714285714285714,122414123322144344433
1234,2,0.3333333333333333,0.23809523809523808,0.5714285714285714,0.8095238095238095,4.428571428571429,133113321312221341222
1234,3,0.23809523809523808,0.19047619047619047,0.5238095238095238,0.5714285714285714,5.523809523809524,133113321312221341222
1234,4,0.2857142857142857,0.14285714285714285,0.47619047619047616,0.5714285714285714,6.238095238095238,133113321312221341222
1234,5,0.2857142857142857,0.09523809523809523,0.38095238095238093,0.47619047619047616,7.714285714285714,133113321312221341222
1235,2,0.19047619047619047,0.19047619047619047,0.7619047619047619,0.9047619047619048,3.4285714285714284,122321341422314244313
1235,3,0.23809523809523808,0.3333333333333333,0.5714285714285714,0.7619047619047619,4.428571428571429,122321341422314244313
1235,4,0.23809523809523808,0.23809523809523808,0.5238095238095238,0.6666666666666666,4.904761904761905,122321341422314244313
1235,5,0.14285714285714285,0.14285714285714285,0.3333333333333333,0.42857142857142855,7.714285714285714,122321341422314244313
1236,2,0.2857142857142857,0.23809523809523808,0.47619047619047616,0.7142857142857143,4.9523809523809526,311213114113124211324
1236,3,0.14285714285714285,0.09523809523809523,0.47619047619047616,0.6190476190476191,5.190476190476191,311213114113124211324
1236,4,0.23809523809523808,0.09523809523809523,0.42857142857142855,0.47619047619047616,6.285714285714286,311213114113124211324
1236,5,0.14285714285714285,0.14285714285714285,0.3333333333333333,0.47619047619047616,6.904761904761905,311213114113124211324
1237,2,0.42857142857142855,0.38095238095238093,0.5714285714285714,0.8571428571428571,3.3333333333333335,414211234313321422443
1237,3,0.3333333333333333,0.3333333333333333,0.6666666666666666,0.8095238095238095,3.4761904761904763,414211234313321422443
1237,4,0.2857142857142857,0.2857142857142857,0.47619047619047616,0.7142857142857143,4.0476190476190474,414211234313321422443
1237,5,0.2857142857142857,0.42857142857142855,0.5238095238095238,0.6666666666666666,4.9523809523809526,414211234313321422443
1238,2,0.38095238095238093,0.23809523809523808,0.5714285714285714,0.7619047619047619,4.142857142857143,212422222324323142324
1238,3,0.23809523809523808,0.19047619047619047,0.6190476190476191,0.7619047619047619,4.142857142857143,212422222324323142324
1238,4,0.14285714285714285,0.23809523809523808,0.5238095238095238,0.6666666666666666,4.666666666666667,212422222324323142324
1238,5,0.19047619047619047,0.19047619047619047,0.38095238095238093,0.5238095238095238,5.809523809523809,212422222324323142324
1239,2,0.38095238095238093,0.47619047619047616,0.6666666666666666,0.8571428571428571,3.6666666666666665,132124144422322442341
1239,3,0.23809523809523808,0.3333333333333333,0.5238095238095238,0.7619047619047619,4.333333333333333,132124144422322442341
1239,4,0.19047619047619047,0.19047619047619047,0.6666666666666666,0.7619047619047619,5.0476190476190474,132124144422322442341
1239,5,0.14285714285714285,0.14285714285714285,0.38095238095238093,0.5238095238095238,6.9523809523809526,132124144422322442341
1240,2,0.23809523809523808,0.3333333333333333,0.5238095238095238,0.8095238095238095,3.9047619047619047,411211332124412344232
1240,3,0.2857142857142857,0.38095238095238093,0.6190476190476191,0.6666666666666666,4.619047619047619,411211332124412344232
1240,4,0.38095238095238093,0.3333333333333333,0.5714285714285714,0.6190476190476191,4.523809523809524,411211332124412344232
1240,5,0.3333333333333333,0.3333333333333333,0.5238095238095238,0.5714285714285714,5.285714285714286,411211332124412344232
1241,2,0.2857142857142857,0.47619047619047616,0.7142857142857143,0.8095238095238095,3.4285714285714284,211444423314244244342
1241,3,0.2857142857142857,0.3333333333333333,0.6666666666666666,0.8095238095238095,4.0,211444423314244244342
1241,4,0.14285714285714285,0.3333333333333333,0.42857142857142855,0.6666666666666666,5.0,211444423314244244342
1241,5,0.14285714285714285,0.14285714285714285,0.38095238095238093,0.5238095238095238,5.761904761904762,211444423314244244342
1242,2,0.23809523809523808,0.19047619047619047,0.5714285714285714,0.7619047619047619,4.714285714285714,143213442113242124211
1242,3,0.2857142857142857,0.2857142857142857,0.5714285714285714,0.6666666666666666,4.523809523809524,143213442113242124211
1242,4,0.23809523809523808,0.19047619047619047,0.5714285714285714,0.6190476190476191,5.095238095238095,143213442113242124211
1242,5,0.19047619047619047,0.23809523809523808,0.38095238095238093,0.5238095238095238,6.714285714285714,143213442113242124211
1243,2,0.2857142857142857,0.2857142857142857,0.7619047619047619,0.9047619047619048,3.0476190476190474,322224131112144111332
1243,3,0.3333333333333333,0.2857142857142857,0.6190476190476191,0.7619047619047619,3.8095238095238093,322224131112144111332
1243,4,0.23809523809523808,0.14285714285714285,0.5238095238095238,0.6190476190476191,4.904761904761905,322224131112144111332
1243,5,0.14285714285714285,0.14285714285714285,0.2857142857142857,0.5714285714285714,6.619047619047619,322224131112144111332
1244,2,0.42857142857142855,0.3333333333333333,0.5714285714285714,0.7619047619047619,4.142857142857143,212343213423113242242
1244,3,0.19047619047619047,0.2857142857142857,0.5714285714285714,0.7619047619047619,4.428571428571429,212343213423113242242
1244,4,0.19047619047619047,0.14285714285714285,0.47619047619047616,0.6666666666666666,5.285714285714286,212343213423113242242
1244,5,0.19047619047619047,0.38095238095238093,0.38095238095238093,0.5714285714285714,6.0,212343213423113242242
1245,2,0.38095238095238093,0.3333333333333333,0.47619047619047616,0.6190476190476191,5.380952380952381,134243232321133131442
1245,3,0.23809523809523808,0.23809523809523808,0.6190476190476191,0.7619047619047619,4.857142857142857,134243232321133131442
1245,4,0.23809523809523808,0.14285714285714285,0.42857142857142855,0.5714285714285714,5.904761904761905,134243232321133131442
1245,5,0.14285714285714285,0.23809523809523808,0.2857142857142857,0.38095238095238093,7.714285714285714,134243232321133131442
1246,2,0.23809523809523808,0.3333333333333333,0.6190476190476191,0.7142857142857143,4.190476190476191,344324113143131423433
1246,3,0.38095238095238093,0.19047619047619047,0.5714285714285714,0.6666666666666666,4.095238095238095,344324113143131423433
1246,4,0.19047619047619047,0.14285714285714285,0.38095238095238093,0.5238095238095238,5.857142857142857,344324113143131423433
1246,5,0.23809523809523808,0.23809523809523808,0.47619047619047616,0.5714285714285714,5.476190476190476,344324113143131423433
1247,2,0.23809523809523808,0.2857142857142857,0.6190476190476191,0.7142857142857143,4.428571428571429,343121222134111114212
1247,3,0.2857142857142857,0.19047619047619047,0.5714285714285714,0.6190476190476191,4.9523809523809526,343121222134111114212
1247,4,0.3333333333333333,0.2857142857142857,0.47619047619047616,0.5238095238095238,5.904761904761905,343121222134111114212
1247,5,0.14285714285714285,0.19047619047619047,0.42857142857142855,0.5238095238095238,7.523809523809524,343121222134111114212
1248,2,0.2857142857142857,0.3333333333333333,0.5238095238095238,0.8095238095238095,3.761904761904762,213234423224344344112
1248,3,0.2857142857142857,0.2857142857142857,0.5238095238095238,0.7142857142857143,4.476190476190476,213234423224344344112
1248,4,0.23809523809523808,0.23809523809523808,0.5238095238095238,0.6190476190476191,5.380952380952381,213234423224344344112
1248,5,0.23809523809523808,0.14285714285714285,0.38095238095238093,0.5238095238095238,6.095238095238095,213234423224344344112
1249,2,0.5238095238095238,0.2857142857142857,0.7142857142857143,0.8095238095238095,3.380952380952381,232232233224212414414
1249,3,0.3333333333333333,0.38095238095238093,0.6190476190476191,0.7619047619047619,3.9047619047619047,232232233224212414414
1249,4,0.23809523809523808,0.19047619047619047,0.5238095238095238,0.6666666666666666,4.714285714285714,232232233224212414414
1249,5,0.2857142857142857,0.14285714285714285,0.3333333333333333,0.47619047619047616,7.0,232232233224212414414
1250,2,0.2857142857142857,0.3333333333333333,0.6190476190476191,0.8571428571428571,3.9047619047619047,234333334132443232131
1250,3,0.23809523809523808,0.38095238095238093,0.5238095238095238,0.7142857142857143,3.857142857142857,234333334132443232131
1250,4,0.2857142857142857,0.5238095238095238,0.47619047619047616,0.6190476190476191,4.761904761904762,234333334132443232131
1250,5,0.3333333333333333,0.38095238095238093,0.38095238095238093,0.47619047619047616,6.095238095238095,234333334132443232131
1251,2,0.19047619047619047,0.23809523809523808,0.5238095238095238,0.8095238095238095,3.5238095238095237,321341432342222213214
1251,3,0.19047619047619047,0.3333333333333333,0.5238095238095238,0.7619047619047619,4.476190476190476,321341432342222213214
1251,4,0.23809523809523808,0.19047619047619047,0.47619047619047616,0.6190476190476191,4.761904761904762,321341432342222213214
1251,5,0.3333333333333333,0.2857142857142857,0.42857142857142855,0.5238095238095238,6.285714285714286,321341432342222213214
1252,2,0.5238095238095238,0.42857142857142855,0.6190476190476191,0.7619047619047619,4.142857142857143,144412222222332341133
1252,3,0.38095238095238093,0.23809523809523808,0.6190476190476191,0.7142857142857143,4.571428571428571,144412222222332341133
1252,4,0.2857142857142857,0.2857142857142857,0.5238095238095238,0.5714285714285714,5.380952380952381,144412222222332341133
1252,5,0.2857142857142857,0.14285714285714285,0.3333333333333333,0.42857142857142855,7.380952380952381,144412222222332341133
1253,2,0.38095238095238093,0.2857142857142857,0.6666666666666666,0.8095238095238095,4.0,131144414411422312444
1253,3,0.14285714285714285,0.09523809523809523,0.5714285714285714,0.6666666666666666,5.0476190476190474,131144414411422312444
1253,4,0.2857142857142857,0.23809523809523808,0.5238095238095238,0.6190476190476191,5.904761904761905,131144414411422312444
1253,5,0.2857142857142857,0.23809523809523808,0.3333333333333333,0.5238095238095238,6.809523809523809,131144414411422312444
1254,2,0.3333333333333333,0.23809523809523808,0.7142857142857143,0.8095238095238095,3.4761904761904763,342132222213433233242
1254,3,0.19047619047619047,0.047619047619047616,0.5238095238095238,0.7619047619047619,3.7142857142857144,342132222213433233242
1254,4,0.19047619047619047,0.09523809523809523,0.38095238095238093,0.6190476190476191,5.142857142857143,342132222213433233242
1254,5,0.19047619047619047,0.19047619047619047,0.3333333333333333,0.5238095238095238,6.142857142857143,342132222213433233242
1255,2,0.3333333333333333,0.19047619047619047,0.47619047619047616,0.6190476190476191,5.428571428571429,144133243343133224123
1255,3,0.3333333333333333,0.3333333333333333,0.5238095238095238,0.5714285714285714,5.333333333333333,144133243343133224123
1255,4,0.19047619047619047,0.2857142857142857,0.38095238095238093,0.5238095238095238,6.476190476190476,144133243343133224123
1255,5,0.23809523809523808,0.19047619047619047,0.38095238095238093,0.5238095238095238,6.761904761904762,144133243343133224123
1256,2,0.14285714285714285,0.14285714285714285,0.6666666666666666,0.7619047619047619,3.857142857142857,323121113223212243322
1256,3,0.2857142857142857,0.2857142857142857,0.5238095238095238,0.6666666666666666,4.285714285714286,323121113223212243322
1256,4,0.23809523809523808,0.2857142857142857,0.47619047619047616,0.47619047619047616,5.523809523809524,323121113223212243322
1256,5,0.19047619047619047,0.23809523809523808,0.2857142857142857,0.38095238095238093,7.0476190476190474,323121113223212243322
1257,2,0.2857142857142857,0.2857142857142857,0.5238095238095238,0.6666666666666666,4.571428571428571,143112412242243221314
1257,3,0.19047619047619047,0.23809523809523808,0.5238095238095238,0.7142857142857143,4.9523809523809526,143112412242243221314
1257,4,0.14285714285714285,0.14285714285714285,0.38095238095238093,0.47619047619047616,5.857142857142857,143112412242243221314
1257,5,0.23809523809523808,0.19047619047619047,0.3333333333333333,0.38095238095238093,8.095238095238095,143112412242243221314
1258,2,0.23809523809523808,0.23809523809523808,0.47619047619047616,0.6666666666666666,4.523809523809524,311241213323142242322
1258,3,0.14285714285714285,0.19047619047619047,0.47619047619047616,0.6666666666666666,4.904761904761905,311241213323142242322
1258,4,0.14285714285714285,0.14285714285714285,0.42857142857142855,0.5714285714285714,5.714285714285714,311241213323142242322
1258,5,0.19047619047619047,0.2857142857142857,0.2857142857142857,0.5714285714285714,6.571428571428571,311241213323142242322
1259,2,0.3333333333333333,0.38095238095238093,0.6190476190476191,0.9047619047619048,2.857142857142857,443421331221242131131
1259,3,0.23809523809523808,0.2857142857142857,0.6666666666666666,0.8095238095238095,3.1904761904761907,443421331221242131131
1259,4,0.23809523809523808,0.19047619047619047,0.5238095238095238,0.6190476190476191,4.428571428571429,443421331221242131131
1259,5,0.19047619047619047,0.2857142857142857,0.42857142857142855,0.5238095238095238,6.238095238095238,443421331221242131131
1260,2,0.2857142857142857,0.19047619047619047,0.5238095238095238,0.7619047619047619,4.571428571428571,313334214142141443124
1260,3,0.38095238095238093,0.5238095238095238,0.5238095238095238,0.5714285714285714,4.761904761904762,313334214142141443124
1260,4,0.19047619047619047,0.3333333333333333,0.3333333333333333,0.5714285714285714,5.619047619047619,313334214142141443124
1260,5,0.23809523809523808,0.19047619047619047,0.5714285714285714,0.6666666666666666,6.476190476190476,313334214142141443124
1261,2,0.23809523809523808,0.19047619047619047,0.5714285714285714,0.7619047619047619,4.285714285714286,221233111133212414411
1261,3,0.2857142857142857,0.19047619047619047,0.5714285714285714,0.6190476190476191,4.571428571428571,221233111133212414411
1261,4,0.19047619047619047,0.2857142857142857,0.42857142857142855,0.5714285714285714,5.666666666666667,221233111133212414411
1261,5,0.14285714285714285,0.23809523809523808,0.3333333333333333,0.38095238095238093,6.333333333333333,221233111133212414411
1262,2,0.2857142857142857,0.23809523809523808,0.5714285714285714,0.7142857142857143,5.095238095238095,111323143442122232311
1262,3,0.23809523809523808,0.14285714285714285,0.42857142857142855,0.5714285714285714,5.9523809523809526,111323143442122232311
1262,4,0.14285714285714285,0.14285714285714285,0.38095238095238093,0.47619047619047616,7.333333333333333,111323143442122232311
1262,5,0.19047619047619047,0.23809523809523808,0.3333333333333333,0.42857142857142855,7.428571428571429,111323143442122232311
1263,2,0.2857142857142857,0.14285714285714285,0.6190476190476191,0.7619047619047619,4.095238095238095,221212211132312144124
1263,3,0.23809523809523808,0.23809523809523808,0.6190476190476191,0.6666666666666666,4.857142857142857,221212211132312144124
1263,4,0.2857142857142857,0.2857142857142857,0.5238095238095238,0.6190476190476191,5.0,221212211132312144124
1263,5,0.23809523809523808,0.19047619047619047,0.38095238095238093,0.42857142857142855,6.571428571428571,221212211132312144124
1264,2,0.2857142857142857,0.19047619047619047,0.6190476190476191,0.8571428571428571,3.4761904761904763,441431444131122312224
1264,3,0.09523809523809523,0.19047619047619047,0.5714285714285714,0.6190476190476191,5.142857142857143,441431444131122312224
1264,4,0.14285714285714285,0.14285714285714285,0.47619047619047616,0.5714285714285714,5.571428571428571,441431444131122312224
1264,5,0.23809523809523808,0.19047619047619047,0.5238095238095238,0.6190476190476191,5.809523809523809,441431444131122312224
1265,2,0.2857142857142857,0.2857142857142857,0.7619047619047619,0.8571428571428571,3.4285714285714284,211243331423143344242
1265,3,0.2857142857142857,0.23809523809523808,0.5714285714285714,0.6190476190476191,4.666666666666667,211243331423143344242
1265,4,0.23809523809523808,0.14285714285714285,0.47619047619047616,0.5238095238095238,5.714285714285714,211243331423143344242
1265,5,0.23809523809523808,0.23809523809523808,0.38095238095238093,0.5714285714285714,5.857142857142857,211243331423143344242
1266,2,0.38095238095238093,0.5238095238095238,0.7142857142857143,0.8571428571428571,2.857142857142857,234434341233331322132
1266,3,0.23809523809523808,0.19047619047619047,0.6190476190476191,0.7619047619047619,3.9047619047619047,234434341233331322132
1266,4,0.23809523809523808,0.19047619047619047,0.42857142857142855,0.5238095238095238,5.333333333333333,234434341233331322132
1266,5,0.14285714285714285,0.23809523809523808,0.23809523809523808,0.47619047619047616,6.761904761904762,234434341233331322132
1267,2,0.2857142857142857,0.42857142857142855,0.7142857142857143,0.8571428571428571,3.4761904761904763,424214444214424243141
1267,3,0.2857142857142857,0.23809523809523808,0.6666666666666666,0.9047619047619048,3.2857142857142856,424214444214424243141
1267,4,0.23809523809523808,0.19047619047619047,0.5238095238095238,0.7142857142857143,4.333333333333333,424214444214424243141
1267,5,0.19047619047619047,0.09523809523809523,0.42857142857142855,0.5714285714285714,6.190476190476191,424214444214424243141
1268,2,0.3333333333333333,0.3333333333333333,0.6190476190476191,0.8571428571428571,3.9523809523809526,132141323243214114222
1268,3,0.3333333333333333,0.2857142857142857,0.6666666666666666,0.7142857142857143,4.333333333333333,132141323243214114222
1268,4,0.2857142857142857,0.38095238095238093,0.6190476190476191,0.7142857142857143,4.666666666666667,132141323243214114222
1268,5,0.23809523809523808,0.38095238095238093,0.42857142857142855,0.5238095238095238,6.428571428571429,132141323243214114222
1269,2,0.2857142857142857,0.3333333333333333,0.5714285714285714,0.7619047619047619,4.0,243434442334242431321
1269,3,0.19047619047619047,0.2857142857142857,0.5238095238095238,0.7142857142857143,4.142857142857143,243434442334242431321
1269,4,0.14285714285714285,0.3333333333333333,0.47619047619047616,0.6190476190476191,5.095238095238095,243434442334242431321
1269,5,0.14285714285714285,0.09523809523809523,0.3333333333333333,0.5714285714285714,5.9523809523809526,243434442334242431321
1270,2,0.23809523809523808,0.19047619047619047,0.5238095238095238,0.8571428571428571,3.619047619047619,411121412413322311331
1270,3,0.09523809523809523,0.0,0.38095238095238093,0.6190476190476191,5.0476190476190474,411121412413322311331
1270,4,0.19047619047619047,0.047619047619047616,0.42857142857142855,0.5714285714285714,5.428571428571429,411121412413322311331
1270,5,0.09523809523809523,0.19047619047619047,0.3333333333333333,0.5238095238095238,5.904761904761905,411121412413322311331
1271,2,0.3333333333333333,0.2857142857142857,0.7142857142857143,0.8095238095238095,3.6666666666666665,423221442244334431323
1271,3,0.23809523809523808,0.2857142857142857,0.5238095238095238,0.8095238095238095,4.238095238095238,423221442244334431323
1271,4,0.09523809523809523,0.19047619047619047,0.42857142857142855,0.6666666666666666,5.0476190476190474,423221442244334431323
1271,5,0.14285714285714285,0.19047619047619047,0.3333333333333333,0.42857142857142855,7.142857142857143,423221442244334431323
1272,2,0.2857142857142857,0.19047619047619047,0.5238095238095238,0.7142857142857143,4.285714285714286,443241211231434313114
1272,3,0.19047619047619047,0.19047619047619047,0.5238095238095238,0.5714285714285714,5.0,443241211231434313114
1272,4,0.14285714285714285,0.09523809523809523,0.3333333333333333,0.5238095238095238,6.571428571428571,443241211231434313114
1272,5,0.14285714285714285,0.09523809523809523,0.2857142857142857,0.3333333333333333,8.095238095238095,443241211231434313114
1273,2,0.38095238095238093,0.2857142857142857,0.6190476190476191,0.7619047619047619,4.285714285714286,142434211431333412143
1273,3,0.23809523809523808,0.19047619047619047,0.6190476190476191,0.6666666666666666,5.142857142857143,142434211431333412143
1273,4,0.19047619047619047,0.19047619047619047,0.42857142857142855,0.7142857142857143,5.476190476190476,142434211431333412143
1273,5,0.23809523809523808,0.14285714285714285,0.3333333333333333,0.5714285714285714,6.666666666666667,142434211431333412143
1274,2,0.23809523809523808,0.3333333333333333,0.5238095238095238,0.7619047619047619,4.190476190476191,441234242121123113323
1274,3,0.14285714285714285,0.2857142857142857,0.6190476190476191,0.6666666666666666,4.809523809523809,441234242121123113323
1274,4,0.19047619047619047,0.14285714285714285,0.6190476190476191,0.7142857142857143,4.9523809523809526,441234242121123113323
1274,5,0.19047619047619047,0.09523809523809523,0.38095238095238093,0.5714285714285714,6.380952380952381,441234242121123113323
1275,2,0.2857142857142857,0.19047619047619047,0.6190476190476191,0.7619047619047619,4.476190476190476,412123222212111334214
1275,3,0.23809523809523808,0.3333333333333333,0.38095238095238093,0.5714285714285714,5.380952380952381,412123222212111334214
1275,4,0.23809523809523808,0.09523809523809523,0.3333333333333333,0.42857142857142855,6.238095238095238,412123222212111334214
1275,5,0.19047619047619047,0.23809523809523808,0.47619047619047616,0.5238095238095238,7.0,412123222212111334214
1276,2,0.3333333333333333,0.23809523809523808,0.6666666666666666,0.7142857142857143,4.142857142857143,232123123314433111432
1276,3,0.2857142857142857,0.2857142857142857,0.47619047619047616,0.6190476190476191,4.380952380952381,232123123314433111432
1276,4,0.19047619047619047,0.14285714285714285,0.47619047619047616,0.47619047619047616,5.904761904761905,232123123314433111432
1276,5,0.09523809523809523,0.19047619047619047,0.3333333333333333,0.5238095238095238,6.761904761904762,232123123314433111432
1277,2,0.3333333333333333,0.19047619047619047,0.7142857142857143,0.8571428571428571,3.6666666666666665,124132423111314422432
1277,3,0.2857142857142857,0.2857142857142857,0.6190476190476191,0.7619047619047619,4.238095238095238,124132423111314422432
1277,4,0.2857142857142857,0.19047619047619047,0.42857142857142855,0.6190476190476191,5.095238095238095,124132423111314422432
1277,5,0.19047619047619047,0.09523809523809523,0.38095238095238093,0.47619047619047616,6.428571428571429,124132423111314422432
1278,2,0.42857142857142855,0.38095238095238093,0.6666666666666666,0.7619047619047619,3.7142857142857144,433341224342114111414
1278,3,0.3333333333333333,0.38095238095238093,0.6190476190476191,0.6666666666666666,4.190476190476191,433341224342114111414
1278,4,0.2857142857142857,0.3333333333333333,0.5238095238095238,0.6190476190476191,5.0476190476190474,433341224342114111414
1278,5,0.2857142857142857,0.23809523809523808,0.42857142857142855,0.6190476190476191,7.380952380952381,433341224342114111414
1279,2,0.2857142857142857,0.19047619047619047,0.5714285714285714,0.7619047619047619,4.190476190476191,321123343133131331424
1279,3,0.23809523809523808,0.14285714285714285,0.42857142857142855,0.6190476190476191,5.476190476190476,321123343133131331424
1279,4,0.19047619047619047,0.2857142857142857,0.38095238095238093,0.42857142857142855,6.666666666666667,321123343133131331424
1279,5,0.09523809523809523,0.047619047619047616,0.3333333333333333,0.47619047619047616,6.619047619047619,321123343133131331424
1280,2,0.47619047619047616,0.3333333333333333,0.7619047619047619,0.8095238095238095,3.0952380952380953,323422422214323242314
1280,3,0.23809523809523808,0.14285714285714285,0.6666666666666666,0.8571428571428571,4.0,323422422214323242314
1280,4,0.14285714285714285,0.19047619047619047,0.47619047619047616,0.6190476190476191,4.9523809523809526,323422422214323242314
1280,5,0.19047619047619047,0.19047619047619047,0.23809523809523808,0.3333333333333333,7.714285714285714,323422422214323242314
1281,2,0.23809523809523808,0.19047619047619047,0.47619047619047616,0.7142857142857143,4.523809523809524,444323112131342121214
1281,3,0.09523809523809523,0.23809523809523808,0.5714285714285714,0.6666666666666666,4.380952380952381,444323112131342121214
1281,4,0.14285714285714285,0.14285714285714285,0.42857142857142855,0.6190476190476191,5.238095238095238,444323112131342121214
1281,5,0.09523809523809523,0.14285714285714285,0.47619047619047616,0.5238095238095238,6.142857142857143,444323112131342121214
1282,2,0.23809523809523808,0.14285714285714285,0.5238095238095238,0.7619047619047619,4.476190476190476,441413114211143332342
1282,3,0.14285714285714285,0.047619047619047616,0.6190476190476191,0.7619047619047619,4.619047619047619,441413114211143332342
1282,4,0.23809523809523808,0.14285714285714285,0.42857142857142855,0.5714285714285714,6.095238095238095,441413114211143332342
1282,5,0.2857142857142857,0.19047619047619047,0.3333333333333333,0.47619047619047616,6.380952380952381,441413114211143332342
1283,2,0.23809523809523808,0.19047619047619047,0.7142857142857143,0.7619047619047619,4.0,344414411324323213244
1283,3,0.14285714285714285,0.2857142857142857,0.6190476190476191,0.9047619047619048,3.4285714285714284,344414411324323213244
1283,4,0.19047619047619047,0.09523809523809523,0.5238095238095238,0.7142857142857143,4.333333333333333,344414411324323213244
1283,5,0.23809523809523808,0.14285714285714285,0.38095238095238093,0.47619047619047616,6.476190476190476,344414411324323213244
1284,2,0.23809523809523808,0.09523809523809523,0.6190476190476191,0.8571428571428571,3.2857142857142856,412332121231424434311
1284,3,0.23809523809523808,0.19047619047619047,0.5238095238095238,0.6666666666666666,4.285714285714286,412332121231424434311
1284,4,0.19047619047619047,0.19047619047619047,0.38095238095238093,0.5714285714285714,5.523809523809524,412332121231424434311
1284,5,0.19047619047619047,0.3333333333333333,0.42857142857142855,0.5714285714285714,5.857142857142857,412332121231424434311
1285,2,0.2857142857142857,0.3333333333333333,0.5714285714285714,0.8095238095238095,3.9047619047619047,443413321231441334224
1285,3,0.19047619047619047,0.14285714285714285,0.47619047619047616,0.6666666666666666,4.857142857142857,443413321231441334224
1285,4,0.23809523809523808,0.19047619047619047,0.42857142857142855,0.5714285714285714,5.571428571428571,443413321231441334224
1285,5,0.23809523809523808,0.19047619047619047,0.47619047619047616,0.47619047619047616,6.238095238095238,443413321231441334224
1286,2,0.19047619047619047,0.38095238095238093,0.5714285714285714,0.9047619047619048,3.7142857142857144,424431231122344214233
1286,3,0.2857142857142857,0.38095238095238093,0.5714285714285714,0.8095238095238095,3.8095238095238093,424431231122344214233
1286,4,0.2857142857142857,0.2857142857142857,0.5238095238095238,0.7142857142857143,4.428571428571429,424431231122344214233
1286,5,0.2857142857142857,0.14285714285714285,0.38095238095238093,0.42857142857142855,6.809523809523809,424431231122344214233
1287,2,0.42857142857142855,0.47619047619047616,0.5238095238095238,0.8095238095238095,3.4285714285714284,423441423313114242443
1287,3,0.3333333333333333,0.3333333333333333,0.6666666666666666,0.7619047619047619,3.761904761904762,423441423313114242443
1287,4,0.23809523809523808,0.2857142857142857,0.47619047619047616,0.6190476190476191,5.285714285714286,423441423313114242443
1287,5,0.19047619047619047,0.14285714285714285,0.3333333333333333,0.6190476190476191,6.428571428571429,423441423313114242443
1288,2,0.3333333333333333,0.2857142857142857,0.6190476190476191,0.8571428571428571,3.3333333333333335,232311422221114123143
1288,3,0.2857142857142857,0.38095238095238093,0.7619047619047619,0.9047619047619048,3.0476190476190474,232311422221114123143
1288,4,0.38095238095238093,0.42857142857142855,0.5238095238095238,0.7619047619047619,4.238095238095238,232311422221114123143
1288,5,0.3333333333333333,0.19047619047619047,0.42857142857142855,0.6190476190476191,5.857142857142857,232311422221114123143
1289,2,0.38095238095238093,0.3333333333333333,0.7619047619047619,0.9047619047619048,2.761904761904762,333132434123313141121
1289,3,0.38095238095238093,0.2857142857142857,0.7142857142857143,0.7619047619047619,3.2857142857142856,333132434123313141121
1289,4,0.3333333333333333,0.23809523809523808,0.6666666666666666,0.6666666666666666,4.0,333132434123313141121
1289,5,0.19047619047619047,0.3333333333333333,0.47619047619047616,0.6666666666666666,6.095238095238095,333132434123313141121
1290,2,0.23809523809523808,0.19047619047619047,0.6666666666666666,0.8571428571428571,3.6666666666666665,221213424423221122421
1290,3,0.2857142857142857,0.2857142857142857,0.6190476190476191,0.7142857142857143,4.238095238095238,221213424423221122421
1290,4,0.23809523809523808,0.2857142857142857,0.6190476190476191,0.6666666666666666,4.285714285714286,221213424423221122421
1290,5,0.23809523809523808,0.14285714285714285,0.5238095238095238,0.6190476190476191,4.9523809523809526,221213424423221122421
1291,2,0.2857142857142857,0.19047619047619047,0.47619047619047616,0.8095238095238095,3.4761904761904763,412124143433443221141
1291,3,0.3333333333333333,0.14285714285714285,0.5238095238095238,0.7142857142857143,4.0,412124143433443221141
1291,4,0.19047619047619047,0.14285714285714285,0.47619047619047616,0.5238095238095238,5.619047619047619,412124143433443221141
1291,5,0.09523809523809523,0.047619047619047616,0.42857142857142855,0.6190476190476191,5.428571428571429,412124143433443221141
1292,2,0.38095238095238093,0.2857142857142857,0.6666666666666666,0.8571428571428571,2.857142857142857,443424443441221124413
1292,3,0.3333333333333333,0.2857142857142857,0.5714285714285714,0.7142857142857143,3.761904761904762,443424443441221124413
1292,4,0.23809523809523808,0.2857142857142857,0.5714285714285714,0.6666666666666666,4.809523809523809,443424443441221124413
1292,5,0.2857142857142857,0.3333333333333333,0.42857142857142855,0.6190476190476191,5.571428571428571,443424443441221124413
1293,2,0.3333333333333333,0.47619047619047616,0.7142857142857143,0.9047619047619048,2.761904761904762,432331444322212434133
1293,3,0.3333333333333333,0.47619047619047616,0.6666666666666666,0.8095238095238095,3.238095238095238,432331444322212434133
1293,4,0.3333333333333333,0.2857142857142857,0.5238095238095238,0.6666666666666666,3.857142857142857,432331444322212434133
1293,5,0.2857142857142857,0.3333333333333333,0.47619047619047616,0.6666666666666666,5.809523809523809,432331444322212434133
1294,2,0.23809523809523808,0.2857142857142857,0.5238095238095238,0.7619047619047619,3.857142857142857,313324211331442414342
1294,3,0.2857142857142857,0.23809523809523808,0.5714285714285714,0.8095238095238095,3.9047619047619047,313324211331442414342
1294,4,0.19047619047619047,0.14285714285714285,0.47619047619047616,0.6666666666666666,4.761904761904762,313324211331442414342
1294,5,0.09523809523809523,0.23809523809523808,0.42857142857142855,0.5714285714285714,6.476190476190476,313324211331442414342
1295,2,0.3333333333333333,0.42857142857142855,0.6190476190476191,0.8095238095238095,3.1904761904761907,421424124232343124132
1295,3,0.19047619047619047,0.23809523809523808,0.5714285714285714,0.7142857142857143,4.476190476190476,421424124232343124132
1295,4,0.19047619047619047,0.2857142857142857,0.5714285714285714,0.7142857142857143,4.761904761904762,421424124232343124132
1295,5,0.23809523809523808,0.19047619047619047,0.42857142857142855,0.6190476190476191,5.238095238095238,421424124232343124132
1296,2,0.42857142857142855,0.38095238095238093,0.6190476190476191,0.7619047619047619,3.3333333333333335,243432244331342133222
1296,3,0.19047619047619047,0.047619047619047616,0.5714285714285714,0.7619047619047619,4.0476190476190474,243432244331342133222
1296,4,0.14285714285714285,0.14285714285714285,0.47619047619047616,0.6190476190476191,4.666666666666667,243432244331342133222
1296,5,0.3333333333333333,0.14285714285714285,0.47619047619047616,0.47619047619047616,6.190476190476191,243432244331342133222
1297,2,0.23809523809523808,0.2857142857142857,0.5714285714285714,0.8095238095238095,3.761904761904762,241331312423212221324
1297,3,0.19047619047619047,0.3333333333333333,0.6190476190476191,0.7619047619047619,3.9523809523809526,241331312423212221324
1297,4,0.19047619047619047,0.23809523809523808,0.42857142857142855,0.5714285714285714,4.857142857142857,241331312423212221324
1297,5,0.19047619047619047,0.09523809523809523,0.38095238095238093,0.47619047619047616,5.857142857142857,241331312423212221324
1298,2,0.38095238095238093,0.2857142857142857,0.6666666666666666,0.7619047619047619,3.5238095238095237,234442342432142242441
1298,3,0.23809523809523808,0.19047619047619047,0.6190476190476191,0.8095238095238095,3.9523809523809526,234442342432142242441
1298,4,0.14285714285714285,0.23809523809523808,0.5238095238095238,0.7142857142857143,4.904761904761905,234442342432142242441
1298,5,0.19047619047619047,0.14285714285714285,0.2857142857142857,0.38095238095238093,7.571428571428571,234442342432142242441
1299,2,0.47619047619047616,0.42857142857142855,0.7142857142857143,0.7619047619047619,4.095238095238095,133443443212421234134
1299,3,0.23809523809523808,0.2857142857142857,0.47619047619047616,0.7142857142857143,4.761904761904762,133443443212421234134
1299,4,0.2857142857142857,0.14285714285714285,0.47619047619047616,0.47619047619047616,6.0,133443443212421234134
1299,5,0.19047619047619047,0.19047619047619047,0.2857142857142857,0.42857142857142855,8.095238095238095,133443443212421234134
1300,2,0.2857142857142857,0.2857142857142857,0.42857142857142855,0.6666666666666666,4.285714285714286,313142213331433132422
1300,3,0.14285714285714285,0.14285714285714285,0.42857142857142855,0.6666666666666666,4.571428571428571,313142213331433132422
1300,4,0.14285714285714285,0.19047619047619047,0.3333333333333333,0.38095238095238093,6.142857142857143,313142213331433132422
1300,5,0.14285714285714285,0.19047619047619047,0.3333333333333333,0.47619047619047616,6.809523809523809,313142213331433132422
1301,2,0.3333333333333333,0.38095238095238093,0.6190476190476191,0.8571428571428571,3.238095238095238,332222423141411323322
1301,3,0.2857142857142857,0.42857142857142855,0.7142857142857143,0.7619047619047619,3.761904761904762,332222423141411323322
1301,4,0.23809523809523808,0.19047619047619047,0.5238095238095238,0.5714285714285714,4.9523809523809526,332222423141411323322
1301,5,0.2857142857142857,0.14285714285714285,0.5238095238095238,0.6190476190476191,6.142857142857143,332222423141411323322
1302,2,0.23809523809523808,0.23809523809523808,0.5238095238095238,0.8095238095238095,4.428571428571429,312313222423414443443
1302,3,0.38095238095238093,0.3333333333333333,0.6666666666666666,0.7619047619047619,4.095238095238095,312313222423414443443
1302,4,0.3333333333333333,0.47619047619047616,0.5238095238095238,0.7142857142857143,4.476190476190476,312313222423414443443
1302,5,0.2857142857142857,0.3333333333333333,0.5238095238095238,0.7142857142857143,4.9523809523809526,312313222423414443443
1303,2,0.23809523809523808,0.23809523809523808,0.42857142857142855,0.8571428571428571,3.8095238095238093,321141223443242132431
1303,3,0.23809523809523808,0.23809523809523808,0.5238095238095238,0.5714285714285714,4.523809523809524,321141223443242132431
1303,4,0.19047619047619047,0.19047619047619047,0.47619047619047616,0.6190476190476191,5.0476190476190474,321141223443242132431
1303,5,0.14285714285714285,0.19047619047619047,0.38095238095238093,0.6190476190476191,6.0,321141223443242132431
1304,2,0.2857142857142857,0.23809523809523808,0.5714285714285714,0.7142857142857143,4.285714285714286,423123234332413141142
1304,3,0.3333333333333333,0.3333333333333333,0.5238095238095238,0.6190476190476191,4.428571428571429,423123234332413141142
1304,4,0.23809523809523808,0.23809523809523808,0.6190476190476191,0.6190476190476191,5.0476190476190474,423123234332413141142
1304,5,0.19047619047619047,0.09523809523809523,0.42857142857142855,0.5714285714285714,6.523809523809524,423123234332413141142
1305,2,0.2857142857142857,0.38095238095238093,0.47619047619047616,0.6190476190476191,5.666666666666667,114412212424112122313
1305,3,0.38095238095238093,0.3333333333333333,0.6190476190476191,0.6666666666666666,5.238095238095238,114412212424112122313
1305,4,0.23809523809523808,0.23809523809523808,0.47619047619047616,0.5714285714285714,5.904761904761905,114412212424112122313
1305,5,0.23809523809523808,0.19047619047619047,0.3333333333333333,0.42857142857142855,7.238095238095238,114412212424112122313
1306,2,0.2857142857142857,0.38095238095238093,0.6666666666666666,0.9523809523809523,2.7142857142857144,231211434412224121134
1306,3,0.2857142857142857,0.38095238095238093,0.6666666666666666,0.7619047619047619,3.857142857142857,231211434412224121134
1306,4,0.3333333333333333,0.14285714285714285,0.6190476190476191,0.6190476190476191,4.095238095238095,231211434412224121134
1306,5,0.23809523809523808,0.2857142857142857,0.42857142857142855,0.5238095238095238,5.9523809523809526,231211434412224121134
1307,2,0.38095238095238093,0.2857142857142857,0.6666666666666666,0.8095238095238095,3.9523809523809526,142244243223223342221
1307,3,0.3333333333333333,0.3333333333333333,0.6190476190476191,0.7142857142857143,4.380952380952381,142244243223223342221
1307,4,0.19047619047619047,0.14285714285714285,0.5238095238095238,0.6666666666666666,5.095238095238095,142244243223223342221
1307,5,0.23809523809523808,0.14285714285714285,0.3333333333333333,0.5714285714285714,6.0,142244243223223342221
1308,2,0.38095238095238093,0.3333333333333333,0.5714285714285714,0.7142857142857143,3.619047619047619,331342332343431413113
1308,3,0.3333333333333333,0.23809523809523808,0.5714285714285714,0.7142857142857143,4.380952380952381,331342332343431413113
1308,4,0.3333333333333333,0.38095238095238093,0.47619047619047616,0.6190476190476191,4.571428571428571,331342332343431413113
1308,5,0.2857142857142857,0.3333333333333333,0.42857142857142855,0.5238095238095238,6.095238095238095,331342332343431413113
1309,2,0.3333333333333333,0.3333333333333333,0.6666666666666666,0.8571428571428571,4.190476190476191,144133421112433241242
1309,3,0.19047619047619047,0.14285714285714285,0.5714285714285714,0.6666666666666666,4.571428571428571,144133421112433241242
1309,4,0.19047619047619047,0.047619047619047616,0.3333333333333333,0.5714285714285714,6.0,144133421112433241242
1309,5,0.14285714285714285,0.23809523809523808,0.3333333333333333,0.47619047619047616,7.190476190476191,144133421112433241242
1310,2,0.42857142857142855,0.3333333333333333,0.6666666666666666,0.8095238095238095,3.1904761904761907,232132344322133422111
1310,3,0.38095238095238093,0.19047619047619047,0.6190476190476191,0.7142857142857143,4.095238095238095,232132344322133422111
1310,4,0.23809523809523808,0.3333333333333333,0.5714285714285714,0.6190476190476191,5.0476190476190474,232132344322133422111
1310,5,0.14285714285714285,0.23809523809523808,0.23809523809523808,0.47619047619047616,7.714285714285714,232132344322133422111
1311,2,0.23809523809523808,0.19047619047619047,0.5714285714285714,0.7142857142857143,4.619047619047619,413343333314341111221
1311,3,0.23809523809523808,0.2857142857142857,0.42857142857142855,0.7619047619047619,4.666666666666667,413343333314341111221
1311,4,0.2857142857142857,0.14285714285714285,0.47619047619047616,0.6190476190476191,4.9523809523809526,413343333314341111221
1311,5,0.23809523809523808,0.19047619047619047,0.47619047619047616,0.7142857142857143,5.761904761904762,413343333314341111221
1312,2,0.3333333333333333,0.14285714285714285,0.6190476190476191,0.7619047619047619,3.4761904761904763,244122442121132134213
1312,3,0.23809523809523808,0.14285714285714285,0.5714285714285714,0.7142857142857143,4.0,244122442121132134213
1312,4,0.23809523809523808,0.23809523809523808,0.38095238095238093,0.5238095238095238,5.428571428571429,244122442121132134213
1312,5,0.09523809523809523,0.2857142857142857,0.38095238095238093,0.42857142857142855,6.9523809523809526,244122442121132134213
1313,2,0.3333333333333333,0.23809523809523808,0.42857142857142855,0.7142857142857143,4.428571428571429,413412223431112434112
1313,3,0.23809523809523808,0.14285714285714285,0.5238095238095238,0.6666666666666666,4.9523809523809526,413412223431112434112
1313,4,0.3333333333333333,0.23809523809523808,0.47619047619047616,0.5238095238095238,6.0,413412223431112434112
1313,5,0.23809523809523808,0.3333333333333333,0.47619047619047616,0.6190476190476191,6.428571428571429,413412223431112434112
1314,2,0.47619047619047616,0.38095238095238093,0.6190476190476191,0.8095238095238095,3.6666666666666665,242321442224433122223
1314,3,0.2857142857142857,0.2857142857142857,0.6190476190476191,0.8095238095238095,3.857142857142857,242321442224433122223
1314,4,0.19047619047619047,0.14285714285714285,0.47619047619047616,0.5714285714285714,5.0,242321442224433122223
1314,5,0.19047619047619047,0.23809523809523808,0.42857142857142855,0.5714285714285714,5.523809523809524,242321442224433122223
1315,2,0.3333333333333333,0.42857142857142855,0.6190476190476191,0.7619047619047619,4.0476190476190474,132141322332333441241
1315,3,0.3333333333333333,0.3333333333333333,0.5714285714285714,0.7142857142857143,4.523809523809524,132141322332333441241
1315,4,0.2857142857142857,0.3333333333333333,0.6190476190476191,0.6666666666666666,5.0476190476190474,132141322332333441241
1315,5,0.09523809523809523,0.14285714285714285,0.2857142857142857,0.5238095238095238,7.571428571428571,132141322332333441241
1316,2,0.38095238095238093,0.2857142857142857,0.7619047619047619,0.9523809523809523,2.4761904761904763,342432433213314112432
1316,3,0.23809523809523808,0.38095238095238093,0.7619047619047619,0.8571428571428571,3.0952380952380953,342432433213314112432
1316,4,0.2857142857142857,0.38095238095238093,0.47619047619047616,0.6666666666666666,4.190476190476191,342432433213314112432
1316,5,0.23809523809523808,0.42857142857142855,0.38095238095238093,0.5714285714285714,5.380952380952381,342432433213314112432
1317,2,0.3333333333333333,0.19047619047619047,0.5238095238095238,0.6666666666666666,5.190476190476191,144334413234111133243
1317,3,0.2857142857142857,0.23809523809523808,0.6190476190476191,0.7619047619047619,4.761904761904762,144334413234111133243
1317,4,0.23809523809523808,0.14285714285714285,0.38095238095238093,0.6190476190476191,5.904761904761905,144334413234111133243
1317,5,0.23809523809523808,0.3333333333333333,0.5238095238095238,0.6190476190476191,6.333333333333333,144334413234111133243
1318,2,0.23809523809523808,0.23809523809523808,0.47619047619047616,0.6666666666666666,4.0,213314323333441113123
1318,3,0.2857142857142857,0.23809523809523808,0.42857142857142855,0.6190476190476191,4.523809523809524,213314323333441113123
1318,4,0.3333333333333333,0.2857142857142857,0.5238095238095238,0.6190476190476191,5.142857142857143,213314323333441113123
1318,5,0.23809523809523808,0.2857142857142857,0.5238095238095238,0.7142857142857143,5.095238095238095,213314323333441113123
1319,2,0.19047619047619047,0.2857142857142857,0.5714285714285714,0.8095238095238095,3.619047619047619,322212311433443111313
1319,3,0.19047619047619047,0.19047619047619047,0.5714285714285714,0.7619047619047619,4.238095238095238,322212311433443111313
1319,4,0.19047619047619047,0.14285714285714285,0.5714285714285714,0.7142857142857143,4.666666666666667,322212311433443111313
1319,5,0.09523809523809523,0.09523809523809523,0.38095238095238093,0.42857142857142855,6.333333333333333,322212311433443111313
1320,2,0.3333333333333333,0.3333333333333333,0.6666666666666666,0.7142857142857143,4.428571428571429,144222211312434231143
1320,3,0.23809523809523808,0.19047619047619047,0.6190476190476191,0.7142857142857143,4.571428571428571,144222211312434231143
1320,4,0.19047619047619047,0.09523809523809523,0.2857142857142857,0.5714285714285714,6.0,144222211312434231143
1320,5,0.09523809523809523,0.14285714285714285,0.2857142857142857,0.42857142857142855,7.904761904761905,144222211312434231143
1321,2,0.09523809523809523,0.19047619047619047,0.47619047619047616,0.8095238095238095,3.9523809523809526,413331313321243144411
1321,3,0.19047619047619047,0.2857142857142857,0.5238095238095238,0.7619047619047619,4.0,413331313321243144411
1321,4,0.09523809523809523,0.23809523809523808,0.5238095238095238,0.6190476190476191,5.333333333333333,413331313321243144411
1321,5,0.14285714285714285,0.047619047619047616,0.42857142857142855,0.5238095238095238,6.333333333333333,413331313321243144411
1322,2,0.23809523809523808,0.23809523809523808,0.6190476190476191,0.8095238095238095,3.6666666666666665,223323431323234331112
1322,3,0.23809523809523808,0.23809523809523808,0.5238095238095238,0.6190476190476191,4.619047619047619,223323431323234331112
1322,4,0.23809523809523808,0.2857142857142857,0.38095238095238093,0.42857142857142855,5.857142857142857,223323431323234331112
1322,5,0.23809523809523808,0.19047619047619047,0.3333333333333333,0.42857142857142855,6.333333333333333,223323431323234331112
1323,2,0.19047619047619047,0.19047619047619047,0.5714285714285714,0.7619047619047619,5.190476190476191,123113131424421324242
1323,3,0.19047619047619047,0.14285714285714285,0.47619047619047616,0.5714285714285714,5.714285714285714,123113131424421324242
1323,4,0.23809523809523808,0.19047619047619047,0.47619047619047616,0.47619047619047616,6.809523809523809,123113131424421324242
1323,5,0.2857142857142857,0.23809523809523808,0.38095238095238093,0.47619047619047616,6.904761904761905,123113131424421324242
1324,2,0.2857142857142857,0.23809523809523808,0.6666666666666666,0.7142857142857143,5.095238095238095,111233141424223221421
1324,3,0.2857142857142857,0.23809523809523808,0.5714285714285714,0.6190476190476191,5.666666666666667,111233141424223221421
1324,4,0.14285714285714285,0.0,0.42857142857142855,0.5238095238095238,6.380952380952381,111233141424223221421
1324,5,0.09523809523809523,0.09523809523809523,0.2857142857142857,0.42857142857142855,7.190476190476191,111233141424223221421
1325,2,0.38095238095238093,0.19047619047619047,0.5238095238095238,0.7142857142857143,4.0,311444112223114322213
1325,3,0.38095238095238093,0.3333333333333333,0.5238095238095238,0.6666666666666666,4.666666666666667,311444112223114322213
1325,4,0.23809523809523808,0.19047619047619047,0.3333333333333333,0.5238095238095238,5.904761904761905,311444112223114322213
1325,5,0.14285714285714285,0.09523809523809523,0.23809523809523808,0.42857142857142855,6.476190476190476,311444112223114322213
1326,2,0.2857142857142857,0.3333333333333333,0.6190476190476191,0.7619047619047619,3.9047619047619047,314124212421212231113
1326,3,0.23809523809523808,0.23809523809523808,0.5238095238095238,0.6666666666666666,4.333333333333333,314124212421212231113
1326,4,0.2857142857142857,0.23809523809523808,0.38095238095238093,0.47619047619047616,5.285714285714286,314124212421212231113
1326,5,0.19047619047619047,0.19047619047619047,0.3333333333333333,0.38095238095238093,7.142857142857143,314124212421212231113
1327,2,0.38095238095238093,0.38095238095238093,0.6190476190476191,0.7619047619047619,4.571428571428571,132321124414143112123
1327,3,0.19047619047619047,0.14285714285714285,0.6190476190476191,0.7142857142857143,5.285714285714286,132321124414143112123
1327,4,0.23809523809523808,0.23809523809523808,0.5238095238095238,0.6190476190476191,5.904761904761905,132321124414143112123
1327,5,0.19047619047619047,0.19047619047619047,0.47619047619047616,0.6666666666666666,6.666666666666667,132321124414143112123
1328,2,0.3333333333333333,0.23809523809523808,0.6190476190476191,0.8095238095238095,3.5238095238095237,433144414234214412331
1328,3,0.23809523809523808,0.09523809523809523,0.5238095238095238,0.6666666666666666,4.238095238095238,433144414234214412331
1328,4,0.19047619047619047,0.14285714285714285,0.47619047619047616,0.6666666666666666,5.0476190476190474,433144414234214412331
1328,5,0.09523809523809523,0.047619047619047616,0.38095238095238093,0.5714285714285714,6.9523809523809526,433144414234214412331
1329,2,0.23809523809523808,0.19047619047619047,0.5238095238095238,0.6666666666666666,5.238095238095238,421243212323124412334
1329,3,0.19047619047619047,0.19047619047619047,0.47619047619047616,0.6666666666666666,5.190476190476191,421243212323124412334
1329,4,0.14285714285714285,0.19047619047619047,0.42857142857142855,0.7142857142857143,5.619047619047619,421243212323124412334
1329,5,0.14285714285714285,0.14285714285714285,0.23809523809523808,0.5714285714285714,7.0,421243212323124412334
1330,2,0.3333333333333333,0.2857142857142857,0.5714285714285714,0.8095238095238095,3.1904761904761907,432444144432234344344
1330,3,0.23809523809523808,0.23809523809523808,0.47619047619047616,0.6190476190476191,4.523809523809524,432444144432234344344
1330,4,0.09523809523809523,0.19047619047619047,0.5714285714285714,0.6666666666666666,5.285714285714286,432444144432234344344
1330,5,0.09523809523809523,0.09523809523809523,0.38095238095238093,0.5238095238095238,6.476190476190476,432444144432234344344
1331,2,0.2857142857142857,0.2857142857142857,0.6666666666666666,0.8095238095238095,4.333333333333333,122433342212423311242
1331,3,0.14285714285714285,0.19047619047619047,0.6190476190476191,0.7619047619047619,4.666666666666667,122433342212423311242
1331,4,0.09523809523809523,0.047619047619047616,0.5238095238095238,0.6666666666666666,5.571428571428571,122433342212423311242
1331,5,0.19047619047619047,0.23809523809523808,0.2857142857142857,0.42857142857142855,7.619047619047619,122433342212423311242
1332,2,0.19047619047619047,0.2857142857142857,0.5238095238095238,0.7142857142857143,5.095238095238095,122333313442242413231
1332,3,0.23809523809523808,0.2857142857142857,0.5714285714285714,0.6190476190476191,4.809523809523809,122333313442242413231
1332,4,0.14285714285714285,0.2857142857142857,0.42857142857142855,0.6666666666666666,5.333333333333333,122333313442242413231
1332,5,0.23809523809523808,0.19047619047619047,0.42857142857142855,0.47619047619047616,6.476190476190476,122333313442242413231
1333,2,0.2857142857142857,0.23809523809523808,0.5714285714285714,0.6666666666666666,5.428571428571429,123133114241143323223
1333,3,0.2857142857142857,0.3333333333333333,0.47619047619047616,0.6190476190476191,5.571428571428571,123133114241143323223
1333,4,0.19047619047619047,0.14285714285714285,0.47619047619047616,0.5238095238095238,6.9523809523809526,123133114241143323223
1333,5,0.2857142857142857,0.19047619047619047,0.38095238095238093,0.5238095238095238,7.380952380952381,123133114241143323223
1334,2,0.23809523809523808,0.3333333333333333,0.5714285714285714,0.8571428571428571,3.761904761904762,421342234424342333134
1334,3,0.23809523809523808,0.23809523809523808,0.47619047619047616,0.6666666666666666,5.142857142857143,421342234424342333134
1334,4,0.2857142857142857,0.14285714285714285,0.5714285714285714,0.6666666666666666,4.904761904761905,421342234424342333134
1334,5,0.3333333333333333,0.19047619047619047,0.47619047619047616,0.5714285714285714,5.380952380952381,421342234424342333134
1335,2,0.23809523809523808,0.3333333333333333,0.6190476190476191,0.7142857142857143,4.333333333333333,112141313212344321411
1335,3,0.23809523809523808,0.14285714285714285,0.42857142857142855,0.6666666666666666,5.095238095238095,112141313212344321411
1335,4,0.09523809523809523,0.14285714285714285,0.42857142857142855,0.5238095238095238,6.190476190476191,112141313212344321411
1335,5,0.09523809523809523,0.09523809523809523,0.2857142857142857,0.42857142857142855,7.619047619047619,112141313212344321411
1336,2,0.2857142857142857,0.3333333333333333,0.5714285714285714,0.7142857142857143,4.714285714285714,114242312411143331223
1336,3,0.19047619047619047,0.047619047619047616,0.5714285714285714,0.7142857142857143,5.0476190476190474,114242312411143331223
1336,4,0.23809523809523808,0.047619047619047616,0.38095238095238093,0.47619047619047616,6.380952380952381,114242312411143331223
1336,5,0.14285714285714285,0.09523809523809523,0.2857142857142857,0.47619047619047616,7.571428571428571,114242312411143331223
1337,2,0.38095238095238093,0.19047619047619047,0.5714285714285714,0.7619047619047619,3.8095238095238093,324312323134311431124
1337,3,0.3333333333333333,0.23809523809523808,0.5238095238095238,0.7619047619047619,4.190476190476191,324312323134311431124
1337,4,0.3333333333333333,0.19047619047619047,0.5714285714285714,0.5714285714285714,4.523809523809524,324312323134311431124
1337,5,0.23809523809523808,0.09523809523809523,0.47619047619047616,0.5714285714285714,5.761904761904762,324312323134311431124
1338,2,0.2857142857142857,0.3333333333333333,0.5238095238095238,0.7619047619047619,4.095238095238095,241343233133223143144
1338,3,0.23809523809523808,0.19047619047619047,0.42857142857142855,0.6190476190476191,4.761904761904762,241343233133223143144
1338,4,0.19047619047619047,0.2857142857142857,0.42857142857142855,0.6190476190476191,5.380952380952381,241343233133223143144
1338,5,0.2857142857142857,0.14285714285714285,0.42857142857142855,0.5714285714285714,5.095238095238095,241343233133223143144
1339,2,0.23809523809523808,0.23809523809523808,0.5238095238095238,0.7619047619047619,3.7142857142857144,324142423331424312214
1339,3,0.19047619047619047,0.19047619047619047,0.47619047619047616,0.6190476190476191,4.666666666666667,324142423331424312214
1339,4,0.14285714285714285,0.14285714285714285,0.42857142857142855,0.42857142857142855,5.904761904761905,324142423331424312214
1339,5,0.14285714285714285,0.19047619047619047,0.2857142857142857,0.42857142857142855,7.095238095238095,324142423331424312214
1340,2,0.2857142857142857,0.047619047619047616,0.6190476190476191,0.7619047619047619,4.0476190476190474,234331312414312314211
1340,3,0.23809523809523808,0.23809523809523808,0.6190476190476191,0.8095238095238095,3.9047619047619047,234331312414312314211
1340,4,0.2857142857142857,0.3333333333333333,0.5238095238095238,0.6190476190476191,4.9523809523809526,234331312414312314211
1340,5,0.23809523809523808,0.2857142857142857,0.3333333333333333,0.42857142857142855,6.714285714285714,234331312414312314211
1341,2,0.38095238095238093,0.2857142857142857,0.47619047619047616,0.7142857142857143,3.619047619047619,314241133133433141141
1341,3,0.3333333333333333,0.23809523809523808,0.6190476190476191,0.6666666666666666,3.8095238095238093,314241133133433141141
1341,4,0.23809523809523808,0.23809523809523808,0.38095238095238093,0.5238095238095238,5.380952380952381,314241133133433141141
1341,5,0.09523809523809523,0.2857142857142857,0.38095238095238093,0.5238095238095238,5.9523809523809526,314241133133433141141
1342,2,0.3333333333333333,0.14285714285714285,0.5238095238095238,0.7142857142857143,5.238095238095238,114213414122113434242
1342,3,0.2857142857142857,0.23809523809523808,0.6666666666666666,0.7619047619047619,4.523809523809524,114213414122113434242
1342,4,0.23809523809523808,0.23809523809523808,0.42857142857142855,0.6666666666666666,5.428571428571429,114213414122113434242
1342,5,0.2857142857142857,0.2857142857142857,0.5238095238095238,0.6190476190476191,6.619047619047619,114213414122113434242
1343,2,0.2857142857142857,0.14285714285714285,0.7142857142857143,0.7619047619047619,3.619047619047619,333331131132133332113
1343,3,0.23809523809523808,0.2857142857142857,0.5238095238095238,0.5714285714285714,5.380952380952381,333331131132133332113
1343,4,0.19047619047619047,0.23809523809523808,0.3333333333333333,0.42857142857142855,6.809523809523809,333331131132133332113
1343,5,0.19047619047619047,0.19047619047619047,0.2857142857142857,0.38095238095238093,7.809523809523809,333331131132133332113
1344,2,0.2857142857142857,0.19047619047619047,0.5714285714285714,0.8095238095238095,3.380952380952381,444322322231423133413
1344,3,0.19047619047619047,0.23809523809523808,0.5714285714285714,0.7619047619047619,4.0476190476190474,444322322231423133413
1344,4,0.19047619047619047,0.19047619047619047,0.42857142857142855,0.5238095238095238,5.238095238095238,444322322231423133413
1344,5,0.2857142857142857,0.19047619047619047,0.47619047619047616,0.5238095238095238,6.190476190476191,444322322231423133413
1345,2,0.2857142857142857,0.19047619047619047,0.5238095238095238,0.8095238095238095,3.9523809523809526,341214113221334232324
1345,3,0.19047619047619047,0.19047619047619047,0.5714285714285714,0.8095238095238095,4.0,341214113221334232324
1345,4,0.19047619047619047,0.09523809523809523,0.42857142857142855,0.5714285714285714,5.571428571428571,341214113221334232324
1345,5,0.14285714285714285,0.14285714285714285,0.2857142857142857,0.38095238095238093,7.333333333333333,341214113221334232324
1346,2,0.14285714285714285,0.14285714285714285,0.5714285714285714,0.7619047619047619,4.142857142857143,311232132322124113432
1346,3,0.19047619047619047,0.23809523809523808,0.5238095238095238,0.6190476190476191,5.0,311232132322124113432
1346,4,0.2857142857142857,0.23809523809523808,0.47619047619047616,0.5714285714285714,5.619047619047619,311232132322124113432
1346,5,0.19047619047619047,0.23809523809523808,0.3333333333333333,0.47619047619047616,6.380952380952381,311232132322124113432
1347,2,0.14285714285714285,0.42857142857142855,0.6666666666666666,0.9047619047619048,3.5714285714285716,342314111422323133332
1347,3,0.09523809523809523,0.09523809523809523,0.5714285714285714,0.8095238095238095,3.857142857142857,342314111422323133332
1347,4,0.14285714285714285,0.19047619047619047,0.5238095238095238,0.7142857142857143,4.666666666666667,342314111422323133332
1347,5,0.23809523809523808,0.23809523809523808,0.38095238095238093,0.6190476190476191,5.523809523809524,342314111422323133332
1348,2,0.47619047619047616,0.3333333333333333,0.6666666666666666,0.8571428571428571,2.9047619047619047,334424333143323412241
1348,3,0.3333333333333333,0.42857142857142855,0.7619047619047619,0.9047619047619048,2.8095238095238093,334424333143323412241
1348,4,0.23809523809523808,0.42857142857142855,0.6666666666666666,0.7619047619047619,3.5714285714285716,334424333143323412241
1348,5,0.2857142857142857,0.42857142857142855,0.47619047619047616,0.6190476190476191,5.285714285714286,334424333143323412241
1349,2,0.42857142857142855,0.47619047619047616,0.8095238095238095,0.8571428571428571,2.5238095238095237,231132344341211341442
1349,3,0.3333333333333333,0.23809523809523808,0.6666666666666666,0.8571428571428571,3.3333333333333335,231132344341211341442
1349,4,0.2857142857142857,0.23809523809523808,0.5714285714285714,0.6190476190476191,4.809523809523809,231132344341211341442
1349,5,0.19047619047619047,0.19047619047619047,0.47619047619047616,0.5238095238095238,6.380952380952381,231132344341211341442
1350,2,0.14285714285714285,0.23809523809523808,0.6190476190476191,0.8095238095238095,4.142857142857143,424331332424432114431
1350,3,0.23809523809523808,0.38095238095238093,0.6666666666666666,0.7142857142857143,4.142857142857143,424331332424432114431
1350,4,0.23809523809523808,0.19047619047619047,0.5238095238095238,0.6666666666666666,4.9523809523809526,424331332424432114431
1350,5,0.19047619047619047,0.09523809523809523,0.42857142857142855,0.47619047619047616,5.809523809523809,424331332424432114431
1351,2,0.38095238095238093,0.3333333333333333,0.7619047619047619,0.8095238095238095,3.0952380952380953,244422441343433343142
1351,3,0.19047619047619047,0.2857142857142857,0.6666666666666666,0.7619047619047619,3.6666666666666665,244422441343433343142
1351,4,0.14285714285714285,0.14285714285714285,0.38095238095238093,0.6190476190476191,5.190476190476191,244422441343433343142
1351,5,0.19047619047619047,0.14285714285714285,0.38095238095238093,0.47619047619047616,5.857142857142857,244422441343433343142
1352,2,0.23809523809523808,0.14285714285714285,0.5238095238095238,0.6666666666666666,5.095238095238095,223223213421144421322
1352,3,0.2857142857142857,0.42857142857142855,0.42857142857142855,0.6666666666666666,4.809523809523809,223223213421144421322
1352,4,0.09523809523809523,0.19047619047619047,0.47619047619047616,0.6190476190476191,5.809523809523809,223223213421144421322
1352,5,0.09523809523809523,0.047619047619047616,0.23809523809523808,0.42857142857142855,7.761904761904762,223223213421144421322
1353,2,0.3333333333333333,0.3333333333333333,0.5714285714285714,0.7142857142857143,4.333333333333333,134421332321333413141
1353,3,0.2857142857142857,0.2857142857142857,0.6190476190476191,0.7619047619047619,3.9523809523809526,134421332321333413141
1353,4,0.2857142857142857,0.38095238095238093,0.5714285714285714,0.7142857142857143,4.666666666666667,134421332321333413141
1353,5,0.14285714285714285,0.14285714285714285,0.2857142857142857,0.42857142857142855,7.380952380952381,134421332321333413141
1354,2,0.2857142857142857,0.23809523809523808,0.6666666666666666,0.7142857142857143,3.7142857142857144,221442113132313223213
1354,3,0.19047619047619047,0.2857142857142857,0.5238095238095238,0.6190476190476191,4.714285714285714,221442113132313223213
1354,4,0.19047619047619047,0.19047619047619047,0.5238095238095238,0.5714285714285714,5.476190476190476,221442113132313223213
1354,5,0.09523809523809523,0.09523809523809523,0.2857142857142857,0.42857142857142855,6.9523809523809526,221442113132313223213
1355,2,0.38095238095238093,0.23809523809523808,0.7142857142857143,0.8095238095238095,3.7142857142857144,141332144242343211434
1355,3,0.19047619047619047,0.19047619047619047,0.5714285714285714,0.7142857142857143,5.0,141332144242343211434
1355,4,0.14285714285714285,0.19047619047619047,0.47619047619047616,0.6190476190476191,5.523809523809524,141332144242343211434
1355,5,0.2857142857142857,0.047619047619047616,0.38095238095238093,0.5238095238095238,6.714285714285714,141332144242343211434
1356,2,0.3333333333333333,0.38095238095238093,0.5714285714285714,0.7619047619047619,4.238095238095238,341143111133421241133
1356,3,0.23809523809523808,0.19047619047619047,0.47619047619047616,0.6190476190476191,4.714285714285714,341143111133421241133
1356,4,0.19047619047619047,0.14285714285714285,0.42857142857142855,0.5238095238095238,6.0,341143111133421241133
1356,5,0.14285714285714285,0.23809523809523808,0.38095238095238093,0.42857142857142855,6.095238095238095,341143111133421241133
1357,2,0.47619047619047616,0.19047619047619047,0.7142857142857143,0.7619047619047619,3.9047619047619047,143242421131111231144
1357,3,0.2857142857142857,0.14285714285714285,0.6666666666666666,0.7142857142857143,4.714285714285714,143242421131111231144
1357,4,0.2857142857142857,0.0,0.38095238095238093,0.6666666666666666,5.904761904761905,143242421131111231144
1357,5,0.19047619047619047,0.047619047619047616,0.47619047619047616,0.47619047619047616,7.857142857142857,143242421131111231144
1358,2,0.19047619047619047,0.3333333333333333,0.5714285714285714,0.7619047619047619,4.142857142857143,423243432322343133431
1358,3,0.23809523809523808,0.42857142857142855,0.47619047619047616,0.7142857142857143,4.190476190476191,423243432322343133431
1358,4,0.19047619047619047,0.14285714285714285,0.5238095238095238,0.7142857142857143,4.523809523809524,423243432322343133431
1358,5,0.09523809523809523,0.14285714285714285,0.38095238095238093,0.5238095238095238,6.476190476190476,423243432322343133431
1359,2,0.2857142857142857,0.2857142857142857,0.5714285714285714,0.8095238095238095,4.0,113132443322214113443
1359,3,0.23809523809523808,0.19047619047619047,0.6190476190476191,0.7142857142857143,4.523809523809524,113132443322214113443
1359,4,0.19047619047619047,0.23809523809523808,0.5238095238095238,0.5714285714285714,5.380952380952381,113132443322214113443
1359,5,0.19047619047619047,0.19047619047619047,0.42857142857142855,0.5714285714285714,7.095238095238095,113132443322214113443
1360,2,0.2857142857142857,0.3333333333333333,0.5714285714285714,0.7619047619047619,4.571428571428571,121312341442134213223
1360,3,0.23809523809523808,0.23809523809523808,0.5714285714285714,0.6666666666666666,5.476190476190476,121312341442134213223
1360,4,0.2857142857142857,0.19047619047619047,0.47619047619047616,0.5714285714285714,6.238095238095238,121312341442134213223
1360,5,0.23809523809523808,0.23809523809523808,0.3333333333333333,0.42857142857142855,7.761904761904762,121312341442134213223
1361,2,0.42857142857142855,0.2857142857142857,0.5714285714285714,0.7142857142857143,4.428571428571429,424223112212422441211
1361,3,0.2857142857142857,0.3333333333333333,0.6190476190476191,0.6666666666666666,4.333333333333333,424223112212422441211
1361,4,0.19047619047619047,0.09523809523809523,0.42857142857142855,0.6190476190476191,5.333333333333333,424223112212422441211
1361,5,0.09523809523809523,0.09523809523809523,0.38095238095238093,0.42857142857142855,6.809523809523809,424223112212422441211
1362,2,0.3333333333333333,0.47619047619047616,0.7142857142857143,0.8571428571428571,3.0,312414311413411411431
1362,3,0.3333333333333333,0.3333333333333333,0.6666666666666666,0.7619047619047619,3.761904761904762,312414311413411411431
1362,4,0.2857142857142857,0.2857142857142857,0.5238095238095238,0.6666666666666666,4.523809523809524,312414311413411411431
1362,5,0.09523809523809523,0.2857142857142857,0.42857142857142855,0.6190476190476191,5.523809523809524,312414311413411411431
1363,2,0.3333333333333333,0.38095238095238093,0.7142857142857143,0.8571428571428571,3.238095238095238,322124442113114331111
1363,3,0.3333333333333333,0.2857142857142857,0.6666666666666666,0.7142857142857143,4.142857142857143,322124442113114331111
1363,4,0.23809523809523808,0.2857142857142857,0.38095238095238093,0.5238095238095238,5.523809523809524,322124442113114331111
1363,5,0.09523809523809523,0.19047619047619047,0.38095238095238093,0.47619047619047616,6.714285714285714,322124442113114331111
1364,2,0.38095238095238093,0.3333333333333333,0.6190476190476191,0.7619047619047619,4.285714285714286,441433234243122344421
1364,3,0.2857142857142857,0.23809523809523808,0.5714285714285714,0.6190476190476191,5.142857142857143,441433234243122344421
1364,4,0.14285714285714285,0.19047619047619047,0.47619047619047616,0.6190476190476191,5.619047619047619,441433234243122344421
1364,5,0.2857142857142857,0.3333333333333333,0.5714285714285714,0.5714285714285714,5.095238095238095,441433234243122344421
1365,2,0.3333333333333333,0.19047619047619047,0.6190476190476191,0.7619047619047619,4.523809523809524,112442122412131233311
1365,3,0.23809523809523808,0.19047619047619047,0.5238095238095238,0.6190476190476191,5.238095238095238,112442122412131233311
1365,4,0.19047619047619047,0.14285714285714285,0.3333333333333333,0.42857142857142855,6.809523809523809,112442122412131233311
1365,5,0.09523809523809523,0.23809523809523808,0.23809523809523808,0.5238095238095238,7.857142857142857,112442122412131233311
1366,2,0.2857142857142857,0.2857142857142857,0.47619047619047616,0.6666666666666666,5.0476190476190474,243143112443434342111
1366,3,0.2857142857142857,0.2857142857142857,0.38095238095238093,0.47619047619047616,5.142857142857143,243143112443434342111
1366,4,0.14285714285714285,0.23809523809523808,0.3333333333333333,0.47619047619047616,6.714285714285714,243143112443434342111
1366,5,0.14285714285714285,0.19047619047619047,0.2857142857142857,0.38095238095238093,6.9523809523809526,243143112443434342111
1367,2,0.2857142857142857,0.3333333333333333,0.47619047619047616,0.7142857142857143,5.0,123124312423133421222
1367,3,0.19047619047619047,0.19047619047619047,0.5238095238095238,0.6190476190476191,5.238095238095238,123124312423133421222
1367,4,0.09523809523809523,0.19047619047619047,0.42857142857142855,0.5714285714285714,6.523809523809524,123124312423133421222
1367,5,0.14285714285714285,0.19047619047619047,0.2857142857142857,0.47619047619047616,7.428571428571429,123124312423133421222
1368,2,0.3333333333333333,0.3333333333333333,0.7619047619047619,0.8095238095238095,4.0,122244422314322433143
1368,3,0.2857142857142857,0.09523809523809523,0.6666666666666666,0.8571428571428571,4.095238095238095,122244422314322433143
1368,4,0.23809523809523808,0.19047619047619047,0.5238095238095238,0.7142857142857143,4.714285714285714,122244422314322433143
1368,5,0.23809523809523808,0.3333333333333333,0.38095238095238093,0.5714285714285714,6.285714285714286,122244422314322433143
1369,2,0.23809523809523808,0.3333333333333333,0.7142857142857143,0.8095238095238095,3.9523809523809526,142221111142312212312
1369,3,0.14285714285714285,0.19047619047619047,0.6190476190476191,0.7142857142857143,4.333333333333333,142221111142312212312
1369,4,0.23809523809523808,0.19047619047619047,0.47619047619047616,0.6666666666666666,5.142857142857143,142221111142312212312
1369,5,0.23809523809523808,0.2857142857142857,0.42857142857142855,0.47619047619047616,7.238095238095238,142221111142312212312
1370,2,0.38095238095238093,0.2857142857142857,0.5714285714285714,0.7619047619047619,4.0,344241333114131434112
1370,3,0.23809523809523808,0.38095238095238093,0.6666666666666666,0.8095238095238095,4.238095238095238,344241333114131434112
1370,4,0.23809523809523808,0.23809523809523808,0.38095238095238093,0.47619047619047616,5.761904761904762,344241333114131434112
1370,5,0.19047619047619047,0.14285714285714285,0.38095238095238093,0.5714285714285714,6.809523809523809,344241333114131434112
1371,2,0.3333333333333333,0.23809523809523808,0.47619047619047616,0.7142857142857143,4.523809523809524,423441123234124424123
1371,3,0.2857142857142857,0.2857142857142857,0.5238095238095238,0.6666666666666666,5.0,423441123234124424123
1371,4,0.19047619047619047,0.38095238095238093,0.42857142857142855,0.5238095238095238,6.285714285714286,423441123234124424123
1371,5,0.19047619047619047,0.19047619047619047,0.38095238095238093,0.6190476190476191,6.190476190476191,423441123234124424123
1372,2,0.23809523809523808,0.42857142857142855,0.6190476190476191,0.8571428571428571,3.857142857142857,342333341311344233224
1372,3,0.19047619047619047,0.2857142857142857,0.5714285714285714,0.8095238095238095,3.619047619047619,342333341311344233224
1372,4,0.14285714285714285,0.19047619047619047,0.47619047619047616,0.6666666666666666,4.428571428571429,342333341311344233224
1372,5,0.23809523809523808,0.09523809523809523,0.42857142857142855,0.5238095238095238,6.380952380952381,342333341311344233224
1373,2,0.3333333333333333,0.38095238095238093,0.5714285714285714,0.7619047619047619,4.190476190476191,424334413314343422133
1373,3,0.23809523809523808,0.3333333333333333,0.5714285714285714,0.8095238095238095,3.857142857142857,424334413314343422133
1373,4,0.14285714285714285,0.19047619047619047,0.5714285714285714,0.7142857142857143,4.380952380952381,424334413314343422133
1373,5,0.23809523809523808,0.23809523809523808,0.38095238095238093,0.6190476190476191,5.333333333333333,424334413314343422133
1374,2,0.3333333333333333,0.47619047619047616,0.5714285714285714,0.8095238095238095,3.8095238095238093,344232414321343433121
1374,3,0.2857142857142857,0.19047619047619047,0.5714285714285714,0.9047619047619048,3.3333333333333335,344232414321343433121
1374,4,0.19047619047619047,0.23809523809523808,0.5238095238095238,0.7142857142857143,3.761904761904762,344232414321343433121
1374,5,0.23809523809523808,0.2857142857142857,0.47619047619047616,0.5714285714285714,6.142857142857143,344232414321343433121
1375,2,0.47619047619047616,0.42857142857142855,0.7619047619047619,0.8095238095238095,2.8095238095238093,433344434442413443134
1375,3,0.38095238095238093,0.5714285714285714,0.6190476190476191,0.7142857142857143,3.857142857142857,433344434442413443134
1375,4,0.2857142857142857,0.2857142857142857,0.5714285714285714,0.7619047619047619,4.238095238095238,433344434442413443134
1375,5,0.2857142857142857,0.23809523809523808,0.5714285714285714,0.6666666666666666,5.666666666666667,433344434442413443134
1376,2,0.3333333333333333,0.38095238095238093,0.47619047619047616,0.7619047619047619,4.571428571428571,333213134443143343314
1376,3,0.3333333333333333,0.2857142857142857,0.5238095238095238,0.5714285714285714,4.9523809523809526,333213134443143343314
1376,4,0.19047619047619047,0.19047619047619047,0.5238095238095238,0.5714285714285714,6.095238095238095,333213134443143343314
1376,5,0.2857142857142857,0.14285714285714285,0.3333333333333333,0.42857142857142855,6.9523809523809526,333213134443143343314
1377,2,0.3333333333333333,0.38095238095238093,0.5714285714285714,0.7619047619047619,4.238095238095238,313432322124132221124
1377,3,0.19047619047619047,0.38095238095238093,0.6190476190476191,0.7142857142857143,4.619047619047619,313432322124132221124
1377,4,0.23809523809523808,0.23809523809523808,0.42857142857142855,0.6190476190476191,5.333333333333333,313432322124132221124
1377,5,0.14285714285714285,0.19047619047619047,0.38095238095238093,0.47619047619047616,7.0,313432322124132221124
1378,2,0.23809523809523808,0.19047619047619047,0.5238095238095238,0.8095238095238095,3.857142857142857,424321134213443314322
1378,3,0.19047619047619047,0.23809523809523808,0.5714285714285714,0.7619047619047619,4.333333333333333,424321134213443314322
1378,4,0.19047619047619047,0.19047619047619047,0.47619047619047616,0.5714285714285714,5.428571428571429,424321134213443314322
1378,5,0.23809523809523808,0.14285714285714285,0.42857142857142855,0.5238095238095238,5.333333333333333,424321134213443314322
1379,2,0.3333333333333333,0.23809523809523808,0.6190476190476191,0.7619047619047619,4.428571428571429,334443343414442144144
1379,3,0.19047619047619047,0.2857142857142857,0.7142857142857143,0.7142857142857143,4.238095238095238,334443343414442144144
1379,4,0.23809523809523808,0.19047619047619047,0.5714285714285714,0.6190476190476191,4.809523809523809,334443343414442144144
1379,5,0.19047619047619047,0.09523809523809523,0.2857142857142857,0.47619047619047616,6.857142857142857,334443343414442144144
1380,2,0.14285714285714285,0.09523809523809523,0.5238095238095238,0.7619047619047619,4.238095238095238,442314113321143444432
1380,3,0.23809523809523808,0.2857142857142857,0.47619047619047616,0.7619047619047619,4.0476190476190474,442314113321143444432
1380,4,0.19047619047619047,0.38095238095238093,0.5238095238095238,0.7142857142857143,5.238095238095238,442314113321143444432
1380,5,0.19047619047619047,0.23809523809523808,0.42857142857142855,0.7619047619047619,5.380952380952381,442314113321143444432
1381,2,0.38095238095238093,0.47619047619047616,0.5714285714285714,0.8571428571428571,3.6666666666666665,331442311444241324231
1381,3,0.2857142857142857,0.23809523809523808,0.6666666666666666,0.7619047619047619,4.142857142857143,331442311444241324231
1381,4,0.23809523809523808,0.38095238095238093,0.5238095238095238,0.6190476190476191,4.761904761904762,331442311444241324231
1381,5,0.23809523809523808,0.14285714285714285,0.3333333333333333,0.38095238095238093,6.904761904761905,331442311444241324231
1382,2,0.42857142857142855,0.42857142857142855,0.5238095238095238,0.8571428571428571,3.1904761904761907,311142144231441141441
1382,3,0.3333333333333333,0.3333333333333333,0.5714285714285714,0.6666666666666666,4.095238095238095,311142144231441141441
1382,4,0.14285714285714285,0.19047619047619047,0.42857142857142855,0.5238095238095238,5.809523809523809,311142144231441141441
1382,5,0.047619047619047616,0.09523809523809523,0.47619047619047616,0.5714285714285714,6.285714285714286,311142144231441141441
1383,2,0.2857142857142857,0.14285714285714285,0.5238095238095238,0.6190476190476191,5.476190476190476,141313212132312242342
1383,3,0.19047619047619047,0.19047619047619047,0.5714285714285714,0.6666666666666666,5.523809523809524,141313212132312242342
1383,4,0.2857142857142857,0.19047619047619047,0.47619047619047616,0.6190476190476191,5.761904761904762,141313212132312242342
1383,5,0.2857142857142857,0.2857142857142857,0.47619047619047616,0.47619047619047616,6.761904761904762,141313212132312242342
1384,2,0.2857142857142857,0.23809523809523808,0.6190476190476191,0.8571428571428571,3.2857142857142856,434332421431111322434
1384,3,0.2857142857142857,0.2857142857142857,0.5714285714285714,0.6666666666666666,4.428571428571429,434332421431111322434
1384,4,0.3333333333333333,0.09523809523809523,0.42857142857142855,0.6190476190476191,5.619047619047619,434332421431111322434
1384,5,0.09523809523809523,0.047619047619047616,0.47619047619047616,0.5714285714285714,6.476190476190476,434332421431111322434
1385,2,0.42857142857142855,0.3333333333333333,0.7142857142857143,0.8571428571428571,2.7142857142857144,321134121112214411441
1385,3,0.38095238095238093,0.23809523809523808,0.6666666666666666,0.7142857142857143,3.7142857142857144,321134121112214411441
1385,4,0.2857142857142857,0.3333333333333333,0.47619047619047616,0.6666666666666666,5.0476190476190474,321134121112214411441
1385,5,0.14285714285714285,0.14285714285714285,0.3333333333333333,0.42857142857142855,6.476190476190476,321134121112214411441
1386,2,0.2857142857142857,0.23809523809523808,0.6190476190476191,0.8571428571428571,3.0952380952380953,424324433112234344212
1386,3,0.3333333333333333,0.3333333333333333,0.42857142857142855,0.7142857142857143,4.0476190476190474,424324433112234344212
1386,4,0.23809523809523808,0.3333333333333333,0.47619047619047616,0.5238095238095238,5.095238095238095,424324433112234344212
1386,5,0.23809523809523808,0.19047619047619047,0.38095238095238093,0.5238095238095238,5.619047619047619,424324433112234344212
1387,2,0.38095238095238093,0.38095238095238093,0.7142857142857143,0.8571428571428571,2.857142857142857,442124443323221222121
1387,3,0.3333333333333333,0.3333333333333333,0.6190476190476191,0.7142857142857143,3.5714285714285716,442124443323221222121
1387,4,0.19047619047619047,0.2857142857142857,0.47619047619047616,0.7142857142857143,4.714285714285714,442124443323221222121
1387,5,0.23809523809523808,0.3333333333333333,0.47619047619047616,0.6666666666666666,5.428571428571429,442124443323221222121
1388,2,0.2857142857142857,0.19047619047619047,0.5714285714285714,0.8095238095238095,3.619047619047619,333144413141232143321
1388,3,0.23809523809523808,0.3333333333333333,0.5238095238095238,0.7142857142857143,3.9523809523809526,333144413141232143321
1388,4,0.19047619047619047,0.2857142857142857,0.47619047619047616,0.6190476190476191,4.9523809523809526,333144413141232143321
1388,5,0.19047619047619047,0.2857142857142857,0.2857142857142857,0.42857142857142855,7.238095238095238,333144413141232143321
1389,2,0.3333333333333333,0.14285714285714285,0.5238095238095238,0.7142857142857143,4.476190476190476,134231124333314133242
1389,3,0.2857142857142857,0.19047619047619047,0.6190476190476191,0.7619047619047619,4.238095238095238,134231124333314133242
1389,4,0.2857142857142857,0.14285714285714285,0.5238095238095238,0.6666666666666666,4.9523809523809526,134231124333314133242
1389,5,0.23809523809523808,0.2857142857142857,0.47619047619047616,0.5238095238095238,6.523809523809524,134231124333314133242
1390,2,0.47619047619047616,0.42857142857142855,0.6190476190476191,0.9047619047619048,3.142857142857143,414132244241311134233
1390,3,0.3333333333333333,0.38095238095238093,0.5714285714285714,0.7619047619047619,3.5714285714285716,414132244241311134233
1390,4,0.2857142857142857,0.23809523809523808,0.5238095238095238,0.6190476190476191,4.333333333333333,414132244241311134233
1390,5,0.2857142857142857,0.38095238095238093,0.5238095238095238,0.5238095238095238,6.142857142857143,414132244241311134233
1391,2,0.38095238095238093,0.23809523809523808,0.5714285714285714,0.8095238095238095,3.6666666666666665,431324343442443122424
1391,3,0.2857142857142857,0.2857142857142857,0.6190476190476191,0.6666666666666666,4.476190476190476,431324343442443122424
1391,4,0.14285714285714285,0.23809523809523808,0.6190476190476191,0.7142857142857143,4.857142857142857,431324343442443122424
1391,5,0.19047619047619047,0.09523809523809523,0.5238095238095238,0.6190476190476191,5.238095238095238,431324343442443122424
1392,2,0.3333333333333333,0.3333333333333333,0.6190476190476191,0.7619047619047619,3.9523809523809526,321241132442112222121
1392,3,0.2857142857142857,0.19047619047619047,0.6190476190476191,0.7142857142857143,4.666666666666667,321241132442112222121
1392,4,0.2857142857142857,0.2857142857142857,0.42857142857142855,0.5714285714285714,5.619047619047619,321241132442112222121
1392,5,0.2857142857142857,0.38095238095238093,0.38095238095238093,0.47619047619047616,6.571428571428571,321241132442112222121
1393,2,0.3333333333333333,0.3333333333333333,0.5714285714285714,0.6666666666666666,4.428571428571429,234212211334421411113
1393,3,0.23809523809523808,0.23809523809523808,0.5714285714285714,0.6666666666666666,4.666666666666667,234212211334421411113
1393,4,0.2857142857142857,0.14285714285714285,0.42857142857142855,0.5714285714285714,5.095238095238095,234212211334421411113
1393,5,0.19047619047619047,0.14285714285714285,0.2857142857142857,0.3333333333333333,7.523809523809524,234212211334421411113
1394,2,0.23809523809523808,0.19047619047619047,0.5238095238095238,0.7142857142857143,5.476190476190476,114333314213144311214
1394,3,0.14285714285714285,0.23809523809523808,0.5714285714285714,0.6190476190476191,5.428571428571429,114333314213144311214
1394,4,0.19047619047619047,0.09523809523809523,0.47619047619047616,0.47619047619047616,6.571428571428571,114333314213144311214
1394,5,0.14285714285714285,0.047619047619047616,0.42857142857142855,0.5238095238095238,7.238095238095238,114333314213144311214
1395,2,0.38095238095238093,0.23809523809523808,0.6190476190476191,0.7142857142857143,4.0,344421133314432422342
1395,3,0.23809523809523808,0.2857142857142857,0.5714285714285714,0.7142857142857143,4.380952380952381,344421133314432422342
1395,4,0.23809523809523808,0.14285714285714285,0.3333333333333333,0.47619047619047616,6.0,344421133314432422342
1395,5,0.14285714285714285,0.19047619047619047,0.38095238095238093,0.47619047619047616,5.904761904761905,344421133314432422342
1396,2,0.2857142857142857,0.2857142857142857,0.47619047619047616,0.7142857142857143,5.0476190476190474,441133212133121421224
1396,3,0.23809523809523808,0.2857142857142857,0.47619047619047616,0.5238095238095238,5.714285714285714,441133212133121421224
1396,4,0.14285714285714285,0.23809523809523808,0.47619047619047616,0.6190476190476191,5.666666666666667,441133212133121421224
1396,5,0.19047619047619047,0.14285714285714285,0.5238095238095238,0.6190476190476191,5.714285714285714,441133212133121421224
1397,2,0.3333333333333333,0.23809523809523808,0.5714285714285714,0.7142857142857143,4.476190476190476,344244212224213124323
1397,3,0.2857142857142857,0.3333333333333333,0.5714285714285714,0.8571428571428571,3.8095238095238093,344244212224213124323
1397,4,0.19047619047619047,0.2857142857142857,0.47619047619047616,0.6666666666666666,4.380952380952381,344244212224213124323
1397,5,0.19047619047619047,0.14285714285714285,0.2857142857142857,0.47619047619047616,6.523809523809524,344244212224213124323
1398,2,0.3333333333333333,0.42857142857142855,0.5238095238095238,0.7619047619047619,4.904761904761905,121412244134142434233
1398,3,0.2857142857142857,0.23809523809523808,0.5714285714285714,0.6190476190476191,5.809523809523809,121412244134142434233
1398,4,0.2857142857142857,0.23809523809523808,0.5238095238095238,0.5714285714285714,5.809523809523809,121412244134142434233
1398,5,0.2857142857142857,0.19047619047619047,0.38095238095238093,0.5238095238095238,6.714285714285714,121412244134142434233
1399,2,0.3333333333333333,0.2857142857142857,0.6190476190476191,0.7619047619047619,4.904761904761905,112343134334341232244
1399,3,0.23809523809523808,0.3333333333333333,0.5238095238095238,0.7142857142857143,5.0,112343134334341232244
1399,4,0.23809523809523808,0.23809523809523808,0.42857142857142855,0.6666666666666666,5.666666666666667,112343134334341232244
1399,5,0.2857142857142857,0.2857142857142857,0.5238095238095238,0.6190476190476191,5.714285714285714,112343134334341232244
1400,2,0.3333333333333333,0.19047619047619047,0.6666666666666666,0.8095238095238095,3.238095238095238,342224132431344421414
1400,3,0.2857142857142857,0.23809523809523808,0.5714285714285714,0.7142857142857143,3.9523809523809526,342224132431344421414
1400,4,0.23809523809523808,0.19047619047619047,0.47619047619047616,0.6190476190476191,4.904761904761905,342224132431344421414
1400,5,0.14285714285714285,0.09523809523809523,0.5238095238095238,0.6666666666666666,5.571428571428571,342224132431344421414
1401,2,0.38095238095238093,0.2857142857142857,0.7619047619047619,0.8095238095238095,3.3333333333333335,334424433214221213323
1401,3,0.23809523809523808,0.2857142857142857,0.5714285714285714,0.8095238095238095,3.857142857142857,334424433214221213323
1401,4,0.19047619047619047,0.2857142857142857,0.47619047619047616,0.5714285714285714,4.761904761904762,334424433214221213323
1401,5,0.23809523809523808,0.23809523809523808,0.3333333333333333,0.42857142857142855,6.761904761904762,334424433214221213323
1402,2,0.2857142857142857,0.3333333333333333,0.6190476190476191,0.7619047619047619,3.3333333333333335,324412423312343433413
1402,3,0.23809523809523808,0.3333333333333333,0.5238095238095238,0.7619047619047619,3.7142857142857144,324412423312343433413
1402,4,0.23809523809523808,0.2857142857142857,0.5238095238095238,0.5714285714285714,4.904761904761905,324412423312343433413
1402,5,0.19047619047619047,0.09523809523809523,0.3333333333333333,0.5238095238095238,6.619047619047619,324412423312343433413
1403,2,0.19047619047619047,0.19047619047619047,0.5714285714285714,0.7142857142857143,4.285714285714286,442431114322433214114
1403,3,0.19047619047619047,0.2857142857142857,0.5714285714285714,0.6666666666666666,4.333333333333333,442431114322433214114
1403,4,0.19047619047619047,0.2857142857142857,0.42857142857142855,0.6666666666666666,5.380952380952381,442431114322433214114
1403,5,0.19047619047619047,0.14285714285714285,0.38095238095238093,0.5238095238095238,6.714285714285714,442431114322433214114
1404,2,0.19047619047619047,0.14285714285714285,0.6666666666666666,0.8571428571428571,3.5714285714285716,313131414133124131244
1404,3,0.23809523809523808,0.23809523809523808,0.6190476190476191,0.7142857142857143,3.9047619047619047,313131414133124131244
1404,4,0.14285714285714285,0.19047619047619047,0.47619047619047616,0.6190476190476191,5.380952380952381,313131414133124131244
1404,5,0.09523809523809523,0.2857142857142857,0.42857142857142855,0.5714285714285714,6.380952380952381,313131414133124131244
1405,2,0.38095238095238093,0.2857142857142857,0.6190476190476191,0.8095238095238095,4.0476190476190474,421223414243441322434
1405,3,0.2857142857142857,0.5714285714285714,0.6190476190476191,0.6666666666666666,4.095238095238095,421223414243441322434
1405,4,0.19047619047619047,0.14285714285714285,0.5238095238095238,0.6190476190476191,5.095238095238095,421223414243441322434
1405,5,0.23809523809523808,0.14285714285714285,0.47619047619047616,0.5238095238095238,5.523809523809524,421223414243441322434
1406,2,0.38095238095238093,0.42857142857142855,0.7619047619047619,0.8571428571428571,3.3333333333333335,133311434111432423133
1406,3,0.2857142857142857,0.38095238095238093,0.5714285714285714,0.7142857142857143,4.190476190476191,133311434111432423133
1406,4,0.3333333333333333,0.3333333333333333,0.47619047619047616,0.6190476190476191,4.904761904761905,133311434111432423133
1406,5,0.38095238095238093,0.3333333333333333,0.42857142857142855,0.5714285714285714,6.428571428571429,133311434111432423133
1407,2,0.3333333333333333,0.19047619047619047,0.6190476190476191,0.8571428571428571,3.0952380952380953,222124133122343142313
1407,3,0.3333333333333333,0.38095238095238093,0.47619047619047616,0.7619047619047619,3.761904761904762,222124133122343142313
1407,4,0.14285714285714285,0.3333333333333333,0.6190476190476191,0.6666666666666666,4.904761904761905,222124133122343142313
1407,5,0.14285714285714285,0.14285714285714285,0.2857142857142857,0.5714285714285714,6.333333333333333,222124133122343142313
1408,2,0.3333333333333333,0.42857142857142855,0.5714285714285714,0.7619047619047619,4.142857142857143,342311213443144222214
1408,3,0.23809523809523808,0.23809523809523808,0.5714285714285714,0.7142857142857143,4.285714285714286,342311213443144222214
1408,4,0.19047619047619047,0.2857142857142857,0.3333333333333333,0.6190476190476191,5.571428571428571,342311213443144222214
1408,5,0.19047619047619047,0.2857142857142857,0.42857142857142855,0.6190476190476191,6.238095238095238,342311213443144222214
1409,2,0.23809523809523808,0.19047619047619047,0.6190476190476191,0.8095238095238095,3.9523809523809526,443343144321331224441
1409,3,0.2857142857142857,0.23809523809523808,0.5714285714285714,0.6190476190476191,4.142857142857143,443343144321331224441
1409,4,0.14285714285714285,0.23809523809523808,0.42857142857142855,0.6666666666666666,5.333333333333333,443343144321331224441
1409,5,0.23809523809523808,0.09523809523809523,0.42857142857142855,0.6190476190476191,6.333333333333333,443343144321331224441
1410,2,0.23809523809523808,0.23809523809523808,0.5714285714285714,0.8095238095238095,3.5238095238095237,441231121341414121433
1410,3,0.3333333333333333,0.23809523809523808,0.6666666666666666,0.7142857142857143,3.6666666666666665,441231121341414121433
1410,4,0.2857142857142857,0.2857142857142857,0.42857142857142855,0.6666666666666666,4.714285714285714,441231121341414121433
1410,5,0.19047619047619047,0.42857142857142855,0.47619047619047616,0.5714285714285714,5.142857142857143,441231121341414121433
1411,2,0.38095238095238093,0.38095238095238093,0.6666666666666666,0.7142857142857143,4.476190476190476,133214231134212433123
1411,3,0.3333333333333333,0.3333333333333333,0.6190476190476191,0.6190476190476191,5.0476190476190474,133214231134212433123
1411,4,0.3333333333333333,0.42857142857142855,0.42857142857142855,0.5714285714285714,5.809523809523809,133214231134212433123
1411,5,0.2857142857142857,0.19047619047619047,0.42857142857142855,0.47619047619047616,7.238095238095238,133214231134212433123
1412,2,0.3333333333333333,0.2857142857142857,0.6666666666666666,0.8095238095238095,3.9047619047619047,211223222143223433233
1412,3,0.3333333333333333,0.2857142857142857,0.47619047619047616,0.6190476190476191,4.428571428571429,211223222143223433233
1412,4,0.19047619047619047,0.23809523809523808,0.47619047619047616,0.6666666666666666,4.761904761904762,211223222143223433233
1412,5,0.3333333333333333,0.47619047619047616,0.38095238095238093,0.5714285714285714,5.285714285714286,211223222143223433233
1413,2,0.23809523809523808,0.14285714285714285,0.5238095238095238,0.8571428571428571,3.8095238095238093,411231314321331222432
1413,3,0.19047619047619047,0.38095238095238093,0.5714285714285714,0.7619047619047619,4.0476190476190474,411231314321331222432
1413,4,0.19047619047619047,0.14285714285714285,0.47619047619047616,0.6190476190476191,4.761904761904762,411231314321331222432
1413,5,0.14285714285714285,0.14285714285714285,0.3333333333333333,0.5238095238095238,6.095238095238095,411231314321331222432
1414,2,0.3333333333333333,0.3333333333333333,0.6190476190476191,0.7142857142857143,4.238095238095238,343243333434231413411
1414,3,0.2857142857142857,0.3333333333333333,0.47619047619047616,0.6190476190476191,4.9523809523809526,343243333434231413411
1414,4,0.19047619047619047,0.23809523809523808,0.42857142857142855,0.5238095238095238,6.095238095238095,343243333434231413411
1414,5,0.14285714285714285,0.09523809523809523,0.3333333333333333,0.47619047619047616,7.142857142857143,343243333434231413411
1415,2,0.19047619047619047,0.14285714285714285,0.5714285714285714,0.7619047619047619,4.523809523809524,123121111432213132433
1415,3,0.19047619047619047,0.19047619047619047,0.5714285714285714,0.5714285714285714,5.333333333333333,123121111432213132433
1415,4,0.19047619047619047,0.14285714285714285,0.42857142857142855,0.5238095238095238,6.333333333333333,123121111432213132433
1415,5,0.14285714285714285,0.19047619047619047,0.23809523809523808,0.38095238095238093,7.476190476190476,123121111432213132433
1416,2,0.38095238095238093,0.3333333333333333,0.7619047619047619,0.9047619047619048,2.9047619047619047,242111231221234132233
1416,3,0.3333333333333333,0.3333333333333333,0.5714285714285714,0.7142857142857143,3.619047619047619,242111231221234132233
1416,4,0.3333333333333333,0.38095238095238093,0.47619047619047616,0.6190476190476191,4.523809523809524,242111231221234132233
1416,5,0.23809523809523808,0.23809523809523808,0.42857142857142855,0.5238095238095238,6.190476190476191,242111231221234132233
1417,2,0.2857142857142857,0.42857142857142855,0.5238095238095238,0.8095238095238095,4.142857142857143,112431134132241133144
1417,3,0.2857142857142857,0.2857142857142857,0.6190476190476191,0.7142857142857143,4.761904761904762,112431134132241133144
1417,4,0.2857142857142857,0.2857142857142857,0.47619047619047616,0.6190476190476191,5.523809523809524,112431134132241133144
1417,5,0.19047619047619047,0.09523809523809523,0.5714285714285714,0.5714285714285714,5.809523809523809,112431134132241133144
1418,2,0.23809523809523808,0.23809523809523808,0.6190476190476191,0.7619047619047619,4.285714285714286,124232412141434411331
1418,3,0.23809523809523808,0.19047619047619047,0.5714285714285714,0.7142857142857143,4.523809523809524,124232412141434411331
1418,4,0.19047619047619047,0.09523809523809523,0.42857142857142855,0.7142857142857143,4.9523809523809526,124232412141434411331
1418,5,0.14285714285714285,0.047619047619047616,0.2857142857142857,0.38095238095238093,7.714285714285714,124232412141434411331
1419,2,0.23809523809523808,0.3333333333333333,0.6666666666666666,0.8095238095238095,4.142857142857143,132233341232214413142
1419,3,0.23809523809523808,0.3333333333333333,0.7142857142857143,0.7619047619047619,4.285714285714286,132233341232214413142
1419,4,0.2857142857142857,0.19047619047619047,0.5714285714285714,0.8095238095238095,4.619047619047619,132233341232214413142
1419,5,0.14285714285714285,0.09523809523809523,0.38095238095238093,0.47619047619047616,7.571428571428571,132233341232214413142
1420,2,0.3333333333333333,0.3333333333333333,0.7142857142857143,0.8095238095238095,3.380952380952381,343344114122323432114
1420,3,0.23809523809523808,0.2857142857142857,0.47619047619047616,0.7619047619047619,4.142857142857143,343344114122323432114
1420,4,0.19047619047619047,0.3333333333333333,0.5238095238095238,0.6666666666666666,5.0476190476190474,343344114122323432114
1420,5,0.2857142857142857,0.19047619047619047,0.42857142857142855,0.6190476190476191,5.904761904761905,343344114122323432114
1421,2,0.23809523809523808,0.19047619047619047,0.6190476190476191,0.8095238095238095,3.4285714285714284,321211443331324222332
1421,3,0.14285714285714285,0.3333333333333333,0.5238095238095238,0.8095238095238095,4.095238095238095,321211443331324222332
1421,4,0.19047619047619047,0.047619047619047616,0.38095238095238093,0.5714285714285714,4.857142857142857,321211443331324222332
1421,5,0.14285714285714285,0.09523809523809523,0.23809523809523808,0.47619047619047616,6.9523809523809526,321211443331324222332
1422,2,0.3333333333333333,0.42857142857142855,0.6190476190476191,0.7142857142857143,3.857142857142857,244312442444412413333
1422,3,0.23809523809523808,0.23809523809523808,0.6190476190476191,0.8095238095238095,4.095238095238095,244312442444412413333
1422,4,0.2857142857142857,0.19047619047619047,0.5238095238095238,0.6666666666666666,4.476190476190476,244312442444412413333
1422,5,0.2857142857142857,0.14285714285714285,0.47619047619047616,0.5714285714285714,5.571428571428571,244312442444412413333
1423,2,0.3333333333333333,0.3333333333333333,0.5714285714285714,0.8571428571428571,3.3333333333333335,413412421214341143343
1423,3,0.23809523809523808,0.3333333333333333,0.6190476190476191,0.8095238095238095,3.761904761904762,413412421214341143343
1423,4,0.2857142857142857,0.2857142857142857,0.5238095238095238,0.7142857142857143,4.238095238095238,413412421214341143343
1423,5,0.19047619047619047,0.09523809523809523,0.42857142857142855,0.5714285714285714,6.142857142857143,413412421214341143343
1424,2,0.47619047619047616,0.3333333333333333,0.6666666666666666,0.9047619047619048,3.1904761904761907,221144323211111224134
1424,3,0.38095238095238093,0.38095238095238093,0.5714285714285714,0.6666666666666666,4.190476190476191,221144323211111224134
1424,4,0.2857142857142857,0.19047619047619047,0.42857142857142855,0.5238095238095238,5.714285714285714,221144323211111224134
1424,5,0.19047619047619047,0.19047619047619047,0.3333333333333333,0.47619047619047616,6.714285714285714,221144323211111224134
1425,2,0.23809523809523808,0.19047619047619047,0.6666666666666666,0.8095238095238095,3.619047619047619,231234442434223314344
1425,3,0.19047619047619047,0.23809523809523808,0.5238095238095238,0.7619047619047619,4.761904761904762,231234442434223314344
1425,4,0.23809523809523808,0.09523809523809523,0.42857142857142855,0.6190476190476191,5.285714285714286,231234442434223314344
1425,5,0.14285714285714285,0.09523809523809523,0.38095238095238093,0.47619047619047616,6.666666666666667,231234442434223314344
1426,2,0.3333333333333333,0.19047619047619047,0.6666666666666666,0.8095238095238095,3.3333333333333335,241343443241223322343
1426,3,0.23809523809523808,0.23809523809523808,0.6190476190476191,0.7619047619047619,4.0,241343443241223322343
1426,4,0.19047619047619047,0.14285714285714285,0.38095238095238093,0.6190476190476191,5.285714285714286,241343443241223322343
1426,5,0.2857142857142857,0.23809523809523808,0.38095238095238093,0.5238095238095238,6.0,241343443241223322343
1427,2,0.38095238095238093,0.38095238095238093,0.7619047619047619,0.7619047619047619,4.190476190476191,443423424314124244234
1427,3,0.3333333333333333,0.3333333333333333,0.5238095238095238,0.7142857142857143,4.476190476190476,443423424314124244234
1427,4,0.14285714285714285,0.14285714285714285,0.42857142857142855,0.7142857142857143,5.523809523809524,443423424314124244234
1427,5,0.23809523809523808,0.2857142857142857,0.47619047619047616,0.6190476190476191,6.476190476190476,443423424314124244234
1428,2,0.38095238095238093,0.38095238095238093,0.7142857142857143,0.8571428571428571,3.380952380952381,232421412411132243234
1428,3,0.23809523809523808,0.42857142857142855,0.6190476190476191,0.7619047619047619,3.857142857142857,232421412411132243234
1428,4,0.14285714285714285,0.14285714285714285,0.42857142857142855,0.7142857142857143,5.190476190476191,232421412411132243234
1428,5,0.09523809523809523,0.09523809523809523,0.3333333333333333,0.42857142857142855,7.428571428571429,232421412411132243234
1429,2,0.2857142857142857,0.19047619047619047,0.6190476190476191,0.6666666666666666,4.523809523809524,122232213313233243322
1429,3,0.23809523809523808,0.23809523809523808,0.6190476190476191,0.6666666666666666,4.523809523809524,122232213313233243322
1429,4,0.09523809523809523,0.19047619047619047,0.42857142857142855,0.6190476190476191,5.619047619047619,122232213313233243322
1429,5,0.09523809523809523,0.09523809523809523,0.23809523809523808,0.3333333333333333,7.619047619047619,122232213313233243322
1430,2,0.23809523809523808,0.38095238095238093,0.47619047619047616,0.6666666666666666,5.0,433433112322222412212
1430,3,0.14285714285714285,0.14285714285714285,0.5238095238095238,0.6190476190476191,4.809523809523809,433433112322222412212
1430,4,0.14285714285714285,0.09523809523809523,0.5238095238095238,0.7142857142857143,5.095238095238095,433433112322222412212
1430,5,0.19047619047619047,0.23809523809523808,0.38095238095238093,0.42857142857142855,7.095238095238095,433433112322222412212
1431,2,0.2857142857142857,0.23809523809523808,0.5714285714285714,0.7619047619047619,3.3333333333333335,432332133131412121244
1431,3,0.23809523809523808,0.2857142857142857,0.6190476190476191,0.7142857142857143,3.857142857142857,432332133131412121244
1431,4,0.19047619047619047,0.14285714285714285,0.5238095238095238,0.6190476190476191,4.857142857142857,432332133131412121244
1431,5,0.23809523809523808,0.23809523809523808,0.5238095238095238,0.5714285714285714,5.380952380952381,432332133131412121244
1432,2,0.23809523809523808,0.19047619047619047,0.6666666666666666,0.8571428571428571,3.1904761904761907,411242332221222314422
1432,3,0.19047619047619047,0.14285714285714285,0.6190476190476191,0.7142857142857143,4.380952380952381,411242332221222314422
1432,4,0.23809523809523808,0.19047619047619047,0.5714285714285714,0.7142857142857143,4.714285714285714,411242332221222314422
1432,5,0.2857142857142857,0.14285714285714285,0.42857142857142855,0.5714285714285714,5.714285714285714,411242332221222314422
1433,2,0.38095238095238093,0.19047619047619047,0.6190476190476191,0.9047619047619048,3.1904761904761907,442322411411424332144
1433,3,0.23809523809523808,0.14285714285714285,0.6190476190476191,0.7142857142857143,3.9523809523809526,442322411411424332144
1433,4,0.19047619047619047,0.14285714285714285,0.42857142857142855,0.5714285714285714,5.190476190476191,442322411411424332144
1433,5,0.19047619047619047,0.23809523809523808,0.42857142857142855,0.6666666666666666,5.619047619047619,442322411411424332144
1434,2,0.23809523809523808,0.14285714285714285,0.5714285714285714,0.7619047619047619,4.190476190476191,211223132123244433322
1434,3,0.2857142857142857,0.42857142857142855,0.42857142857142855,0.6666666666666666,4.333333333333333,211223132123244433322
1434,4,0.23809523809523808,0.38095238095238093,0.5238095238095238,0.5714285714285714,5.333333333333333,211223132123244433322
1434,5,0.19047619047619047,0.23809523809523808,0.38095238095238093,0.5238095238095238,5.380952380952381,211223132123244433322
1435,2,0.2857142857142857,0.19047619047619047,0.5714285714285714,0.7619047619047619,3.761904761904762,343411432434323131211
1435,3,0.23809523809523808,0.2857142857142857,0.7142857142857143,0.7619047619047619,4.0,343411432434323131211
1435,4,0.23809523809523808,0.19047619047619047,0.5238095238095238,0.6190476190476191,5.0,343411432434323131211
1435,5,0.23809523809523808,0.19047619047619047,0.38095238095238093,0.5714285714285714,6.285714285714286,343411432434323131211
1436,2,0.38095238095238093,0.3333333333333333,0.7142857142857143,0.9047619047619048,3.3333333333333335,342412414234241444232
1436,3,0.2857142857142857,0.42857142857142855,0.7142857142857143,0.8571428571428571,3.6666666666666665,342412414234241444232
1436,4,0.19047619047619047,0.19047619047619047,0.5714285714285714,0.7619047619047619,3.9047619047619047,342412414234241444232
1436,5,0.23809523809523808,0.23809523809523808,0.47619047619047616,0.6190476190476191,5.571428571428571,342412414234241444232
1437,2,0.19047619047619047,0.19047619047619047,0.6666666666666666,0.8095238095238095,3.4285714285714284,411114324323424232313
1437,3,0.23809523809523808,0.23809523809523808,0.6190476190476191,0.6190476190476191,4.285714285714286,411114324323424232313
1437,4,0.2857142857142857,0.23809523809523808,0.5238095238095238,0.6190476190476191,4.857142857142857,411114324323424232313
1437,5,0.23809523809523808,0.2857142857142857,0.42857142857142855,0.5714285714285714,5.809523809523809,411114324323424232313
1438,2,0.38095238095238093,0.2857142857142857,0.6666666666666666,0.8571428571428571,3.2857142857142856,431144441224321234412
1438,3,0.23809523809523808,0.2857142857142857,0.5714285714285714,0.8095238095238095,4.523809523809524,431144441224321234412
1438,4,0.23809523809523808,0.23809523809523808,0.5714285714285714,0.6666666666666666,4.857142857142857,431144441224321234412
1438,5,0.19047619047619047,0.09523809523809523,0.3333333333333333,0.47619047619047616,7.0476190476190474,431144441224321234412
1439,2,0.3333333333333333,0.3333333333333333,0.6190476190476191,0.7619047619047619,4.285714285714286,121111414231421422121
1439,3,0.3333333333333333,0.23809523809523808,0.5714285714285714,0.6666666666666666,4.904761904761905,121111414231421422121
1439,4,0.23809523809523808,0.14285714285714285,0.47619047619047616,0.5238095238095238,5.857142857142857,121111414231421422121
1439,5,0.23809523809523808,0.23809523809523808,0.47619047619047616,0.5238095238095238,5.904761904761905,121111414231421422121
1440,2,0.2857142857142857,0.14285714285714285,0.42857142857142855,0.6190476190476191,5.714285714285714,111231111344144232124
1440,3,0.23809523809523808,0.23809523809523808,0.5238095238095238,0.6666666666666666,5.714285714285714,111231111344144232124
1440,4,0.19047619047619047,0.23809523809523808,0.38095238095238093,0.5238095238095238,6.809523809523809,111231111344144232124
1440,5,0.23809523809523808,0.19047619047619047,0.42857142857142855,0.47619047619047616,7.095238095238095,111231111344144232124
1441,2,0.47619047619047616,0.23809523809523808,0.6666666666666666,0.8571428571428571,3.0952380952380953,313342344413111212414
1441,3,0.2857142857142857,0.2857142857142857,0.5714285714285714,0.7142857142857143,4.285714285714286,313342344413111212414
1441,4,0.2857142857142857,0.19047619047619047,0.42857142857142855,0.5238095238095238,5.523809523809524,313342344413111212414
1441,5,0.19047619047619047,0.09523809523809523,0.38095238095238093,0.5238095238095238,6.9523809523809526,313342344413111212414
1442,2,0.3333333333333333,0.38095238095238093,0.5714285714285714,0.7619047619047619,3.6666666666666665,341312242232334144433
1442,3,0.23809523809523808,0.2857142857142857,0.5714285714285714,0.7142857142857143,4.476190476190476,341312242232334144433
1442,4,0.23809523809523808,0.23809523809523808,0.42857142857142855,0.5714285714285714,5.190476190476191,341312242232334144433
1442,5,0.23809523809523808,0.14285714285714285,0.3333333333333333,0.42857142857142855,6.857142857142857,341312242232334144433
1443,2,0.2857142857142857,0.2857142857142857,0.6190476190476191,0.8095238095238095,3.619047619047619,211344343442144223443
1443,3,0.38095238095238093,0.3333333333333333,0.5238095238095238,0.6666666666666666,4.523809523809524,211344343442144223443
1443,4,0.14285714285714285,0.14285714285714285,0.42857142857142855,0.6666666666666666,5.619047619047619,211344343442144223443
1443,5,0.23809523809523808,0.19047619047619047,0.42857142857142855,0.5714285714285714,6.0,211344343442144223443
1444,2,0.3333333333333333,0.09523809523809523,0.5238095238095238,0.8571428571428571,3.3333333333333335,424214131422232112241
1444,3,0.23809523809523808,0.2857142857142857,0.6666666666666666,0.7619047619047619,3.4761904761904763,424214131422232112241
1444,4,0.3333333333333333,0.2857142857142857,0.5714285714285714,0.7142857142857143,4.523809523809524,424214131422232112241
1444,5,0.2857142857142857,0.2857142857142857,0.42857142857142855,0.47619047619047616,5.714285714285714,424214131422232112241
1445,2,0.38095238095238093,0.14285714285714285,0.5714285714285714,0.7619047619047619,4.142857142857143,331223144214424114343
1445,3,0.23809523809523808,0.3333333333333333,0.6190476190476191,0.7619047619047619,4.333333333333333,331223144214424114343
1445,4,0.19047619047619047,0.19047619047619047,0.5238095238095238,0.6190476190476191,5.238095238095238,331223144214424114343
1445,5,0.14285714285714285,0.14285714285714285,0.23809523809523808,0.42857142857142855,7.380952380952381,331223144214424114343
1446,2,0.2857142857142857,0.3333333333333333,0.6666666666666666,0.9047619047619048,2.857142857142857,213114421113342141422
1446,3,0.23809523809523808,0.23809523809523808,0.5714285714285714,0.7142857142857143,3.9047619047619047,213114421113342141422
1446,4,0.2857142857142857,0.23809523809523808,0.47619047619047616,0.6666666666666666,4.761904761904762,213114421113342141422
1446,5,0.2857142857142857,0.3333333333333333,0.5238095238095238,0.6190476190476191,5.476190476190476,213114421113342141422
1447,2,0.42857142857142855,0.23809523809523808,0.5714285714285714,0.7619047619047619,4.333333333333333,441233324242441442324
1447,3,0.3333333333333333,0.42857142857142855,0.5714285714285714,0.7142857142857143,4.666666666666667,441233324242441442324
1447,4,0.19047619047619047,0.14285714285714285,0.47619047619047616,0.7142857142857143,5.0476190476190474,441233324242441442324
1447,5,0.14285714285714285,0.14285714285714285,0.5714285714285714,0.6190476190476191,5.666666666666667,441233324242441442324
1448,2,0.2857142857142857,0.38095238095238093,0.5714285714285714,0.8095238095238095,3.5238095238095237,212132143321241123433
1448,3,0.3333333333333333,0.23809523809523808,0.5714285714285714,0.7619047619047619,3.5714285714285716,212132143321241123433
1448,4,0.19047619047619047,0.19047619047619047,0.47619047619047616,0.5238095238095238,5.380952380952381,212132143321241123433
1448,5,0.09523809523809523,0.09523809523809523,0.38095238095238093,0.5714285714285714,6.142857142857143,212132143321241123433
1449,2,0.38095238095238093,0.38095238095238093,0.6666666666666666,0.8095238095238095,3.761904761904762,113442444242444244422
1449,3,0.2857142857142857,0.23809523809523808,0.5238095238095238,0.6666666666666666,4.9523809523809526,113442444242444244422
1449,4,0.14285714285714285,0.23809523809523808,0.38095238095238093,0.5714285714285714,5.666666666666667,113442444242444244422
1449,5,0.23809523809523808,0.23809523809523808,0.47619047619047616,0.5238095238095238,7.0,113442444242444244422
1450,2,0.3333333333333333,0.2857142857142857,0.5714285714285714,0.7142857142857143,4.761904761904762,233113313144134342223
1450,3,0.2857142857142857,0.14285714285714285,0.47619047619047616,0.6190476190476191,5.190476190476191,233113313144134342223
1450,4,0.23809523809523808,0.42857142857142855,0.47619047619047616,0.47619047619047616,6.571428571428571,233113313144134342223
1450,5,0.19047619047619047,0.23809523809523808,0.2857142857142857,0.42857142857142855,7.285714285714286,233113313144134342223
1451,2,0.2857142857142857,0.19047619047619047,0.6190476190476191,0.8095238095238095,4.0,332333242123423341442
1451,3,0.19047619047619047,0.23809523809523808,0.5714285714285714,0.7619047619047619,4.238095238095238,332333242123423341442
1451,4,0.14285714285714285,0.14285714285714285,0.5238095238095238,0.7142857142857143,4.904761904761905,332333242123423341442
1451,5,0.23809523809523808,0.19047619047619047,0.42857142857142855,0.5714285714285714,6.095238095238095,332333242123423341442
1452,2,0.3333333333333333,0.09523809523809523,0.6190476190476191,0.7142857142857143,4.238095238095238,234342233434313324424
1452,3,0.23809523809523808,0.19047619047619047,0.47619047619047616,0.7142857142857143,4.761904761904762,234342233434313324424
1452,4,0.23809523809523808,0.19047619047619047,0.5238095238095238,0.5714285714285714,5.380952380952381,234342233434313324424
1452,5,0.19047619047619047,0.09523809523809523,0.3333333333333333,0.5238095238095238,6.238095238095238,234342233434313324424
1453,2,0.38095238095238093,0.38095238095238093,0.5714285714285714,0.7619047619047619,3.761904761904762,413144131323433433221
1453,3,0.2857142857142857,0.23809523809523808,0.47619047619047616,0.6190476190476191,4.523809523809524,413144131323433433221
1453,4,0.23809523809523808,0.23809523809523808,0.42857142857142855,0.47619047619047616,5.619047619047619,413144131323433433221
1453,5,0.23809523809523808,0.19047619047619047,0.42857142857142855,0.6190476190476191,5.523809523809524,413144131323433433221
1454,2,0.3333333333333333,0.3333333333333333,0.5714285714285714,0.7142857142857143,4.142857142857143,132242123322343444111
1454,3,0.3333333333333333,0.2857142857142857,0.5714285714285714,0.7142857142857143,4.190476190476191,132242123322343444111
1454,4,0.23809523809523808,0.3333333333333333,0.5714285714285714,0.7142857142857143,4.904761904761905,132242123322343444111
1454,5,0.09523809523809523,0.14285714285714285,0.23809523809523808,0.6190476190476191,7.190476190476191,132242123322343444111
1455,2,0.3333333333333333,0.2857142857142857,0.7619047619047619,0.8095238095238095,3.142857142857143,221232311232314111413
1455,3,0.23809523809523808,0.2857142857142857,0.7142857142857143,0.7619047619047619,4.095238095238095,221232311232314111413
1455,4,0.23809523809523808,0.19047619047619047,0.5714285714285714,0.5714285714285714,4.857142857142857,221232311232314111413
1455,5,0.14285714285714285,0.23809523809523808,0.2857142857142857,0.3333333333333333,7.238095238095238,221232311232314111413
1456,2,0.23809523809523808,0.23809523809523808,0.7142857142857143,0.7619047619047619,4.333333333333333,443242114224142223232
1456,3,0.19047619047619047,0.23809523809523808,0.5714285714285714,0.7619047619047619,4.476190476190476,443242114224142223232
1456,4,0.19047619047619047,0.23809523809523808,0.5238095238095238,0.6666666666666666,5.333333333333333,443242114224142223232
1456,5,0.3333333333333333,0.19047619047619047,0.38095238095238093,0.5238095238095238,6.904761904761905,443242114224142223232
1457,2,0.38095238095238093,0.2857142857142857,0.6666666666666666,0.8095238095238095,3.0476190476190474,443324133121314412342
1457,3,0.3333333333333333,0.2857142857142857,0.6190476190476191,0.7619047619047619,3.2857142857142856,443324133121314412342
1457,4,0.23809523809523808,0.38095238095238093,0.6666666666666666,0.7142857142857143,4.380952380952381,443324133121314412342
1457,5,0.2857142857142857,0.14285714285714285,0.5238095238095238,0.6666666666666666,5.190476190476191,443324133121314412342
1458,2,0.2857142857142857,0.42857142857142855,0.5714285714285714,0.7142857142857143,4.619047619047619,141431132313222312423
1458,3,0.19047619047619047,0.42857142857142855,0.5714285714285714,0.5714285714285714,5.380952380952381,141431132313222312423
1458,4,0.23809523809523808,0.2857142857142857,0.42857142857142855,0.5714285714285714,5.9523809523809526,141431132313222312423
1458,5,0.2857142857142857,0.2857142857142857,0.42857142857142855,0.5238095238095238,5.809523809523809,141431132313222312423
1459,2,0.3333333333333333,0.2857142857142857,0.7619047619047619,0.9047619047619048,2.6666666666666665,224432431111333422312
1459,3,0.14285714285714285,0.2857142857142857,0.6190476190476191,0.8095238095238095,3.8095238095238093,224432431111333422312
1459,4,0.14285714285714285,0.23809523809523808,0.38095238095238093,0.5714285714285714,4.9523809523809526,224432431111333422312
1459,5,0.19047619047619047,0.19047619047619047,0.23809523809523808,0.38095238095238093,6.761904761904762,224432431111333422312
1460,2,0.3333333333333333,0.23809523809523808,0.6190476190476191,0.7619047619047619,3.9047619047619047,241134223313142431441
1460,3,0.2857142857142857,0.23809523809523808,0.47619047619047616,0.6190476190476191,4.9523809523809526,241134223313142431441
1460,4,0.14285714285714285,0.23809523809523808,0.38095238095238093,0.5714285714285714,5.857142857142857,241134223313142431441
1460,5,0.14285714285714285,0.14285714285714285,0.47619047619047616,0.7142857142857143,5.761904761904762,241134223313142431441
1461,2,0.19047619047619047,0.47619047619047616,0.7142857142857143,0.8095238095238095,3.9523809523809526,112324334132111233311
1461,3,0.2857142857142857,0.38095238095238093,0.5714285714285714,0.7142857142857143,5.095238095238095,112324334132111233311
1461,4,0.2857142857142857,0.3333333333333333,0.47619047619047616,0.6666666666666666,5.571428571428571,112324334132111233311
1461,5,0.2857142857142857,0.19047619047619047,0.47619047619047616,0.6666666666666666,6.619047619047619,112324334132111233311
1462,2,0.23809523809523808,0.3333333333333333,0.6190476190476191,0.8571428571428571,3.619047619047619,223211311213122134142
1462,3,0.09523809523809523,0.14285714285714285,0.7619047619047619,0.8095238095238095,3.4285714285714284,223211311213122134142
1462,4,0.2857142857142857,0.23809523809523808,0.47619047619047616,0.6666666666666666,5.0476190476190474,223211311213122134142
1462,5,0.2857142857142857,0.2857142857142857,0.3333333333333333,0.47619047619047616,6.904761904761905,223211311213122134142
1463,2,0.42857142857142855,0.5238095238095238,0.6190476190476191,0.8095238095238095,3.380952380952381,233222334424443414244
1463,3,0.2857142857142857,0.3333333333333333,0.6666666666666666,0.7619047619047619,3.857142857142857,233222334424443414244
1463,4,0.23809523809523808,0.19047619047619047,0.6190476190476191,0.7619047619047619,4.428571428571429,233222334424443414244
1463,5,0.14285714285714285,0.09523809523809523,0.42857142857142855,0.5714285714285714,6.476190476190476,233222334424443414244
1464,2,0.19047619047619047,0.38095238095238093,0.6190476190476191,0.7142857142857143,4.666666666666667,324133331444424423412
1464,3,0.2857142857142857,0.3333333333333333,0.6190476190476191,0.7142857142857143,4.571428571428571,324133331444424423412
1464,4,0.23809523809523808,0.14285714285714285,0.5238095238095238,0.5714285714285714,5.190476190476191,324133331444424423412
1464,5,0.3333333333333333,0.2857142857142857,0.38095238095238093,0.5238095238095238,6.095238095238095,324133331444424423412
1465,2,0.2857142857142857,0.14285714285714285,0.5238095238095238,0.6666666666666666,4.714285714285714,412221212344424442321
1465,3,0.2857142857142857,0.42857142857142855,0.5238095238095238,0.6666666666666666,4.523809523809524,412221212344424442321
1465,4,0.14285714285714285,0.19047619047619047,0.42857142857142855,0.6666666666666666,4.619047619047619,412221212344424442321
1465,5,0.19047619047619047,0.3333333333333333,0.47619047619047616,0.5714285714285714,5.9523809523809526,412221212344424442321
1466,2,0.3333333333333333,0.23809523809523808,0.6666666666666666,0.8095238095238095,3.5714285714285716,242324412113442323424
1466,3,0.23809523809523808,0.19047619047619047,0.6190476190476191,0.7619047619047619,3.761904761904762,242324412113442323424
1466,4,0.19047619047619047,0.3333333333333333,0.42857142857142855,0.5714285714285714,5.0476190476190474,242324412113442323424
1466,5,0.23809523809523808,0.19047619047619047,0.5238095238095238,0.6190476190476191,4.809523809523809,242324412113442323424
1467,2,0.2857142857142857,0.23809523809523808,0.42857142857142855,0.8095238095238095,4.523809523809524,434213223231132133242
1467,3,0.14285714285714285,0.14285714285714285,0.5714285714285714,0.8095238095238095,4.190476190476191,434213223231132133242
1467,4,0.23809523809523808,0.14285714285714285,0.42857142857142855,0.5714285714285714,5.333333333333333,434213223231132133242
1467,5,0.23809523809523808,0.14285714285714285,0.42857142857142855,0.5238095238095238,6.904761904761905,434213223231132133242
1468,2,0.38095238095238093,0.47619047619047616,0.6666666666666666,0.9523809523809523,2.6666666666666665,222141433142214322433
1468,3,0.3333333333333333,0.47619047619047616,0.5714285714285714,0.7142857142857143,3.619047619047619,222141433142214322433
1468,4,0.23809523809523808,0.19047619047619047,0.5238095238095238,0.6666666666666666,5.0476190476190474,222141433142214322433
1468,5,0.23809523809523808,0.2857142857142857,0.38095238095238093,0.6190476190476191,5.9523809523809526,222141433142214322433
1469,2,0.42857142857142855,0.23809523809523808,0.6190476190476191,0.7142857142857143,4.761904761904762,123333422213333412324
1469,3,0.19047619047619047,0.3333333333333333,0.47619047619047616,0.7142857142857143,5.0,123333422213333412324
1469,4,0.14285714285714285,0.19047619047619047,0.42857142857142855,0.6190476190476191,5.666666666666667,123333422213333412324
1469,5,0.19047619047619047,0.09523809523809523,0.2857142857142857,0.42857142857142855,6.9523809523809526,123333422213333412324
1470,2,0.2857142857142857,0.23809523809523808,0.5238095238095238,0.7142857142857143,3.9047619047619047,313212323334433424342
1470,3,0.23809523809523808,0.23809523809523808,0.5714285714285714,0.6666666666666666,4.238095238095238,313212323334433424342
1470,4,0.19047619047619047,0.14285714285714285,0.47619047619047616,0.5238095238095238,5.333333333333333,313212323334433424342
1470,5,0.14285714285714285,0.14285714285714285,0.38095238095238093,0.47619047619047616,6.714285714285714,313212323334433424342
1471,2,0.2857142857142857,0.23809523809523808,0.5714285714285714,0.7619047619047619,4.095238095238095,431112414124442324223
1471,3,0.23809523809523808,0.2857142857142857,0.5714285714285714,0.6666666666666666,4.714285714285714,431112414124442324223
1471,4,0.2857142857142857,0.19047619047619047,0.5238095238095238,0.6666666666666666,4.857142857142857,431112414124442324223
1471,5,0.38095238095238093,0.14285714285714285,0.5238095238095238,0.6190476190476191,5.523809523809524,431112414124442324223
1472,2,0.2857142857142857,0.3333333333333333,0.6666666666666666,0.8095238095238095,4.571428571428571,112133421143134211132
1472,3,0.2857142857142857,0.23809523809523808,0.5714285714285714,0.6190476190476191,4.9523809523809526,112133421143134211132
1472,4,0.2857142857142857,0.3333333333333333,0.3333333333333333,0.6190476190476191,5.9523809523809526,112133421143134211132
1472,5,0.14285714285714285,0.38095238095238093,0.38095238095238093,0.5238095238095238,6.571428571428571,112133421143134211132
1473,2,0.2857142857142857,0.3333333333333333,0.5714285714285714,0.8571428571428571,3.761904761904762,113114344341342414311
1473,3,0.23809523809523808,0.2857142857142857,0.5238095238095238,0.8095238095238095,4.380952380952381,113114344341342414311
1473,4,0.23809523809523808,0.3333333333333333,0.5714285714285714,0.6666666666666666,5.285714285714286,113114344341342414311
1473,5,0.23809523809523808,0.19047619047619047,0.42857142857142855,0.47619047619047616,7.380952380952381,113114344341342414311
1474,2,0.19047619047619047,0.19047619047619047,0.5714285714285714,0.6666666666666666,5.238095238095238,122214211322122413324
1474,3,0.19047619047619047,0.09523809523809523,0.6190476190476191,0.6666666666666666,5.238095238095238,122214211322122413324
1474,4,0.23809523809523808,0.19047619047619047,0.47619047619047616,0.7142857142857143,5.714285714285714,122214211322122413324
1474,5,0.23809523809523808,0.09523809523809523,0.38095238095238093,0.42857142857142855,7.619047619047619,122214211322122413324
1475,2,0.3333333333333333,0.38095238095238093,0.5714285714285714,0.8571428571428571,3.5714285714285716,244313433211232132412
1475,3,0.14285714285714285,0.23809523809523808,0.6190476190476191,0.8095238095238095,3.857142857142857,244313433211232132412
1475,4,0.2857142857142857,0.23809523809523808,0.3333333333333333,0.47619047619047616,5.190476190476191,244313433211232132412
1475,5,0.2857142857142857,0.23809523809523808,0.42857142857142855,0.5714285714285714,5.666666666666667,244313433211232132412
1476,2,0.2857142857142857,0.38095238095238093,0.7142857142857143,0.8571428571428571,3.619047619047619,112422442122311313341
1476,3,0.23809523809523808,0.3333333333333333,0.7142857142857143,0.8095238095238095,4.0,112422442122311313341
1476,4,0.3333333333333333,0.2857142857142857,0.47619047619047616,0.6666666666666666,4.714285714285714,112422442122311313341
1476,5,0.14285714285714285,0.19047619047619047,0.38095238095238093,0.5714285714285714,6.571428571428571,112422442122311313341
1477,2,0.38095238095238093,0.2857142857142857,0.5714285714285714,0.7142857142857143,5.0476190476190474,114443124132234432124
1477,3,0.3333333333333333,0.23809523809523808,0.47619047619047616,0.5238095238095238,5.619047619047619,114443124132234432124
1477,4,0.23809523809523808,0.23809523809523808,0.38095238095238093,0.47619047619047616,6.380952380952381,114443124132234432124
1477,5,0.14285714285714285,0.09523809523809523,0.42857142857142855,0.5238095238095238,6.333333333333333,114443124132234432124
1478,2,0.19047619047619047,0.19047619047619047,0.6190476190476191,0.7619047619047619,4.476190476190476,342213422324124313133
1478,3,0.2857142857142857,0.2857142857142857,0.6190476190476191,0.7142857142857143,4.571428571428571,342213422324124313133
1478,4,0.3333333333333333,0.23809523809523808,0.47619047619047616,0.7142857142857143,5.0476190476190474,342213422324124313133
1478,5,0.3333333333333333,0.2857142857142857,0.38095238095238093,0.5714285714285714,6.476190476190476,342213422324124313133
1479,2,0.38095238095238093,0.2857142857142857,0.6666666666666666,0.8095238095238095,3.5238095238095237,333412332214224234421
1479,3,0.3333333333333333,0.2857142857142857,0.7142857142857143,0.8095238095238095,3.5238095238095237,333412332214224234421
1479,4,0.19047619047619047,0.3333333333333333,0.47619047619047616,0.5714285714285714,4.809523809523809,333412332214224234421
1479,5,0.23809523809523808,0.09523809523809523,0.3333333333333333,0.38095238095238093,7.428571428571429,333412332214224234421
1480,2,0.19047619047619047,0.23809523809523808,0.6190476190476191,0.8095238095238095,4.0476190476190474,211433341132122332412
1480,3,0.14285714285714285,0.047619047619047616,0.47619047619047616,0.47619047619047616,5.619047619047619,211433341132122332412
1480,4,0.19047619047619047,0.19047619047619047,0.38095238095238093,0.5238095238095238,6.476190476190476,211433341132122332412
1480,5,0.23809523809523808,0.23809523809523808,0.2857142857142857,0.38095238095238093,7.095238095238095,211433341132122332412
1481,2,0.38095238095238093,0.14285714285714285,0.5238095238095238,0.7142857142857143,4.190476190476191,212111113434112234143
1481,3,0.19047619047619047,0.14285714285714285,0.5238095238095238,0.6666666666666666,4.761904761904762,212111113434112234143
1481,4,0.2857142857142857,0.23809523809523808,0.3333333333333333,0.47619047619047616,6.380952380952381,212111113434112234143
1481,5,0.19047619047619047,0.19047619047619047,0.42857142857142855,0.5238095238095238,6.333333333333333,212111113434112234143
1482,2,0.42857142857142855,0.3333333333333333,0.6190476190476191,0.7142857142857143,4.0476190476190474,431142211342113412441
1482,3,0.23809523809523808,0.09523809523809523,0.6666666666666666,0.6666666666666666,4.571428571428571,431142211342113412441
1482,4,0.19047619047619047,0.19047619047619047,0.47619047619047616,0.7619047619047619,5.095238095238095,431142211342113412441
1482,5,0.19047619047619047,0.23809523809523808,0.47619047619047616,0.5714285714285714,6.904761904761905,431142211342113412441
1483,2,0.2857142857142857,0.2857142857142857,0.6190476190476191,0.7619047619047619,3.7142857142857144,231411332433122413112
1483,3,0.2857142857142857,0.38095238095238093,0.6190476190476191,0.6190476190476191,4.714285714285714,231411332433122413112
1483,4,0.38095238095238093,0.42857142857142855,0.6190476190476191,0.6666666666666666,5.0476190476190474,231411332433122413112
1483,5,0.3333333333333333,0.42857142857142855,0.3333333333333333,0.47619047619047616,6.142857142857143,231411332433122413112
1484,2,0.3333333333333333,0.47619047619047616,0.7142857142857143,0.9047619047619048,2.9523809523809526,421441434111424143434
1484,3,0.3333333333333333,0.38095238095238093,0.5714285714285714,0.7142857142857143,3.8095238095238093,421441434111424143434
1484,4,0.19047619047619047,0.2857142857142857,0.47619047619047616,0.6666666666666666,4.476190476190476,421441434111424143434
1484,5,0.19047619047619047,0.09523809523809523,0.38095238095238093,0.5714285714285714,5.476190476190476,421441434111424143434
1485,2,0.3333333333333333,0.3333333333333333,0.6190476190476191,0.7619047619047619,4.333333333333333,214422114224133343444
1485,3,0.23809523809523808,0.23809523809523808,0.5714285714285714,0.7142857142857143,4.571428571428571,214422114224133343444
1485,4,0.14285714285714285,0.14285714285714285,0.38095238095238093,0.6190476190476191,6.0476190476190474,214422114224133343444
1485,5,0.14285714285714285,0.14285714285714285,0.3333333333333333,0.38095238095238093,6.857142857142857,214422114224133343444
1486,2,0.38095238095238093,0.42857142857142855,0.5238095238095238,0.7619047619047619,3.9523809523809526,343241232221112322144
1486,3,0.23809523809523808,0.2857142857142857,0.5714285714285714,0.7619047619047619,4.380952380952381,343241232221112322144
1486,4,0.3333333333333333,0.2857142857142857,0.42857142857142855,0.6190476190476191,5.619047619047619,343241232221112322144
1486,5,0.2857142857142857,0.19047619047619047,0.38095238095238093,0.47619047619047616,7.142857142857143,343241232221112322144
1487,2,0.38095238095238093,0.38095238095238093,0.5714285714285714,0.6666666666666666,4.9523809523809526,441143134414412422122
1487,3,0.2857142857142857,0.23809523809523808,0.42857142857142855,0.6190476190476191,5.380952380952381,441143134414412422122
1487,4,0.2857142857142857,0.2857142857142857,0.5238095238095238,0.5714285714285714,5.761904761904762,441143134414412422122
1487,5,0.3333333333333333,0.3333333333333333,0.5714285714285714,0.6666666666666666,4.857142857142857,441143134414412422122
1488,2,0.3333333333333333,0.3333333333333333,0.47619047619047616,0.7619047619047619,3.9523809523809526,343131112211411121113
1488,3,0.3333333333333333,0.38095238095238093,0.6190476190476191,0.7142857142857143,3.5714285714285716,343131112211411121113
1488,4,0.23809523809523808,0.23809523809523808,0.38095238095238093,0.5238095238095238,5.571428571428571,343131112211411121113
1488,5,0.14285714285714285,0.23809523809523808,0.38095238095238093,0.42857142857142855,6.9523809523809526,343131112211411121113
1489,2,0.19047619047619047,0.14285714285714285,0.5238095238095238,0.6666666666666666,5.238095238095238,121313141331433244321
1489,3,0.14285714285714285,0.19047619047619047,0.42857142857142855,0.5714285714285714,5.904761904761905,121313141331433244321
1489,4,0.14285714285714285,0.14285714285714285,0.38095238095238093,0.5238095238095238,7.0476190476190474,121313141331433244321
1489,5,0.14285714285714285,0.09523809523809523,0.2857142857142857,0.38095238095238093,7.476190476190476,121313141331433244321
1490,2,0.38095238095238093,0.14285714285714285,0.5714285714285714,0.7142857142857143,3.8095238095238093,433122212131411411441
1490,3,0.2857142857142857,0.19047619047619047,0.5714285714285714,0.7142857142857143,4.238095238095238,433122212131411411441
1490,4,0.23809523809523808,0.09523809523809523,0.5714285714285714,0.6666666666666666,5.0476190476190474,433122212131411411441
1490,5,0.09523809523809523,0.047619047619047616,0.42857142857142855,0.5238095238095238,7.428571428571429,433122212131411411441
1491,2,0.23809523809523808,0.38095238095238093,0.6666666666666666,0.8095238095238095,3.761904761904762,413121321144144413334
1491,3,0.2857142857142857,0.23809523809523808,0.5714285714285714,0.6190476190476191,4.523809523809524,413121321144144413334
1491,4,0.19047619047619047,0.14285714285714285,0.47619047619047616,0.6666666666666666,5.476190476190476,413121321144144413334
1491,5,0.19047619047619047,0.19047619047619047,0.42857142857142855,0.47619047619047616,7.0,413121321144144413334
1492,2,0.19047619047619047,0.19047619047619047,0.6190476190476191,0.8571428571428571,3.9047619047619047,311341314414322324314
1492,3,0.14285714285714285,0.23809523809523808,0.47619047619047616,0.7142857142857143,4.9523809523809526,311341314414322324314
1492,4,0.14285714285714285,0.14285714285714285,0.42857142857142855,0.5714285714285714,5.428571428571429,311341314414322324314
1492,5,0.19047619047619047,0.09523809523809523,0.2857142857142857,0.47619047619047616,6.428571428571429,311341314414322324314
1493,2,0.23809523809523808,0.23809523809523808,0.6190476190476191,0.7619047619047619,4.238095238095238,433223343214234413314
1493,3,0.23809523809523808,0.38095238095238093,0.5238095238095238,0.6190476190476191,4.714285714285714,433223343214234413314
1493,4,0.14285714285714285,0.19047619047619047,0.47619047619047616,0.6666666666666666,5.476190476190476,433223343214234413314
1493,5,0.14285714285714285,0.14285714285714285,0.23809523809523808,0.2857142857142857,8.095238095238095,433223343214234413314
1494,2,0.3333333333333333,0.3333333333333333,0.6666666666666666,0.8095238095238095,3.4285714285714284,244444422213443312421
1494,3,0.23809523809523808,0.14285714285714285,0.6190476190476191,0.8095238095238095,3.761904761904762,244444422213443312421
1494,4,0.19047619047619047,0.14285714285714285,0.47619047619047616,0.5714285714285714,5.095238095238095,244444422213443312421
1494,5,0.14285714285714285,0.09523809523809523,0.42857142857142855,0.5714285714285714,5.523809523809524,244444422213443312421
1495,2,0.23809523809523808,0.19047619047619047,0.7142857142857143,0.7142857142857143,3.4761904761904763,422124411432434232424
1495,3,0.2857142857142857,0.19047619047619047,0.5238095238095238,0.6190476190476191,4.619047619047619,422124411432434232424
1495,4,0.19047619047619047,0.14285714285714285,0.42857142857142855,0.5238095238095238,5.523809523809524,422124411432434232424
1495,5,0.14285714285714285,0.09523809523809523,0.3333333333333333,0.5238095238095238,6.476190476190476,422124411432434232424
1496,2,0.2857142857142857,0.19047619047619047,0.7142857142857143,0.9047619047619048,3.238095238095238,322331124212134423344
1496,3,0.2857142857142857,0.42857142857142855,0.5714285714285714,0.8095238095238095,3.9523809523809526,322331124212134423344
1496,4,0.19047619047619047,0.2857142857142857,0.47619047619047616,0.6190476190476191,5.428571428571429,322331124212134423344
1496,5,0.19047619047619047,0.14285714285714285,0.38095238095238093,0.5714285714285714,6.333333333333333,322331124212134423344
1497,2,0.2857142857142857,0.14285714285714285,0.5714285714285714,0.8571428571428571,3.2857142857142856,442344443221142311314
1497,3,0.14285714285714285,0.19047619047619047,0.5238095238095238,0.8095238095238095,4.428571428571429,442344443221142311314
1497,4,0.14285714285714285,0.19047619047619047,0.5238095238095238,0.6666666666666666,5.571428571428571,442344443221142311314
1497,5,0.19047619047619047,0.09523809523809523,0.38095238095238093,0.5714285714285714,6.523809523809524,442344443221142311314
1498,2,0.2857142857142857,0.23809523809523808,0.6190476190476191,0.8095238095238095,3.857142857142857,321411414312133344334
1498,3,0.19047619047619047,0.23809523809523808,0.5714285714285714,0.6666666666666666,4.904761904761905,321411414312133344334
1498,4,0.14285714285714285,0.14285714285714285,0.38095238095238093,0.5238095238095238,6.142857142857143,321411414312133344334
1498,5,0.14285714285714285,0.047619047619047616,0.2857142857142857,0.3333333333333333,7.285714285714286,321411414312133344334
1499,2,0.14285714285714285,0.2857142857142857,0.5238095238095238,0.7619047619047619,4.333333333333333,214431312142143212221
1499,3,0.19047619047619047,0.14285714285714285,0.5714285714285714,0.7619047619047619,4.142857142857143,214431312142143212221
1499,4,0.23809523809523808,0.09523809523809523,0.5238095238095238,0.6190476190476191,4.761904761904762,214431312142143212221
1499,5,0.23809523809523808,0.19047619047619047,0.38095238095238093,0.42857142857142855,6.904761904761905,214431312142143212221
1500,2,0.38095238095238093,0.3333333333333333,0.7142857142857143,0.7619047619047619,3.9523809523809526,224422234244144233323
1500,3,0.3333333333333333,0.2857142857142857,0.5238095238095238,0.8095238095238095,4.333333333333333,224422234244144233323
1500,4,0.2857142857142857,0.2857142857142857,0.47619047619047616,0.6666666666666666,4.761904761904762,224422234244144233323
1500,5,0.2857142857142857,0.19047619047619047,0.42857142857142855,0.42857142857142855,6.476190476190476,224422234244144233323
1501,2,0.2857142857142857,0.19047619047619047,0.6190476190476191,0.7619047619047619,4.380952380952381,143324311232134311434
1501,3,0.2857142857142857,0.2857142857142857,0.5714285714285714,0.6190476190476191,5.571428571428571,143324311232134311434
1501,4,0.14285714285714285,0.14285714285714285,0.38095238095238093,0.5238095238095238,7.0476190476190474,143324311232134311434
1501,5,0.14285714285714285,0.09523809523809523,0.3333333333333333,0.42857142857142855,8.238095238095237,143324311232134311434
1502,2,0.38095238095238093,0.19047619047619047,0.6190476190476191,0.8095238095238095,3.4761904761904763,342242241323124414423
1502,3,0.2857142857142857,0.2857142857142857,0.6666666666666666,0.7619047619047619,4.0476190476190474,342242241323124414423
1502,4,0.19047619047619047,0.2857142857142857,0.5238095238095238,0.6666666666666666,4.571428571428571,342242241323124414423
1502,5,0.23809523809523808,0.19047619047619047,0.3333333333333333,0.5714285714285714,6.380952380952381,342242241323124414423
1503,2,0.3333333333333333,0.2857142857142857,0.6666666666666666,0.7619047619047619,4.333333333333333,112132443224124111211
1503,3,0.2857142857142857,0.14285714285714285,0.5714285714285714,0.6666666666666666,5.095238095238095,112132443224124111211
1503,4,0.19047619047619047,0.14285714285714285,0.47619047619047616,0.5714285714285714,6.333333333333333,112132443224124111211
1503,5,0.09523809523809523,0.14285714285714285,0.3333333333333333,0.47619047619047616,7.666666666666667,112132443224124111211
1504,2,0.2857142857142857,0.2857142857142857,0.5714285714285714,0.7142857142857143,4.857142857142857,142243133422114422341
1504,3,0.2857142857142857,0.42857142857142855,0.5714285714285714,0.7142857142857143,5.0,142243133422114422341
1504,4,0.23809523809523808,0.2857142857142857,0.47619047619047616,0.6666666666666666,6.0,142243133422114422341
1504,5,0.19047619047619047,0.2857142857142857,0.38095238095238093,0.6666666666666666,6.476190476190476,142243133422114422341
1505,2,0.38095238095238093,0.38095238095238093,0.7142857142857143,0.9047619047619048,2.9047619047619047,342122242113241434232
1505,3,0.23809523809523808,0.23809523809523808,0.5714285714285714,0.7619047619047619,3.619047619047619,342122242113241434232
1505,4,0.14285714285714285,0.19047619047619047,0.47619047619047616,0.6666666666666666,4.380952380952381,342122242113241434232
1505,5,0.2857142857142857,0.19047619047619047,0.47619047619047616,0.5238095238095238,5.857142857142857,342122242113241434232
1506,2,0.23809523809523808,0.38095238095238093,0.5714285714285714,0.9047619047619048,3.3333333333333335,224311333242221444232
1506,3,0.3333333333333333,0.2857142857142857,0.5714285714285714,0.7142857142857143,3.5238095238095237,224311333242221444232
1506,4,0.23809523809523808,0.23809523809523808,0.5714285714285714,0.5714285714285714,4.190476190476191,224311333242221444232
1506,5,0.3333333333333333,0.23809523809523808,0.47619047619047616,0.5238095238095238,5.523809523809524,224311333242221444232
1507,2,0.19047619047619047,0.14285714285714285,0.6190476190476191,0.7142857142857143,4.714285714285714,231213121312141124121
1507,3,0.23809523809523808,0.2857142857142857,0.5714285714285714,0.6190476190476191,5.0,231213121312141124121
1507,4,0.2857142857142857,0.2857142857142857,0.38095238095238093,0.6190476190476191,5.857142857142857,231213121312141124121
1507,5,0.19047619047619047,0.2857142857142857,0.47619047619047616,0.5238095238095238,6.380952380952381,231213121312141124121
1508,2,0.19047619047619047,0.2857142857142857,0.5714285714285714,0.8095238095238095,3.6666666666666665,224332322121112413312
1508,3,0.19047619047619047,0.19047619047619047,0.6190476190476191,0.9047619047619048,3.857142857142857,224332322121112413312
1508,4,0.23809523809523808,0.3333333333333333,0.5714285714285714,0.6666666666666666,4.619047619047619,224332322121112413312
1508,5,0.23809523809523808,0.23809523809523808,0.38095238095238093,0.47619047619047616,6.285714285714286,224332322121112413312
1509,2,0.38095238095238093,0.38095238095238093,0.6190476190476191,0.8095238095238095,3.380952380952381,422442133312123132344
1509,3,0.14285714285714285,0.2857142857142857,0.6666666666666666,0.7619047619047619,4.0476190476190474,422442133312123132344
1509,4,0.14285714285714285,0.2857142857142857,0.5238095238095238,0.6190476190476191,5.285714285714286,422442133312123132344
1509,5,0.19047619047619047,0.19047619047619047,0.2857142857142857,0.6666666666666666,6.238095238095238,422442133312123132344
1510,2,0.14285714285714285,0.23809523809523808,0.5238095238095238,0.7619047619047619,4.571428571428571,434443323122143114321
1510,3,0.23809523809523808,0.3333333333333333,0.5714285714285714,0.7619047619047619,4.190476190476191,434443323122143114321
1510,4,0.14285714285714285,0.42857142857142855,0.6666666666666666,0.7142857142857143,4.857142857142857,434443323122143114321
1510,5,0.09523809523809523,0.09523809523809523,0.3333333333333333,0.5238095238095238,7.238095238095238,434443323122143114321
1511,2,0.23809523809523808,0.23809523809523808,0.6666666666666666,0.8095238095238095,4.142857142857143,221133423134221441421
1511,3,0.3333333333333333,0.2857142857142857,0.42857142857142855,0.6190476190476191,5.0476190476190474,221133423134221441421
1511,4,0.19047619047619047,0.09523809523809523,0.5238095238095238,0.5714285714285714,5.523809523809524,221133423134221441421
1511,5,0.09523809523809523,0.09523809523809523,0.47619047619047616,0.5714285714285714,5.714285714285714,221133423134221441421
1512,2,0.5238095238095238,0.47619047619047616,0.7619047619047619,0.9047619047619048,2.4761904761904763,213422342111222242132
1512,3,0.23809523809523808,0.2857142857142857,0.6190476190476191,0.7619047619047619,3.4761904761904763,213422342111222242132
1512,4,0.23809523809523808,0.23809523809523808,0.47619047619047616,0.6666666666666666,4.285714285714286,213422342111222242132
1512,5,0.23809523809523808,0.2857142857142857,0.3333333333333333,0.47619047619047616,6.619047619047619,213422342111222242132
1513,2,0.38095238095238093,0.38095238095238093,0.6666666666666666,0.8571428571428571,2.9047619047619047,234242442433211134132
1513,3,0.23809523809523808,0.19047619047619047,0.6190476190476191,0.8095238095238095,3.7142857142857144,234242442433211134132
1513,4,0.38095238095238093,0.23809523809523808,0.42857142857142855,0.6190476190476191,4.476190476190476,234242442433211134132
1513,5,0.14285714285714285,0.2857142857142857,0.3333333333333333,0.47619047619047616,6.428571428571429,234242442433211134132
1514,2,0.23809523809523808,0.2857142857142857,0.6190476190476191,0.7619047619047619,4.333333333333333,334323223432311343234
1514,3,0.2857142857142857,0.2857142857142857,0.38095238095238093,0.6190476190476191,5.285714285714286,334323223432311343234
1514,4,0.23809523809523808,0.14285714285714285,0.47619047619047616,0.5238095238095238,5.571428571428571,334323223432311343234
1514,5,0.14285714285714285,0.047619047619047616,0.38095238095238093,0.5238095238095238,7.0476190476190474,334323223432311343234
1515,2,0.3333333333333333,0.2857142857142857,0.5238095238095238,0.7619047619047619,3.9523809523809526,434142311132113321344
1515,3,0.23809523809523808,0.14285714285714285,0.5714285714285714,0.7142857142857143,4.571428571428571,434142311132113321344
1515,4,0.14285714285714285,0.19047619047619047,0.5238095238095238,0.6666666666666666,5.619047619047619,434142311132113321344
1515,5,0.047619047619047616,0.047619047619047616,0.2857142857142857,0.38095238095238093,7.523809523809524,434142311132113321344
1516,2,0.2857142857142857,0.23809523809523808,0.5238095238095238,0.8095238095238095,3.5714285714285716,342312123433242234123
1516,3,0.19047619047619047,0.19047619047619047,0.5238095238095238,0.6666666666666666,4.285714285714286,342312123433242234123
1516,4,0.3333333333333333,0.19047619047619047,0.38095238095238093,0.47619047619047616,5.190476190476191,342312123433242234123
1516,5,0.3333333333333333,0.42857142857142855,0.5238095238095238,0.6190476190476191,4.9523809523809526,342312123433242234123
1517,2,0.19047619047619047,0.19047619047619047,0.6666666666666666,0.7619047619047619,4.761904761904762,112131112214212313332
1517,3,0.09523809523809523,0.23809523809523808,0.5714285714285714,0.6190476190476191,5.333333333333333,112131112214212313332
1517,4,0.14285714285714285,0.23809523809523808,0.38095238095238093,0.5238095238095238,6.380952380952381,112131112214212313332
1517,5,0.19047619047619047,0.23809523809523808,0.3333333333333333,0.38095238095238093,6.857142857142857,112131112214212313332
1518,2,0.3333333333333333,0.2857142857142857,0.5714285714285714,0.8095238095238095,3.5714285714285716,423121423442342312224
1518,3,0.14285714285714285,0.23809523809523808,0.42857142857142855,0.6190476190476191,4.761904761904762,423121423442342312224
1518,4,0.19047619047619047,0.19047619047619047,0.47619047619047616,0.5714285714285714,5.428571428571429,423121423442342312224
1518,5,0.23809523809523808,0.23809523809523808,0.5238095238095238,0.5714285714285714,6.333333333333333,423121423442342312224
1519,2,0.38095238095238093,0.2857142857142857,0.6666666666666666,0.7619047619047619,4.142857142857143,131224121114332121112
1519,3,0.19047619047619047,0.3333333333333333,0.5714285714285714,0.6666666666666666,5.333333333333333,131224121114332121112
1519,4,0.23809523809523808,0.19047619047619047,0.42857142857142855,0.6190476190476191,6.238095238095238,131224121114332121112
1519,5,0.14285714285714285,0.19047619047619047,0.3333333333333333,0.42857142857142855,7.380952380952381,131224121114332121112
1520,2,0.3333333333333333,0.23809523809523808,0.6190476190476191,0.7619047619047619,3.6666666666666665,412124114341413234123
1520,3,0.23809523809523808,0.3333333333333333,0.5714285714285714,0.7142857142857143,3.857142857142857,412124114341413234123
1520,4,0.23809523809523808,0.38095238095238093,0.42857142857142855,0.6666666666666666,4.761904761904762,412124114341413234123
1520,5,0.2857142857142857,0.2857142857142857,0.5238095238095238,0.6666666666666666,5.142857142857143,412124114341413234123
1521,2,0.3333333333333333,0.2857142857142857,0.5238095238095238,0.8095238095238095,4.380952380952381,342443243132124141313
1521,3,0.2857142857142857,0.23809523809523808,0.5238095238095238,0.6666666666666666,4.857142857142857,342443243132124141313
1521,4,0.09523809523809523,0.19047619047619047,0.47619047619047616,0.5714285714285714,5.761904761904762,342443243132124141313
1521,5,0.14285714285714285,0.19047619047619047,0.2857142857142857,0.42857142857142855,7.190476190476191,342443243132124141313
1522,2,0.47619047619047616,0.38095238095238093,0.8095238095238095,0.8571428571428571,3.0476190476190474,342234124213421442423
1522,3,0.42857142857142855,0.47619047619047616,0.6666666666666666,0.8095238095238095,3.5714285714285716,342234124213421442423
1522,4,0.23809523809523808,0.38095238095238093,0.5238095238095238,0.6666666666666666,4.809523809523809,342234124213421442423
1522,5,0.19047619047619047,0.2857142857142857,0.5714285714285714,0.7142857142857143,4.809523809523809,342234124213421442423
1523,2,0.23809523809523808,0.14285714285714285,0.6666666666666666,0.7619047619047619,4.428571428571429,122414141324233314112
1523,3,0.19047619047619047,0.14285714285714285,0.5714285714285714,0.6190476190476191,5.190476190476191,122414141324233314112
1523,4,0.23809523809523808,0.09523809523809523,0.5238095238095238,0.6190476190476191,5.9523809523809526,122414141324233314112
1523,5,0.19047619047619047,0.14285714285714285,0.19047619047619047,0.42857142857142855,7.285714285714286,122414141324233314112
1524,2,0.23809523809523808,0.19047619047619047,0.5238095238095238,0.6190476190476191,4.761904761904762,131131142322433114411
1524,3,0.19047619047619047,0.19047619047619047,0.5238095238095238,0.6190476190476191,5.142857142857143,131131142322433114411
1524,4,0.23809523809523808,0.14285714285714285,0.47619047619047616,0.5238095238095238,6.190476190476191,131131142322433114411
1524,5,0.14285714285714285,0.09523809523809523,0.2857142857142857,0.38095238095238093,8.142857142857142,131131142322433114411
1525,2,0.19047619047619047,0.19047619047619047,0.5714285714285714,0.6666666666666666,4.809523809523809,123231242132411133313
1525,3,0.23809523809523808,0.23809523809523808,0.5714285714285714,0.6190476190476191,5.333333333333333,123231242132411133313
1525,4,0.23809523809523808,0.23809523809523808,0.5238095238095238,0.6190476190476191,5.809523809523809,123231242132411133313
1525,5,0.09523809523809523,0.047619047619047616,0.2857142857142857,0.3333333333333333,8.476190476190476,123231242132411133313
1526,2,0.23809523809523808,0.09523809523809523,0.5714285714285714,0.8095238095238095,3.857142857142857,311411343344232414332
1526,3,0.19047619047619047,0.2857142857142857,0.6190476190476191,0.6190476190476191,4.809523809523809,311411343344232414332
1526,4,0.19047619047619047,0.19047619047619047,0.5238095238095238,0.6190476190476191,5.0,311411343344232414332
1526,5,0.19047619047619047,0.23809523809523808,0.3333333333333333,0.42857142857142855,6.380952380952381,311411343344232414332
1527,2,0.38095238095238093,0.2857142857142857,0.6190476190476191,0.8095238095238095,4.476190476190476,131123442213224111344
1527,3,0.19047619047619047,0.3333333333333333,0.5714285714285714,0.7142857142857143,4.857142857142857,131123442213224111344
1527,4,0.19047619047619047,0.19047619047619047,0.47619047619047616,0.7142857142857143,5.238095238095238,131123442213224111344
1527,5,0.14285714285714285,0.23809523809523808,0.23809523809523808,0.38095238095238093,7.428571428571429,131123442213224111344
1528,2,0.38095238095238093,0.47619047619047616,0.7142857142857143,0.8095238095238095,3.5714285714285716,434141141232111433131
1528,3,0.38095238095238093,0.2857142857142857,0.5714285714285714,0.6666666666666666,4.285714285714286,434141141232111433131
1528,4,0.2857142857142857,0.23809523809523808,0.42857142857142855,0.5714285714285714,5.761904761904762,434141141232111433131
1528,5,0.09523809523809523,0.09523809523809523,0.3333333333333333,0.47619047619047616,7.761904761904762,434141141232111433131
1529,2,0.42857142857142855,0.42857142857142855,0.6666666666666666,0.7619047619047619,3.380952380952381,222232112313314242442
1529,3,0.23809523809523808,0.19047619047619047,0.7142857142857143,0.9047619047619048,2.857142857142857,222232112313314242442
1529,4,0.23809523809523808,0.19047619047619047,0.47619047619047616,0.7619047619047619,4.238095238095238,222232112313314242442
1529,5,0.23809523809523808,0.09523809523809523,0.2857142857142857,0.42857142857142855,6.142857142857143,222232112313314242442
1530,2,0.19047619047619047,0.19047619047619047,0.6190476190476191,0.7619047619047619,4.0476190476190474,244331323312124123122
1530,3,0.19047619047619047,0.38095238095238093,0.5714285714285714,0.7142857142857143,4.238095238095238,244331323312124123122
1530,4,0.23809523809523808,0.19047619047619047,0.5238095238095238,0.5714285714285714,5.380952380952381,244331323312124123122
1530,5,0.2857142857142857,0.42857142857142855,0.47619047619047616,0.6190476190476191,5.714285714285714,244331323312124123122
1531,2,0.38095238095238093,0.42857142857142855,0.6666666666666666,0.9047619047619048,2.5714285714285716,342331334222331422344
1531,3,0.2857142857142857,0.3333333333333333,0.6190476190476191,0.9047619047619048,3.4285714285714284,342331334222331422344
1531,4,0.19047619047619047,0.14285714285714285,0.5714285714285714,0.6666666666666666,4.190476190476191,342331334222331422344
1531,5,0.23809523809523808,0.19047619047619047,0.5238095238095238,0.5714285714285714,5.9523809523809526,342331334222331422344
1532,2,0.2857142857142857,0.23809523809523808,0.6666666666666666,0.8095238095238095,3.3333333333333335,242224122121234124124
1532,3,0.2857142857142857,0.42857142857142855,0.5714285714285714,0.7619047619047619,3.619047619047619,242224122121234124124
1532,4,0.3333333333333333,0.38095238095238093,0.47619047619047616,0.7142857142857143,4.619047619047619,242224122121234124124
1532,5,0.2857142857142857,0.2857142857142857,0.38095238095238093,0.6190476190476191,5.285714285714286,242224122121234124124
1533,2,0.23809523809523808,0.5238095238095238,0.6190476190476191,0.7142857142857143,4.380952380952381,134112234233234423343
1533,3,0.2857142857142857,0.2857142857142857,0.5238095238095238,0.6666666666666666,4.761904761904762,134112234233234423343
1533,4,0.2857142857142857,0.19047619047619047,0.42857142857142855,0.5238095238095238,5.380952380952381,134112234233234423343
1533,5,0.19047619047619047,0.19047619047619047,0.3333333333333333,0.38095238095238093,7.523809523809524,134112234233234423343
1534,2,0.38095238095238093,0.3333333333333333,0.5714285714285714,0.7619047619047619,3.5714285714285716,432112432332341413221
1534,3,0.2857142857142857,0.3333333333333333,0.6190476190476191,0.7619047619047619,4.0476190476190474,432112432332341413221
1534,4,0.38095238095238093,0.14285714285714285,0.6190476190476191,0.7619047619047619,4.142857142857143,432112432332341413221
1534,5,0.23809523809523808,0.14285714285714285,0.5238095238095238,0.6666666666666666,6.333333333333333,432112432332341413221
1535,2,0.3333333333333333,0.3333333333333333,0.6190476190476191,0.6666666666666666,5.666666666666667,122433214114123244414
1535,3,0.23809523809523808,0.3333333333333333,0.6666666666666666,0.6666666666666666,5.714285714285714,122433214114123244414
1535,4,0.14285714285714285,0.2857142857142857,0.47619047619047616,0.5714285714285714,6.523809523809524,122433214114123244414
1535,5,0.19047619047619047,0.047619047619047616,0.3333333333333333,0.42857142857142855,7.857142857142857,122433214114123244414
1536,2,0.2857142857142857,0.19047619047619047,0.47619047619047616,0.6666666666666666,5.761904761904762,141313313344344211331
1536,3,0.19047619047619047,0.14285714285714285,0.47619047619047616,0.7142857142857143,5.476190476190476,141313313344344211331
1536,4,0.19047619047619047,0.09523809523809523,0.5238095238095238,0.7142857142857143,5.523809523809524,141313313344344211331
1536,5,0.23809523809523808,0.047619047619047616,0.3333333333333333,0.47619047619047616,7.095238095238095,141313313344344211331
1537,2,0.23809523809523808,0.3333333333333333,0.6190476190476191,0.8571428571428571,3.4761904761904763,311434221131222422213
1537,3,0.2857142857142857,0.23809523809523808,0.5714285714285714,0.6190476190476191,4.857142857142857,311434221131222422213
1537,4,0.19047619047619047,0.23809523809523808,0.42857142857142855,0.5238095238095238,5.523809523809524,311434221131222422213
1537,5,0.23809523809523808,0.2857142857142857,0.42857142857142855,0.5714285714285714,6.0,311434221131222422213
1538,2,0.3333333333333333,0.38095238095238093,0.7142857142857143,0.8095238095238095,3.3333333333333335,222112134333213134431
1538,3,0.2857142857142857,0.14285714285714285,0.6190476190476191,0.7142857142857143,3.9523809523809526,222112134333213134431
1538,4,0.3333333333333333,0.19047619047619047,0.5238095238095238,0.5714285714285714,4.857142857142857,222112134333213134431
1538,5,0.14285714285714285,0.23809523809523808,0.42857142857142855,0.6190476190476191,5.476190476190476,222112134333213134431
1539,2,0.2857142857142857,0.2857142857142857,0.5238095238095238,0.8095238095238095,3.7142857142857144,343121214413241341324
1539,3,0.23809523809523808,0.23809523809523808,0.5238095238095238,0.5714285714285714,4.285714285714286,343121214413241341324
1539,4,0.14285714285714285,0.14285714285714285,0.42857142857142855,0.47619047619047616,6.0,343121214413241341324
1539,5,0.23809523809523808,0.047619047619047616,0.38095238095238093,0.47619047619047616,6.666666666666667,343121214413241341324
1540,2,0.38095238095238093,0.3333333333333333,0.6666666666666666,0.8095238095238095,3.5238095238095237,344414412241222414123
1540,3,0.38095238095238093,0.2857142857142857,0.7142857142857143,0.8571428571428571,3.0,344414412241222414123
1540,4,0.23809523809523808,0.23809523809523808,0.5238095238095238,0.8571428571428571,3.4761904761904763,344414412241222414123
1540,5,0.38095238095238093,0.38095238095238093,0.47619047619047616,0.5238095238095238,5.285714285714286,344414412241222414123
1541,2,0.3333333333333333,0.23809523809523808,0.7142857142857143,0.8571428571428571,2.9047619047619047,222224323233344223214
1541,3,0.23809523809523808,0.2857142857142857,0.5714285714285714,0.8095238095238095,4.0476190476190474,222224323233344223214
1541,4,0.19047619047619047,0.14285714285714285,0.5714285714285714,0.6190476190476191,4.476190476190476,222224323233344223214
1541,5,0.19047619047619047,0.047619047619047616,0.38095238095238093,0.5238095238095238,6.142857142857143,222224323233344223214
1542,2,0.38095238095238093,0.23809523809523808,0.7142857142857143,0.7619047619047619,3.1904761904761907,243121333232133332241
1542,3,0.23809523809523808,0.2857142857142857,0.47619047619047616,0.7142857142857143,4.428571428571429,243121333232133332241
1542,4,0.19047619047619047,0.14285714285714285,0.3333333333333333,0.47619047619047616,6.619047619047619,243121333232133332241
1542,5,0.19047619047619047,0.2857142857142857,0.38095238095238093,0.42857142857142855,7.333333333333333,243121333232133332241
1543,2,0.23809523809523808,0.19047619047619047,0.6190476190476191,0.7142857142857143,4.809523809523809,344243121124431433221
1543,3,0.2857142857142857,0.09523809523809523,0.47619047619047616,0.6666666666666666,4.761904761904762,344243121124431433221
1543,4,0.23809523809523808,0.14285714285714285,0.42857142857142855,0.47619047619047616,5.714285714285714,344243121124431433221
1543,5,0.14285714285714285,0.047619047619047616,0.42857142857142855,0.47619047619047616,6.476190476190476,344243121124431433221
1544,2,0.23809523809523808,0.3333333333333333,0.5238095238095238,0.7619047619047619,4.0,444131211342242232442
1544,3,0.14285714285714285,0.09523809523809523,0.5714285714285714,0.8095238095238095,3.857142857142857,444131211342242232442
1544,4,0.14285714285714285,0.14285714285714285,0.3333333333333333,0.6190476190476191,4.809523809523809,444131211342242232442
1544,5,0.3333333333333333,0.19047619047619047,0.5238095238095238,0.5238095238095238,6.333333333333333,444131211342242232442
1545,2,0.2857142857142857,0.09523809523809523,0.42857142857142855,0.7142857142857143,4.666666666666667,344112223134122322121
1545,3,0.19047619047619047,0.14285714285714285,0.5238095238095238,0.6190476190476191,5.333333333333333,344112223134122322121
1545,4,0.2857142857142857,0.23809523809523808,0.38095238095238093,0.47619047619047616,6.333333333333333,344112223134122322121
1545,5,0.2857142857142857,0.23809523809523808,0.47619047619047616,0.5714285714285714,6.333333333333333,344112223134122322121
1546,2,0.3333333333333333,0.3333333333333333,0.6190476190476191,0.7619047619047619,4.0476190476190474,234233443234242221241
1546,3,0.23809523809523808,0.38095238095238093,0.5714285714285714,0.8095238095238095,3.8095238095238093,234233443234242221241
1546,4,0.23809523809523808,0.14285714285714285,0.42857142857142855,0.6190476190476191,4.904761904761905,234233443234242221241
1546,5,0.19047619047619047,0.23809523809523808,0.3333333333333333,0.47619047619047616,6.714285714285714,234233443234242221241
1547,2,0.38095238095238093,0.38095238095238093,0.6666666666666666,0.8571428571428571,3.4761904761904763,213241224222412332232
1547,3,0.23809523809523808,0.23809523809523808,0.5238095238095238,0.6190476190476191,4.476190476190476,213241224222412332232
1547,4,0.3333333333333333,0.14285714285714285,0.47619047619047616,0.5238095238095238,5.380952380952381,213241224222412332232
1547,5,0.2857142857142857,0.23809523809523808,0.47619047619047616,0.47619047619047616,6.619047619047619,213241224222412332232
1548,2,0.3333333333333333,0.38095238095238093,0.6190476190476191,0.8571428571428571,3.761904761904762,324233134243214132242
1548,3,0.3333333333333333,0.2857142857142857,0.6666666666666666,0.8095238095238095,3.238095238095238,324233134243214132242
1548,4,0.3333333333333333,0.47619047619047616,0.5714285714285714,0.7142857142857143,3.9523809523809526,324233134243214132242
1548,5,0.2857142857142857,0.5238095238095238,0.5238095238095238,0.5714285714285714,4.9523809523809526,324233134243214132242
1549,2,0.19047619047619047,0.3333333333333333,0.6666666666666666,0.7619047619047619,4.380952380952381,342333141424113423441
1549,3,0.3333333333333333,0.2857142857142857,0.7142857142857143,0.7619047619047619,4.285714285714286,342333141424113423441
1549,4,0.14285714285714285,0.2857142857142857,0.47619047619047616,0.6666666666666666,5.428571428571429,342333141424113423441
1549,5,0.19047619047619047,0.19047619047619047,0.42857142857142855,0.6666666666666666,5.761904761904762,342333141424113423441
1550,2,0.23809523809523808,0.19047619047619047,0.47619047619047616,0.6666666666666666,4.809523809523809,114141134332423221334
1550,3,0.19047619047619047,0.14285714285714285,0.42857142857142855,0.5714285714285714,5.476190476190476,114141134332423221334
1550,4,0.19047619047619047,0.047619047619047616,0.38095238095238093,0.47619047619047616,6.761904761904762,114141134332423221334
1550,5,0.14285714285714285,0.09523809523809523,0.23809523809523808,0.42857142857142855,7.476190476190476,114141134332423221334
1551,2,0.2857142857142857,0.09523809523809523,0.5238095238095238,0.8095238095238095,4.476190476190476,412113123214121322344
1551,3,0.19047619047619047,0.2857142857142857,0.42857142857142855,0.7142857142857143,5.095238095238095,412113123214121322344
1551,4,0.23809523809523808,0.19047619047619047,0.38095238095238093,0.5238095238095238,6.619047619047619,412113123214121322344
1551,5,0.19047619047619047,0.09523809523809523,0.42857142857142855,0.5714285714285714,6.0476190476190474,412113123214121322344
1552,2,0.19047619047619047,0.2857142857142857,0.5714285714285714,0.8095238095238095,3.6666666666666665,312141342133143443322
1552,3,0.23809523809523808,0.2857142857142857,0.5238095238095238,0.7142857142857143,4.285714285714286,312141342133143443322
1552,4,0.14285714285714285,0.14285714285714285,0.5714285714285714,0.5714285714285714,4.809523809523809,312141342133143443322
1552,5,0.14285714285714285,0.09523809523809523,0.38095238095238093,0.5714285714285714,6.142857142857143,312141342133143443322
1553,2,0.47619047619047616,0.42857142857142855,0.6190476190476191,0.7619047619047619,3.9047619047619047,341444234244411324122
1553,3,0.3333333333333333,0.38095238095238093,0.6190476190476191,0.7142857142857143,4.666666666666667,341444234244411324122
1553,4,0.3333333333333333,0.3333333333333333,0.5238095238095238,0.5714285714285714,5.095238095238095,341444234244411324122
1553,5,0.3333333333333333,0.3333333333333333,0.5238095238095238,0.5714285714285714,5.523809523809524,341444234244411324122
1554,2,0.3333333333333333,0.42857142857142855,0.6666666666666666,0.8095238095238095,3.619047619047619,423412414134422441441
1554,3,0.2857142857142857,0.2857142857142857,0.6666666666666666,0.7619047619047619,3.9047619047619047,423412414134422441441
1554,4,0.19047619047619047,0.14285714285714285,0.6190476190476191,0.7619047619047619,4.428571428571429,423412414134422441441
1554,5,0.2857142857142857,0.14285714285714285,0.5238095238095238,0.5714285714285714,5.571428571428571,423412414134422441441
1555,2,0.3333333333333333,0.19047619047619047,0.5238095238095238,0.7619047619047619,4.428571428571429,131411221413343432412
1555,3,0.19047619047619047,0.14285714285714285,0.5714285714285714,0.6666666666666666,5.238095238095238,131411221413343432412
1555,4,0.23809523809523808,0.23809523809523808,0.5238095238095238,0.6190476190476191,5.619047619047619,131411221413343432412
1555,5,0.23809523809523808,0.19047619047619047,0.2857142857142857,0.47619047619047616,6.809523809523809,131411221413343432412
1556,2,0.2857142857142857,0.38095238095238093,0.6190476190476191,0.7619047619047619,5.0476190476190474,114131224114121434433
1556,3,0.3333333333333333,0.38095238095238093,0.5714285714285714,0.6190476190476191,5.380952380952381,114131224114121434433
1556,4,0.2857142857142857,0.19047619047619047,0.47619047619047616,0.47619047619047616,6.095238095238095,114131224114121434433
1556,5,0.14285714285714285,0.23809523809523808,0.42857142857142855,0.5238095238095238,7.238095238095238,114131224114121434433
1557,2,0.23809523809523808,0.14285714285714285,0.6666666666666666,0.7142857142857143,4.285714285714286,324244111234132244242
1557,3,0.19047619047619047,0.14285714285714285,0.6666666666666666,0.7619047619047619,4.095238095238095,324244111234132244242
1557,4,0.14285714285714285,0.19047619047619047,0.38095238095238093,0.5238095238095238,5.761904761904762,324244111234132244242
1557,5,0.19047619047619047,0.09523809523809523,0.23809523809523808,0.42857142857142855,7.285714285714286,324244111234132244242
1558,2,0.42857142857142855,0.42857142857142855,0.6666666666666666,0.7619047619047619,4.380952380952381,114132144242421412121
1558,3,0.2857142857142857,0.23809523809523808,0.5714285714285714,0.6666666666666666,5.0476190476190474,114132144242421412121
1558,4,0.19047619047619047,0.23809523809523808,0.5238095238095238,0.5714285714285714,6.0,114132144242421412121
1558,5,0.19047619047619047,0.38095238095238093,0.5238095238095238,0.5238095238095238,7.0476190476190474,114132144242421412121
1559,2,0.23809523809523808,0.09523809523809523,0.7142857142857143,0.8095238095238095,3.761904761904762,244211241413124314413
1559,3,0.23809523809523808,0.2857142857142857,0.6190476190476191,0.6666666666666666,4.571428571428571,244211241413124314413
1559,4,0.2857142857142857,0.19047619047619047,0.38095238095238093,0.5238095238095238,6.0,244211241413124314413
1559,5,0.23809523809523808,0.23809523809523808,0.2857142857142857,0.47619047619047616,7.0,244211241413124314413
1560,2,0.5238095238095238,0.42857142857142855,0.7619047619047619,0.8571428571428571,2.857142857142857,241222344213113231344
1560,3,0.2857142857142857,0.14285714285714285,0.7142857142857143,0.8095238095238095,3.9523809523809526,241222344213113231344
1560,4,0.19047619047619047,0.19047619047619047,0.42857142857142855,0.5714285714285714,5.333333333333333,241222344213113231344
1560,5,0.19047619047619047,0.047619047619047616,0.2857142857142857,0.42857142857142855,6.904761904761905,241222344213113231344
1561,2,0.38095238095238093,0.2857142857142857,0.6666666666666666,0.7619047619047619,3.9523809523809526,424422414244411333314
1561,3,0.23809523809523808,0.3333333333333333,0.6190476190476191,0.7619047619047619,4.285714285714286,424422414244411333314
1561,4,0.23809523809523808,0.14285714285714285,0.47619047619047616,0.5714285714285714,5.285714285714286,424422414244411333314
1561,5,0.23809523809523808,0.14285714285714285,0.42857142857142855,0.42857142857142855,6.476190476190476,424422414244411333314
1562,2,0.2857142857142857,0.14285714285714285,0.6666666666666666,0.8095238095238095,3.9523809523809526,322321413144143324444
1562,3,0.23809523809523808,0.3333333333333333,0.6666666666666666,0.7619047619047619,4.285714285714286,322321413144143324444
1562,4,0.14285714285714285,0.047619047619047616,0.47619047619047616,0.6666666666666666,5.714285714285714,322321413144143324444
1562,5,0.2857142857142857,0.14285714285714285,0.5238095238095238,0.6190476190476191,5.761904761904762,322321413144143324444
1563,2,0.2857142857142857,0.5714285714285714,0.6666666666666666,0.8571428571428571,3.0476190476190474,211441334222234343112
1563,3,0.2857142857142857,0.23809523809523808,0.5238095238095238,0.6666666666666666,4.619047619047619,211441334222234343112
1563,4,0.23809523809523808,0.3333333333333333,0.47619047619047616,0.5238095238095238,5.333333333333333,211441334222234343112
1563,5,0.19047619047619047,0.23809523809523808,0.2857142857142857,0.42857142857142855,6.714285714285714,211441334222234343112
1564,2,0.3333333333333333,0.19047619047619047,0.5238095238095238,0.7619047619047619,4.809523809523809,213213413244121141333
1564,3,0.2857142857142857,0.38095238095238093,0.5238095238095238,0.7142857142857143,4.714285714285714,213213413244121141333
1564,4,0.19047619047619047,0.2857142857142857,0.5238095238095238,0.6190476190476191,5.619047619047619,213213413244121141333
1564,5,0.19047619047619047,0.2857142857142857,0.42857142857142855,0.5238095238095238,6.619047619047619,213213413244121141333
1565,2,0.3333333333333333,0.3333333333333333,0.6666666666666666,0.9047619047619048,3.0952380952380953,224212424232342434242
1565,3,0.23809523809523808,0.14285714285714285,0.7142857142857143,0.8571428571428571,3.238095238095238,224212424232342434242
1565,4,0.2857142857142857,0.09523809523809523,0.5238095238095238,0.7142857142857143,4.190476190476191,224212424232342434242
1565,5,0.3333333333333333,0.19047619047619047,0.42857142857142855,0.5238095238095238,6.238095238095238,224212424232342434242
1566,2,0.38095238095238093,0.2857142857142857,0.7142857142857143,0.7619047619047619,3.857142857142857,323143421412414432124
1566,3,0.3333333333333333,0.3333333333333333,0.6190476190476191,0.6666666666666666,4.476190476190476,323143421412414432124
1566,4,0.23809523809523808,0.3333333333333333,0.38095238095238093,0.5238095238095238,5.714285714285714,323143421412414432124
1566,5,0.19047619047619047,0.14285714285714285,0.42857142857142855,0.5238095238095238,6.714285714285714,323143421412414432124
1567,2,0.3333333333333333,0.6190476190476191,0.6666666666666666,0.8095238095238095,3.857142857142857,224442314344211313334
1567,3,0.23809523809523808,0.14285714285714285,0.6190476190476191,0.8571428571428571,3.857142857142857,224442314344211313334
1567,4,0.2857142857142857,0.19047619047619047,0.5714285714285714,0.7142857142857143,4.380952380952381,224442314344211313334
1567,5,0.19047619047619047,0.14285714285714285,0.2857142857142857,0.42857142857142855,6.761904761904762,224442314344211313334
1568,2,0.14285714285714285,0.23809523809523808,0.5714285714285714,0.7619047619047619,4.285714285714286,334211211424221123311
1568,3,0.19047619047619047,0.14285714285714285,0.5714285714285714,0.8095238095238095,4.333333333333333,334211211424221123311
1568,4,0.19047619047619047,0.19047619047619047,0.47619047619047616,0.5238095238095238,5.095238095238095,334211211424221123311
1568,5,0.19047619047619047,0.14285714285714285,0.2857142857142857,0.2857142857142857,7.714285714285714,334211211424221123311
1569,2,0.3333333333333333,0.5238095238095238,0.5714285714285714,0.7619047619047619,3.8095238095238093,234411242341423423143
1569,3,0.38095238095238093,0.2857142857142857,0.6666666666666666,0.7619047619047619,3.3333333333333335,234411242341423423143
1569,4,0.19047619047619047,0.14285714285714285,0.5714285714285714,0.7619047619047619,4.095238095238095,234411242341423423143
1569,5,0.2857142857142857,0.2857142857142857,0.3333333333333333,0.47619047619047616,6.285714285714286,234411242341423423143
1570,2,0.42857142857142855,0.42857142857142855,0.7142857142857143,0.8571428571428571,3.0,242221241213331143314
1570,3,0.19047619047619047,0.3333333333333333,0.6190476190476191,0.7619047619047619,3.857142857142857,242221241213331143314
1570,4,0.14285714285714285,0.14285714285714285,0.38095238095238093,0.5238095238095238,5.333333333333333,242221241213331143314
1570,5,0.09523809523809523,0.09523809523809523,0.2857142857142857,0.47619047619047616,6.904761904761905,242221241213331143314
1571,2,0.23809523809523808,0.3333333333333333,0.6190476190476191,0.8095238095238095,3.6666666666666665,442141124212442242322
1571,3,0.23809523809523808,0.2857142857142857,0.47619047619047616,0.7142857142857143,4.190476190476191,442141124212442242322
1571,4,0.19047619047619047,0.19047619047619047,0.47619047619047616,0.5714285714285714,5.380952380952381,442141124212442242322
1571,5,0.19047619047619047,0.19047619047619047,0.47619047619047616,0.5714285714285714,6.0476190476190474,442141124212442242322
1572,2,0.09523809523809523,0.19047619047619047,0.6190476190476191,0.6666666666666666,5.523809523809524,114133223431144314132
1572,3,0.23809523809523808,0.19047619047619047,0.38095238095238093,0.47619047619047616,6.333333333333333,114133223431144314132
1572,4,0.2857142857142857,0.2857142857142857,0.38095238095238093,0.47619047619047616,7.0476190476190474,114133223431144314132
1572,5,0.19047619047619047,0.3333333333333333,0.38095238095238093,0.5238095238095238,7.476190476190476,114133223431144314132
1573,2,0.19047619047619047,0.2857142857142857,0.5238095238095238,0.7142857142857143,5.190476190476191,123312322414134143434
1573,3,0.2857142857142857,0.3333333333333333,0.5714285714285714,0.6666666666666666,5.333333333333333,123312322414134143434
1573,4,0.23809523809523808,0.3333333333333333,0.42857142857142855,0.5238095238095238,6.428571428571429,123312322414134143434
1573,5,0.19047619047619047,0.047619047619047616,0.2857142857142857,0.5238095238095238,7.619047619047619,123312322414134143434
1574,2,0.47619047619047616,0.5714285714285714,0.7142857142857143,0.8095238095238095,3.6666666666666665,214242234244433212213
1574,3,0.2857142857142857,0.19047619047619047,0.5714285714285714,0.7142857142857143,4.571428571428571,214242234244433212213
1574,4,0.23809523809523808,0.19047619047619047,0.42857142857142855,0.6190476190476191,5.095238095238095,214242234244433212213
1574,5,0.19047619047619047,0.19047619047619047,0.38095238095238093,0.42857142857142855,6.428571428571429,214242234244433212213
1575,2,0.3333333333333333,0.38095238095238093,0.7142857142857143,0.8571428571428571,3.0476190476190474,213341143141212244112
1575,3,0.23809523809523808,0.38095238095238093,0.5238095238095238,0.6666666666666666,4.142857142857143,213341143141212244112
1575,4,0.23809523809523808,0.2857142857142857,0.42857142857142855,0.47619047619047616,5.476190476190476,213341143141212244112
1575,5,0.3333333333333333,0.2857142857142857,0.42857142857142855,0.47619047619047616,6.476190476190476,213341143141212244112
1576,2,0.23809523809523808,0.42857142857142855,0.6190476190476191,0.9047619047619048,3.142857142857143,313414433443214313431
1576,3,0.38095238095238093,0.2857142857142857,0.6190476190476191,0.6190476190476191,3.9523809523809526,313414433443214313431
1576,4,0.23809523809523808,0.14285714285714285,0.5238095238095238,0.5714285714285714,5.0476190476190474,313414433443214313431
1576,5,0.19047619047619047,0.19047619047619047,0.42857142857142855,0.5714285714285714,5.666666666666667,313414433443214313431
1577,2,0.2857142857142857,0.23809523809523808,0.5238095238095238,0.7142857142857143,4.904761904761905,144333443231442224122
1577,3,0.19047619047619047,0.23809523809523808,0.47619047619047616,0.7142857142857143,5.095238095238095,144333443231442224122
1577,4,0.19047619047619047,0.14285714285714285,0.38095238095238093,0.5714285714285714,5.857142857142857,144333443231442224122
1577,5,0.3333333333333333,0.2857142857142857,0.47619047619047616,0.47619047619047616,6.428571428571429,144333443231442224122
1578,2,0.23809523809523808,0.19047619047619047,0.6666666666666666,0.8095238095238095,4.0,412433121111433323143
1578,3,0.19047619047619047,0.19047619047619047,0.5238095238095238,0.6666666666666666,4.333333333333333,412433121111433323143
1578,4,0.19047619047619047,0.09523809523809523,0.38095238095238093,0.5714285714285714,5.523809523809524,412433121111433323143
1578,5,0.19047619047619047,0.23809523809523808,0.38095238095238093,0.5238095238095238,5.9523809523809526,412433121111433323143
1579,2,0.42857142857142855,0.42857142857142855,0.6190476190476191,0.8571428571428571,3.619047619047619,443123344242442424131
1579,3,0.38095238095238093,0.42857142857142855,0.5714285714285714,0.7619047619047619,3.619047619047619,443123344242442424131
1579,4,0.19047619047619047,0.23809523809523808,0.47619047619047616,0.6190476190476191,4.904761904761905,443123344242442424131
1579,5,0.19047619047619047,0.23809523809523808,0.5238095238095238,0.5238095238095238,6.857142857142857,443123344242442424131
1580,2,0.47619047619047616,0.47619047619047616,0.6666666666666666,0.8571428571428571,3.4761904761904763,434114224244321441433
1580,3,0.38095238095238093,0.47619047619047616,0.6666666666666666,0.8095238095238095,3.761904761904762,434114224244321441433
1580,4,0.2857142857142857,0.14285714285714285,0.6666666666666666,0.7142857142857143,4.0476190476190474,434114224244321441433
1580,5,0.23809523809523808,0.19047619047619047,0.5238095238095238,0.5714285714285714,6.333333333333333,434114224244321441433
1581,2,0.3333333333333333,0.38095238095238093,0.6190476190476191,0.8095238095238095,3.7142857142857144,123141321443331441144
1581,3,0.38095238095238093,0.3333333333333333,0.5714285714285714,0.6666666666666666,4.523809523809524,123141321443331441144
1581,4,0.23809523809523808,0.19047619047619047,0.47619047619047616,0.6190476190476191,5.476190476190476,123141321443331441144
1581,5,0.19047619047619047,0.14285714285714285,0.38095238095238093,0.47619047619047616,7.0476190476190474,123141321443331441144
1582,2,0.2857142857142857,0.38095238095238093,0.7142857142857143,0.8571428571428571,3.3333333333333335,413111442142121443243
1582,3,0.2857142857142857,0.47619047619047616,0.6666666666666666,0.7142857142857143,3.857142857142857,413111442142121443243
1582,4,0.23809523809523808,0.14285714285714285,0.47619047619047616,0.6666666666666666,4.761904761904762,413111442142121443243
1582,5,0.3333333333333333,0.3333333333333333,0.5714285714285714,0.6190476190476191,6.285714285714286,413111442142121443243
1583,2,0.42857142857142855,0.38095238095238093,0.8095238095238095,0.9523809523809523,2.3333333333333335,232234144112334331132
1583,3,0.2857142857142857,0.09523809523809523,0.5714285714285714,0.7142857142857143,3.7142857142857144,232234144112334331132
1583,4,0.23809523809523808,0.19047619047619047,0.47619047619047616,0.6190476190476191,5.0476190476190474,232234144112334331132
1583,5,0.19047619047619047,0.14285714285714285,0.23809523809523808,0.42857142857142855,7.095238095238095,232234144112334331132
1584,2,0.3333333333333333,0.2857142857142857,0.6190476190476191,0.8571428571428571,3.5238095238095237,443214421441114431421
1584,3,0.38095238095238093,0.23809523809523808,0.6666666666666666,0.7142857142857143,3.857142857142857,443214421441114431421
1584,4,0.23809523809523808,0.14285714285714285,0.47619047619047616,0.7142857142857143,4.9523809523809526,443214421441114431421
1584,5,0.3333333333333333,0.23809523809523808,0.5714285714285714,0.7142857142857143,5.714285714285714,443214421441114431421
1585,2,0.19047619047619047,0.19047619047619047,0.6666666666666666,0.8095238095238095,4.142857142857143,421433441414312313313
1585,3,0.14285714285714285,0.14285714285714285,0.5714285714285714,0.7142857142857143,5.142857142857143,421433441414312313313
1585,4,0.19047619047619047,0.19047619047619047,0.5238095238095238,0.6190476190476191,5.523809523809524,421433441414312313313
1585,5,0.23809523809523808,0.14285714285714285,0.3333333333333333,0.42857142857142855,6.571428571428571,421433441414312313313
1586,2,0.19047619047619047,0.14285714285714285,0.5238095238095238,0.7619047619047619,4.095238095238095,214144121434442234324
1586,3,0.19047619047619047,0.14285714285714285,0.47619047619047616,0.6190476190476191,5.0,214144121434442234324
1586,4,0.19047619047619047,0.14285714285714285,0.3333333333333333,0.47619047619047616,6.095238095238095,214144121434442234324
1586,5,0.19047619047619047,0.09523809523809523,0.38095238095238093,0.47619047619047616,6.0476190476190474,214144121434442234324
1587,2,0.2857142857142857,0.19047619047619047,0.6666666666666666,0.8095238095238095,3.7142857142857144,423123424332324214422
1587,3,0.23809523809523808,0.14285714285714285,0.42857142857142855,0.6190476190476191,4.619047619047619,423123424332324214422
1587,4,0.23809523809523808,0.19047619047619047,0.5714285714285714,0.6190476190476191,5.0476190476190474,423123424332324214422
1587,5,0.23809523809523808,0.23809523809523808,0.47619047619047616,0.5714285714285714,6.666666666666667,423123424332324214422
1588,2,0.38095238095238093,0.47619047619047616,0.6666666666666666,0.7619047619047619,4.285714285714286,112213434313433341331
1588,3,0.3333333333333333,0.23809523809523808,0.42857142857142855,0.5714285714285714,5.0476190476190474,112213434313433341331
1588,4,0.19047619047619047,0.19047619047619047,0.42857142857142855,0.5714285714285714,5.809523809523809,112213434313433341331
1588,5,0.14285714285714285,0.19047619047619047,0.3333333333333333,0.5714285714285714,6.285714285714286,112213434313433341331
1589,2,0.38095238095238093,0.38095238095238093,0.7142857142857143,0.8571428571428571,3.142857142857143,431314241113321212213
1589,3,0.23809523809523808,0.38095238095238093,0.5238095238095238,0.7619047619047619,4.380952380952381,431314241113321212213
1589,4,0.2857142857142857,0.23809523809523808,0.5238095238095238,0.6666666666666666,4.714285714285714,431314241113321212213
1589,5,0.19047619047619047,0.19047619047619047,0.38095238095238093,0.5238095238095238,6.619047619047619,431314241113321212213
1590,2,0.23809523809523808,0.38095238095238093,0.5238095238095238,0.8095238095238095,3.8095238095238093,444314234331421214331
1590,3,0.23809523809523808,0.23809523809523808,0.47619047619047616,0.6190476190476191,4.476190476190476,444314234331421214331
1590,4,0.2857142857142857,0.19047619047619047,0.47619047619047616,0.7142857142857143,4.666666666666667,444314234331421214331
1590,5,0.2857142857142857,0.23809523809523808,0.47619047619047616,0.5714285714285714,5.9523809523809526,444314234331421214331
1591,2,0.3333333333333333,0.23809523809523808,0.6666666666666666,0.7619047619047619,4.285714285714286,112441122131311412322
1591,3,0.3333333333333333,0.3333333333333333,0.5714285714285714,0.6190476190476191,4.857142857142857,112441122131311412322
1591,4,0.2857142857142857,0.23809523809523808,0.5238095238095238,0.6190476190476191,5.238095238095238,112441122131311412322
1591,5,0.14285714285714285,0.19047619047619047,0.5238095238095238,0.6190476190476191,5.904761904761905,112441122131311412322
1592,2,0.2857142857142857,0.23809523809523808,0.6666666666666666,0.7619047619047619,3.619047619047619,221232122441111344212
1592,3,0.3333333333333333,0.38095238095238093,0.5714285714285714,0.6666666666666666,4.476190476190476,221232122441111344212
1592,4,0.2857142857142857,0.23809523809523808,0.5238095238095238,0.6190476190476191,5.666666666666667,221232122441111344212
1592,5,0.19047619047619047,0.23809523809523808,0.42857142857142855,0.5238095238095238,6.333333333333333,221232122441111344212
1593,2,0.2857142857142857,0.3333333333333333,0.6666666666666666,0.8095238095238095,3.857142857142857,122444342312233113214
1593,3,0.14285714285714285,0.23809523809523808,0.6666666666666666,0.7142857142857143,4.523809523809524,122444342312233113214
1593,4,0.14285714285714285,0.09523809523809523,0.5714285714285714,0.6190476190476191,4.9523809523809526,122444342312233113214
1593,5,0.09523809523809523,0.047619047619047616,0.19047619047619047,0.42857142857142855,7.571428571428571,122444342312233113214
1594,2,0.47619047619047616,0.38095238095238093,0.7142857142857143,0.9523809523809523,2.380952380952381,233441444411332111134
1594,3,0.14285714285714285,0.2857142857142857,0.6190476190476191,0.7142857142857143,4.0,233441444411332111134
1594,4,0.2857142857142857,0.23809523809523808,0.5714285714285714,0.6666666666666666,4.571428571428571,233441444411332111134
1594,5,0.19047619047619047,0.19047619047619047,0.23809523809523808,0.42857142857142855,7.619047619047619,233441444411332111134
1595,2,0.2857142857142857,0.42857142857142855,0.6190476190476191,0.7619047619047619,3.6666666666666665,324141413114221413412
1595,3,0.19047619047619047,0.19047619047619047,0.6190476190476191,0.7142857142857143,4.190476190476191,324141413114221413412
1595,4,0.19047619047619047,0.19047619047619047,0.42857142857142855,0.47619047619047616,5.619047619047619,324141413114221413412
1595,5,0.23809523809523808,0.14285714285714285,0.3333333333333333,0.5238095238095238,6.714285714285714,324141413114221413412
1596,2,0.3333333333333333,0.23809523809523808,0.6666666666666666,0.7619047619047619,4.0476190476190474,344312431144124114222
1596,3,0.2857142857142857,0.19047619047619047,0.6666666666666666,0.8095238095238095,4.095238095238095,344312431144124114222
1596,4,0.38095238095238093,0.23809523809523808,0.5238095238095238,0.6190476190476191,4.761904761904762,344312431144124114222
1596,5,0.3333333333333333,0.2857142857142857,0.5714285714285714,0.6666666666666666,5.190476190476191,344312431144124114222
1597,2,0.3333333333333333,0.38095238095238093,0.7142857142857143,0.8571428571428571,3.2857142857142856,221334234211232111422
1597,3,0.14285714285714285,0.23809523809523808,0.5714285714285714,0.7619047619047619,4.285714285714286,221334234211232111422
1597,4,0.19047619047619047,0.19047619047619047,0.47619047619047616,0.5238095238095238,4.761904761904762,221334234211232111422
1597,5,0.23809523809523808,0.19047619047619047,0.47619047619047616,0.5714285714285714,5.761904761904762,221334234211232111422
1598,2,0.3333333333333333,0.42857142857142855,0.7142857142857143,0.9047619047619048,2.761904761904762,332232434212243232321
1598,3,0.2857142857142857,0.23809523809523808,0.6190476190476191,0.8571428571428571,3.4285714285714284,332232434212243232321
1598,4,0.2857142857142857,0.14285714285714285,0.5238095238095238,0.5714285714285714,4.142857142857143,332232434212243232321
1598,5,0.19047619047619047,0.2857142857142857,0.38095238095238093,0.47619047619047616,6.9523809523809526,332232434212243232321
1599,2,0.3333333333333333,0.42857142857142855,0.7142857142857143,0.7619047619047619,3.9047619047619047,122224131322412441312
1599,3,0.3333333333333333,0.2857142857142857,0.6666666666666666,0.7142857142857143,4.285714285714286,122224131322412441312
1599,4,0.23809523809523808,0.2857142857142857,0.6190476190476191,0.7142857142857143,5.095238095238095,122224131322412441312
1599,5,0.14285714285714285,0.19047619047619047,0.38095238095238093,0.47619047619047616,6.666666666666667,122224131322412441312
1600,2,0.2857142857142857,0.23809523809523808,0.6190476190476191,0.7142857142857143,4.714285714285714,233243241344142444333
1600,3,0.23809523809523808,0.3333333333333333,0.5238095238095238,0.6666666666666666,4.857142857142857,233243241344142444333
1600,4,0.14285714285714285,0.23809523809523808,0.47619047619047616,0.6190476190476191,5.476190476190476,233243241344142444333
1600,5,0.19047619047619047,0.19047619047619047,0.2857142857142857,0.42857142857142855,7.761904761904762,233243241344142444333
1601,2,0.23809523809523808,0.19047619047619047,0.5238095238095238,0.7142857142857143,4.476190476190476,211323122423113443441
1601,3,0.3333333333333333,0.2857142857142857,0.5238095238095238,0.6190476190476191,4.666666666666667,211323122423113443441
1601,4,0.19047619047619047,0.23809523809523808,0.47619047619047616,0.5238095238095238,6.0,211323122423113443441
1601,5,0.19047619047619047,0.23809523809523808,0.5238095238095238,0.5714285714285714,5.285714285714286,211323122423113443441
1602,2,0.38095238095238093,0.23809523809523808,0.5714285714285714,0.7142857142857143,4.190476190476191,232142112324243444111
1602,3,0.23809523809523808,0.2857142857142857,0.5714285714285714,0.7619047619047619,3.9523809523809526,232142112324243444111
1602,4,0.14285714285714285,0.19047619047619047,0.5714285714285714,0.6666666666666666,4.714285714285714,232142112324243444111
1602,5,0.09523809523809523,0.19047619047619047,0.19047619047619047,0.47619047619047616,7.0,232142112324243444111
1603,2,0.3333333333333333,0.14285714285714285,0.5714285714285714,0.6666666666666666,4.9523809523809526,131123123321311212313
1603,3,0.23809523809523808,0.23809523809523808,0.47619047619047616,0.5714285714285714,5.571428571428571,131123123321311212313
1603,4,0.2857142857142857,0.19047619047619047,0.5714285714285714,0.5714285714285714,6.238095238095238,131123123321311212313
1603,5,0.19047619047619047,0.23809523809523808,0.3333333333333333,0.38095238095238093,7.809523809523809,131123123321311212313
1604,2,0.23809523809523808,0.2857142857142857,0.6666666666666666,0.9523809523809523,3.1904761904761907,422411424444213323332
1604,3,0.19047619047619047,0.23809523809523808,0.6666666666666666,0.8095238095238095,3.8095238095238093,422411424444213323332
1604,4,0.23809523809523808,0.09523809523809523,0.5714285714285714,0.7142857142857143,4.333333333333333,422411424444213323332
1604,5,0.2857142857142857,0.19047619047619047,0.42857142857142855,0.6190476190476191,5.238095238095238,422411424444213323332
1605,2,0.3333333333333333,0.38095238095238093,0.6666666666666666,0.7619047619047619,3.619047619047619,444222412432333323232
1605,3,0.14285714285714285,0.23809523809523808,0.5238095238095238,0.7142857142857143,4.238095238095238,444222412432333323232
1605,4,0.09523809523809523,0.19047619047619047,0.38095238095238093,0.6666666666666666,5.333333333333333,444222412432333323232
1605,5,0.19047619047619047,0.14285714285714285,0.38095238095238093,0.47619047619047616,6.9523809523809526,444222412432333323232
1606,2,0.3333333333333333,0.2857142857142857,0.6666666666666666,0.9047619047619048,3.9047619047619047,133324341244221111434
1606,3,0.2857142857142857,0.23809523809523808,0.6190476190476191,0.7619047619047619,4.476190476190476,133324341244221111434
1606,4,0.19047619047619047,0.14285714285714285,0.5714285714285714,0.6666666666666666,5.190476190476191,133324341244221111434
1606,5,0.23809523809523808,0.14285714285714285,0.38095238095238093,0.5238095238095238,7.333333333333333,133324341244221111434
1607,2,0.42857142857142855,0.5714285714285714,0.7619047619047619,0.8571428571428571,3.1904761904761907,442444121323141222134
1607,3,0.2857142857142857,0.3333333333333333,0.6190476190476191,0.7619047619047619,3.8095238095238093,442444121323141222134
1607,4,0.23809523809523808,0.19047619047619047,0.47619047619047616,0.6666666666666666,4.9523809523809526,442444121323141222134
1607,5,0.23809523809523808,0.14285714285714285,0.38095238095238093,0.6666666666666666,5.333333333333333,442444121323141222134
1608,2,0.19047619047619047,0.14285714285714285,0.5238095238095238,0.7619047619047619,4.0,444121313122113324244
1608,3,0.23809523809523808,0.42857142857142855,0.6190476190476191,0.7142857142857143,4.095238095238095,444121313122113324244
1608,4,0.19047619047619047,0.09523809523809523,0.42857142857142855,0.5714285714285714,5.857142857142857,444121313122113324244
1608,5,0.19047619047619047,0.14285714285714285,0.42857142857142855,0.5714285714285714,6.285714285714286,444121313122113324244
1609,2,0.23809523809523808,0.2857142857142857,0.5238095238095238,0.8571428571428571,3.380952380952381,211131332431422421233
1609,3,0.23809523809523808,0.3333333333333333,0.5238095238095238,0.5714285714285714,4.571428571428571,211131332431422421233
1609,4,0.23809523809523808,0.2857142857142857,0.47619047619047616,0.5714285714285714,5.095238095238095,211131332431422421233
1609,5,0.2857142857142857,0.23809523809523808,0.38095238095238093,0.6190476190476191,5.428571428571429,211131332431422421233
1610,2,0.3333333333333333,0.47619047619047616,0.7619047619047619,0.9047619047619048,2.8095238095238093,342224413112212133234
1610,3,0.23809523809523808,0.2857142857142857,0.7619047619047619,0.7619047619047619,3.4285714285714284,342224413112212133234
1610,4,0.19047619047619047,0.23809523809523808,0.42857142857142855,0.6666666666666666,4.380952380952381,342224413112212133234
1610,5,0.2857142857142857,0.14285714285714285,0.38095238095238093,0.6190476190476191,5.904761904761905,342224413112212133234
1611,2,0.38095238095238093,0.2857142857142857,0.6190476190476191,0.8095238095238095,3.0476190476190474,233434433421232424244
1611,3,0.23809523809523808,0.38095238095238093,0.6190476190476191,0.7142857142857143,3.7142857142857144,233434433421232424244
1611,4,0.19047619047619047,0.2857142857142857,0.47619047619047616,0.6190476190476191,5.190476190476191,233434433421232424244
1611,5,0.19047619047619047,0.19047619047619047,0.3333333333333333,0.47619047619047616,6.523809523809524,233434433421232424244
1612,2,0.14285714285714285,0.2857142857142857,0.47619047619047616,0.6666666666666666,5.619047619047619,113233224324244313224
1612,3,0.19047619047619047,0.3333333333333333,0.47619047619047616,0.5714285714285714,5.476190476190476,113233224324244313224
1612,4,0.19047619047619047,0.09523809523809523,0.47619047619047616,0.5714285714285714,5.809523809523809,113233224324244313224
1612,5,0.14285714285714285,0.14285714285714285,0.47619047619047616,0.5238095238095238,7.0,113233224324244313224
1613,2,0.19047619047619047,0.23809523809523808,0.38095238095238093,0.7619047619047619,4.761904761904762,313113312442242333334
1613,3,0.19047619047619047,0.14285714285714285,0.5238095238095238,0.5238095238095238,4.857142857142857,313113312442242333334
1613,4,0.19047619047619047,0.09523809523809523,0.42857142857142855,0.47619047619047616,5.9523809523809526,313113312442242333334
1613,5,0.2857142857142857,0.14285714285714285,0.3333333333333333,0.47619047619047616,6.904761904761905,313113312442242333334
1614,2,0.3333333333333333,0.19047619047619047,0.5238095238095238,0.7142857142857143,4.380952380952381,243133122333412122133
1614,3,0.23809523809523808,0.2857142857142857,0.5238095238095238,0.6190476190476191,4.428571428571429,243133122333412122133
1614,4,0.23809523809523808,0.2857142857142857,0.47619047619047616,0.6190476190476191,5.476190476190476,243133122333412122133
1614,5,0.23809523809523808,0.42857142857142855,0.47619047619047616,0.6190476190476191,5.571428571428571,243133122333412122133
1615,2,0.38095238095238093,0.2857142857142857,0.6190476190476191,0.8095238095238095,3.5714285714285716,343213422221411211131
1615,3,0.2857142857142857,0.5714285714285714,0.5714285714285714,0.7619047619047619,3.8095238095238093,343213422221411211131
1615,4,0.38095238095238093,0.3333333333333333,0.5238095238095238,0.7142857142857143,4.285714285714286,343213422221411211131
1615,5,0.23809523809523808,0.2857142857142857,0.42857142857142855,0.5238095238095238,7.0476190476190474,343213422221411211131
1616,2,0.38095238095238093,0.2857142857142857,0.6666666666666666,0.7619047619047619,3.9047619047619047,441114432224122311213
1616,3,0.19047619047619047,0.19047619047619047,0.5714285714285714,0.7142857142857143,5.285714285714286,441114432224122311213
1616,4,0.2857142857142857,0.14285714285714285,0.47619047619047616,0.6666666666666666,5.761904761904762,441114432224122311213
1616,5,0.2857142857142857,0.19047619047619047,0.47619047619047616,0.5714285714285714,6.285714285714286,441114432224122311213
1617,2,0.42857142857142855,0.23809523809523808,0.6666666666666666,0.8095238095238095,3.619047619047619,441244242242111424333
1617,3,0.3333333333333333,0.2857142857142857,0.6190476190476191,0.7619047619047619,4.523809523809524,441244242242111424333
1617,4,0.19047619047619047,0.09523809523809523,0.47619047619047616,0.7142857142857143,5.238095238095238,441244242242111424333
1617,5,0.23809523809523808,0.38095238095238093,0.42857142857142855,0.5238095238095238,6.666666666666667,441244242242111424333
1618,2,0.23809523809523808,0.3333333333333333,0.5238095238095238,0.7619047619047619,3.761904761904762,341434314131431224322
1618,3,0.23809523809523808,0.19047619047619047,0.6190476190476191,0.7142857142857143,4.333333333333333,341434314131431224322
1618,4,0.14285714285714285,0.23809523809523808,0.42857142857142855,0.5714285714285714,5.190476190476191,341434314131431224322
1618,5,0.14285714285714285,0.09523809523809523,0.38095238095238093,0.47619047619047616,6.285714285714286,341434314131431224322
1619,2,0.2857142857142857,0.3333333333333333,0.5238095238095238,0.7142857142857143,4.0476190476190474,331134242343422133314
1619,3,0.19047619047619047,0.19047619047619047,0.5714285714285714,0.6190476190476191,4.333333333333333,331134242343422133314
1619,4,0.19047619047619047,0.3333333333333333,0.5238095238095238,0.6666666666666666,4.809523809523809,331134242343422133314
1619,5,0.2857142857142857,0.38095238095238093,0.42857142857142855,0.5238095238095238,6.476190476190476,331134242343422133314
1620,2,0.14285714285714285,0.14285714285714285,0.47619047619047616,0.8095238095238095,4.571428571428571,123131311312244414221
1620,3,0.3333333333333333,0.09523809523809523,0.5714285714285714,0.6190476190476191,4.714285714285714,123131311312244414221
1620,4,0.19047619047619047,0.14285714285714285,0.38095238095238093,0.6190476190476191,5.619047619047619,123131311312244414221
1620,5,0.14285714285714285,0.047619047619047616,0.38095238095238093,0.42857142857142855,7.857142857142857,123131311312244414221
1621,2,0.3333333333333333,0.38095238095238093,0.7142857142857143,0.8571428571428571,3.3333333333333335,224311234122312231342
1621,3,0.23809523809523808,0.3333333333333333,0.5714285714285714,0.8571428571428571,3.6666666666666665,224311234122312231342
1621,4,0.42857142857142855,0.3333333333333333,0.5238095238095238,0.7142857142857143,4.0476190476190474,224311234122312231342
1621,5,0.3333333333333333,0.14285714285714285,0.42857142857142855,0.5238095238095238,6.238095238095238,224311234122312231342
1622,2,0.2857142857142857,0.2857142857142857,0.6666666666666666,0.7142857142857143,4.285714285714286,424243243423143214323
1622,3,0.23809523809523808,0.14285714285714285,0.5714285714285714,0.7619047619047619,4.428571428571429,424243243423143214323
1622,4,0.23809523809523808,0.09523809523809523,0.5238095238095238,0.6666666666666666,5.238095238095238,424243243423143214323
1622,5,0.14285714285714285,0.09523809523809523,0.23809523809523808,0.47619047619047616,6.904761904761905,424243243423143214323
1623,2,0.23809523809523808,0.19047619047619047,0.6666666666666666,0.8571428571428571,3.7142857142857144,241243321313342442433
1623,3,0.2857142857142857,0.38095238095238093,0.47619047619047616,0.6666666666666666,4.285714285714286,241243321313342442433
1623,4,0.23809523809523808,0.2857142857142857,0.5238095238095238,0.6190476190476191,4.619047619047619,241243321313342442433
1623,5,0.19047619047619047,0.2857142857142857,0.42857142857142855,0.5714285714285714,5.428571428571429,241243321313342442433
1624,2,0.3333333333333333,0.3333333333333333,0.47619047619047616,0.7619047619047619,4.761904761904762,142142232432224122324
1624,3,0.19047619047619047,0.14285714285714285,0.47619047619047616,0.6190476190476191,5.666666666666667,142142232432224122324
1624,4,0.14285714285714285,0.14285714285714285,0.3333333333333333,0.6190476190476191,5.9523809523809526,142142232432224122324
1624,5,0.19047619047619047,0.23809523809523808,0.3333333333333333,0.47619047619047616,7.142857142857143,142142232432224122324
1625,2,0.2857142857142857,0.47619047619047616,0.6666666666666666,0.8571428571428571,3.380952380952381,224344344422413313214
1625,3,0.14285714285714285,0.42857142857142855,0.5714285714285714,0.7619047619047619,4.238095238095238,224344344422413313214
1625,4,0.23809523809523808,0.23809523809523808,0.6190476190476191,0.6666666666666666,4.761904761904762,224344344422413313214
1625,5,0.14285714285714285,0.14285714285714285,0.38095238095238093,0.47619047619047616,6.809523809523809,224344344422413313214
1626,2,0.2857142857142857,0.3333333333333333,0.5714285714285714,0.7142857142857143,4.238095238095238,214134114114443432423
1626,3,0.23809523809523808,0.19047619047619047,0.47619047619047616,0.6666666666666666,4.380952380952381,214134114114443432423
1626,4,0.19047619047619047,0.38095238095238093,0.42857142857142855,0.5714285714285714,5.476190476190476,214134114114443432423
1626,5,0.23809523809523808,0.2857142857142857,0.42857142857142855,0.5714285714285714,5.666666666666667,214134114114443432423
1627,2,0.19047619047619047,0.23809523809523808,0.5238095238095238,0.7142857142857143,4.761904761904762,431411111324442333433
1627,3,0.19047619047619047,0.23809523809523808,0.5714285714285714,0.6666666666666666,4.809523809523809,431411111324442333433
1627,4,0.23809523809523808,0.2857142857142857,0.47619047619047616,0.5714285714285714,5.666666666666667,431411111324442333433
1627,5,0.23809523809523808,0.14285714285714285,0.38095238095238093,0.42857142857142855,6.095238095238095,431411111324442333433
1628,2,0.3333333333333333,0.2857142857142857,0.6666666666666666,0.8571428571428571,3.142857142857143,242431311131232222221
1628,3,0.2857142857142857,0.23809523809523808,0.6666666666666666,0.7619047619047619,3.7142857142857144,242431311131232222221
1628,4,0.14285714285714285,0.23809523809523808,0.47619047619047616,0.6190476190476191,4.761904761904762,242431311131232222221
1628,5,0.2857142857142857,0.09523809523809523,0.38095238095238093,0.42857142857142855,6.333333333333333,242431311131232222221
1629,2,0.2857142857142857,0.14285714285714285,0.6190476190476191,0.8571428571428571,3.4285714285714284,422321443233144214324
1629,3,0.23809523809523808,0.2857142857142857,0.42857142857142855,0.7619047619047619,4.714285714285714,422321443233144214324
1629,4,0.14285714285714285,0.23809523809523808,0.42857142857142855,0.5714285714285714,5.476190476190476,422321443233144214324
1629,5,0.19047619047619047,0.09523809523809523,0.42857142857142855,0.47619047619047616,6.333333333333333,422321443233144214324
1630,2,0.3333333333333333,0.3333333333333333,0.6666666666666666,0.8095238095238095,3.619047619047619,424131144141111313214
1630,3,0.19047619047619047,0.42857142857142855,0.5714285714285714,0.6666666666666666,4.380952380952381,424131144141111313214
1630,4,0.2857142857142857,0.19047619047619047,0.5238095238095238,0.6190476190476191,5.523809523809524,424131144141111313214
1630,5,0.19047619047619047,0.09523809523809523,0.42857142857142855,0.42857142857142855,7.095238095238095,424131144141111313214
1631,2,0.38095238095238093,0.38095238095238093,0.5714285714285714,0.7142857142857143,4.476190476190476,234324222444143113243
1631,3,0.23809523809523808,0.3333333333333333,0.5714285714285714,0.8095238095238095,4.333333333333333,234324222444143113243
1631,4,0.23809523809523808,0.23809523809523808,0.5238095238095238,0.6666666666666666,5.0,234324222444143113243
1631,5,0.23809523809523808,0.23809523809523808,0.5238095238095238,0.6190476190476191,6.095238095238095,234324222444143113243
1632,2,0.2857142857142857,0.23809523809523808,0.6190476190476191,0.8095238095238095,3.761904761904762,341133341443234124414
1632,3,0.3333333333333333,0.2857142857142857,0.6190476190476191,0.6666666666666666,4.238095238095238,341133341443234124414
1632,4,0.23809523809523808,0.3333333333333333,0.42857142857142855,0.5714285714285714,5.142857142857143,341133341443234124414
1632,5,0.19047619047619047,0.3333333333333333,0.38095238095238093,0.42857142857142855,6.190476190476191,341133341443234124414
1633,2,0.38095238095238093,0.2857142857142857,0.7142857142857143,0.8095238095238095,4.190476190476191,112413421141411122411
1633,3,0.3333333333333333,0.3333333333333333,0.6190476190476191,0.7142857142857143,4.428571428571429,112413421141411122411
1633,4,0.2857142857142857,0.3333333333333333,0.47619047619047616,0.6190476190476191,5.142857142857143,112413421141411122411
1633,5,0.2857142857142857,0.2857142857142857,0.5714285714285714,0.5714285714285714,5.666666666666667,112413421141411122411
1634,2,0.3333333333333333,0.23809523809523808,0.5714285714285714,0.8571428571428571,3.5238095238095237,414144132441341344341
1634,3,0.23809523809523808,0.23809523809523808,0.42857142857142855,0.7142857142857143,4.095238095238095,414144132441341344341
1634,4,0.23809523809523808,0.23809523809523808,0.5238095238095238,0.7142857142857143,4.809523809523809,414144132441341344341
1634,5,0.23809523809523808,0.19047619047619047,0.42857142857142855,0.6190476190476191,5.619047619047619,414144132441341344341
1635,2,0.2857142857142857,0.2857142857142857,0.7142857142857143,0.7142857142857143,4.523809523809524,123232114314323313333
1635,3,0.14285714285714285,0.19047619047619047,0.6190476190476191,0.7142857142857143,5.142857142857143,123232114314323313333
1635,4,0.14285714285714285,0.19047619047619047,0.5238095238095238,0.5714285714285714,6.0476190476190474,123232114314323313333
1635,5,0.19047619047619047,0.09523809523809523,0.2857142857142857,0.3333333333333333,7.809523809523809,123232114314323313333
1636,2,0.42857142857142855,0.5238095238095238,0.7142857142857143,0.8571428571428571,3.0476190476190474,342344242143213442314
1636,3,0.2857142857142857,0.23809523809523808,0.6190476190476191,0.7619047619047619,3.8095238095238093,342344242143213442314
1636,4,0.14285714285714285,0.3333333333333333,0.47619047619047616,0.7619047619047619,4.476190476190476,342344242143213442314
1636,5,0.3333333333333333,0.2857142857142857,0.42857142857142855,0.5238095238095238,5.333333333333333,342344242143213442314
1637,2,0.38095238095238093,0.2857142857142857,0.6190476190476191,0.7619047619047619,3.380952380952381,431412412231233442214
1637,3,0.23809523809523808,0.14285714285714285,0.6190476190476191,0.7142857142857143,4.380952380952381,431412412231233442214
1637,4,0.19047619047619047,0.14285714285714285,0.42857142857142855,0.6666666666666666,4.857142857142857,431412412231233442214
1637,5,0.14285714285714285,0.19047619047619047,0.2857142857142857,0.38095238095238093,6.761904761904762,431412412231233442214
1638,2,0.23809523809523808,0.19047619047619047,0.5238095238095238,0.7142857142857143,4.714285714285714,324133243132443142423
1638,3,0.23809523809523808,0.19047619047619047,0.47619047619047616,0.5238095238095238,5.0476190476190474,324133243132443142423
1638,4,0.23809523809523808,0.23809523809523808,0.47619047619047616,0.47619047619047616,5.9523809523809526,324133243132443142423
1638,5,0.19047619047619047,0.09523809523809523,0.3333333333333333,0.42857142857142855,6.9523809523809526,324133243132443142423
1639,2,0.2857142857142857,0.14285714285714285,0.5714285714285714,0.7619047619047619,4.619047619047619,242133122414434122343
1639,3,0.19047619047619047,0.2857142857142857,0.47619047619047616,0.6666666666666666,4.428571428571429,242133122414434122343
1639,4,0.23809523809523808,0.19047619047619047,0.38095238095238093,0.5714285714285714,5.523809523809524,242133122414434122343
1639,5,0.14285714285714285,0.19047619047619047,0.2857142857142857,0.5238095238095238,6.0,242133122414434122343
1640,2,0.23809523809523808,0.23809523809523808,0.7142857142857143,0.9047619047619048,2.9047619047619047,311422321122314111312
1640,3,0.19047619047619047,0.3333333333333333,0.6666666666666666,0.7142857142857143,3.9523809523809526,311422321122314111312
1640,4,0.2857142857142857,0.19047619047619047,0.5714285714285714,0.6666666666666666,4.333333333333333,311422321122314111312
1640,5,0.14285714285714285,0.19047619047619047,0.2857142857142857,0.47619047619047616,6.619047619047619,311422321122314111312
1641,2,0.2857142857142857,0.14285714285714285,0.5714285714285714,0.7142857142857143,4.428571428571429,243413113332232221341
1641,3,0.14285714285714285,0.14285714285714285,0.42857142857142855,0.5714285714285714,4.809523809523809,243413113332232221341
1641,4,0.23809523809523808,0.09523809523809523,0.3333333333333333,0.47619047619047616,6.380952380952381,243413113332232221341
1641,5,0.14285714285714285,0.09523809523809523,0.2857142857142857,0.38095238095238093,7.428571428571429,243413113332232221341
1642,2,0.23809523809523808,0.19047619047619047,0.5714285714285714,0.7619047619047619,3.6666666666666665,213334132423241333244
1642,3,0.19047619047619047,0.3333333333333333,0.47619047619047616,0.7142857142857143,4.095238095238095,213334132423241333244
1642,4,0.19047619047619047,0.23809523809523808,0.38095238095238093,0.47619047619047616,5.857142857142857,213334132423241333244
1642,5,0.19047619047619047,0.23809523809523808,0.47619047619047616,0.6190476190476191,5.0476190476190474,213334132423241333244
1643,2,0.2857142857142857,0.09523809523809523,0.5238095238095238,0.6666666666666666,4.380952380952381,324334113212144432321
1643,3,0.23809523809523808,0.19047619047619047,0.5238095238095238,0.7142857142857143,4.476190476190476,324334113212144432321
1643,4,0.14285714285714285,0.19047619047619047,0.38095238095238093,0.5714285714285714,5.809523809523809,324334113212144432321
1643,5,0.14285714285714285,0.14285714285714285,0.38095238095238093,0.47619047619047616,6.714285714285714,324334113212144432321
1644,2,0.14285714285714285,0.09523809523809523,0.42857142857142855,0.6666666666666666,5.428571428571429,121431123424133423312
1644,3,0.14285714285714285,0.19047619047619047,0.5238095238095238,0.5714285714285714,6.142857142857143,121431123424133423312
1644,4,0.14285714285714285,0.09523809523809523,0.42857142857142855,0.47619047619047616,7.285714285714286,121431123424133423312
1644,5,0.09523809523809523,0.19047619047619047,0.19047619047619047,0.47619047619047616,7.285714285714286,121431123424133423312
1645,2,0.2857142857142857,0.3333333333333333,0.6666666666666666,0.7619047619047619,4.0476190476190474,331341332424144434221
1645,3,0.2857142857142857,0.3333333333333333,0.6190476190476191,0.7142857142857143,4.619047619047619,331341332424144434221
1645,4,0.23809523809523808,0.2857142857142857,0.47619047619047616,0.5714285714285714,5.238095238095238,331341332424144434221
1645,5,0.19047619047619047,0.23809523809523808,0.3333333333333333,0.6190476190476191,6.571428571428571,331341332424144434221
1646,2,0.23809523809523808,0.23809523809523808,0.6190476190476191,0.8571428571428571,3.4285714285714284,214334442343321332332
1646,3,0.19047619047619047,0.23809523809523808,0.5714285714285714,0.7142857142857143,3.761904761904762,214334442343321332332
1646,4,0.19047619047619047,0.23809523809523808,0.47619047619047616,0.5714285714285714,4.857142857142857,214334442343321332332
1646,5,0.23809523809523808,0.23809523809523808,0.3333333333333333,0.5714285714285714,5.476190476190476,214334442343321332332
1647,2,0.47619047619047616,0.23809523809523808,0.6666666666666666,0.7619047619047619,3.9523809523809526,133242423231311224124
1647,3,0.2857142857142857,0.3333333333333333,0.5238095238095238,0.6666666666666666,4.9523809523809526,133242423231311224124
1647,4,0.3333333333333333,0.19047619047619047,0.42857142857142855,0.6190476190476191,5.523809523809524,133242423231311224124
1647,5,0.14285714285714285,0.09523809523809523,0.38095238095238093,0.47619047619047616,8.238095238095237,133242423231311224124
1648,2,0.2857142857142857,0.2857142857142857,0.6190476190476191,0.8095238095238095,3.380952380952381,442121122113334222414
1648,3,0.23809523809523808,0.2857142857142857,0.47619047619047616,0.6666666666666666,4.238095238095238,442121122113334222414
1648,4,0.23809523809523808,0.14285714285714285,0.3333333333333333,0.5238095238095238,5.428571428571429,442121122113334222414
1648,5,0.19047619047619047,0.14285714285714285,0.38095238095238093,0.47619047619047616,6.380952380952381,442121122113334222414
1649,2,0.19047619047619047,0.2857142857142857,0.6666666666666666,0.8095238095238095,3.6666666666666665,221333331221231334414
1649,3,0.23809523809523808,0.23809523809523808,0.47619047619047616,0.6666666666666666,4.571428571428571,221333331221231334414
1649,4,0.23809523809523808,0.23809523809523808,0.42857142857142855,0.42857142857142855,5.9523809523809526,221333331221231334414
1649,5,0.19047619047619047,0.14285714285714285,0.3333333333333333,0.38095238095238093,6.761904761904762,221333331221231334414
1650,2,0.2857142857142857,0.3333333333333333,0.6190476190476191,0.8095238095238095,3.4285714285714284,233232412131244333114
1650,3,0.19047619047619047,0.14285714285714285,0.5238095238095238,0.7142857142857143,4.285714285714286,233232412131244333114
1650,4,0.19047619047619047,0.09523809523809523,0.47619047619047616,0.6190476190476191,5.380952380952381,233232412131244333114
1650,5,0.19047619047619047,0.19047619047619047,0.23809523809523808,0.42857142857142855,7.095238095238095,233232412131244333114
1651,2,0.38095238095238093,0.3333333333333333,0.6666666666666666,0.9047619047619048,2.6666666666666665,214122444111314133214
1651,3,0.2857142857142857,0.23809523809523808,0.6190476190476191,0.7142857142857143,3.6666666666666665,214122444111314133214
1651,4,0.23809523809523808,0.2857142857142857,0.47619047619047616,0.5714285714285714,4.714285714285714,214122444111314133214
1651,5,0.19047619047619047,0.14285714285714285,0.38095238095238093,0.47619047619047616,6.523809523809524,214122444111314133214
1652,2,0.38095238095238093,0.3333333333333333,0.6190476190476191,0.8095238095238095,3.142857142857143,231314434233414244142
1652,3,0.3333333333333333,0.3333333333333333,0.5714285714285714,0.8095238095238095,3.857142857142857,231314434233414244142
1652,4,0.38095238095238093,0.3333333333333333,0.5238095238095238,0.6190476190476191,4.428571428571429,231314434233414244142
1652,5,0.2857142857142857,0.19047619047619047,0.47619047619047616,0.6190476190476191,5.190476190476191,231314434233414244142
1653,2,0.38095238095238093,0.3333333333333333,0.5238095238095238,0.7619047619047619,4.0,422331144344442221223
1653,3,0.2857142857142857,0.3333333333333333,0.6190476190476191,0.7619047619047619,4.142857142857143,422331144344442221223
1653,4,0.23809523809523808,0.09523809523809523,0.47619047619047616,0.7142857142857143,4.761904761904762,422331144344442221223
1653,5,0.38095238095238093,0.09523809523809523,0.5238095238095238,0.6190476190476191,5.0476190476190474,422331144344442221223
1654,2,0.3333333333333333,0.38095238095238093,0.6190476190476191,0.8095238095238095,4.142857142857143,424233344314244222443
1654,3,0.3333333333333333,0.38095238095238093,0.6666666666666666,0.9047619047619048,3.4285714285714284,424233344314244222443
1654,4,0.23809523809523808,0.23809523809523808,0.5238095238095238,0.7619047619047619,4.0,424233344314244222443
1654,5,0.19047619047619047,0.09523809523809523,0.38095238095238093,0.47619047619047616,5.809523809523809,424233344314244222443
1655,2,0.14285714285714285,0.23809523809523808,0.47619047619047616,0.7619047619047619,4.666666666666667,314233333333141213341
1655,3,0.19047619047619047,0.38095238095238093,0.42857142857142855,0.6666666666666666,4.714285714285714,314233333333141213341
1655,4,0.2857142857142857,0.14285714285714285,0.42857142857142855,0.5238095238095238,5.380952380952381,314233333333141213341
1655,5,0.19047619047619047,0.38095238095238093,0.38095238095238093,0.47619047619047616,6.523809523809524,314233333333141213341
1656,2,0.2857142857142857,0.19047619047619047,0.5238095238095238,0.7619047619047619,4.142857142857143,214243142423343331423
1656,3,0.23809523809523808,0.19047619047619047,0.47619047619047616,0.6666666666666666,4.523809523809524,214243142423343331423
1656,4,0.23809523809523808,0.19047619047619047,0.42857142857142855,0.47619047619047616,5.476190476190476,214243142423343331423
1656,5,0.14285714285714285,0.047619047619047616,0.3333333333333333,0.5238095238095238,5.761904761904762,214243142423343331423
1657,2,0.42857142857142855,0.2857142857142857,0.8095238095238095,0.8571428571428571,3.0476190476190474,342334321144413231213
1657,3,0.3333333333333333,0.2857142857142857,0.7142857142857143,0.8095238095238095,3.7142857142857144,342334321144413231213
1657,4,0.23809523809523808,0.19047619047619047,0.5238095238095238,0.7142857142857143,4.380952380952381,342334321144413231213
1657,5,0.23809523809523808,0.14285714285714285,0.47619047619047616,0.6190476190476191,5.666666666666667,342334321144413231213
1658,2,0.19047619047619047,0.23809523809523808,0.6190476190476191,0.9047619047619048,3.5714285714285716,322221231133142143142
1658,3,0.2857142857142857,0.19047619047619047,0.6666666666666666,0.7619047619047619,3.857142857142857,322221231133142143142
1658,4,0.23809523809523808,0.19047619047619047,0.5714285714285714,0.6666666666666666,4.619047619047619,322221231133142143142
1658,5,0.19047619047619047,0.23809523809523808,0.42857142857142855,0.6666666666666666,5.809523809523809,322221231133142143142
1659,2,0.3333333333333333,0.23809523809523808,0.6666666666666666,0.8095238095238095,3.761904761904762,131311323242433311433
1659,3,0.23809523809523808,0.23809523809523808,0.5714285714285714,0.5714285714285714,5.0476190476190474,131311323242433311433
1659,4,0.23809523809523808,0.23809523809523808,0.5238095238095238,0.5238095238095238,6.095238095238095,131311323242433311433
1659,5,0.19047619047619047,0.23809523809523808,0.3333333333333333,0.42857142857142855,7.285714285714286,131311323242433311433
1660,2,0.3333333333333333,0.3333333333333333,0.6190476190476191,0.8095238095238095,3.7142857142857144,322112342314343312134
1660,3,0.14285714285714285,0.14285714285714285,0.6190476190476191,0.8095238095238095,4.142857142857143,322112342314343312134
1660,4,0.23809523809523808,0.09523809523809523,0.47619047619047616,0.6190476190476191,4.666666666666667,322112342314343312134
1660,5,0.23809523809523808,0.09523809523809523,0.3333333333333333,0.42857142857142855,6.761904761904762,322112342314343312134
1661,2,0.19047619047619047,0.2857142857142857,0.7142857142857143,0.9523809523809523,2.857142857142857,322324441311342323341
1661,3,0.23809523809523808,0.23809523809523808,0.7142857142857143,0.9047619047619048,3.0952380952380953,322324441311342323341
1661,4,0.23809523809523808,0.19047619047619047,0.5238095238095238,0.8095238095238095,4.095238095238095,322324441311342323341
1661,5,0.14285714285714285,0.23809523809523808,0.38095238095238093,0.6190476190476191,5.9523809523809526,322324441311342323341
1662,2,0.38095238095238093,0.19047619047619047,0.5714285714285714,0.6666666666666666,4.238095238095238,331313343342413311114
1662,3,0.23809523809523808,0.23809523809523808,0.5238095238095238,0.5714285714285714,5.0476190476190474,331313343342413311114
1662,4,0.3333333333333333,0.19047619047619047,0.5714285714285714,0.5714285714285714,5.428571428571429,331313343342413311114
1662,5,0.23809523809523808,0.19047619047619047,0.38095238095238093,0.42857142857142855,7.0476190476190474,331313343342413311114
1663,2,0.3333333333333333,0.3333333333333333,0.6190476190476191,0.8095238095238095,3.8095238095238093,241133223342233421231
1663,3,0.3333333333333333,0.3333333333333333,0.42857142857142855,0.5714285714285714,4.904761904761905,241133223342233421231
1663,4,0.23809523809523808,0.19047619047619047,0.42857142857142855,0.47619047619047616,5.666666666666667,241133223342233421231
1663,5,0.19047619047619047,0.09523809523809523,0.38095238095238093,0.5714285714285714,6.523809523809524,241133223342233421231
1664,2,0.3333333333333333,0.23809523809523808,0.6190476190476191,0.8571428571428571,3.0476190476190474,232341322321231222131
1664,3,0.2857142857142857,0.38095238095238093,0.5238095238095238,0.8095238095238095,3.380952380952381,232341322321231222131
1664,4,0.2857142857142857,0.38095238095238093,0.47619047619047616,0.5238095238095238,4.523809523809524,232341322321231222131
1664,5,0.14285714285714285,0.23809523809523808,0.2857142857142857,0.5238095238095238,6.666666666666667,232341322321231222131
1665,2,0.38095238095238093,0.38095238095238093,0.7619047619047619,0.9523809523809523,2.5238095238095237,243421441141224331331
1665,3,0.2857142857142857,0.23809523809523808,0.5714285714285714,0.6666666666666666,3.6666666666666665,243421441141224331331
1665,4,0.14285714285714285,0.09523809523809523,0.42857142857142855,0.6666666666666666,5.0,243421441141224331331
1665,5,0.2857142857142857,0.14285714285714285,0.2857142857142857,0.47619047619047616,6.571428571428571,243421441141224331331
1666,2,0.14285714285714285,0.09523809523809523,0.47619047619047616,0.7619047619047619,4.333333333333333,311341222431112223412
1666,3,0.19047619047619047,0.14285714285714285,0.47619047619047616,0.6666666666666666,5.333333333333333,311341222431112223412
1666,4,0.2857142857142857,0.19047619047619047,0.3333333333333333,0.5238095238095238,6.190476190476191,311341222431112223412
1666,5,0.19047619047619047,0.23809523809523808,0.42857142857142855,0.47619047619047616,6.571428571428571,311341222431112223412
1667,2,0.14285714285714285,0.23809523809523808,0.6666666666666666,0.8571428571428571,3.2857142857142856,244241311421222333442
1667,3,0.09523809523809523,0.14285714285714285,0.6190476190476191,0.8095238095238095,3.5714285714285716,244241311421222333442
1667,4,0.19047619047619047,0.19047619047619047,0.42857142857142855,0.6190476190476191,4.9523809523809526,244241311421222333442
1667,5,0.2857142857142857,0.2857142857142857,0.3333333333333333,0.42857142857142855,6.380952380952381,244241311421222333442
1668,2,0.14285714285714285,0.14285714285714285,0.5238095238095238,0.7142857142857143,4.238095238095238,231314312122431133312
1668,3,0.09523809523809523,0.14285714285714285,0.5238095238095238,0.7142857142857143,4.571428571428571,231314312122431133312
1668,4,0.19047619047619047,0.23809523809523808,0.5238095238095238,0.5714285714285714,5.095238095238095,231314312122431133312
1668,5,0.19047619047619047,0.19047619047619047,0.2857142857142857,0.38095238095238093,6.857142857142857,231314312122431133312
1669,2,0.38095238095238093,0.2857142857142857,0.6666666666666666,0.8095238095238095,3.9047619047619047,123441334112112111212
1669,3,0.2857142857142857,0.23809523809523808,0.6190476190476191,0.7142857142857143,4.714285714285714,123441334112112111212
1669,4,0.2857142857142857,0.23809523809523808,0.5714285714285714,0.6190476190476191,5.476190476190476,123441334112112111212
1669,5,0.23809523809523808,0.23809523809523808,0.3333333333333333,0.5238095238095238,7.714285714285714,123441334112112111212
1670,2,0.47619047619047616,0.38095238095238093,0.7142857142857143,0.8095238095238095,3.1904761904761907,421214432232133431443
1670,3,0.2857142857142857,0.23809523809523808,0.6666666666666666,0.7619047619047619,4.523809523809524,421214432232133431443
1670,4,0.23809523809523808,0.19047619047619047,0.42857142857142855,0.7142857142857143,5.285714285714286,421214432232133431443
1670,5,0.19047619047619047,0.14285714285714285,0.42857142857142855,0.6190476190476191,6.190476190476191,421214432232133431443
1671,2,0.2857142857142857,0.19047619047619047,0.6190476190476191,0.7619047619047619,4.523809523809524,241333311134321131414
1671,3,0.19047619047619047,0.19047619047619047,0.5238095238095238,0.6666666666666666,4.9523809523809526,241333311134321131414
1671,4,0.19047619047619047,0.14285714285714285,0.47619047619047616,0.5238095238095238,5.619047619047619,241333311134321131414
1671,5,0.14285714285714285,0.14285714285714285,0.42857142857142855,0.47619047619047616,6.285714285714286,241333311134321131414
1672,2,0.3333333333333333,0.2857142857142857,0.5238095238095238,0.7619047619047619,4.0476190476190474,312211211332433422314
1672,3,0.23809523809523808,0.19047619047619047,0.5238095238095238,0.6666666666666666,5.0476190476190474,312211211332433422314
1672,4,0.14285714285714285,0.19047619047619047,0.38095238095238093,0.47619047619047616,6.0,312211211332433422314
1672,5,0.14285714285714285,0.047619047619047616,0.2857142857142857,0.38095238095238093,7.142857142857143,312211211332433422314
1673,2,0.38095238095238093,0.38095238095238093,0.6666666666666666,0.8095238095238095,3.3333333333333335,221242144241424341222
1673,3,0.2857142857142857,0.19047619047619047,0.5714285714285714,0.7142857142857143,4.476190476190476,221242144241424341222
1673,4,0.19047619047619047,0.047619047619047616,0.47619047619047616,0.5714285714285714,5.476190476190476,221242144241424341222
1673,5,0.19047619047619047,0.09523809523809523,0.3333333333333333,0.5238095238095238,6.380952380952381,221242144241424341222
1674,2,0.2857142857142857,0.14285714285714285,0.47619047619047616,0.7619047619047619,4.333333333333333,433212133444442322331
1674,3,0.14285714285714285,0.19047619047619047,0.47619047619047616,0.6190476190476191,4.666666666666667,433212133444442322331
1674,4,0.2857142857142857,0.14285714285714285,0.47619047619047616,0.5238095238095238,5.809523809523809,433212133444442322331
1674,5,0.2857142857142857,0.23809523809523808,0.38095238095238093,0.42857142857142855,6.619047619047619,433212133444442322331
1675,2,0.3333333333333333,0.3333333333333333,0.7142857142857143,0.8571428571428571,3.0952380952380953,413224321442323233122
1675,3,0.23809523809523808,0.09523809523809523,0.5714285714285714,0.8095238095238095,3.857142857142857,413224321442323233122
1675,4,0.23809523809523808,0.09523809523809523,0.5238095238095238,0.7142857142857143,4.428571428571429,413224321442323233122
1675,5,0.2857142857142857,0.23809523809523808,0.5714285714285714,0.6190476190476191,5.857142857142857,413224321442323233122
1676,2,0.2857142857142857,0.38095238095238093,0.6666666666666666,0.8571428571428571,4.0476190476190474,234323311111332343132
1676,3,0.14285714285714285,0.23809523809523808,0.42857142857142855,0.7142857142857143,4.190476190476191,234323311111332343132
1676,4,0.23809523809523808,0.2857142857142857,0.42857142857142855,0.6190476190476191,5.190476190476191,234323311111332343132
1676,5,0.14285714285714285,0.14285714285714285,0.2857142857142857,0.3333333333333333,7.0476190476190474,234323311111332343132
1677,2,0.2857142857142857,0.23809523809523808,0.6666666666666666,0.8571428571428571,3.0476190476190474,221221321442223241423
1677,3,0.3333333333333333,0.23809523809523808,0.5714285714285714,0.8095238095238095,4.0476190476190474,221221321442223241423
1677,4,0.19047619047619047,0.19047619047619047,0.5238095238095238,0.6666666666666666,4.619047619047619,221221321442223241423
1677,5,0.2857142857142857,0.19047619047619047,0.38095238095238093,0.42857142857142855,6.523809523809524,221221321442223241423
1678,2,0.09523809523809523,0.09523809523809523,0.5714285714285714,0.6666666666666666,5.523809523809524,122331312324143144321
1678,3,0.14285714285714285,0.23809523809523808,0.5714285714285714,0.8095238095238095,5.0,122331312324143144321
1678,4,0.09523809523809523,0.14285714285714285,0.5714285714285714,0.6666666666666666,5.761904761904762,122331312324143144321
1678,5,0.14285714285714285,0.09523809523809523,0.38095238095238093,0.47619047619047616,7.142857142857143,122331312324143144321
1679,2,0.23809523809523808,0.23809523809523808,0.5714285714285714,0.7142857142857143,4.904761904761905,121432412111114112324
1679,3,0.23809523809523808,0.2857142857142857,0.7142857142857143,0.7142857142857143,4.809523809523809,121432412111114112324
1679,4,0.23809523809523808,0.23809523809523808,0.47619047619047616,0.5714285714285714,5.809523809523809,121432412111114112324
1679,5,0.14285714285714285,0.14285714285714285,0.3333333333333333,0.42857142857142855,7.190476190476191,121432412111114112324
1680,2,0.3333333333333333,0.47619047619047616,0.6190476190476191,0.7619047619047619,4.0476190476190474,211414243214334123122
1680,3,0.23809523809523808,0.3333333333333333,0.5714285714285714,0.6190476190476191,4.619047619047619,211414243214334123122
1680,4,0.23809523809523808,0.19047619047619047,0.38095238095238093,0.47619047619047616,5.571428571428571,211414243214334123122
1680,5,0.14285714285714285,0.2857142857142857,0.3333333333333333,0.38095238095238093,6.285714285714286,211414243214334123122
1681,2,0.2857142857142857,0.5714285714285714,0.7619047619047619,0.9523809523809523,2.619047619047619,222111424242214144311
1681,3,0.38095238095238093,0.38095238095238093,0.6190476190476191,0.8095238095238095,3.2857142857142856,222111424242214144311
1681,4,0.3333333333333333,0.3333333333333333,0.6190476190476191,0.6666666666666666,4.0,222111424242214144311
1681,5,0.2857142857142857,0.3333333333333333,0.47619047619047616,0.5238095238095238,6.142857142857143,222111424242214144311
1682,2,0.2857142857142857,0.19047619047619047,0.6190476190476191,0.9047619047619048,3.3333333333333335,422321134332223213444
1682,3,0.19047619047619047,0.09523809523809523,0.6190476190476191,0.7142857142857143,4.142857142857143,422321134332223213444
1682,4,0.23809523809523808,0.14285714285714285,0.5238095238095238,0.6666666666666666,5.0476190476190474,422321134332223213444
1682,5,0.3333333333333333,0.09523809523809523,0.42857142857142855,0.6190476190476191,5.761904761904762,422321134332223213444
1683,2,0.47619047619047616,0.23809523809523808,0.6666666666666666,0.8095238095238095,4.238095238095238,443223344214142221344
1683,3,0.2857142857142857,0.2857142857142857,0.5714285714285714,0.7619047619047619,4.333333333333333,443223344214142221344
1683,4,0.14285714285714285,0.09523809523809523,0.47619047619047616,0.6190476190476191,5.428571428571429,443223344214142221344
1683,5,0.23809523809523808,0.047619047619047616,0.38095238095238093,0.47619047619047616,7.333333333333333,443223344214142221344
1684,2,0.23809523809523808,0.19047619047619047,0.47619047619047616,0.6666666666666666,5.238095238095238,434433111332143131114
1684,3,0.19047619047619047,0.19047619047619047,0.5714285714285714,0.6190476190476191,5.0,434433111332143131114
1684,4,0.14285714285714285,0.047619047619047616,0.38095238095238093,0.6190476190476191,5.9523809523809526,434433111332143131114
1684,5,0.09523809523809523,0.09523809523809523,0.2857142857142857,0.38095238095238093,7.285714285714286,434433111332143131114
1685,2,0.23809523809523808,0.38095238095238093,0.6190476190476191,0.8095238095238095,3.9523809523809526,134431441313424434333
1685,3,0.2857142857142857,0.23809523809523808,0.6190476190476191,0.7142857142857143,4.285714285714286,134431441313424434333
1685,4,0.23809523809523808,0.23809523809523808,0.42857142857142855,0.5714285714285714,5.0476190476190474,134431441313424434333
1685,5,0.19047619047619047,0.19047619047619047,0.23809523809523808,0.42857142857142855,7.0,134431441313424434333
1686,2,0.38095238095238093,0.2857142857142857,0.5714285714285714,0.7142857142857143,3.9523809523809526,434111312243433331423
1686,3,0.14285714285714285,0.23809523809523808,0.6190476190476191,0.7142857142857143,4.095238095238095,434111312243433331423
1686,4,0.19047619047619047,0.2857142857142857,0.42857142857142855,0.5714285714285714,5.285714285714286,434111312243433331423
1686,5,0.19047619047619047,0.14285714285714285,0.3333333333333333,0.42857142857142855,6.0,434111312243433331423
1687,2,0.2857142857142857,0.2857142857142857,0.5714285714285714,0.8571428571428571,3.6666666666666665,312413442121343212413
1687,3,0.23809523809523808,0.23809523809523808,0.6666666666666666,0.8095238095238095,3.6666666666666665,312413442121343212413
1687,4,0.2857142857142857,0.23809523809523808,0.5238095238095238,0.7142857142857143,4.238095238095238,312413442121343212413
1687,5,0.23809523809523808,0.19047619047619047,0.38095238095238093,0.5238095238095238,6.476190476190476,312413442121343212413
1688,2,0.2857142857142857,0.38095238095238093,0.6666666666666666,0.7619047619047619,4.0476190476190474,423343122122412211133
1688,3,0.23809523809523808,0.38095238095238093,0.47619047619047616,0.7142857142857143,4.333333333333333,423343122122412211133
1688,4,0.38095238095238093,0.3333333333333333,0.5238095238095238,0.6666666666666666,4.904761904761905,423343122122412211133
1688,5,0.23809523809523808,0.19047619047619047,0.42857142857142855,0.5238095238095238,6.571428571428571,423343122122412211133
1689,2,0.38095238095238093,0.5714285714285714,0.7619047619047619,0.8571428571428571,3.0476190476190474,244444134212434144434
1689,3,0.3333333333333333,0.38095238095238093,0.6190476190476191,0.7619047619047619,3.5714285714285716,244444134212434144434
1689,4,0.23809523809523808,0.3333333333333333,0.42857142857142855,0.5714285714285714,5.142857142857143,244444134212434144434
1689,5,0.14285714285714285,0.3333333333333333,0.3333333333333333,0.5714285714285714,6.095238095238095,244444134212434144434
1690,2,0.14285714285714285,0.23809523809523808,0.47619047619047616,0.6190476190476191,5.142857142857143,323213211343131134313
1690,3,0.19047619047619047,0.2857142857142857,0.5714285714285714,0.6190476190476191,4.809523809523809,323213211343131134313
1690,4,0.23809523809523808,0.2857142857142857,0.42857142857142855,0.6190476190476191,5.809523809523809,323213211343131134313
1690,5,0.19047619047619047,0.2857142857142857,0.3333333333333333,0.38095238095238093,7.523809523809524,323213211343131134313
1691,2,0.23809523809523808,0.19047619047619047,0.6666666666666666,0.7619047619047619,4.238095238095238,213332414124112443341
1691,3,0.2857142857142857,0.2857142857142857,0.6666666666666666,0.8571428571428571,4.0,213332414124112443341
1691,4,0.19047619047619047,0.2857142857142857,0.47619047619047616,0.7142857142857143,5.0476190476190474,213332414124112443341
1691,5,0.23809523809523808,0.38095238095238093,0.5238095238095238,0.6190476190476191,5.9523809523809526,213332414124112443341
1692,2,0.38095238095238093,0.23809523809523808,0.5714285714285714,0.7619047619047619,4.0476190476190474,411423444332121331214
1692,3,0.23809523809523808,0.14285714285714285,0.42857142857142855,0.5238095238095238,5.619047619047619,411423444332121331214
1692,4,0.19047619047619047,0.047619047619047616,0.38095238095238093,0.5238095238095238,6.428571428571429,411423444332121331214
1692,5,0.09523809523809523,0.047619047619047616,0.42857142857142855,0.5714285714285714,6.380952380952381,411423444332121331214
1693,2,0.23809523809523808,0.2857142857142857,0.5238095238095238,0.9047619047619048,3.2857142857142856,423141411241432134141
1693,3,0.19047619047619047,0.19047619047619047,0.5714285714285714,0.7619047619047619,3.380952380952381,423141411241432134141
1693,4,0.23809523809523808,0.23809523809523808,0.42857142857142855,0.6190476190476191,4.761904761904762,423141411241432134141
1693,5,0.19047619047619047,0.2857142857142857,0.42857142857142855,0.47619047619047616,6.714285714285714,423141411241432134141
1694,2,0.2857142857142857,0.23809523809523808,0.5238095238095238,0.7619047619047619,4.619047619047619,412123132441431312314
1694,3,0.19047619047619047,0.19047619047619047,0.38095238095238093,0.47619047619047616,5.333333333333333,412123132441431312314
1694,4,0.23809523809523808,0.2857142857142857,0.38095238095238093,0.5238095238095238,6.333333333333333,412123132441431312314
1694,5,0.19047619047619047,0.19047619047619047,0.38095238095238093,0.5238095238095238,6.761904761904762,412123132441431312314
1695,2,0.23809523809523808,0.3333333333333333,0.47619047619047616,0.8571428571428571,3.9523809523809526,442214113143124122112
1695,3,0.23809523809523808,0.38095238095238093,0.6666666666666666,0.7142857142857143,3.8095238095238093,442214113143124122112
1695,4,0.23809523809523808,0.3333333333333333,0.5238095238095238,0.7619047619047619,4.857142857142857,442214113143124122112
1695,5,0.23809523809523808,0.23809523809523808,0.47619047619047616,0.6666666666666666,5.095238095238095,442214113143124122112
1696,2,0.23809523809523808,0.23809523809523808,0.6190476190476191,0.9047619047619048,3.4761904761904763,112242431323324122433
1696,3,0.2857142857142857,0.47619047619047616,0.6190476190476191,0.8095238095238095,4.0,112242431323324122433
1696,4,0.19047619047619047,0.14285714285714285,0.5238095238095238,0.7142857142857143,4.761904761904762,112242431323324122433
1696,5,0.19047619047619047,0.23809523809523808,0.23809523809523808,0.6190476190476191,6.0,112242431323324122433
1697,2,0.42857142857142855,0.38095238095238093,0.6190476190476191,0.7142857142857143,5.285714285714286,144113424414112443414
1697,3,0.38095238095238093,0.3333333333333333,0.5714285714285714,0.6666666666666666,5.476190476190476,144113424414112443414
1697,4,0.3333333333333333,0.3333333333333333,0.47619047619047616,0.5238095238095238,6.476190476190476,144113424414112443414
1697,5,0.3333333333333333,0.23809523809523808,0.5238095238095238,0.6190476190476191,6.428571428571429,144113424414112443414
1698,2,0.19047619047619047,0.14285714285714285,0.6190476190476191,0.8095238095238095,4.190476190476191,434123321234242134212
1698,3,0.19047619047619047,0.19047619047619047,0.5714285714285714,0.7142857142857143,4.476190476190476,434123321234242134212
1698,4,0.23809523809523808,0.23809523809523808,0.5238095238095238,0.5714285714285714,5.0,434123321234242134212
1698,5,0.19047619047619047,0.19047619047619047,0.42857142857142855,0.47619047619047616,6.619047619047619,434123321234242134212
1699,2,0.38095238095238093,0.42857142857142855,0.6666666666666666,0.8571428571428571,3.3333333333333335,332324131142143243423
1699,3,0.38095238095238093,0.3333333333333333,0.5714285714285714,0.7619047619047619,4.142857142857143,332324131142143243423
1699,4,0.19047619047619047,0.19047619047619047,0.47619047619047616,0.7142857142857143,5.142857142857143,332324131142143243423
1699,5,0.2857142857142857,0.2857142857142857,0.5238095238095238,0.5238095238095238,6.333333333333333,332324131142143243423
1700,2,0.42857142857142855,0.23809523809523808,0.6666666666666666,0.7619047619047619,4.571428571428571,131213411311311141233
1700,3,0.2857142857142857,0.38095238095238093,0.6666666666666666,0.7142857142857143,4.523809523809524,131213411311311141233
1700,4,0.3333333333333333,0.2857142857142857,0.5714285714285714,0.6190476190476191,4.809523809523809,131213411311311141233
1700,5,0.19047619047619047,0.14285714285714285,0.38095238095238093,0.5714285714285714,6.9523809523809526,131213411311311141233
1701,2,0.2857142857142857,0.23809523809523808,0.6190476190476191,0.7619047619047619,3.9047619047619047,424444313111123112121
1701,3,0.19047619047619047,0.19047619047619047,0.6666666666666666,0.7619047619047619,3.7142857142857144,424444313111123112121
1701,4,0.14285714285714285,0.2857142857142857,0.6666666666666666,0.6666666666666666,4.857142857142857,424444313111123112121
1701,5,0.14285714285714285,0.19047619047619047,0.3333333333333333,0.5714285714285714,6.333333333333333,424444313111123112121
1702,2,0.38095238095238093,0.2857142857142857,0.6190476190476191,0.7619047619047619,3.7142857142857144,321224213142343443413
1702,3,0.38095238095238093,0.2857142857142857,0.6190476190476191,0.6666666666666666,4.428571428571429,321224213142343443413
1702,4,0.14285714285714285,0.2857142857142857,0.5238095238095238,0.6666666666666666,5.190476190476191,321224213142343443413
1702,5,0.19047619047619047,0.14285714285714285,0.38095238095238093,0.5238095238095238,6.476190476190476,321224213142343443413
1703,2,0.38095238095238093,0.3333333333333333,0.5238095238095238,0.8095238095238095,4.190476190476191,424412144444442342344
1703,3,0.19047619047619047,0.23809523809523808,0.6666666666666666,0.7142857142857143,4.333333333333333,424412144444442342344
1703,4,0.23809523809523808,0.19047619047619047,0.6190476190476191,0.6666666666666666,5.095238095238095,424412144444442342344
1703,5,0.2857142857142857,0.19047619047619047,0.42857142857142855,0.42857142857142855,5.857142857142857,424412144444442342344
1704,2,0.19047619047619047,0.3333333333333333,0.6190476190476191,0.7619047619047619,4.857142857142857,424243241134132444132
1704,3,0.19047619047619047,0.23809523809523808,0.5714285714285714,0.6666666666666666,4.857142857142857,424243241134132444132
1704,4,0.23809523809523808,0.19047619047619047,0.47619047619047616,0.5238095238095238,5.619047619047619,424243241134132444132
1704,5,0.19047619047619047,0.19047619047619047,0.3333333333333333,0.38095238095238093,7.0476190476190474,424243241134132444132
1705,2,0.19047619047619047,0.09523809523809523,0.6190476190476191,0.8571428571428571,3.4761904761904763,411114443431133324342
1705,3,0.2857142857142857,0.23809523809523808,0.42857142857142855,0.7142857142857143,4.9523809523809526,411114443431133324342
1705,4,0.14285714285714285,0.14285714285714285,0.38095238095238093,0.47619047619047616,6.571428571428571,411114443431133324342
1705,5,0.14285714285714285,0.14285714285714285,0.38095238095238093,0.6190476190476191,6.238095238095238,411114443431133324342
1706,2,0.23809523809523808,0.14285714285714285,0.6190476190476191,0.8095238095238095,3.8095238095238093,413344241422121212422
1706,3,0.19047619047619047,0.14285714285714285,0.42857142857142855,0.7142857142857143,4.904761904761905,413344241422121212422
1706,4,0.23809523809523808,0.3333333333333333,0.5238095238095238,0.6190476190476191,5.333333333333333,413344241422121212422
1706,5,0.19047619047619047,0.14285714285714285,0.42857142857142855,0.5714285714285714,7.0,413344241422121212422
1707,2,0.3333333333333333,0.38095238095238093,0.6666666666666666,0.7619047619047619,3.6666666666666665,211444132414214341313
1707,3,0.38095238095238093,0.3333333333333333,0.5238095238095238,0.6666666666666666,4.809523809523809,211444132414214341313
1707,4,0.19047619047619047,0.23809523809523808,0.38095238095238093,0.47619047619047616,5.9523809523809526,211444132414214341313
1707,5,0.14285714285714285,0.14285714285714285,0.2857142857142857,0.42857142857142855,6.190476190476191,211444132414214341313
1708,2,0.47619047619047616,0.38095238095238093,0.5714285714285714,0.7619047619047619,4.095238095238095,444442244444443322124
1708,3,0.2857142857142857,0.2857142857142857,0.5714285714285714,0.6666666666666666,4.523809523809524,444442244444443322124
1708,4,0.14285714285714285,0.14285714285714285,0.5714285714285714,0.6190476190476191,4.9523809523809526,444442244444443322124
1708,5,0.2857142857142857,0.09523809523809523,0.47619047619047616,0.5238095238095238,5.619047619047619,444442244444443322124
1709,2,0.23809523809523808,0.3333333333333333,0.6666666666666666,0.9523809523809523,2.857142857142857,332111321143441124432
1709,3,0.2857142857142857,0.23809523809523808,0.6666666666666666,0.8095238095238095,3.1904761904761907,332111321143441124432
1709,4,0.2857142857142857,0.3333333333333333,0.5714285714285714,0.6666666666666666,4.0476190476190474,332111321143441124432
1709,5,0.23809523809523808,0.2857142857142857,0.5238095238095238,0.6190476190476191,5.523809523809524,332111321143441124432
1710,2,0.14285714285714285,0.14285714285714285,0.5714285714285714,0.8571428571428571,3.761904761904762,422341212123212312312
1710,3,0.14285714285714285,0.23809523809523808,0.6666666666666666,0.7619047619047619,4.0476190476190474,422341212123212312312
1710,4,0.2857142857142857,0.2857142857142857,0.5714285714285714,0.6666666666666666,4.571428571428571,422341212123212312312
1710,5,0.23809523809523808,0.2857142857142857,0.38095238095238093,0.47619047619047616,6.0476190476190474,422341212123212312312
1711,2,0.3333333333333333,0.3333333333333333,0.7142857142857143,0.8095238095238095,3.380952380952381,231424412211122313432
1711,3,0.19047619047619047,0.23809523809523808,0.6666666666666666,0.7142857142857143,4.428571428571429,231424412211122313432
1711,4,0.19047619047619047,0.14285714285714285,0.42857142857142855,0.5714285714285714,5.619047619047619,231424412211122313432
1711,5,0.14285714285714285,0.14285714285714285,0.3333333333333333,0.38095238095238093,7.142857142857143,231424412211122313432
1712,2,0.38095238095238093,0.14285714285714285,0.5714285714285714,0.6666666666666666,4.0,331244223332413433211
1712,3,0.38095238095238093,0.23809523809523808,0.5714285714285714,0.6190476190476191,4.571428571428571,331244223332413433211
1712,4,0.2857142857142857,0.38095238095238093,0.5238095238095238,0.5714285714285714,5.380952380952381,331244223332413433211
1712,5,0.09523809523809523,0.19047619047619047,0.47619047619047616,0.6190476190476191,6.666666666666667,331244223332413433211
1713,2,0.2857142857142857,0.19047619047619047,0.47619047619047616,0.7619047619047619,4.476190476190476,441113143334422244443
1713,3,0.19047619047619047,0.23809523809523808,0.47619047619047616,0.5714285714285714,5.190476190476191,441113143334422244443
1713,4,0.23809523809523808,0.14285714285714285,0.38095238095238093,0.5714285714285714,6.285714285714286,441113143334422244443
1713,5,0.23809523809523808,0.19047619047619047,0.47619047619047616,0.5238095238095238,5.904761904761905,441113143334422244443
1714,2,0.42857142857142855,0.38095238095238093,0.6666666666666666,0.9047619047619048,3.857142857142857,112143444141221311234
1714,3,0.19047619047619047,0.3333333333333333,0.47619047619047616,0.5714285714285714,4.904761904761905,112143444141221311234
1714,4,0.19047619047619047,0.19047619047619047,0.42857142857142855,0.7142857142857143,5.666666666666667,112143444141221311234
1714,5,0.19047619047619047,0.047619047619047616,0.38095238095238093,0.5714285714285714,7.0,112143444141221311234
1715,2,0.2857142857142857,0.3333333333333333,0.5714285714285714,0.7619047619047619,4.380952380952381,414133332212334413321
1715,3,0.23809523809523808,0.2857142857142857,0.42857142857142855,0.6666666666666666,4.619047619047619,414133332212334413321
1715,4,0.19047619047619047,0.09523809523809523,0.47619047619047616,0.6666666666666666,4.809523809523809,414133332212334413321
1715,5,0.19047619047619047,0.09523809523809523,0.42857142857142855,0.42857142857142855,6.9523809523809526,414133332212334413321
1716,2,0.38095238095238093,0.5714285714285714,0.7142857142857143,0.8571428571428571,3.4761904761904763,312343444141434421422
1716,3,0.42857142857142855,0.3333333333333333,0.6190476190476191,0.7619047619047619,3.8095238095238093,312343444141434421422
1716,4,0.14285714285714285,0.2857142857142857,0.38095238095238093,0.6190476190476191,4.809523809523809,312343444141434421422
1716,5,0.23809523809523808,0.19047619047619047,0.5238095238095238,0.6666666666666666,5.380952380952381,312343444141434421422
1717,2,0.38095238095238093,0.38095238095238093,0.6666666666666666,0.8571428571428571,3.0476190476190474,442132134231311121213
1717,3,0.3333333333333333,0.2857142857142857,0.6190476190476191,0.7619047619047619,3.761904761904762,442132134231311121213
1717,4,0.2857142857142857,0.23809523809523808,0.47619047619047616,0.6190476190476191,4.809523809523809,442132134231311121213
1717,5,0.14285714285714285,0.19047619047619047,0.5238095238095238,0.6190476190476191,5.857142857142857,442132134231311121213
1718,2,0.23809523809523808,0.2857142857142857,0.6666666666666666,0.8095238095238095,4.190476190476191,313413111422313314233
1718,3,0.23809523809523808,0.2857142857142857,0.47619047619047616,0.6190476190476191,5.0,313413111422313314233
1718,4,0.3333333333333333,0.3333333333333333,0.47619047619047616,0.5238095238095238,5.714285714285714,313413111422313314233
1718,5,0.23809523809523808,0.23809523809523808,0.3333333333333333,0.42857142857142855,6.619047619047619,313413111422313314233
1719,2,0.19047619047619047,0.19047619047619047,0.5714285714285714,0.8095238095238095,3.6666666666666665,423121312441234433342
1719,3,0.23809523809523808,0.19047619047619047,0.6190476190476191,0.7619047619047619,3.619047619047619,423121312441234433342
1719,4,0.19047619047619047,0.09523809523809523,0.47619047619047616,0.6190476190476191,5.0476190476190474,423121312441234433342
1719,5,0.19047619047619047,0.14285714285714285,0.38095238095238093,0.42857142857142855,6.9523809523809526,423121312441234433342
1720,2,0.3333333333333333,0.38095238095238093,0.6190476190476191,0.7619047619047619,3.8095238095238093,222342112132142421333
1720,3,0.23809523809523808,0.2857142857142857,0.42857142857142855,0.7619047619047619,4.476190476190476,222342112132142421333
1720,4,0.19047619047619047,0.14285714285714285,0.5238095238095238,0.6190476190476191,5.476190476190476,222342112132142421333
1720,5,0.19047619047619047,0.19047619047619047,0.38095238095238093,0.5714285714285714,6.285714285714286,222342112132142421333
1721,2,0.42857142857142855,0.3333333333333333,0.6666666666666666,0.8095238095238095,4.0,233423341411132423223
1721,3,0.3333333333333333,0.19047619047619047,0.5714285714285714,0.6666666666666666,4.428571428571429,233423341411132423223
1721,4,0.23809523809523808,0.23809523809523808,0.42857142857142855,0.5238095238095238,6.0,233423341411132423223
1721,5,0.14285714285714285,0.047619047619047616,0.2857142857142857,0.42857142857142855,7.666666666666667,233423341411132423223
1722,2,0.42857142857142855,0.47619047619047616,0.7142857142857143,0.8571428571428571,2.7142857142857144,241414433242444221143
1722,3,0.3333333333333333,0.3333333333333333,0.6190476190476191,0.8095238095238095,3.8095238095238093,241414433242444221143
1722,4,0.2857142857142857,0.23809523809523808,0.47619047619047616,0.6190476190476191,4.9523809523809526,241414433242444221143
1722,5,0.23809523809523808,0.14285714285714285,0.47619047619047616,0.5714285714285714,5.476190476190476,241414433242444221143
1723,2,0.2857142857142857,0.3333333333333333,0.6190476190476191,0.7619047619047619,4.523809523809524,134244132412143311431
1723,3,0.23809523809523808,0.14285714285714285,0.5714285714285714,0.6190476190476191,5.142857142857143,134244132412143311431
1723,4,0.23809523809523808,0.14285714285714285,0.42857142857142855,0.5238095238095238,6.333333333333333,134244132412143311431
1723,5,0.09523809523809523,0.09523809523809523,0.23809523809523808,0.5238095238095238,7.9523809523809526,134244132412143311431
1724,2,0.2857142857142857,0.14285714285714285,0.6190476190476191,0.7619047619047619,4.761904761904762,123123122111232131342
1724,3,0.19047619047619047,0.14285714285714285,0.5238095238095238,0.6190476190476191,4.9523809523809526,123123122111232131342
1724,4,0.23809523809523808,0.14285714285714285,0.42857142857142855,0.47619047619047616,6.238095238095238,123123122111232131342
1724,5,0.14285714285714285,0.19047619047619047,0.23809523809523808,0.42857142857142855,7.571428571428571,123123122111232131342
1725,2,0.19047619047619047,0.2857142857142857,0.6666666666666666,0.7619047619047619,4.142857142857143,143122411332212214331
1725,3,0.23809523809523808,0.047619047619047616,0.5238095238095238,0.6190476190476191,5.0,143122411332212214331
1725,4,0.23809523809523808,0.09523809523809523,0.38095238095238093,0.6666666666666666,5.809523809523809,143122411332212214331
1725,5,0.19047619047619047,0.14285714285714285,0.3333333333333333,0.38095238095238093,7.761904761904762,143122411332212214331
1726,2,0.3333333333333333,0.3333333333333333,0.5714285714285714,0.8095238095238095,3.619047619047619,213421442333141424411
1726,3,0.38095238095238093,0.38095238095238093,0.5238095238095238,0.7142857142857143,4.333333333333333,213421442333141424411
1726,4,0.14285714285714285,0.09523809523809523,0.42857142857142855,0.5714285714285714,5.809523809523809,213421442333141424411
1726,5,0.09523809523809523,0.14285714285714285,0.38095238095238093,0.47619047619047616,6.619047619047619,213421442333141424411
1727,2,0.14285714285714285,0.23809523809523808,0.7142857142857143,0.8571428571428571,3.6666666666666665,332323423132113113431
1727,3,0.23809523809523808,0.23809523809523808,0.6666666666666666,0.7142857142857143,4.0,332323423132113113431
1727,4,0.19047619047619047,0.19047619047619047,0.5238095238095238,0.6190476190476191,5.238095238095238,332323423132113113431
1727,5,0.14285714285714285,0.14285714285714285,0.42857142857142855,0.6666666666666666,6.380952380952381,332323423132113113431
1728,2,0.23809523809523808,0.23809523809523808,0.7142857142857143,0.8571428571428571,3.238095238095238,313432441142134313233
1728,3,0.23809523809523808,0.3333333333333333,0.6190476190476191,0.6190476190476191,4.476190476190476,313432441142134313233
1728,4,0.19047619047619047,0.2857142857142857,0.42857142857142855,0.5238095238095238,5.666666666666667,313432441142134313233
1728,5,0.19047619047619047,0.23809523809523808,0.2857142857142857,0.38095238095238093,7.571428571428571,313432441142134313233
1729,2,0.2857142857142857,0.38095238095238093,0.6190476190476191,0.8571428571428571,3.380952380952381,412344214331221231341
1729,3,0.19047619047619047,0.23809523809523808,0.47619047619047616,0.7619047619047619,3.9047619047619047,412344214331221231341
1729,4,0.23809523809523808,0.23809523809523808,0.47619047619047616,0.6666666666666666,4.428571428571429,412344214331221231341
1729,5,0.14285714285714285,0.19047619047619047,0.5238095238095238,0.5714285714285714,5.9523809523809526,412344214331221231341
1730,2,0.2857142857142857,0.2857142857142857,0.47619047619047616,0.7619047619047619,4.571428571428571,131211423144243112111
1730,3,0.2857142857142857,0.2857142857142857,0.5714285714285714,0.7142857142857143,5.238095238095238,131211423144243112111
1730,4,0.2857142857142857,0.23809523809523808,0.5238095238095238,0.6666666666666666,5.285714285714286,131211423144243112111
1730,5,0.19047619047619047,0.23809523809523808,0.42857142857142855,0.5238095238095238,6.666666666666667,131211423144243112111
1731,2,0.23809523809523808,0.14285714285714285,0.42857142857142855,0.7619047619047619,4.190476190476191,413321112413341413341
1731,3,0.19047619047619047,0.19047619047619047,0.42857142857142855,0.6666666666666666,4.095238095238095,413321112413341413341
1731,4,0.23809523809523808,0.14285714285714285,0.47619047619047616,0.6190476190476191,5.0476190476190474,413321112413341413341
1731,5,0.09523809523809523,0.14285714285714285,0.5238095238095238,0.5714285714285714,5.9523809523809526,413321112413341413341
1732,2,0.3333333333333333,0.38095238095238093,0.6190476190476191,0.8095238095238095,3.142857142857143,423122424222441222412
1732,3,0.23809523809523808,0.2857142857142857,0.47619047619047616,0.7142857142857143,4.142857142857143,423122424222441222412
1732,4,0.23809523809523808,0.23809523809523808,0.5238095238095238,0.5714285714285714,4.857142857142857,423122424222441222412
1732,5,0.2857142857142857,0.14285714285714285,0.47619047619047616,0.5238095238095238,6.857142857142857,423122424222441222412
1733,2,0.47619047619047616,0.42857142857142855,0.7142857142857143,0.7619047619047619,4.571428571428571,134223244221311341422
1733,3,0.2857142857142857,0.42857142857142855,0.5238095238095238,0.7142857142857143,4.904761904761905,134223244221311341422
1733,4,0.2857142857142857,0.23809523809523808,0.5238095238095238,0.6190476190476191,5.571428571428571,134223244221311341422
1733,5,0.14285714285714285,0.19047619047619047,0.38095238095238093,0.42857142857142855,7.761904761904762,134223244221311341422
1734,2,0.14285714285714285,0.3333333333333333,0.6666666666666666,0.8095238095238095,3.619047619047619,224144314114243313313
1734,3,0.09523809523809523,0.09523809523809523,0.6190476190476191,0.7619047619047619,4.190476190476191,224144314114243313313
1734,4,0.19047619047619047,0.14285714285714285,0.5238095238095238,0.5714285714285714,5.380952380952381,224144314114243313313
1734,5,0.14285714285714285,0.14285714285714285,0.19047619047619047,0.3333333333333333,7.190476190476191,224144314114243313313
1735,2,0.23809523809523808,0.2857142857142857,0.5238095238095238,0.9047619047619048,3.4761904761904763,423231343431421112434
1735,3,0.19047619047619047,0.23809523809523808,0.5714285714285714,0.6190476190476191,4.428571428571429,423231343431421112434
1735,4,0.19047619047619047,0.14285714285714285,0.5238095238095238,0.6666666666666666,4.9523809523809526,423231343431421112434
1735,5,0.14285714285714285,0.09523809523809523,0.38095238095238093,0.42857142857142855,7.095238095238095,423231343431421112434
1736,2,0.2857142857142857,0.38095238095238093,0.5714285714285714,0.8095238095238095,3.9523809523809526,311144124144134114132
1736,3,0.2857142857142857,0.2857142857142857,0.5714285714285714,0.6190476190476191,4.857142857142857,311144124144134114132
1736,4,0.2857142857142857,0.19047619047619047,0.42857142857142855,0.5238095238095238,5.857142857142857,311144124144134114132
1736,5,0.19047619047619047,0.23809523809523808,0.2857142857142857,0.6666666666666666,6.142857142857143,311144124144134114132
1737,2,0.3333333333333333,0.3333333333333333,0.6190476190476191,0.7619047619047619,4.619047619047619,323333224214133313314
1737,3,0.14285714285714285,0.19047619047619047,0.5238095238095238,0.6190476190476191,5.476190476190476,323333224214133313314
1737,4,0.14285714285714285,0.14285714285714285,0.42857142857142855,0.47619047619047616,6.619047619047619,323333224214133313314
1737,5,0.14285714285714285,0.047619047619047616,0.2857142857142857,0.38095238095238093,7.904761904761905,323333224214133313314
1738,2,0.47619047619047616,0.23809523809523808,0.6190476190476191,0.7142857142857143,4.285714285714286,232431113344412441334
1738,3,0.2857142857142857,0.38095238095238093,0.6190476190476191,0.7142857142857143,4.428571428571429,232431113344412441334
1738,4,0.14285714285714285,0.09523809523809523,0.47619047619047616,0.6190476190476191,5.428571428571429,232431113344412441334
1738,5,0.23809523809523808,0.14285714285714285,0.2857142857142857,0.47619047619047616,6.238095238095238,232431113344412441334
1739,2,0.38095238095238093,0.19047619047619047,0.5714285714285714,0.8571428571428571,3.4285714285714284,444314231431222212243
1739,3,0.23809523809523808,0.3333333333333333,0.5714285714285714,0.7619047619047619,4.142857142857143,444314231431222212243
1739,4,0.3333333333333333,0.14285714285714285,0.47619047619047616,0.7142857142857143,4.714285714285714,444314231431222212243
1739,5,0.3333333333333333,0.3333333333333333,0.5238095238095238,0.6190476190476191,5.428571428571429,444314231431222212243
1740,2,0.23809523809523808,0.3333333333333333,0.6190476190476191,0.7619047619047619,4.0,313323131432314331113
1740,3,0.2857142857142857,0.23809523809523808,0.5238095238095238,0.5238095238095238,4.9523809523809526,313323131432314331113
1740,4,0.23809523809523808,0.23809523809523808,0.38095238095238093,0.42857142857142855,6.238095238095238,313323131432314331113
1740,5,0.14285714285714285,0.19047619047619047,0.38095238095238093,0.5238095238095238,6.428571428571429,313323131432314331113
1741,2,0.3333333333333333,0.19047619047619047,0.5714285714285714,0.7619047619047619,3.6666666666666665,221321211133341221241
1741,3,0.19047619047619047,0.23809523809523808,0.5714285714285714,0.6666666666666666,4.476190476190476,221321211133341221241
1741,4,0.19047619047619047,0.09523809523809523,0.42857142857142855,0.5714285714285714,5.095238095238095,221321211133341221241
1741,5,0.14285714285714285,0.23809523809523808,0.38095238095238093,0.42857142857142855,6.238095238095238,221321211133341221241
1742,2,0.23809523809523808,0.3333333333333333,0.5238095238095238,0.7619047619047619,3.619047619047619,324142312111441131313
1742,3,0.19047619047619047,0.14285714285714285,0.5238095238095238,0.8095238095238095,3.9523809523809526,324142312111441131313
1742,4,0.14285714285714285,0.14285714285714285,0.42857142857142855,0.5238095238095238,5.142857142857143,324142312111441131313
1742,5,0.047619047619047616,0.047619047619047616,0.23809523809523808,0.38095238095238093,7.523809523809524,324142312111441131313
1743,2,0.38095238095238093,0.42857142857142855,0.6666666666666666,0.7619047619047619,4.142857142857143,133131234112411112312
1743,3,0.19047619047619047,0.3333333333333333,0.6190476190476191,0.6190476190476191,4.904761904761905,133131234112411112312
1743,4,0.2857142857142857,0.23809523809523808,0.5238095238095238,0.5238095238095238,5.809523809523809,133131234112411112312
1743,5,0.19047619047619047,0.19047619047619047,0.38095238095238093,0.47619047619047616,8.428571428571429,133131234112411112312
1744,2,0.2857142857142857,0.38095238095238093,0.7619047619047619,0.8571428571428571,3.0952380952380953,411222441242134313131
1744,3,0.23809523809523808,0.42857142857142855,0.6190476190476191,0.6190476190476191,4.714285714285714,411222441242134313131
1744,4,0.19047619047619047,0.19047619047619047,0.38095238095238093,0.5714285714285714,5.857142857142857,411222441242134313131
1744,5,0.14285714285714285,0.2857142857142857,0.3333333333333333,0.42857142857142855,7.285714285714286,411222441242134313131
1745,2,0.3333333333333333,0.3333333333333333,0.7142857142857143,0.8095238095238095,3.5238095238095237,234231321314211311412
1745,3,0.2857142857142857,0.23809523809523808,0.6666666666666666,0.8571428571428571,3.6666666666666665,234231321314211311412
1745,4,0.3333333333333333,0.2857142857142857,0.47619047619047616,0.5714285714285714,4.857142857142857,234231321314211311412
1745,5,0.14285714285714285,0.14285714285714285,0.3333333333333333,0.42857142857142855,7.142857142857143,234231321314211311412
1746,2,0.3333333333333333,0.19047619047619047,0.47619047619047616,0.6666666666666666,4.857142857142857,233343211322411332322
1746,3,0.19047619047619047,0.23809523809523808,0.47619047619047616,0.6190476190476191,5.095238095238095,233343211322411332322
1746,4,0.23809523809523808,0.14285714285714285,0.42857142857142855,0.5238095238095238,5.714285714285714,233343211322411332322
1746,5,0.14285714285714285,0.09523809523809523,0.3333333333333333,0.42857142857142855,7.0,233343211322411332322
1747,2,0.14285714285714285,0.09523809523809523,0.6666666666666666,0.9047619047619048,3.857142857142857,122441311223224213344
1747,3,0.19047619047619047,0.09523809523809523,0.6666666666666666,0.8571428571428571,3.7142857142857144,122441311223224213344
1747,4,0.09523809523809523,0.19047619047619047,0.5714285714285714,0.7142857142857143,4.571428571428571,122441311223224213344
1747,5,0.14285714285714285,0.047619047619047616,0.23809523809523808,0.38095238095238093,7.476190476190476,122441311223224213344
1748,2,0.3333333333333333,0.3333333333333333,0.6190476190476191,0.7619047619047619,4.095238095238095,143412243213243421242
1748,3,0.23809523809523808,0.23809523809523808,0.5714285714285714,0.7142857142857143,4.238095238095238,143412243213243421242
1748,4,0.14285714285714285,0.09523809523809523,0.5238095238095238,0.5714285714285714,5.666666666666667,143412243213243421242
1748,5,0.19047619047619047,0.19047619047619047,0.2857142857142857,0.47619047619047616,7.0,143412243213243421242
1749,2,0.23809523809523808,0.19047619047619047,0.6190476190476191,0.9047619047619048,3.2857142857142856,344331321213443433231
1749,3,0.2857142857142857,0.19047619047619047,0.47619047619047616,0.8095238095238095,3.5238095238095237,344331321213443433231
1749,4,0.19047619047619047,0.23809523809523808,0.5238095238095238,0.6190476190476191,4.428571428571429,344331321213443433231
1749,5,0.19047619047619047,0.14285714285714285,0.42857142857142855,0.5714285714285714,5.571428571428571,344331321213443433231
1750,2,0.47619047619047616,0.42857142857142855,0.7142857142857143,0.9047619047619048,2.619047619047619,342342241243313432412
1750,3,0.2857142857142857,0.38095238095238093,0.6666666666666666,0.8095238095238095,3.4761904761904763,342342241243313432412
1750,4,0.19047619047619047,0.3333333333333333,0.5238095238095238,0.7619047619047619,4.238095238095238,342342241243313432412
1750,5,0.23809523809523808,0.3333333333333333,0.47619047619047616,0.5714285714285714,5.714285714285714,342342241243313432412
1751,2,0.3333333333333333,0.38095238095238093,0.6190476190476191,0.8095238095238095,3.380952380952381,341411442243133114234
1751,3,0.23809523809523808,0.23809523809523808,0.7619047619047619,0.7619047619047619,3.9047619047619047,341411442243133114234
1751,4,0.19047619047619047,0.2857142857142857,0.5714285714285714,0.7142857142857143,4.476190476190476,341411442243133114234
1751,5,0.23809523809523808,0.19047619047619047,0.38095238095238093,0.5238095238095238,5.666666666666667,341411442243133114234
1752,2,0.2857142857142857,0.19047619047619047,0.6190476190476191,0.8095238095238095,4.285714285714286,444323231122333143441
1752,3,0.23809523809523808,0.19047619047619047,0.5714285714285714,0.7142857142857143,4.095238095238095,444323231122333143441
1752,4,0.14285714285714285,0.2857142857142857,0.47619047619047616,0.6666666666666666,5.095238095238095,444323231122333143441
1752,5,0.14285714285714285,0.19047619047619047,0.47619047619047616,0.5714285714285714,6.095238095238095,444323231122333143441
1753,2,0.3333333333333333,0.23809523809523808,0.6190476190476191,0.8571428571428571,3.4761904761904763,333121341224333414411
1753,3,0.23809523809523808,0.23809523809523808,0.6190476190476191,0.7142857142857143,4.285714285714286,333121341224333414411
1753,4,0.09523809523809523,0.3333333333333333,0.47619047619047616,0.5714285714285714,5.523809523809524,333121341224333414411
1753,5,0.09523809523809523,0.0,0.19047619047619047,0.3333333333333333,8.285714285714286,333121341224333414411
1754,2,0.19047619047619047,0.23809523809523808,0.7142857142857143,0.7619047619047619,4.857142857142857,114233422312324443331
1754,3,0.2857142857142857,0.42857142857142855,0.5238095238095238,0.6666666666666666,4.619047619047619,114233422312324443331
1754,4,0.19047619047619047,0.09523809523809523,0.47619047619047616,0.6190476190476191,5.238095238095238,114233422312324443331
1754,5,0.19047619047619047,0.19047619047619047,0.2857142857142857,0.42857142857142855,7.428571428571429,114233422312324443331
1755,2,0.2857142857142857,0.19047619047619047,0.5238095238095238,0.7619047619047619,5.0,112213422143111124111
1755,3,0.3333333333333333,0.38095238095238093,0.6190476190476191,0.7142857142857143,4.761904761904762,112213422143111124111
1755,4,0.38095238095238093,0.3333333333333333,0.47619047619047616,0.6666666666666666,5.190476190476191,112213422143111124111
1755,5,0.2857142857142857,0.2857142857142857,0.5714285714285714,0.6666666666666666,5.666666666666667,112213422143111124111
1756,2,0.2857142857142857,0.2857142857142857,0.7619047619047619,0.9047619047619048,3.2857142857142856,412331224243123441432
1756,3,0.2857142857142857,0.47619047619047616,0.6190476190476191,0.7142857142857143,3.9523809523809526,412331224243123441432
1756,4,0.19047619047619047,0.19047619047619047,0.47619047619047616,0.6666666666666666,4.809523809523809,412331224243123441432
1756,5,0.19047619047619047,0.3333333333333333,0.5238095238095238,0.7142857142857143,4.9523809523809526,412331224243123441432
1757,2,0.2857142857142857,0.23809523809523808,0.7142857142857143,0.8571428571428571,3.0952380952380953,222311414341243334421
1757,3,0.23809523809523808,0.2857142857142857,0.6190476190476191,0.9047619047619048,3.3333333333333335,222311414341243334421
1757,4,0.23809523809523808,0.23809523809523808,0.47619047619047616,0.7142857142857143,4.571428571428571,222311414341243334421
1757,5,0.2857142857142857,0.19047619047619047,0.47619047619047616,0.6190476190476191,5.333333333333333,222311414341243334421
1758,2,0.38095238095238093,0.09523809523809523,0.6190476190476191,0.7619047619047619,3.857142857142857,332321223222142422222
1758,3,0.2857142857142857,0.2857142857142857,0.5238095238095238,0.7142857142857143,4.428571428571429,332321223222142422222
1758,4,0.19047619047619047,0.14285714285714285,0.5238095238095238,0.5714285714285714,5.333333333333333,332321223222142422222
1758,5,0.23809523809523808,0.23809523809523808,0.47619047619047616,0.6190476190476191,6.476190476190476,332321223222142422222
1759,2,0.2857142857142857,0.2857142857142857,0.6666666666666666,0.7619047619047619,4.571428571428571,142423331121132343112
1759,3,0.2857142857142857,0.3333333333333333,0.6190476190476191,0.6666666666666666,5.142857142857143,142423331121132343112
1759,4,0.23809523809523808,0.3333333333333333,0.47619047619047616,0.5714285714285714,6.333333333333333,142423331121132343112
1759,5,0.19047619047619047,0.3333333333333333,0.38095238095238093,0.47619047619047616,7.190476190476191,142423331121132343112
1760,2,0.38095238095238093,0.5714285714285714,0.6666666666666666,0.8571428571428571,3.6666666666666665,122444234111442131232
1760,3,0.2857142857142857,0.19047619047619047,0.5238095238095238,0.7619047619047619,4.476190476190476,122444234111442131232
1760,4,0.23809523809523808,0.23809523809523808,0.6190476190476191,0.7142857142857143,4.809523809523809,122444234111442131232
1760,5,0.2857142857142857,0.19047619047619047,0.38095238095238093,0.5238095238095238,6.238095238095238,122444234111442131232
1761,2,0.23809523809523808,0.23809523809523808,0.5714285714285714,0.8095238095238095,4.476190476190476,123321224422423441344
1761,3,0.2857142857142857,0.23809523809523808,0.47619047619047616,0.7142857142857143,5.190476190476191,123321224422423441344
1761,4,0.14285714285714285,0.14285714285714285,0.5714285714285714,0.6666666666666666,5.714285714285714,123321224422423441344
1761,5,0.19047619047619047,0.14285714285714285,0.42857142857142855,0.5714285714285714,7.142857142857143,123321224422423441344
1762,2,0.3333333333333333,0.42857142857142855,0.7142857142857143,0.9047619047619048,3.142857142857143,333434441344232321142
1762,3,0.2857142857142857,0.19047619047619047,0.7142857142857143,0.7142857142857143,3.761904761904762,333434441344232321142
1762,4,0.19047619047619047,0.09523809523809523,0.47619047619047616,0.6190476190476191,4.9523809523809526,333434441344232321142
1762,5,0.19047619047619047,0.09523809523809523,0.3333333333333333,0.47619047619047616,6.857142857142857,333434441344232321142
1763,2,0.23809523809523808,0.38095238095238093,0.5238095238095238,0.6666666666666666,5.285714285714286,141332232124134212311
1763,3,0.19047619047619047,0.19047619047619047,0.5714285714285714,0.6666666666666666,6.333333333333333,141332232124134212311
1763,4,0.23809523809523808,0.23809523809523808,0.42857142857142855,0.5714285714285714,6.571428571428571,141332232124134212311
1763,5,0.19047619047619047,0.2857142857142857,0.2857142857142857,0.38095238095238093,7.9523809523809526,141332232124134212311
1764,2,0.42857142857142855,0.2857142857142857,0.6190476190476191,0.8095238095238095,4.0,134134442412332342323
1764,3,0.14285714285714285,0.19047619047619047,0.5714285714285714,0.6666666666666666,5.0,134134442412332342323
1764,4,0.14285714285714285,0.23809523809523808,0.47619047619047616,0.5714285714285714,6.0,134134442412332342323
1764,5,0.19047619047619047,0.23809523809523808,0.2857142857142857,0.38095238095238093,7.857142857142857,134134442412332342323
1765,2,0.38095238095238093,0.42857142857142855,0.6190476190476191,0.8571428571428571,3.5238095238095237,334223344123423414133
1765,3,0.2857142857142857,0.2857142857142857,0.6666666666666666,0.7619047619047619,3.4285714285714284,334223344123423414133
1765,4,0.23809523809523808,0.3333333333333333,0.6190476190476191,0.6666666666666666,3.9523809523809526,334223344123423414133
1765,5,0.19047619047619047,0.2857142857142857,0.42857142857142855,0.5238095238095238,6.428571428571429,334223344123423414133
1766,2,0.38095238095238093,0.2857142857142857,0.6190476190476191,0.8095238095238095,3.5714285714285716,442414241344424442133
1766,3,0.3333333333333333,0.38095238095238093,0.6666666666666666,0.7142857142857143,3.9523809523809526,442414241344424442133
1766,4,0.23809523809523808,0.47619047619047616,0.5238095238095238,0.7619047619047619,4.095238095238095,442414241344424442133
1766,5,0.2857142857142857,0.3333333333333333,0.42857142857142855,0.6666666666666666,5.142857142857143,442414241344424442133
1767,2,0.42857142857142855,0.3333333333333333,0.7619047619047619,0.8571428571428571,3.380952380952381,232131444444141214311
1767,3,0.23809523809523808,0.3333333333333333,0.5714285714285714,0.7619047619047619,4.571428571428571,232131444444141214311
1767,4,0.2857142857142857,0.19047619047619047,0.5238095238095238,0.6190476190476191,5.238095238095238,232131444444141214311
1767,5,0.19047619047619047,0.14285714285714285,0.42857142857142855,0.47619047619047616,7.523809523809524,232131444444141214311
1768,2,0.42857142857142855,0.23809523809523808,0.6190476190476191,0.8095238095238095,3.5238095238095237,443322111341321412134
1768,3,0.23809523809523808,0.42857142857142855,0.5714285714285714,0.6666666666666666,3.857142857142857,443322111341321412134
1768,4,0.23809523809523808,0.23809523809523808,0.42857142857142855,0.7142857142857143,4.9523809523809526,443322111341321412134
1768,5,0.2857142857142857,0.14285714285714285,0.5238095238095238,0.5714285714285714,5.904761904761905,443322111341321412134
1769,2,0.38095238095238093,0.38095238095238093,0.6666666666666666,0.8095238095238095,3.6666666666666665,144242331121334432113
1769,3,0.2857142857142857,0.42857142857142855,0.5714285714285714,0.7142857142857143,4.380952380952381,144242331121334432113
1769,4,0.19047619047619047,0.23809523809523808,0.42857142857142855,0.6190476190476191,5.428571428571429,144242331121334432113
1769,5,0.19047619047619047,0.19047619047619047,0.2857142857142857,0.42857142857142855,7.380952380952381,144242331121334432113
1770,2,0.3333333333333333,0.3333333333333333,0.5714285714285714,0.8095238095238095,3.9523809523809526,423221224344213344243
1770,3,0.38095238095238093,0.47619047619047616,0.6190476190476191,0.7619047619047619,3.9523809523809526,423221224344213344243
1770,4,0.23809523809523808,0.2857142857142857,0.5714285714285714,0.6666666666666666,4.523809523809524,423221224344213344243
1770,5,0.3333333333333333,0.23809523809523808,0.47619047619047616,0.5714285714285714,6.095238095238095,423221224344213344243
1771,2,0.42857142857142855,0.38095238095238093,0.6666666666666666,0.8571428571428571,3.7142857142857144,344444431444143312143
1771,3,0.2857142857142857,0.23809523809523808,0.7142857142857143,0.8095238095238095,4.238095238095238,344444431444143312143
1771,4,0.2857142857142857,0.23809523809523808,0.47619047619047616,0.7142857142857143,4.857142857142857,344444431444143312143
1771,5,0.2857142857142857,0.2857142857142857,0.47619047619047616,0.6190476190476191,5.809523809523809,344444431444143312143
1772,2,0.2857142857142857,0.14285714285714285,0.6666666666666666,0.7619047619047619,4.190476190476191,332343423314344212314
1772,3,0.19047619047619047,0.2857142857142857,0.47619047619047616,0.8095238095238095,4.476190476190476,332343423314344212314
1772,4,0.19047619047619047,0.23809523809523808,0.5238095238095238,0.6190476190476191,4.9523809523809526,332343423314344212314
1772,5,0.19047619047619047,0.19047619047619047,0.2857142857142857,0.47619047619047616,7.333333333333333,332343423314344212314
1773,2,0.3333333333333333,0.47619047619047616,0.7619047619047619,0.8571428571428571,3.238095238095238,343342444444433231431
1773,3,0.2857142857142857,0.19047619047619047,0.5714285714285714,0.7619047619047619,4.142857142857143,343342444444433231431
1773,4,0.19047619047619047,0.047619047619047616,0.47619047619047616,0.6190476190476191,5.142857142857143,343342444444433231431
1773,5,0.14285714285714285,0.09523809523809523,0.42857142857142855,0.5238095238095238,6.619047619047619,343342444444433231431
1774,2,0.3333333333333333,0.2857142857142857,0.5714285714285714,0.9047619047619048,3.142857142857143,212312234421342131221
1774,3,0.23809523809523808,0.23809523809523808,0.5238095238095238,0.8095238095238095,3.857142857142857,212312234421342131221
1774,4,0.3333333333333333,0.19047619047619047,0.5238095238095238,0.7142857142857143,4.142857142857143,212312234421342131221
1774,5,0.2857142857142857,0.23809523809523808,0.6190476190476191,0.6666666666666666,4.857142857142857,212312234421342131221
1775,2,0.23809523809523808,0.23809523809523808,0.5238095238095238,0.8095238095238095,4.190476190476191,211313434332122342441
1775,3,0.2857142857142857,0.23809523809523808,0.47619047619047616,0.5238095238095238,5.190476190476191,211313434332122342441
1775,4,0.23809523809523808,0.19047619047619047,0.47619047619047616,0.5238095238095238,6.380952380952381,211313434332122342441
1775,5,0.3333333333333333,0.3333333333333333,0.5714285714285714,0.6190476190476191,5.190476190476191,211313434332122342441
1776,2,0.2857142857142857,0.3333333333333333,0.6190476190476191,0.7619047619047619,3.7142857142857144,444244233123123324214
1776,3,0.2857142857142857,0.38095238095238093,0.6666666666666666,0.7142857142857143,4.333333333333333,444244233123123324214
1776,4,0.19047619047619047,0.23809523809523808,0.47619047619047616,0.6666666666666666,5.714285714285714,444244233123123324214
1776,5,0.19047619047619047,0.2857142857142857,0.38095238095238093,0.6190476190476191,5.809523809523809,444244233123123324214
1777,2,0.2857142857142857,0.19047619047619047,0.5714285714285714,0.7142857142857143,4.619047619047619,133244112112444321433
1777,3,0.23809523809523808,0.19047619047619047,0.47619047619047616,0.6190476190476191,5.190476190476191,133244112112444321433
1777,4,0.14285714285714285,0.09523809523809523,0.47619047619047616,0.5714285714285714,6.380952380952381,133244112112444321433
1777,5,0.09523809523809523,0.09523809523809523,0.23809523809523808,0.38095238095238093,8.380952380952381,133244112112444321433
1778,2,0.38095238095238093,0.2857142857142857,0.5714285714285714,0.8095238095238095,3.9047619047619047,231243342232121122333
1778,3,0.23809523809523808,0.3333333333333333,0.47619047619047616,0.6190476190476191,4.809523809523809,231243342232121122333
1778,4,0.14285714285714285,0.14285714285714285,0.42857142857142855,0.6190476190476191,5.619047619047619,231243342232121122333
1778,5,0.14285714285714285,0.23809523809523808,0.3333333333333333,0.42857142857142855,7.476190476190476,231243342232121122333
1779,2,0.23809523809523808,0.19047619047619047,0.6190476190476191,0.8571428571428571,4.095238095238095,422113314143323233322
1779,3,0.14285714285714285,0.2857142857142857,0.7142857142857143,0.7619047619047619,3.761904761904762,422113314143323233322
1779,4,0.19047619047619047,0.23809523809523808,0.5714285714285714,0.6666666666666666,4.380952380952381,422113314143323233322
1779,5,0.23809523809523808,0.14285714285714285,0.47619047619047616,0.5714285714285714,5.571428571428571,422113314143323233322
1780,2,0.3333333333333333,0.23809523809523808,0.5714285714285714,0.7142857142857143,4.904761904761905,141213224413231312214
1780,3,0.19047619047619047,0.23809523809523808,0.47619047619047616,0.5238095238095238,6.0,141213224413231312214
1780,4,0.2857142857142857,0.09523809523809523,0.38095238095238093,0.5238095238095238,6.571428571428571,141213224413231312214
1780,5,0.19047619047619047,0.19047619047619047,0.38095238095238093,0.5238095238095238,7.0476190476190474,141213224413231312214
1781,2,0.42857142857142855,0.2857142857142857,0.6190476190476191,0.8095238095238095,3.6666666666666665,334131134144232444112
1781,3,0.3333333333333333,0.47619047619047616,0.6666666666666666,0.6666666666666666,4.142857142857143,334131134144232444112
1781,4,0.19047619047619047,0.3333333333333333,0.5238095238095238,0.5714285714285714,5.238095238095238,334131134144232444112
1781,5,0.2857142857142857,0.23809523809523808,0.42857142857142855,0.47619047619047616,6.619047619047619,334131134144232444112
1782,2,0.3333333333333333,0.38095238095238093,0.6190476190476191,0.8571428571428571,3.2857142857142856,244144234123214134441
1782,3,0.3333333333333333,0.38095238095238093,0.6190476190476191,0.7619047619047619,3.2857142857142856,244144234123214134441
1782,4,0.2857142857142857,0.3333333333333333,0.42857142857142855,0.7142857142857143,4.571428571428571,244144234123214134441
1782,5,0.19047619047619047,0.23809523809523808,0.42857142857142855,0.5714285714285714,5.666666666666667,244144234123214134441
1783,2,0.23809523809523808,0.19047619047619047,0.47619047619047616,0.7619047619047619,4.619047619047619,234313314443422141213
1783,3,0.3333333333333333,0.2857142857142857,0.5714285714285714,0.7142857142857143,4.142857142857143,234313314443422141213
1783,4,0.3333333333333333,0.23809523809523808,0.6190476190476191,0.6666666666666666,4.428571428571429,234313314443422141213
1783,5,0.23809523809523808,0.23809523809523808,0.47619047619047616,0.5238095238095238,5.523809523809524,234313314443422141213
1784,2,0.3333333333333333,0.38095238095238093,0.7142857142857143,0.8571428571428571,3.0,323124134241231341311
1784,3,0.3333333333333333,0.3333333333333333,0.47619047619047616,0.6666666666666666,4.095238095238095,323124134241231341311
1784,4,0.19047619047619047,0.19047619047619047,0.47619047619047616,0.5238095238095238,5.761904761904762,323124134241231341311
1784,5,0.19047619047619047,0.19047619047619047,0.3333333333333333,0.42857142857142855,7.190476190476191,323124134241231341311
1785,2,0.3333333333333333,0.3333333333333333,0.5714285714285714,0.7142857142857143,4.095238095238095,434134113123122211322
1785,3,0.14285714285714285,0.14285714285714285,0.5714285714285714,0.7142857142857143,4.333333333333333,434134113123122211322
1785,4,0.09523809523809523,0.14285714285714285,0.5714285714285714,0.6190476190476191,5.666666666666667,434134113123122211322
1785,5,0.14285714285714285,0.09523809523809523,0.2857142857142857,0.47619047619047616,6.809523809523809,434134113123122211322
1786,2,0.38095238095238093,0.38095238095238093,0.6190476190476191,0.8571428571428571,3.5714285714285716,342412214121413331234
1786,3,0.19047619047619047,0.23809523809523808,0.6666666666666666,0.7142857142857143,4.0476190476190474,342412214121413331234
1786,4,0.2857142857142857,0.2857142857142857,0.42857142857142855,0.6190476190476191,4.761904761904762,342412214121413331234
1786,5,0.19047619047619047,0.14285714285714285,0.42857142857142855,0.5714285714285714,5.9523809523809526,342412214121413331234
1787,2,0.2857142857142857,0.3333333333333333,0.5714285714285714,0.8571428571428571,3.8095238095238093,423141314124431232234
1787,3,0.19047619047619047,0.2857142857142857,0.5714285714285714,0.6190476190476191,4.380952380952381,423141314124431232234
1787,4,0.19047619047619047,0.2857142857142857,0.42857142857142855,0.5714285714285714,5.142857142857143,423141314124431232234
1787,5,0.14285714285714285,0.09523809523809523,0.3333333333333333,0.42857142857142855,7.380952380952381,423141314124431232234
1788,2,0.2857142857142857,0.38095238095238093,0.6190476190476191,0.8571428571428571,3.9047619047619047,243323421224434114231
1788,3,0.3333333333333333,0.2857142857142857,0.6190476190476191,0.7142857142857143,3.857142857142857,243323421224434114231
1788,4,0.23809523809523808,0.3333333333333333,0.47619047619047616,0.6190476190476191,5.095238095238095,243323421224434114231
1788,5,0.19047619047619047,0.19047619047619047,0.38095238095238093,0.5238095238095238,6.190476190476191,243323421224434114231
1789,2,0.2857142857142857,0.14285714285714285,0.6666666666666666,0.9047619047619048,3.0952380952380953,333421341432243224244
1789,3,0.19047619047619047,0.23809523809523808,0.6666666666666666,0.7619047619047619,4.095238095238095,333421341432243224244
1789,4,0.14285714285714285,0.14285714285714285,0.5238095238095238,0.5714285714285714,5.0476190476190474,333421341432243224244
1789,5,0.19047619047619047,0.047619047619047616,0.2857142857142857,0.3333333333333333,7.761904761904762,333421341432243224244
1790,2,0.3333333333333333,0.23809523809523808,0.5714285714285714,0.7619047619047619,3.6666666666666665,331441133432123234444
1790,3,0.23809523809523808,0.23809523809523808,0.6190476190476191,0.7142857142857143,4.666666666666667,331441133432123234444
1790,4,0.19047619047619047,0.19047619047619047,0.42857142857142855,0.47619047619047616,6.333333333333333,331441133432123234444
1790,5,0.23809523809523808,0.09523809523809523,0.3333333333333333,0.47619047619047616,7.142857142857143,331441133432123234444
1791,2,0.5238095238095238,0.47619047619047616,0.6666666666666666,0.8571428571428571,3.1904761904761907,332424244141431322114
1791,3,0.38095238095238093,0.2857142857142857,0.6666666666666666,0.6666666666666666,4.095238095238095,332424244141431322114
1791,4,0.19047619047619047,0.14285714285714285,0.47619047619047616,0.5714285714285714,5.238095238095238,332424244141431322114
1791,5,0.23809523809523808,0.14285714285714285,0.42857142857142855,0.5238095238095238,6.857142857142857,332424244141431322114
1792,2,0.2857142857142857,0.19047619047619047,0.5238095238095238,0.8095238095238095,4.095238095238095,414123433134231142443
1792,3,0.2857142857142857,0.38095238095238093,0.5238095238095238,0.6666666666666666,4.428571428571429,414123433134231142443
1792,4,0.23809523809523808,0.19047619047619047,0.42857142857142855,0.6190476190476191,5.285714285714286,414123433134231142443
1792,5,0.23809523809523808,0.2857142857142857,0.5238095238095238,0.5714285714285714,5.333333333333333,414123433134231142443
1793,2,0.38095238095238093,0.14285714285714285,0.6190476190476191,0.8095238095238095,4.095238095238095,213223412412343132243
1793,3,0.19047619047619047,0.23809523809523808,0.5238095238095238,0.7619047619047619,4.095238095238095,213223412412343132243
1793,4,0.14285714285714285,0.14285714285714285,0.42857142857142855,0.5714285714285714,5.0476190476190474,213223412412343132243
1793,5,0.14285714285714285,0.23809523809523808,0.3333333333333333,0.5238095238095238,6.523809523809524,213223412412343132243
1794,2,0.2857142857142857,0.14285714285714285,0.42857142857142855,0.6666666666666666,5.0476190476190474,444213132234412314221
1794,3,0.2857142857142857,0.23809523809523808,0.5238095238095238,0.6190476190476191,5.333333333333333,444213132234412314221
1794,4,0.3333333333333333,0.23809523809523808,0.47619047619047616,0.5714285714285714,5.666666666666667,444213132234412314221
1794,5,0.2857142857142857,0.19047619047619047,0.47619047619047616,0.5238095238095238,5.857142857142857,444213132234412314221
1795,2,0.42857142857142855,0.2857142857142857,0.47619047619047616,0.7142857142857143,3.9523809523809526,333112223341314132124
1795,3,0.3333333333333333,0.2857142857142857,0.6190476190476191,0.7142857142857143,3.7142857142857144,333112223341314132124
1795,4,0.2857142857142857,0.3333333333333333,0.5238095238095238,0.5238095238095238,4.809523809523809,333112223341314132124
1795,5,0.2857142857142857,0.19047619047619047,0.42857142857142855,0.5238095238095238,6.9523809523809526,333112223341314132124
1796,2,0.38095238095238093,0.2857142857142857,0.6666666666666666,0.8571428571428571,3.2857142857142856,232443444132233113344
1796,3,0.09523809523809523,0.23809523809523808,0.5714285714285714,0.7619047619047619,4.095238095238095,232443444132233113344
1796,4,0.19047619047619047,0.23809523809523808,0.5714285714285714,0.6190476190476191,4.476190476190476,232443444132233113344
1796,5,0.14285714285714285,0.09523809523809523,0.2857142857142857,0.47619047619047616,6.904761904761905,232443444132233113344
1797,2,0.2857142857142857,0.3333333333333333,0.5714285714285714,0.7619047619047619,4.238095238095238,224412232444423121133
1797,3,0.3333333333333333,0.3333333333333333,0.6190476190476191,0.7619047619047619,4.142857142857143,224412232444423121133
1797,4,0.2857142857142857,0.23809523809523808,0.5714285714285714,0.6190476190476191,4.571428571428571,224412232444423121133
1797,5,0.2857142857142857,0.3333333333333333,0.38095238095238093,0.5238095238095238,5.619047619047619,224412232444423121133
1798,2,0.2857142857142857,0.14285714285714285,0.6190476190476191,0.8095238095238095,4.238095238095238,123241111212224423144
1798,3,0.2857142857142857,0.23809523809523808,0.6666666666666666,0.7619047619047619,4.333333333333333,123241111212224423144
1798,4,0.14285714285714285,0.09523809523809523,0.42857142857142855,0.6190476190476191,6.095238095238095,123241111212224423144
1798,5,0.19047619047619047,0.09523809523809523,0.23809523809523808,0.42857142857142855,7.619047619047619,123241111212224423144
1799,2,0.2857142857142857,0.42857142857142855,0.6190476190476191,0.8095238095238095,4.095238095238095,124231344232231422122
1799,3,0.3333333333333333,0.47619047619047616,0.7142857142857143,0.7619047619047619,4.619047619047619,124231344232231422122
1799,4,0.19047619047619047,0.23809523809523808,0.5238095238095238,0.5238095238095238,5.428571428571429,124231344232231422122
1799,5,0.14285714285714285,0.14285714285714285,0.3333333333333333,0.38095238095238093,7.666666666666667,124231344232231422122
1800,2,0.2857142857142857,0.38095238095238093,0.6190476190476191,0.7142857142857143,3.9047619047619047,242212112331143344433
1800,3,0.23809523809523808,0.2857142857142857,0.6190476190476191,0.7142857142857143,4.476190476190476,242212112331143344433
1800,4,0.23809523809523808,0.23809523809523808,0.47619047619047616,0.6666666666666666,5.571428571428571,242212112331143344433
1800,5,0.23809523809523808,0.23809523809523808,0.3333333333333333,0.5714285714285714,6.095238095238095,242212112331143344433
1801,2,0.47619047619047616,0.3333333333333333,0.7142857142857143,0.8095238095238095,3.2857142857142856,241321434341133432424
1801,3,0.3333333333333333,0.3333333333333333,0.5714285714285714,0.6666666666666666,4.523809523809524,241321434341133432424
1801,4,0.23809523809523808,0.2857142857142857,0.42857142857142855,0.5714285714285714,5.761904761904762,241321434341133432424
1801,5,0.3333333333333333,0.2857142857142857,0.5714285714285714,0.6666666666666666,5.142857142857143,241321434341133432424
1802,2,0.38095238095238093,0.42857142857142855,0.8095238095238095,0.9523809523809523,2.761904761904762,222132444414243214233
1802,3,0.19047619047619047,0.2857142857142857,0.6666666666666666,0.8095238095238095,3.857142857142857,222132444414243214233
1802,4,0.2857142857142857,0.23809523809523808,0.5238095238095238,0.6666666666666666,4.476190476190476,222132444414243214233
1802,5,0.19047619047619047,0.09523809523809523,0.38095238095238093,0.42857142857142855,6.238095238095238,222132444414243214233
1803,2,0.42857142857142855,0.38095238095238093,0.6666666666666666,0.8095238095238095,4.190476190476191,134244331113114443421
1803,3,0.42857142857142855,0.3333333333333333,0.7142857142857143,0.8095238095238095,4.333333333333333,134244331113114443421
1803,4,0.19047619047619047,0.2857142857142857,0.5238095238095238,0.5714285714285714,5.666666666666667,134244331113114443421
1803,5,0.19047619047619047,0.23809523809523808,0.3333333333333333,0.5238095238095238,7.0,134244331113114443421
1804,2,0.47619047619047616,0.42857142857142855,0.6666666666666666,0.6666666666666666,4.190476190476191,123422134322344431414
1804,3,0.3333333333333333,0.2857142857142857,0.5238095238095238,0.6666666666666666,4.809523809523809,123422134322344431414
1804,4,0.23809523809523808,0.19047619047619047,0.47619047619047616,0.6190476190476191,5.571428571428571,123422134322344431414
1804,5,0.19047619047619047,0.09523809523809523,0.3333333333333333,0.5238095238095238,7.285714285714286,123422134322344431414
1805,2,0.38095238095238093,0.23809523809523808,0.7142857142857143,0.8571428571428571,3.761904761904762,242233431232142342121
1805,3,0.2857142857142857,0.23809523809523808,0.6190476190476191,0.7142857142857143,4.761904761904762,242233431232142342121
1805,4,0.19047619047619047,0.2857142857142857,0.47619047619047616,0.6190476190476191,5.857142857142857,242233431232142342121
1805,5,0.23809523809523808,0.2857142857142857,0.5238095238095238,0.5714285714285714,6.0476190476190474,242233431232142342121
1806,2,0.2857142857142857,0.23809523809523808,0.5238095238095238,0.7619047619047619,4.190476190476191,143212442342444122332
1806,3,0.23809523809523808,0.23809523809523808,0.6666666666666666,0.6666666666666666,4.285714285714286,143212442342444122332
1806,4,0.14285714285714285,0.14285714285714285,0.5714285714285714,0.6666666666666666,5.285714285714286,143212442342444122332
1806,5,0.19047619047619047,0.19047619047619047,0.38095238095238093,0.5238095238095238,7.428571428571429,143212442342444122332
1807,2,0.2857142857142857,0.2857142857142857,0.47619047619047616,0.7142857142857143,5.380952380952381,114143132122113243443
1807,3,0.2857142857142857,0.3333333333333333,0.47619047619047616,0.6190476190476191,5.380952380952381,114143132122113243443
1807,4,0.3333333333333333,0.2857142857142857,0.42857142857142855,0.6190476190476191,6.142857142857143,114143132122113243443
1807,5,0.23809523809523808,0.2857142857142857,0.3333333333333333,0.42857142857142855,7.714285714285714,114143132122113243443
1808,2,0.2857142857142857,0.2857142857142857,0.5238095238095238,0.7142857142857143,4.190476190476191,343341243433111433344
1808,3,0.2857142857142857,0.23809523809523808,0.5238095238095238,0.6666666666666666,4.571428571428571,343341243433111433344
1808,4,0.23809523809523808,0.3333333333333333,0.42857142857142855,0.6190476190476191,5.523809523809524,343341243433111433344
1808,5,0.14285714285714285,0.047619047619047616,0.38095238095238093,0.6190476190476191,6.666666666666667,343341243433111433344
1809,2,0.42857142857142855,0.5238095238095238,0.7142857142857143,0.8571428571428571,3.619047619047619,242113432442113442332
1809,3,0.2857142857142857,0.23809523809523808,0.6190476190476191,0.7142857142857143,4.142857142857143,242113432442113442332
1809,4,0.23809523809523808,0.19047619047619047,0.5714285714285714,0.6666666666666666,4.9523809523809526,242113432442113442332
1809,5,0.2857142857142857,0.38095238095238093,0.5238095238095238,0.5714285714285714,5.761904761904762,242113432442113442332
1810,2,0.38095238095238093,0.38095238095238093,0.7619047619047619,0.8095238095238095,3.238095238095238,244444434122114423412
1810,3,0.3333333333333333,0.42857142857142855,0.5714285714285714,0.8095238095238095,3.9047619047619047,244444434122114423412
1810,4,0.23809523809523808,0.3333333333333333,0.42857142857142855,0.7142857142857143,4.761904761904762,244444434122114423412
1810,5,0.2857142857142857,0.2857142857142857,0.42857142857142855,0.5714285714285714,6.142857142857143,244444434122114423412
1811,2,0.3333333333333333,0.23809523809523808,0.6666666666666666,0.7619047619047619,4.238095238095238,332223142412411133113
1811,3,0.2857142857142857,0.42857142857142855,0.6190476190476191,0.7142857142857143,4.238095238095238,332223142412411133113
1811,4,0.23809523809523808,0.3333333333333333,0.47619047619047616,0.5238095238095238,5.428571428571429,332223142412411133113
1811,5,0.19047619047619047,0.2857142857142857,0.3333333333333333,0.47619047619047616,7.380952380952381,332223142412411133113
1812,2,0.2857142857142857,0.23809523809523808,0.6666666666666666,0.8095238095238095,3.1904761904761907,443432441433423442241
1812,3,0.23809523809523808,0.2857142857142857,0.6190476190476191,0.7142857142857143,4.0476190476190474,443432441433423442241
1812,4,0.14285714285714285,0.3333333333333333,0.5714285714285714,0.7142857142857143,4.619047619047619,443432441433423442241
1812,5,0.23809523809523808,0.42857142857142855,0.47619047619047616,0.6190476190476191,5.380952380952381,443432441433423442241
1813,2,0.38095238095238093,0.47619047619047616,0.5714285714285714,0.8095238095238095,3.619047619047619,443323334343343323114
1813,3,0.23809523809523808,0.2857142857142857,0.5714285714285714,0.7142857142857143,4.0476190476190474,443323334343343323114
1813,4,0.19047619047619047,0.19047619047619047,0.47619047619047616,0.6666666666666666,4.9523809523809526,443323334343343323114
1813,5,0.38095238095238093,0.2857142857142857,0.5238095238095238,0.6190476190476191,5.380952380952381,443323334343343323114
1814,2,0.42857142857142855,0.38095238095238093,0.6190476190476191,0.7619047619047619,3.761904761904762,442114432334331422222
1814,3,0.23809523809523808,0.23809523809523808,0.5714285714285714,0.7142857142857143,4.476190476190476,442114432334331422222
1814,4,0.23809523809523808,0.19047619047619047,0.5714285714285714,0.6190476190476191,4.9523809523809526,442114432334331422222
1814,5,0.23809523809523808,0.2857142857142857,0.5714285714285714,0.6666666666666666,5.333333333333333,442114432334331422222
1815,2,0.14285714285714285,0.3333333333333333,0.7619047619047619,0.8095238095238095,4.0476190476190474,312433341324321213313
1815,3,0.19047619047619047,0.19047619047619047,0.5714285714285714,0.8095238095238095,4.285714285714286,312433341324321213313
1815,4,0.19047619047619047,0.23809523809523808,0.5238095238095238,0.6666666666666666,4.666666666666667,312433341324321213313
1815,5,0.14285714285714285,0.14285714285714285,0.2857142857142857,0.38095238095238093,7.238095238095238,312433341324321213313
1816,2,0.3333333333333333,0.2857142857142857,0.6666666666666666,0.8095238095238095,3.9047619047619047,441343424214323314311
1816,3,0.19047619047619047,0.23809523809523808,0.47619047619047616,0.7619047619047619,5.095238095238095,441343424214323314311
1816,4,0.14285714285714285,0.09523809523809523,0.47619047619047616,0.6190476190476191,5.380952380952381,441343424214323314311
1816,5,0.19047619047619047,0.19047619047619047,0.42857142857142855,0.5714285714285714,6.0,441343424214323314311
1817,2,0.3333333333333333,0.14285714285714285,0.5714285714285714,0.8571428571428571,3.380952380952381,323434144221114324443
1817,3,0.38095238095238093,0.38095238095238093,0.6666666666666666,0.7619047619047619,3.761904761904762,323434144221114324443
1817,4,0.2857142857142857,0.3333333333333333,0.5238095238095238,0.6666666666666666,5.380952380952381,323434144221114324443
1817,5,0.23809523809523808,0.14285714285714285,0.3333333333333333,0.5238095238095238,6.809523809523809,323434144221114324443
1818,2,0.2857142857142857,0.3333333333333333,0.5714285714285714,0.7142857142857143,4.428571428571429,131311242242244322413
1818,3,0.3333333333333333,0.3333333333333333,0.6190476190476191,0.6190476190476191,5.238095238095238,131311242242244322413
1818,4,0.23809523809523808,0.19047619047619047,0.42857142857142855,0.5238095238095238,5.9523809523809526,131311242242244322413
1818,5,0.3333333333333333,0.14285714285714285,0.38095238095238093,0.38095238095238093,7.428571428571429,131311242242244322413
1819,2,0.23809523809523808,0.19047619047619047,0.5714285714285714,0.9523809523809523,2.9523809523809526,341121321242234124334
1819,3,0.2857142857142857,0.23809523809523808,0.6190476190476191,0.7619047619047619,3.9047619047619047,341121321242234124334
1819,4,0.2857142857142857,0.14285714285714285,0.38095238095238093,0.5238095238095238,4.809523809523809,341121321242234124334
1819,5,0.2857142857142857,0.23809523809523808,0.3333333333333333,0.38095238095238093,6.666666666666667,341121321242234124334
1820,2,0.23809523809523808,0.23809523809523808,0.5238095238095238,0.7619047619047619,3.8095238095238093,324241412321242422421
1820,3,0.23809523809523808,0.2857142857142857,0.6190476190476191,0.9047619047619048,3.2857142857142856,324241412321242422421
1820,4,0.14285714285714285,0.09523809523809523,0.5238095238095238,0.7619047619047619,4.0476190476190474,324241412321242422421
1820,5,0.14285714285714285,0.047619047619047616,0.3333333333333333,0.5714285714285714,6.0476190476190474,324241412321242422421
1821,2,0.23809523809523808,0.2857142857142857,0.5714285714285714,0.7142857142857143,3.9523809523809526,213343343133334424141
1821,3,0.2857142857142857,0.2857142857142857,0.47619047619047616,0.6666666666666666,4.0,213343343133334424141
1821,4,0.19047619047619047,0.19047619047619047,0.42857142857142855,0.5238095238095238,5.476190476190476,213343343133334424141
1821,5,0.14285714285714285,0.2857142857142857,0.38095238095238093,0.5714285714285714,6.428571428571429,213343343133334424141
1822,2,0.42857142857142855,0.42857142857142855,0.6190476190476191,0.8095238095238095,3.1904761904761907,432214143141442242423
1822,3,0.23809523809523808,0.2857142857142857,0.7142857142857143,0.7619047619047619,3.619047619047619,432214143141442242423
1822,4,0.2857142857142857,0.2857142857142857,0.5714285714285714,0.7142857142857143,4.428571428571429,432214143141442242423
1822,5,0.2857142857142857,0.19047619047619047,0.47619047619047616,0.5714285714285714,6.0476190476190474,432214143141442242423
1823,2,0.2857142857142857,0.23809523809523808,0.5714285714285714,0.7142857142857143,4.714285714285714,123231222113333133122
1823,3,0.19047619047619047,0.23809523809523808,0.47619047619047616,0.6666666666666666,4.904761904761905,123231222113333133122
1823,4,0.23809523809523808,0.14285714285714285,0.42857142857142855,0.5714285714285714,5.619047619047619,123231222113333133122
1823,5,0.19047619047619047,0.047619047619047616,0.38095238095238093,0.42857142857142855,7.095238095238095,123231222113333133122
1824,2,0.3333333333333333,0.38095238095238093,0.5714285714285714,0.6666666666666666,4.9523809523809526,141312214243131242413
1824,3,0.3333333333333333,0.38095238095238093,0.5238095238095238,0.6666666666666666,5.714285714285714,141312214243131242413
1824,4,0.23809523809523808,0.3333333333333333,0.42857142857142855,0.5238095238095238,6.476190476190476,141312214243131242413
1824,5,0.2857142857142857,0.2857142857142857,0.42857142857142855,0.47619047619047616,6.9523809523809526,141312214243131242413
1825,2,0.23809523809523808,0.19047619047619047,0.5714285714285714,0.7142857142857143,4.619047619047619,131231132134223243141
1825,3,0.2857142857142857,0.19047619047619047,0.6190476190476191,0.6666666666666666,5.095238095238095,131231132134223243141
1825,4,0.23809523809523808,0.19047619047619047,0.47619047619047616,0.6190476190476191,5.761904761904762,131231132134223243141
1825,5,0.19047619047619047,0.14285714285714285,0.3333333333333333,0.42857142857142855,7.238095238095238,131231132134223243141
1826,2,0.38095238095238093,0.14285714285714285,0.47619047619047616,0.7619047619047619,3.9047619047619047,334211314333412414143
1826,3,0.2857142857142857,0.23809523809523808,0.6666666666666666,0.8095238095238095,3.4285714285714284,334211314333412414143
1826,4,0.38095238095238093,0.38095238095238093,0.5238095238095238,0.7142857142857143,3.761904761904762,334211314333412414143
1826,5,0.23809523809523808,0.38095238095238093,0.42857142857142855,0.5238095238095238,6.0,334211314333412414143
1827,2,0.23809523809523808,0.38095238095238093,0.5238095238095238,0.8571428571428571,3.857142857142857,421241222121231243242
1827,3,0.23809523809523808,0.2857142857142857,0.5238095238095238,0.8571428571428571,4.0,421241222121231243242
1827,4,0.19047619047619047,0.23809523809523808,0.42857142857142855,0.6666666666666666,4.714285714285714,421241222121231243242
1827,5,0.14285714285714285,0.19047619047619047,0.3333333333333333,0.47619047619047616,6.666666666666667,421241222121231243242
1828,2,0.23809523809523808,0.2857142857142857,0.5238095238095238,0.7619047619047619,4.0,311344241313131124344
1828,3,0.2857142857142857,0.23809523809523808,0.5714285714285714,0.7142857142857143,4.476190476190476,311344241313131124344
1828,4,0.19047619047619047,0.09523809523809523,0.3333333333333333,0.6190476190476191,5.380952380952381,311344241313131124344
1828,5,0.09523809523809523,0.14285714285714285,0.38095238095238093,0.6190476190476191,5.9523809523809526,311344241313131124344
1829,2,0.23809523809523808,0.2857142857142857,0.7142857142857143,0.9047619047619048,3.238095238095238,312114332422422333241
1829,3,0.19047619047619047,0.3333333333333333,0.6190476190476191,0.7619047619047619,3.9047619047619047,312114332422422333241
1829,4,0.3333333333333333,0.3333333333333333,0.5238095238095238,0.5714285714285714,4.857142857142857,312114332422422333241
1829,5,0.3333333333333333,0.3333333333333333,0.5238095238095238,0.5714285714285714,5.904761904761905,312114332422422333241
1830,2,0.38095238095238093,0.09523809523809523,0.5714285714285714,0.8095238095238095,4.285714285714286,142212412321342111143
1830,3,0.19047619047619047,0.09523809523809523,0.7619047619047619,0.9523809523809523,3.380952380952381,142212412321342111143
1830,4,0.2857142857142857,0.09523809523809523,0.5238095238095238,0.8571428571428571,4.0476190476190474,142212412321342111143
1830,5,0.23809523809523808,0.047619047619047616,0.42857142857142855,0.5714285714285714,6.333333333333333,142212412321342111143
1831,2,0.19047619047619047,0.3333333333333333,0.5238095238095238,0.8095238095238095,4.142857142857143,423213331331112121433
1831,3,0.2857142857142857,0.2857142857142857,0.5714285714285714,0.7619047619047619,4.285714285714286,423213331331112121433
1831,4,0.3333333333333333,0.3333333333333333,0.47619047619047616,0.6666666666666666,5.285714285714286,423213331331112121433
1831,5,0.23809523809523808,0.2857142857142857,0.42857142857142855,0.47619047619047616,6.523809523809524,423213331331112121433
1832,2,0.3333333333333333,0.2857142857142857,0.5238095238095238,0.7619047619047619,3.761904761904762,213214113132344141441
1832,3,0.2857142857142857,0.19047619047619047,0.5238095238095238,0.7619047619047619,3.9047619047619047,213214113132344141441
1832,4,0.14285714285714285,0.19047619047619047,0.47619047619047616,0.7142857142857143,5.333333333333333,213214113132344141441
1832,5,0.047619047619047616,0.09523809523809523,0.3333333333333333,0.5238095238095238,6.333333333333333,213214113132344141441
1833,2,0.38095238095238093,0.38095238095238093,0.7142857142857143,0.8095238095238095,4.285714285714286,142423344231113413144
1833,3,0.23809523809523808,0.19047619047619047,0.6666666666666666,0.7619047619047619,4.761904761904762,142423344231113413144
1833,4,0.19047619047619047,0.09523809523809523,0.5714285714285714,0.7142857142857143,5.428571428571429,142423344231113413144
1833,5,0.19047619047619047,0.047619047619047616,0.47619047619047616,0.5238095238095238,6.857142857142857,142423344231113413144
1834,2,0.2857142857142857,0.2857142857142857,0.6666666666666666,0.8571428571428571,3.1904761904761907,322431434232134212111
1834,3,0.2857142857142857,0.2857142857142857,0.5714285714285714,0.7142857142857143,4.619047619047619,322431434232134212111
1834,4,0.23809523809523808,0.23809523809523808,0.42857142857142855,0.5714285714285714,5.428571428571429,322431434232134212111
1834,5,0.14285714285714285,0.19047619047619047,0.38095238095238093,0.42857142857142855,7.333333333333333,322431434232134212111
1835,2,0.38095238095238093,0.2857142857142857,0.6190476190476191,0.8095238095238095,3.380952380952381,213414224341214132112
1835,3,0.3333333333333333,0.23809523809523808,0.6190476190476191,0.8095238095238095,3.5714285714285716,213414224341214132112
1835,4,0.3333333333333333,0.5238095238095238,0.5238095238095238,0.5714285714285714,4.571428571428571,213414224341214132112
1835,5,0.3333333333333333,0.3333333333333333,0.47619047619047616,0.5714285714285714,5.857142857142857,213414224341214132112
1836,2,0.19047619047619047,0.38095238095238093,0.6666666666666666,0.8571428571428571,3.3333333333333335,421424324122434311211
1836,3,0.2857142857142857,0.23809523809523808,0.5714285714285714,0.7142857142857143,4.619047619047619,421424324122434311211
1836,4,0.2857142857142857,0.14285714285714285,0.6190476190476191,0.7142857142857143,4.714285714285714,421424324122434311211
1836,5,0.09523809523809523,0.19047619047619047,0.3333333333333333,0.47619047619047616,6.857142857142857,421424324122434311211
1837,2,0.3333333333333333,0.2857142857142857,0.5714285714285714,0.8095238095238095,4.190476190476191,444331412244342424433
1837,3,0.19047619047619047,0.47619047619047616,0.6190476190476191,0.8571428571428571,3.619047619047619,444331412244342424433
1837,4,0.14285714285714285,0.23809523809523808,0.42857142857142855,0.7142857142857143,4.238095238095238,444331412244342424433
1837,5,0.3333333333333333,0.2857142857142857,0.5238095238095238,0.5714285714285714,5.571428571428571,444331412244342424433
1838,2,0.23809523809523808,0.14285714285714285,0.6666666666666666,0.7619047619047619,4.666666666666667,144234222113123323432
1838,3,0.19047619047619047,0.23809523809523808,0.5238095238095238,0.6666666666666666,5.190476190476191,144234222113123323432
1838,4,0.23809523809523808,0.19047619047619047,0.38095238095238093,0.6190476190476191,6.0476190476190474,144234222113123323432
1838,5,0.19047619047619047,0.23809523809523808,0.3333333333333333,0.5238095238095238,6.619047619047619,144234222113123323432
1839,2,0.3333333333333333,0.3333333333333333,0.5714285714285714,0.7142857142857143,4.666666666666667,433443111122341141224
1839,3,0.19047619047619047,0.2857142857142857,0.5238095238095238,0.6190476190476191,4.809523809523809,433443111122341141224
1839,4,0.14285714285714285,0.19047619047619047,0.5714285714285714,0.7142857142857143,5.0476190476190474,433443111122341141224
1839,5,0.047619047619047616,0.09523809523809523,0.38095238095238093,0.42857142857142855,7.190476190476191,433443111122341141224
1840,2,0.38095238095238093,0.47619047619047616,0.6666666666666666,0.8571428571428571,3.0,214414333243241244412
1840,3,0.3333333333333333,0.42857142857142855,0.5714285714285714,0.8095238095238095,3.4761904761904763,214414333243241244412
1840,4,0.3333333333333333,0.3333333333333333,0.5238095238095238,0.5714285714285714,4.285714285714286,214414333243241244412
1840,5,0.2857142857142857,0.23809523809523808,0.42857142857142855,0.42857142857142855,5.761904761904762,214414333243241244412
1841,2,0.23809523809523808,0.09523809523809523,0.47619047619047616,0.7619047619047619,5.428571428571429,133113113431122244142
1841,3,0.14285714285714285,0.09523809523809523,0.47619047619047616,0.6190476190476191,5.619047619047619,133113113431122244142
1841,4,0.23809523809523808,0.14285714285714285,0.47619047619047616,0.5238095238095238,7.095238095238095,133113113431122244142
1841,5,0.23809523809523808,0.14285714285714285,0.3333333333333333,0.38095238095238093,8.238095238095237,133113113431122244142
1842,2,0.38095238095238093,0.2857142857142857,0.5714285714285714,0.8571428571428571,3.4761904761904763,223211142311233122311
1842,3,0.23809523809523808,0.2857142857142857,0.6190476190476191,0.7142857142857143,3.857142857142857,223211142311233122311
1842,4,0.19047619047619047,0.19047619047619047,0.42857142857142855,0.5238095238095238,5.571428571428571,223211142311233122311
1842,5,0.14285714285714285,0.09523809523809523,0.19047619047619047,0.3333333333333333,7.333333333333333,223211142311233122311
1843,2,0.2857142857142857,0.38095238095238093,0.6666666666666666,0.9047619047619048,3.0,443231431421112423233
1843,3,0.2857142857142857,0.38095238095238093,0.6666666666666666,0.7619047619047619,3.8095238095238093,443231431421112423233
1843,4,0.23809523809523808,0.3333333333333333,0.5238095238095238,0.6666666666666666,4.809523809523809,443231431421112423233
1843,5,0.2857142857142857,0.23809523809523808,0.5238095238095238,0.6190476190476191,5.9523809523809526,443231431421112423233
1844,2,0.23809523809523808,0.42857142857142855,0.6190476190476191,0.7142857142857143,4.809523809523809,141431112241122311234
1844,3,0.14285714285714285,0.2857142857142857,0.6190476190476191,0.6666666666666666,5.380952380952381,141431112241122311234
1844,4,0.14285714285714285,0.19047619047619047,0.47619047619047616,0.6190476190476191,6.476190476190476,141431112241122311234
1844,5,0.23809523809523808,0.19047619047619047,0.3333333333333333,0.47619047619047616,7.095238095238095,141431112241122311234
1845,2,0.42857142857142855,0.23809523809523808,0.6666666666666666,0.7619047619047619,3.857142857142857,133322114241312224343
1845,3,0.23809523809523808,0.23809523809523808,0.6190476190476191,0.7619047619047619,4.0476190476190474,133322114241312224343
1845,4,0.19047619047619047,0.19047619047619047,0.5714285714285714,0.7142857142857143,5.095238095238095,133322114241312224343
1845,5,0.2857142857142857,0.23809523809523808,0.42857142857142855,0.42857142857142855,7.428571428571429,133322114241312224343
1846,2,0.42857142857142855,0.38095238095238093,0.6666666666666666,0.9047619047619048,2.857142857142857,232132231113241241321
1846,3,0.2857142857142857,0.19047619047619047,0.5714285714285714,0.7619047619047619,3.761904761904762,232132231113241241321
1846,4,0.23809523809523808,0.23809523809523808,0.47619047619047616,0.5714285714285714,4.571428571428571,232132231113241241321
1846,5,0.19047619047619047,0.19047619047619047,0.38095238095238093,0.42857142857142855,6.857142857142857,232132231113241241321
1847,2,0.2857142857142857,0.2857142857142857,0.5238095238095238,0.7619047619047619,3.857142857142857,421334232311412121412
1847,3,0.23809523809523808,0.23809523809523808,0.6190476190476191,0.8095238095238095,4.190476190476191,421334232311412121412
1847,4,0.23809523809523808,0.2857142857142857,0.5238095238095238,0.7142857142857143,4.476190476190476,421334232311412121412
1847,5,0.3333333333333333,0.38095238095238093,0.5238095238095238,0.5714285714285714,5.142857142857143,421334232311412121412
1848,2,0.2857142857142857,0.38095238095238093,0.6190476190476191,0.8095238095238095,4.571428571428571,113214424124113322333
1848,3,0.3333333333333333,0.3333333333333333,0.6190476190476191,0.6666666666666666,5.142857142857143,113214424124113322333
1848,4,0.2857142857142857,0.19047619047619047,0.5238095238095238,0.6666666666666666,5.904761904761905,113214424124113322333
1848,5,0.2857142857142857,0.19047619047619047,0.47619047619047616,0.5714285714285714,6.714285714285714,113214424124113322333
1849,2,0.47619047619047616,0.42857142857142855,0.6666666666666666,0.8095238095238095,4.0,122241342423413232124
1849,3,0.3333333333333333,0.3333333333333333,0.6190476190476191,0.7619047619047619,4.333333333333333,122241342423413232124
1849,4,0.3333333333333333,0.42857142857142855,0.5238095238095238,0.5714285714285714,4.9523809523809526,122241342423413232124
1849,5,0.19047619047619047,0.14285714285714285,0.38095238095238093,0.47619047619047616,6.857142857142857,122241342423413232124
1850,2,0.38095238095238093,0.5238095238095238,0.6666666666666666,0.9523809523809523,2.7142857142857144,212314421432214414234
1850,3,0.38095238095238093,0.38095238095238093,0.5238095238095238,0.7142857142857143,4.190476190476191,212314421432214414234
1850,4,0.3333333333333333,0.38095238095238093,0.42857142857142855,0.6190476190476191,4.571428571428571,212314421432214414234
1850,5,0.19047619047619047,0.2857142857142857,0.5238095238095238,0.7619047619047619,5.0476190476190474,212314421432214414234
1851,2,0.3333333333333333,0.5238095238095238,0.7142857142857143,0.7619047619047619,3.6666666666666665,222441233314213313442
1851,3,0.19047619047619047,0.23809523809523808,0.6666666666666666,0.8095238095238095,3.8095238095238093,222441233314213313442
1851,4,0.23809523809523808,0.23809523809523808,0.5238095238095238,0.5714285714285714,4.904761904761905,222441233314213313442
1851,5,0.23809523809523808,0.19047619047619047,0.2857142857142857,0.5238095238095238,6.476190476190476,222441233314213313442
1852,2,0.3333333333333333,0.09523809523809523,0.6190476190476191,0.8095238095238095,3.7142857142857144,322332213342312314443
1852,3,0.2857142857142857,0.19047619047619047,0.6190476190476191,0.7619047619047619,3.619047619047619,322332213342312314443
1852,4,0.19047619047619047,0.23809523809523808,0.6190476190476191,0.6666666666666666,4.428571428571429,322332213342312314443
1852,5,0.38095238095238093,0.23809523809523808,0.47619047619047616,0.5238095238095238,6.095238095238095,322332213342312314443
1853,2,0.19047619047619047,0.14285714285714285,0.6190476190476191,0.8095238095238095,4.095238095238095,321243132112324123343
1853,3,0.19047619047619047,0.38095238095238093,0.5714285714285714,0.7619047619047619,4.571428571428571,321243132112324123343
1853,4,0.19047619047619047,0.23809523809523808,0.47619047619047616,0.6666666666666666,5.0476190476190474,321243132112324123343
1853,5,0.19047619047619047,0.23809523809523808,0.19047619047619047,0.42857142857142855,6.619047619047619,321243132112324123343
1854,2,0.19047619047619047,0.09523809523809523,0.6190476190476191,0.7142857142857143,4.523809523809524,324432221324112124213
1854,3,0.2857142857142857,0.2857142857142857,0.6666666666666666,0.8095238095238095,4.190476190476191,324432221324112124213
1854,4,0.2857142857142857,0.23809523809523808,0.47619047619047616,0.6190476190476191,4.904761904761905,324432221324112124213
1854,5,0.19047619047619047,0.19047619047619047,0.38095238095238093,0.47619047619047616,6.571428571428571,324432221324112124213
1855,2,0.2857142857142857,0.14285714285714285,0.5238095238095238,0.7619047619047619,4.333333333333333,442142123214422123324
1855,3,0.14285714285714285,0.19047619047619047,0.47619047619047616,0.7142857142857143,4.761904761904762,442142123214422123324
1855,4,0.19047619047619047,0.09523809523809523,0.38095238095238093,0.5238095238095238,5.857142857142857,442142123214422123324
1855,5,0.19047619047619047,0.14285714285714285,0.42857142857142855,0.6190476190476191,5.666666666666667,442142123214422123324
1856,2,0.23809523809523808,0.3333333333333333,0.5714285714285714,0.8095238095238095,4.285714285714286,324213414222341314332
1856,3,0.14285714285714285,0.19047619047619047,0.6190476190476191,0.7142857142857143,4.142857142857143,324213414222341314332
1856,4,0.19047619047619047,0.09523809523809523,0.5714285714285714,0.6190476190476191,4.761904761904762,324213414222341314332
1856,5,0.19047619047619047,0.09523809523809523,0.2857142857142857,0.38095238095238093,7.380952380952381,324213414222341314332
1857,2,0.47619047619047616,0.5238095238095238,0.7142857142857143,0.7142857142857143,4.095238095238095,233434422314111211423
1857,3,0.3333333333333333,0.2857142857142857,0.7142857142857143,0.8095238095238095,4.095238095238095,233434422314111211423
1857,4,0.38095238095238093,0.2857142857142857,0.42857142857142855,0.6666666666666666,5.095238095238095,233434422314111211423
1857,5,0.14285714285714285,0.09523809523809523,0.42857142857142855,0.5238095238095238,7.238095238095238,233434422314111211423
1858,2,0.3333333333333333,0.3333333333333333,0.5714285714285714,0.8571428571428571,3.857142857142857,132111442343342434342
1858,3,0.2857142857142857,0.19047619047619047,0.6666666666666666,0.8095238095238095,3.761904761904762,132111442343342434342
1858,4,0.23809523809523808,0.3333333333333333,0.5714285714285714,0.6666666666666666,4.523809523809524,132111442343342434342
1858,5,0.23809523809523808,0.3333333333333333,0.47619047619047616,0.5238095238095238,6.571428571428571,132111442343342434342
1859,2,0.23809523809523808,0.2857142857142857,0.6666666666666666,0.9523809523809523,2.857142857142857,422141341242244423441
1859,3,0.38095238095238093,0.2857142857142857,0.6666666666666666,0.8571428571428571,3.0476190476190474,422141341242244423441
1859,4,0.09523809523809523,0.09523809523809523,0.5714285714285714,0.7619047619047619,4.142857142857143,422141341242244423441
1859,5,0.14285714285714285,0.09523809523809523,0.42857142857142855,0.5238095238095238,6.285714285714286,422141341242244423441
1860,2,0.47619047619047616,0.6190476190476191,0.6190476190476191,0.8095238095238095,3.761904761904762,233443244122214332244
1860,3,0.2857142857142857,0.2857142857142857,0.5714285714285714,0.6666666666666666,4.380952380952381,233443244122214332244
1860,4,0.2857142857142857,0.09523809523809523,0.47619047619047616,0.5714285714285714,5.095238095238095,233443244122214332244
1860,5,0.14285714285714285,0.09523809523809523,0.2857142857142857,0.5238095238095238,7.190476190476191,233443244122214332244
1861,2,0.2857142857142857,0.2857142857142857,0.5714285714285714,0.7619047619047619,4.095238095238095,132331442433432131442
1861,3,0.19047619047619047,0.19047619047619047,0.7142857142857143,0.7142857142857143,4.476190476190476,132331442433432131442
1861,4,0.23809523809523808,0.19047619047619047,0.42857142857142855,0.7142857142857143,5.476190476190476,132331442433432131442
1861,5,0.19047619047619047,0.23809523809523808,0.47619047619047616,0.5714285714285714,6.523809523809524,132331442433432131442
1862,2,0.42857142857142855,0.3333333333333333,0.5714285714285714,0.7142857142857143,4.571428571428571,134442143144223331221
1862,3,0.2857142857142857,0.14285714285714285,0.5714285714285714,0.6666666666666666,4.9523809523809526,134442143144223331221
1862,4,0.23809523809523808,0.09523809523809523,0.47619047619047616,0.5238095238095238,5.904761904761905,134442143144223331221
1862,5,0.19047619047619047,0.09523809523809523,0.2857142857142857,0.42857142857142855,6.904761904761905,134442143144223331221
1863,2,0.2857142857142857,0.2857142857142857,0.6666666666666666,1.0,2.7142857142857144,432111321122321222142
1863,3,0.19047619047619047,0.23809523809523808,0.7142857142857143,0.8571428571428571,3.142857142857143,432111321122321222142
1863,4,0.3333333333333333,0.19047619047619047,0.6190476190476191,0.7619047619047619,3.857142857142857,432111321122321222142
1863,5,0.2857142857142857,0.09523809523809523,0.47619047619047616,0.5714285714285714,6.380952380952381,432111321122321222142
1864,2,0.38095238095238093,0.23809523809523808,0.6666666666666666,0.7619047619047619,3.6666666666666665,232144121314423334314
1864,3,0.19047619047619047,0.19047619047619047,0.47619047619047616,0.6666666666666666,4.666666666666667,232144121314423334314
1864,4,0.19047619047619047,0.09523809523809523,0.42857142857142855,0.5238095238095238,5.857142857142857,232144121314423334314
1864,5,0.14285714285714285,0.09523809523809523,0.3333333333333333,0.47619047619047616,6.666666666666667,232144121314423334314
1865,2,0.47619047619047616,0.3333333333333333,0.7619047619047619,0.9047619047619048,2.761904761904762,242442144421233232221
1865,3,0.23809523809523808,0.14285714285714285,0.5714285714285714,0.7619047619047619,3.7142857142857144,242442144421233232221
1865,4,0.23809523809523808,0.19047619047619047,0.5714285714285714,0.5714285714285714,4.761904761904762,242442144421233232221
1865,5,0.19047619047619047,0.14285714285714285,0.3333333333333333,0.5714285714285714,6.380952380952381,242442144421233232221
1866,2,0.19047619047619047,0.14285714285714285,0.6666666666666666,0.9047619047619048,3.142857142857143,432324314421234211241
1866,3,0.23809523809523808,0.42857142857142855,0.7619047619047619,0.7619047619047619,3.3333333333333335,432324314421234211241
1866,4,0.3333333333333333,0.3333333333333333,0.7142857142857143,0.7619047619047619,3.619047619047619,432324314421234211241
1866,5,0.14285714285714285,0.19047619047619047,0.42857142857142855,0.5714285714285714,6.428571428571429,432324314421234211241
1867,2,0.23809523809523808,0.19047619047619047,0.6190476190476191,0.7619047619047619,4.333333333333333,224313331434332344121
1867,3,0.23809523809523808,0.14285714285714285,0.47619047619047616,0.6666666666666666,5.0476190476190474,224313331434332344121
1867,4,0.2857142857142857,0.23809523809523808,0.42857142857142855,0.47619047619047616,5.857142857142857,224313331434332344121
1867,5,0.23809523809523808,0.23809523809523808,0.38095238095238093,0.47619047619047616,5.857142857142857,224313331434332344121
1868,2,0.38095238095238093,0.42857142857142855,0.7619047619047619,0.8095238095238095,3.4285714285714284,312243431313133222241
1868,3,0.2857142857142857,0.38095238095238093,0.6666666666666666,0.7619047619047619,3.9047619047619047,312243431313133222241
1868,4,0.23809523809523808,0.19047619047619047,0.38095238095238093,0.6190476190476191,5.190476190476191,312243431313133222241
1868,5,0.19047619047619047,0.2857142857142857,0.42857142857142855,0.5714285714285714,6.0476190476190474,312243431313133222241
1869,2,0.23809523809523808,0.23809523809523808,0.5238095238095238,0.8095238095238095,4.428571428571429,141231144113244422323
1869,3,0.3333333333333333,0.3333333333333333,0.5714285714285714,0.7142857142857143,4.857142857142857,141231144113244422323
1869,4,0.14285714285714285,0.3333333333333333,0.5714285714285714,0.6190476190476191,5.333333333333333,141231144113244422323
1869,5,0.14285714285714285,0.09523809523809523,0.38095238095238093,0.42857142857142855,6.380952380952381,141231144113244422323
1870,2,0.2857142857142857,0.2857142857142857,0.7142857142857143,0.9047619047619048,2.9523809523809526,422432314241323323412
1870,3,0.14285714285714285,0.19047619047619047,0.6666666666666666,0.8571428571428571,3.4285714285714284,422432314241323323412
1870,4,0.14285714285714285,0.23809523809523808,0.6190476190476191,0.7142857142857143,4.380952380952381,422432314241323323412
1870,5,0.2857142857142857,0.19047619047619047,0.38095238095238093,0.47619047619047616,6.142857142857143,422432314241323323412
1871,2,0.2857142857142857,0.3333333333333333,0.6666666666666666,0.8571428571428571,3.142857142857143,311311442113334332441
1871,3,0.23809523809523808,0.09523809523809523,0.6190476190476191,0.7619047619047619,4.0,311311442113334332441
1871,4,0.19047619047619047,0.19047619047619047,0.38095238095238093,0.5238095238095238,5.238095238095238,311311442113334332441
1871,5,0.19047619047619047,0.23809523809523808,0.38095238095238093,0.5238095238095238,5.9523809523809526,311311442113334332441
1872,2,0.14285714285714285,0.19047619047619047,0.5714285714285714,0.7619047619047619,4.571428571428571,413123232423434211422
1872,3,0.23809523809523808,0.2857142857142857,0.42857142857142855,0.5714285714285714,4.9523809523809526,413123232423434211422
1872,4,0.23809523809523808,0.42857142857142855,0.42857142857142855,0.5714285714285714,5.666666666666667,413123232423434211422
1872,5,0.19047619047619047,0.09523809523809523,0.38095238095238093,0.5238095238095238,6.619047619047619,413123232423434211422
1873,2,0.5238095238095238,0.42857142857142855,0.7142857142857143,0.9523809523809523,2.4285714285714284,222411343141312142134
1873,3,0.2857142857142857,0.5238095238095238,0.7142857142857143,0.8095238095238095,3.2857142857142856,222411343141312142134
1873,4,0.2857142857142857,0.47619047619047616,0.6190476190476191,0.8571428571428571,3.5238095238095237,222411343141312142134
1873,5,0.2857142857142857,0.3333333333333333,0.42857142857142855,0.5238095238095238,5.571428571428571,222411343141312142134
1874,2,0.2857142857142857,0.2857142857142857,0.5238095238095238,0.7619047619047619,4.571428571428571,143124311343143132332
1874,3,0.14285714285714285,0.09523809523809523,0.6190476190476191,0.6666666666666666,4.714285714285714,143124311343143132332
1874,4,0.09523809523809523,0.23809523809523808,0.47619047619047616,0.6666666666666666,6.0,143124311343143132332
1874,5,0.19047619047619047,0.14285714285714285,0.3333333333333333,0.5714285714285714,6.904761904761905,143124311343143132332
1875,2,0.38095238095238093,0.42857142857142855,0.7619047619047619,0.8571428571428571,4.0,122322234141142244122
1875,3,0.3333333333333333,0.3333333333333333,0.6190476190476191,0.7619047619047619,4.619047619047619,122322234141142244122
1875,4,0.2857142857142857,0.3333333333333333,0.5238095238095238,0.7142857142857143,5.095238095238095,122322234141142244122
1875,5,0.3333333333333333,0.42857142857142855,0.6190476190476191,0.6190476190476191,6.095238095238095,122322234141142244122
1876,2,0.23809523809523808,0.14285714285714285,0.6666666666666666,0.8095238095238095,4.095238095238095,412213441424432334222
1876,3,0.14285714285714285,0.19047619047619047,0.47619047619047616,0.6190476190476191,5.238095238095238,412213441424432334222
1876,4,0.19047619047619047,0.047619047619047616,0.42857142857142855,0.5238095238095238,5.857142857142857,412213441424432334222
1876,5,0.23809523809523808,0.09523809523809523,0.47619047619047616,0.5238095238095238,6.0,412213441424432334222
1877,2,0.38095238095238093,0.38095238095238093,0.6190476190476191,0.7619047619047619,4.285714285714286,231443444434141323344
1877,3,0.2857142857142857,0.3333333333333333,0.47619047619047616,0.6190476190476191,5.238095238095238,231443444434141323344
1877,4,0.19047619047619047,0.19047619047619047,0.42857142857142855,0.6190476190476191,6.0476190476190474,231443444434141323344
1877,5,0.19047619047619047,0.14285714285714285,0.38095238095238093,0.5238095238095238,6.523809523809524,231443444434141323344
1878,2,0.23809523809523808,0.14285714285714285,0.6666666666666666,0.7619047619047619,3.8095238095238093,211242112422341334322
1878,3,0.14285714285714285,0.23809523809523808,0.38095238095238093,0.6190476190476191,5.238095238095238,211242112422341334322
1878,4,0.14285714285714285,0.09523809523809523,0.38095238095238093,0.5238095238095238,6.095238095238095,211242112422341334322
1878,5,0.14285714285714285,0.19047619047619047,0.2857142857142857,0.5238095238095238,6.142857142857143,211242112422341334322
1879,2,0.42857142857142855,0.2857142857142857,0.6666666666666666,0.8571428571428571,3.0476190476190474,224212141412213342114
1879,3,0.3333333333333333,0.38095238095238093,0.6190476190476191,0.8095238095238095,3.6666666666666665,224212141412213342114
1879,4,0.2857142857142857,0.14285714285714285,0.42857142857142855,0.5238095238095238,5.476190476190476,224212141412213342114
1879,5,0.23809523809523808,0.14285714285714285,0.23809523809523808,0.3333333333333333,7.095238095238095,224212141412213342114
1880,2,0.38095238095238093,0.47619047619047616,0.6190476190476191,0.7619047619047619,3.5238095238095237,442234411343433242323
1880,3,0.23809523809523808,0.3333333333333333,0.7142857142857143,0.7619047619047619,3.5714285714285716,442234411343433242323
1880,4,0.09523809523809523,0.14285714285714285,0.42857142857142855,0.6666666666666666,4.619047619047619,442234411343433242323
1880,5,0.19047619047619047,0.2857142857142857,0.5238095238095238,0.5714285714285714,5.428571428571429,442234411343433242323
1881,2,0.38095238095238093,0.2857142857142857,0.5714285714285714,0.7619047619047619,4.619047619047619,144311342144412332243
1881,3,0.2857142857142857,0.3333333333333333,0.7142857142857143,0.7619047619047619,4.571428571428571,144311342144412332243
1881,4,0.3333333333333333,0.2857142857142857,0.47619047619047616,0.6190476190476191,5.0,144311342144412332243
1881,5,0.38095238095238093,0.2857142857142857,0.47619047619047616,0.5238095238095238,6.190476190476191,144311342144412332243
1882,2,0.38095238095238093,0.38095238095238093,0.5714285714285714,0.8095238095238095,3.9047619047619047,424223143411333434233
1882,3,0.2857142857142857,0.2857142857142857,0.5238095238095238,0.6190476190476191,4.238095238095238,424223143411333434233
1882,4,0.19047619047619047,0.19047619047619047,0.47619047619047616,0.5238095238095238,5.666666666666667,424223143411333434233
1882,5,0.14285714285714285,0.23809523809523808,0.38095238095238093,0.47619047619047616,6.619047619047619,424223143411333434233
1883,2,0.23809523809523808,0.19047619047619047,0.6190476190476191,0.8095238095238095,3.7142857142857144,323324422443133123214
1883,3,0.19047619047619047,0.19047619047619047,0.5714285714285714,0.7142857142857143,4.238095238095238,323324422443133123214
1883,4,0.14285714285714285,0.23809523809523808,0.42857142857142855,0.6666666666666666,5.238095238095238,323324422443133123214
1883,5,0.19047619047619047,0.19047619047619047,0.42857142857142855,0.6190476190476191,5.9523809523809526,323324422443133123214
1884,2,0.5714285714285714,0.38095238095238093,0.6666666666666666,0.7619047619047619,3.9523809523809526,212314232244111412241
1884,3,0.38095238095238093,0.5238095238095238,0.6190476190476191,0.8095238095238095,4.0,212314232244111412241
1884,4,0.3333333333333333,0.5238095238095238,0.5238095238095238,0.6666666666666666,4.761904761904762,212314232244111412241
1884,5,0.38095238095238093,0.5238095238095238,0.6190476190476191,0.6190476190476191,5.428571428571429,212314232244111412241
1885,2,0.19047619047619047,0.09523809523809523,0.5714285714285714,0.7619047619047619,4.523809523809524,121314241322221313121
1885,3,0.23809523809523808,0.14285714285714285,0.47619047619047616,0.6190476190476191,5.714285714285714,121314241322221313121
1885,4,0.2857142857142857,0.19047619047619047,0.47619047619047616,0.5714285714285714,5.857142857142857,121314241322221313121
1885,5,0.19047619047619047,0.14285714285714285,0.38095238095238093,0.42857142857142855,7.190476190476191,121314241322221313121
1886,2,0.2857142857142857,0.23809523809523808,0.6190476190476191,0.8571428571428571,3.238095238095238,334321422311243434133
1886,3,0.23809523809523808,0.23809523809523808,0.5714285714285714,0.8571428571428571,3.380952380952381,334321422311243434133
1886,4,0.19047619047619047,0.23809523809523808,0.47619047619047616,0.6190476190476191,4.0476190476190474,334321422311243434133
1886,5,0.2857142857142857,0.19047619047619047,0.3333333333333333,0.5238095238095238,6.0476190476190474,334321422311243434133
1887,2,0.2857142857142857,0.38095238095238093,0.6666666666666666,0.8095238095238095,3.2857142857142856,224122444333424333211
1887,3,0.3333333333333333,0.09523809523809523,0.5238095238095238,0.6190476190476191,4.333333333333333,224122444333424333211
1887,4,0.23809523809523808,0.19047619047619047,0.42857142857142855,0.5238095238095238,5.476190476190476,224122444333424333211
1887,5,0.14285714285714285,0.14285714285714285,0.3333333333333333,0.42857142857142855,6.476190476190476,224122444333424333211
1888,2,0.47619047619047616,0.3333333333333333,0.6190476190476191,0.7142857142857143,4.380952380952381,114224233441422232411
1888,3,0.3333333333333333,0.3333333333333333,0.5714285714285714,0.6666666666666666,4.9523809523809526,114224233441422232411
1888,4,0.19047619047619047,0.3333333333333333,0.47619047619047616,0.5714285714285714,5.904761904761905,114224233441422232411
1888,5,0.23809523809523808,0.19047619047619047,0.38095238095238093,0.5238095238095238,6.857142857142857,114224233441422232411
1889,2,0.3333333333333333,0.23809523809523808,0.5714285714285714,0.7142857142857143,4.666666666666667,134111422444412141144
1889,3,0.38095238095238093,0.3333333333333333,0.7142857142857143,0.7619047619047619,4.285714285714286,134111422444412141144
1889,4,0.42857142857142855,0.2857142857142857,0.5714285714285714,0.6666666666666666,4.857142857142857,134111422444412141144
1889,5,0.3333333333333333,0.2857142857142857,0.5238095238095238,0.5238095238095238,6.476190476190476,134111422444412141144
1890,2,0.38095238095238093,0.2857142857142857,0.5238095238095238,0.7619047619047619,4.333333333333333,341114221144122211322
1890,3,0.23809523809523808,0.14285714285714285,0.6190476190476191,0.6666666666666666,5.142857142857143,341114221144122211322
1890,4,0.2857142857142857,0.09523809523809523,0.42857142857142855,0.6190476190476191,5.666666666666667,341114221144122211322
1890,5,0.3333333333333333,0.19047619047619047,0.42857142857142855,0.47619047619047616,6.571428571428571,341114221144122211322
1891,2,0.19047619047619047,0.19047619047619047,0.6666666666666666,0.8571428571428571,3.619047619047619,342132422134243113421
1891,3,0.23809523809523808,0.09523809523809523,0.6190476190476191,0.7619047619047619,4.190476190476191,342132422134243113421
1891,4,0.23809523809523808,0.09523809523809523,0.47619047619047616,0.6666666666666666,4.714285714285714,342132422134243113421
1891,5,0.14285714285714285,0.14285714285714285,0.5238095238095238,0.6666666666666666,5.571428571428571,342132422134243113421
1892,2,0.2857142857142857,0.2857142857142857,0.47619047619047616,0.7619047619047619,4.380952380952381,131212422323344322122
1892,3,0.23809523809523808,0.19047619047619047,0.6190476190476191,0.7619047619047619,4.619047619047619,131212422323344322122
1892,4,0.3333333333333333,0.23809523809523808,0.47619047619047616,0.6666666666666666,5.0,131212422323344322122
1892,5,0.2857142857142857,0.23809523809523808,0.42857142857142855,0.6190476190476191,6.190476190476191,131212422323344322122
1893,2,0.19047619047619047,0.19047619047619047,0.6666666666666666,0.7619047619047619,3.8095238095238093,231221322324214313113
1893,3,0.3333333333333333,0.47619047619047616,0.5714285714285714,0.7619047619047619,4.380952380952381,231221322324214313113
1893,4,0.47619047619047616,0.38095238095238093,0.5238095238095238,0.6666666666666666,4.619047619047619,231221322324214313113
1893,5,0.2857142857142857,0.3333333333333333,0.3333333333333333,0.42857142857142855,6.619047619047619,231221322324214313113
1894,2,0.2857142857142857,0.38095238095238093,0.7142857142857143,0.8095238095238095,3.0476190476190474,214222124441214442312
1894,3,0.42857142857142855,0.42857142857142855,0.6190476190476191,0.8095238095238095,3.238095238095238,214222124441214442312
1894,4,0.2857142857142857,0.3333333333333333,0.5238095238095238,0.6666666666666666,4.380952380952381,214222124441214442312
1894,5,0.2857142857142857,0.3333333333333333,0.47619047619047616,0.5238095238095238,5.809523809523809,214222124441214442312
1895,2,0.2857142857142857,0.23809523809523808,0.6190476190476191,0.7142857142857143,4.619047619047619,111323322443332332221
1895,3,0.23809523809523808,0.14285714285714285,0.5238095238095238,0.5714285714285714,5.666666666666667,111323322443332332221
1895,4,0.2857142857142857,0.19047619047619047,0.42857142857142855,0.47619047619047616,6.238095238095238,111323322443332332221
1895,5,0.23809523809523808,0.38095238095238093,0.47619047619047616,0.5238095238095238,5.666666666666667,111323322443332332221
1896,2,0.19047619047619047,0.3333333333333333,0.5238095238095238,0.7142857142857143,4.523809523809524,344133433134421122311
1896,3,0.19047619047619047,0.2857142857142857,0.5714285714285714,0.6190476190476191,4.666666666666667,344133433134421122311
1896,4,0.19047619047619047,0.19047619047619047,0.38095238095238093,0.47619047619047616,5.857142857142857,344133433134421122311
1896,5,0.19047619047619047,0.3333333333333333,0.38095238095238093,0.5238095238095238,6.285714285714286,344133433134421122311
1897,2,0.2857142857142857,0.3333333333333333,0.5238095238095238,0.6666666666666666,4.619047619047619,334133311343433322224
1897,3,0.19047619047619047,0.23809523809523808,0.5714285714285714,0.6190476190476191,4.333333333333333,334133311343433322224
1897,4,0.14285714285714285,0.23809523809523808,0.42857142857142855,0.47619047619047616,5.380952380952381,334133311343433322224
1897,5,0.19047619047619047,0.23809523809523808,0.3333333333333333,0.47619047619047616,6.0476190476190474,334133311343433322224
1898,2,0.38095238095238093,0.42857142857142855,0.5714285714285714,0.8095238095238095,3.4761904761904763,331232423413413342344
1898,3,0.2857142857142857,0.2857142857142857,0.6666666666666666,0.7142857142857143,3.9523809523809526,331232423413413342344
1898,4,0.2857142857142857,0.23809523809523808,0.42857142857142855,0.5714285714285714,5.428571428571429,331232423413413342344
1898,5,0.19047619047619047,0.14285714285714285,0.2857142857142857,0.5714285714285714,6.476190476190476,331232423413413342344
1899,2,0.19047619047619047,0.19047619047619047,0.47619047619047616,0.6666666666666666,5.238095238095238,331223412124144143314
1899,3,0.23809523809523808,0.38095238095238093,0.5238095238095238,0.6666666666666666,5.095238095238095,331223412124144143314
1899,4,0.14285714285714285,0.09523809523809523,0.47619047619047616,0.6666666666666666,5.714285714285714,331223412124144143314
1899,5,0.09523809523809523,0.14285714285714285,0.23809523809523808,0.42857142857142855,7.714285714285714,331223412124144143314
1900,2,0.14285714285714285,0.23809523809523808,0.47619047619047616,0.7142857142857143,5.333333333333333,114213122221424134333
1900,3,0.19047619047619047,0.09523809523809523,0.5714285714285714,0.6666666666666666,4.857142857142857,114213122221424134333
1900,4,0.2857142857142857,0.09523809523809523,0.47619047619047616,0.5238095238095238,5.666666666666667,114213122221424134333
1900,5,0.23809523809523808,0.14285714285714285,0.2857142857142857,0.47619047619047616,7.0476190476190474,114213122221424134333
1901,2,0.38095238095238093,0.38095238095238093,0.5714285714285714,0.8095238095238095,3.3333333333333335,421112144113431432241
1901,3,0.3333333333333333,0.23809523809523808,0.5238095238095238,0.6666666666666666,4.190476190476191,421112144113431432241
1901,4,0.3333333333333333,0.19047619047619047,0.47619047619047616,0.5238095238095238,5.285714285714286,421112144113431432241
1901,5,0.23809523809523808,0.23809523809523808,0.42857142857142855,0.6190476190476191,5.761904761904762,421112144113431432241
1902,2,0.3333333333333333,0.19047619047619047,0.7142857142857143,0.8571428571428571,3.619047619047619,444224241212121123341
1902,3,0.2857142857142857,0.2857142857142857,0.6666666666666666,0.8095238095238095,3.7142857142857144,444224241212121123341
1902,4,0.19047619047619047,0.14285714285714285,0.42857142857142855,0.7619047619047619,5.0476190476190474,444224241212121123341
1902,5,0.19047619047619047,0.14285714285714285,0.42857142857142855,0.5238095238095238,6.619047619047619,444224241212121123341
1903,2,0.38095238095238093,0.42857142857142855,0.6666666666666666,0.7619047619047619,4.0,212243432342414122221
1903,3,0.3333333333333333,0.38095238095238093,0.5714285714285714,0.7142857142857143,4.0476190476190474,212243432342414122221
1903,4,0.23809523809523808,0.3333333333333333,0.47619047619047616,0.6666666666666666,4.428571428571429,212243432342414122221
1903,5,0.2857142857142857,0.38095238095238093,0.5238095238095238,0.6666666666666666,5.142857142857143,212243432342414122221
1904,2,0.2857142857142857,0.38095238095238093,0.6190476190476191,0.7619047619047619,3.761904761904762,224334212213224132211
1904,3,0.19047619047619047,0.23809523809523808,0.5714285714285714,0.7619047619047619,3.857142857142857,224334212213224132211
1904,4,0.19047619047619047,0.2857142857142857,0.42857142857142855,0.5238095238095238,5.0,224334212213224132211
1904,5,0.19047619047619047,0.19047619047619047,0.38095238095238093,0.47619047619047616,5.904761904761905,224334212213224132211
1905,2,0.2857142857142857,0.19047619047619047,0.7142857142857143,0.7619047619047619,4.0476190476190474,323323432214343222342
1905,3,0.14285714285714285,0.23809523809523808,0.5238095238095238,0.8571428571428571,4.0476190476190474,323323432214343222342
1905,4,0.23809523809523808,0.19047619047619047,0.5238095238095238,0.6190476190476191,4.666666666666667,323323432214343222342
1905,5,0.23809523809523808,0.14285714285714285,0.2857142857142857,0.47619047619047616,6.714285714285714,323323432214343222342
1906,2,0.23809523809523808,0.09523809523809523,0.6190476190476191,0.9047619047619048,3.2857142857142856,422344444433341321322
1906,3,0.23809523809523808,0.23809523809523808,0.5238095238095238,0.7619047619047619,4.333333333333333,422344444433341321322
1906,4,0.19047619047619047,0.2857142857142857,0.5238095238095238,0.7142857142857143,4.476190476190476,422344444433341321322
1906,5,0.14285714285714285,0.09523809523809523,0.47619047619047616,0.7142857142857143,5.0,422344444433341321322
1907,2,0.2857142857142857,0.5714285714285714,0.5238095238095238,0.7142857142857143,4.190476190476191,224141223332411141232
1907,3,0.3333333333333333,0.19047619047619047,0.47619047619047616,0.6190476190476191,4.476190476190476,224141223332411141232
1907,4,0.23809523809523808,0.2857142857142857,0.47619047619047616,0.47619047619047616,5.523809523809524,224141223332411141232
1907,5,0.09523809523809523,0.14285714285714285,0.3333333333333333,0.5238095238095238,6.857142857142857,224141223332411141232
1908,2,0.3333333333333333,0.23809523809523808,0.5238095238095238,0.8095238095238095,4.761904761904762,114142314441123441144
1908,3,0.3333333333333333,0.2857142857142857,0.6666666666666666,0.7142857142857143,4.523809523809524,114142314441123441144
1908,4,0.19047619047619047,0.047619047619047616,0.5238095238095238,0.7142857142857143,5.476190476190476,114142314441123441144
1908,5,0.19047619047619047,0.14285714285714285,0.42857142857142855,0.5238095238095238,7.190476190476191,114142314441123441144
1909,2,0.3333333333333333,0.2857142857142857,0.6190476190476191,0.7142857142857143,4.238095238095238,113242413433321212241
1909,3,0.19047619047619047,0.2857142857142857,0.5238095238095238,0.6666666666666666,4.666666666666667,113242413433321212241
1909,4,0.19047619047619047,0.14285714285714285,0.47619047619047616,0.6666666666666666,5.571428571428571,113242413433321212241
1909,5,0.19047619047619047,0.2857142857142857,0.3333333333333333,0.5238095238095238,7.190476190476191,113242413433321212241
1910,2,0.3333333333333333,0.3333333333333333,0.6666666666666666,0.8095238095238095,3.9523809523809526,433333221141344113414
1910,3,0.23809523809523808,0.2857142857142857,0.5714285714285714,0.6666666666666666,4.190476190476191,433333221141344113414
1910,4,0.23809523809523808,0.23809523809523808,0.5238095238095238,0.6666666666666666,4.904761904761905,433333221141344113414
1910,5,0.23809523809523808,0.19047619047619047,0.42857142857142855,0.5238095238095238,7.095238095238095,433333221141344113414
1911,2,0.38095238095238093,0.19047619047619047,0.5238095238095238,0.7619047619047619,4.619047619047619,114242231121133114411
1911,3,0.3333333333333333,0.23809523809523808,0.6190476190476191,0.6190476190476191,5.142857142857143,114242231121133114411
1911,4,0.2857142857142857,0.19047619047619047,0.42857142857142855,0.47619047619047616,6.476190476190476,114242231121133114411
1911,5,0.14285714285714285,0.19047619047619047,0.2857142857142857,0.42857142857142855,7.809523809523809,114242231121133114411
1912,2,0.3333333333333333,0.2857142857142857,0.5714285714285714,0.7619047619047619,3.857142857142857,131132322341444222433
1912,3,0.2857142857142857,0.23809523809523808,0.5238095238095238,0.7619047619047619,4.523809523809524,131132322341444222433
1912,4,0.23809523809523808,0.23809523809523808,0.5238095238095238,0.6190476190476191,5.142857142857143,131132322341444222433
1912,5,0.2857142857142857,0.19047619047619047,0.38095238095238093,0.47619047619047616,6.761904761904762,131132322341444222433
1913,2,0.3333333333333333,0.5238095238095238,0.6666666666666666,0.8095238095238095,3.761904761904762,112414342131343242111
1913,3,0.2857142857142857,0.38095238095238093,0.6666666666666666,0.7619047619047619,4.333333333333333,112414342131343242111
1913,4,0.2857142857142857,0.3333333333333333,0.5714285714285714,0.7142857142857143,4.571428571428571,112414342131343242111
1913,5,0.19047619047619047,0.19047619047619047,0.38095238095238093,0.5238095238095238,6.857142857142857,112414342131343242111
1914,2,0.3333333333333333,0.3333333333333333,0.6190476190476191,0.8571428571428571,3.2857142857142856,413144323222341443442
1914,3,0.3333333333333333,0.3333333333333333,0.47619047619047616,0.7619047619047619,3.7142857142857144,413144323222341443442
1914,4,0.23809523809523808,0.19047619047619047,0.6666666666666666,0.7619047619047619,4.142857142857143,413144323222341443442
1914,5,0.14285714285714285,0.14285714285714285,0.47619047619047616,0.6190476190476191,6.285714285714286,413144323222341443442
1915,2,0.42857142857142855,0.3333333333333333,0.5238095238095238,0.7619047619047619,3.4761904761904763,413141114211314321111
1915,3,0.2857142857142857,0.38095238095238093,0.47619047619047616,0.5714285714285714,4.333333333333333,413141114211314321111
1915,4,0.19047619047619047,0.14285714285714285,0.38095238095238093,0.5238095238095238,5.9523809523809526,413141114211314321111
1915,5,0.14285714285714285,0.14285714285714285,0.3333333333333333,0.47619047619047616,6.666666666666667,413141114211314321111
1916,2,0.2857142857142857,0.42857142857142855,0.6666666666666666,0.8095238095238095,4.333333333333333,112432141234222144223
1916,3,0.19047619047619047,0.19047619047619047,0.5714285714285714,0.6666666666666666,5.190476190476191,112432141234222144223
1916,4,0.19047619047619047,0.19047619047619047,0.47619047619047616,0.5714285714285714,5.666666666666667,112432141234222144223
1916,5,0.23809523809523808,0.2857142857142857,0.47619047619047616,0.47619047619047616,5.904761904761905,112432141234222144223
1917,2,0.19047619047619047,0.23809523809523808,0.5714285714285714,0.7619047619047619,4.571428571428571,124134412422423242441
1917,3,0.19047619047619047,0.23809523809523808,0.6190476190476191,0.7619047619047619,4.285714285714286,124134412422423242441
1917,4,0.09523809523809523,0.14285714285714285,0.47619047619047616,0.7142857142857143,5.190476190476191,124134412422423242441
1917,5,0.19047619047619047,0.14285714285714285,0.38095238095238093,0.5238095238095238,7.0,124134412422423242441
1918,2,0.3333333333333333,0.19047619047619047,0.6190476190476191,0.8571428571428571,3.238095238095238,433442314421233312213
1918,3,0.14285714285714285,0.14285714285714285,0.5714285714285714,0.6666666666666666,4.333333333333333,433442314421233312213
1918,4,0.23809523809523808,0.2857142857142857,0.6190476190476191,0.6666666666666666,5.095238095238095,433442314421233312213
1918,5,0.09523809523809523,0.09523809523809523,0.2857142857142857,0.38095238095238093,7.666666666666667,433442314421233312213
1919,2,0.23809523809523808,0.14285714285714285,0.5238095238095238,0.7619047619047619,4.666666666666667,314213241212141311432
1919,3,0.14285714285714285,0.23809523809523808,0.5238095238095238,0.6190476190476191,5.095238095238095,314213241212141311432
1919,4,0.23809523809523808,0.09523809523809523,0.38095238095238093,0.47619047619047616,6.142857142857143,314213241212141311432
1919,5,0.14285714285714285,0.09523809523809523,0.3333333333333333,0.42857142857142855,7.714285714285714,314213241212141311432
1920,2,0.2857142857142857,0.38095238095238093,0.6666666666666666,0.7619047619047619,4.190476190476191,332433312433312413132
1920,3,0.19047619047619047,0.23809523809523808,0.7142857142857143,0.7619047619047619,3.761904761904762,332433312433312413132
1920,4,0.2857142857142857,0.38095238095238093,0.5714285714285714,0.6666666666666666,4.142857142857143,332433312433312413132
1920,5,0.23809523809523808,0.38095238095238093,0.42857142857142855,0.5238095238095238,5.714285714285714,332433312433312413132
1921,2,0.2857142857142857,0.47619047619047616,0.6190476190476191,0.8571428571428571,3.9047619047619047,111232324422344442232
1921,3,0.3333333333333333,0.19047619047619047,0.5238095238095238,0.6666666666666666,5.0,111232324422344442232
1921,4,0.23809523809523808,0.14285714285714285,0.5714285714285714,0.6666666666666666,4.9523809523809526,111232324422344442232
1921,5,0.19047619047619047,0.23809523809523808,0.38095238095238093,0.6190476190476191,6.238095238095238,111232324422344442232
1922,2,0.2857142857142857,0.14285714285714285,0.42857142857142855,0.7142857142857143,4.714285714285714,143412114333441311443
1922,3,0.19047619047619047,0.19047619047619047,0.5238095238095238,0.6190476190476191,5.285714285714286,143412114333441311443
1922,4,0.3333333333333333,0.23809523809523808,0.5238095238095238,0.5714285714285714,6.095238095238095,143412114333441311443
1922,5,0.19047619047619047,0.19047619047619047,0.42857142857142855,0.47619047619047616,6.761904761904762,143412114333441311443
1923,2,0.38095238095238093,0.38095238095238093,0.6190476190476191,0.7619047619047619,3.5714285714285716,421342131342213122124
1923,3,0.23809523809523808,0.2857142857142857,0.6666666666666666,0.7142857142857143,4.190476190476191,421342131342213122124
1923,4,0.23809523809523808,0.23809523809523808,0.47619047619047616,0.7142857142857143,4.666666666666667,421342131342213122124
1923,5,0.2857142857142857,0.23809523809523808,0.5714285714285714,0.6666666666666666,4.9523809523809526,421342131342213122124
1924,2,0.38095238095238093,0.3333333333333333,0.5238095238095238,0.7142857142857143,4.714285714285714,111123332331312422414
1924,3,0.2857142857142857,0.23809523809523808,0.5238095238095238,0.5714285714285714,5.619047619047619,111123332331312422414
1924,4,0.2857142857142857,0.2857142857142857,0.47619047619047616,0.5714285714285714,6.0,111123332331312422414
1924,5,0.19047619047619047,0.2857142857142857,0.47619047619047616,0.5238095238095238,6.380952380952381,111123332331312422414
1925,2,0.3333333333333333,0.14285714285714285,0.6190476190476191,0.8095238095238095,3.4761904761904763,312411144232143224422
1925,3,0.23809523809523808,0.19047619047619047,0.5238095238095238,0.6666666666666666,4.857142857142857,312411144232143224422
1925,4,0.19047619047619047,0.14285714285714285,0.47619047619047616,0.47619047619047616,5.904761904761905,312411144232143224422
1925,5,0.2857142857142857,0.14285714285714285,0.42857142857142855,0.47619047619047616,6.285714285714286,312411144232143224422
1926,2,0.3333333333333333,0.23809523809523808,0.6190476190476191,0.8095238095238095,4.333333333333333,132111223142322313123
1926,3,0.2857142857142857,0.23809523809523808,0.5714285714285714,0.6666666666666666,5.238095238095238,132111223142322313123
1926,4,0.2857142857142857,0.42857142857142855,0.5238095238095238,0.5714285714285714,5.714285714285714,132111223142322313123
1926,5,0.3333333333333333,0.2857142857142857,0.47619047619047616,0.5238095238095238,7.190476190476191,132111223142322313123
1927,2,0.09523809523809523,0.09523809523809523,0.6190476190476191,0.7619047619047619,5.0476190476190474,113232211424244134332
1927,3,0.09523809523809523,0.19047619047619047,0.5714285714285714,0.5714285714285714,5.523809523809524,113232211424244134332
1927,4,0.09523809523809523,0.09523809523809523,0.42857142857142855,0.47619047619047616,6.095238095238095,113232211424244134332
1927,5,0.09523809523809523,0.09523809523809523,0.2857142857142857,0.42857142857142855,7.761904761904762,113232211424244134332
1928,2,0.38095238095238093,0.38095238095238093,0.5714285714285714,0.7619047619047619,4.0476190476190474,212213143113413443423
1928,3,0.3333333333333333,0.2857142857142857,0.47619047619047616,0.6190476190476191,4.142857142857143,212213143113413443423
1928,4,0.23809523809523808,0.2857142857142857,0.47619047619047616,0.5238095238095238,5.523809523809524,212213143113413443423
1928,5,0.19047619047619047,0.09523809523809523,0.42857142857142855,0.6190476190476191,5.428571428571429,212213143113413443423
1929,2,0.38095238095238093,0.5238095238095238,0.6666666666666666,0.8095238095238095,3.2857142857142856,243424111123412131233
1929,3,0.3333333333333333,0.23809523809523808,0.6666666666666666,0.7142857142857143,3.4285714285714284,243424111123412131233
1929,4,0.23809523809523808,0.38095238095238093,0.47619047619047616,0.6666666666666666,5.0,243424111123412131233
1929,5,0.14285714285714285,0.2857142857142857,0.3333333333333333,0.5238095238095238,5.9523809523809526,243424111123412131233
1930,2,0.42857142857142855,0.2857142857142857,0.6666666666666666,0.8571428571428571,3.380952380952381,344322341213132344144
1930,3,0.23809523809523808,0.19047619047619047,0.6666666666666666,0.8095238095238095,3.9523809523809526,344322341213132344144
1930,4,0.19047619047619047,0.14285714285714285,0.38095238095238093,0.5238095238095238,5.619047619047619,344322341213132344144
1930,5,0.19047619047619047,0.09523809523809523,0.3333333333333333,0.5238095238095238,6.428571428571429,344322341213132344144
1931,2,0.2857142857142857,0.38095238095238093,0.6190476190476191,0.8571428571428571,3.7142857142857144,412432411424344222211
1931,3,0.19047619047619047,0.3333333333333333,0.5714285714285714,0.8095238095238095,4.095238095238095,412432411424344222211
1931,4,0.23809523809523808,0.3333333333333333,0.47619047619047616,0.7142857142857143,4.571428571428571,412432411424344222211
1931,5,0.19047619047619047,0.14285714285714285,0.38095238095238093,0.5714285714285714,6.0476190476190474,412432411424344222211
1932,2,0.42857142857142855,0.47619047619047616,0.6190476190476191,0.7619047619047619,3.5238095238095237,414242243243232322121
1932,3,0.23809523809523808,0.2857142857142857,0.5714285714285714,0.6666666666666666,4.190476190476191,414242243243232322121
1932,4,0.19047619047619047,0.14285714285714285,0.38095238095238093,0.5238095238095238,5.380952380952381,414242243243232322121
1932,5,0.19047619047619047,0.3333333333333333,0.38095238095238093,0.47619047619047616,6.095238095238095,414242243243232322121
1933,2,0.3333333333333333,0.42857142857142855,0.6190476190476191,0.8095238095238095,3.5238095238095237,231214134113444342423
1933,3,0.3333333333333333,0.38095238095238093,0.6190476190476191,0.6666666666666666,4.380952380952381,231214134113444342423
1933,4,0.2857142857142857,0.2857142857142857,0.5238095238095238,0.5714285714285714,5.238095238095238,231214134113444342423
1933,5,0.2857142857142857,0.19047619047619047,0.38095238095238093,0.5238095238095238,5.619047619047619,231214134113444342423
1934,2,0.23809523809523808,0.23809523809523808,0.7619047619047619,0.8571428571428571,3.5714285714285716,121234424411422324241
1934,3,0.23809523809523808,0.42857142857142855,0.6666666666666666,0.7142857142857143,4.571428571428571,121234424411422324241
1934,4,0.19047619047619047,0.14285714285714285,0.5238095238095238,0.6666666666666666,5.142857142857143,121234424411422324241
1934,5,0.2857142857142857,0.38095238095238093,0.47619047619047616,0.6190476190476191,5.904761904761905,121234424411422324241
1935,2,0.3333333333333333,0.19047619047619047,0.6190476190476191,0.8095238095238095,3.761904761904762,433423144131213111113
1935,3,0.19047619047619047,0.19047619047619047,0.5714285714285714,0.6190476190476191,4.380952380952381,433423144131213111113
1935,4,0.23809523809523808,0.14285714285714285,0.6190476190476191,0.6190476190476191,5.0476190476190474,433423144131213111113
1935,5,0.14285714285714285,0.14285714285714285,0.3333333333333333,0.5238095238095238,7.095238095238095,433423144131213111113
1936,2,0.2857142857142857,0.38095238095238093,0.6666666666666666,0.8095238095238095,3.4761904761904763,432432342322331114323
1936,3,0.19047619047619047,0.23809523809523808,0.6666666666666666,0.8095238095238095,3.619047619047619,432432342322331114323
1936,4,0.19047619047619047,0.23809523809523808,0.5714285714285714,0.7619047619047619,3.9523809523809526,432432342322331114323
1936,5,0.09523809523809523,0.19047619047619047,0.3333333333333333,0.47619047619047616,7.0,432432342322331114323
1937,2,0.2857142857142857,0.19047619047619047,0.42857142857142855,0.7142857142857143,4.761904761904762,443233232233441111322
1937,3,0.23809523809523808,0.38095238095238093,0.5714285714285714,0.6190476190476191,4.714285714285714,443233232233441111322
1937,4,0.19047619047619047,0.2857142857142857,0.5238095238095238,0.6666666666666666,4.9523809523809526,443233232233441111322
1937,5,0.09523809523809523,0.09523809523809523,0.47619047619047616,0.5714285714285714,6.428571428571429,443233232233441111322
1938,2,0.3333333333333333,0.42857142857142855,0.7619047619047619,0.8571428571428571,3.3333333333333335,341434434114334243112
1938,3,0.2857142857142857,0.38095238095238093,0.6666666666666666,0.7619047619047619,4.333333333333333,341434434114334243112
1938,4,0.23809523809523808,0.2857142857142857,0.47619047619047616,0.6666666666666666,4.9523809523809526,341434434114334243112
1938,5,0.23809523809523808,0.2857142857142857,0.38095238095238093,0.5238095238095238,6.428571428571429,341434434114334243112
1939,2,0.47619047619047616,0.5238095238095238,0.7142857142857143,0.9047619047619048,3.0952380952380953,442232334144123432443
1939,3,0.3333333333333333,0.38095238095238093,0.7619047619047619,0.8571428571428571,3.761904761904762,442232334144123432443
1939,4,0.2857142857142857,0.2857142857142857,0.5714285714285714,0.8571428571428571,4.190476190476191,442232334144123432443
1939,5,0.3333333333333333,0.2857142857142857,0.6190476190476191,0.7142857142857143,5.238095238095238,442232334144123432443
1940,2,0.38095238095238093,0.42857142857142855,0.5714285714285714,0.8095238095238095,4.190476190476191,223313334343142132414
1940,3,0.2857142857142857,0.42857142857142855,0.5714285714285714,0.7142857142857143,4.238095238095238,223313334343142132414
1940,4,0.3333333333333333,0.47619047619047616,0.5714285714285714,0.6666666666666666,5.190476190476191,223313334343142132414
1940,5,0.42857142857142855,0.38095238095238093,0.5238095238095238,0.6190476190476191,5.523809523809524,223313334343142132414
1941,2,0.23809523809523808,0.19047619047619047,0.7619047619047619,0.8095238095238095,3.9523809523809526,142442321322122314413
1941,3,0.23809523809523808,0.14285714285714285,0.6666666666666666,0.6666666666666666,4.904761904761905,142442321322122314413
1941,4,0.2857142857142857,0.2857142857142857,0.5238095238095238,0.7142857142857143,5.523809523809524,142442321322122314413
1941,5,0.23809523809523808,0.14285714285714285,0.3333333333333333,0.47619047619047616,7.476190476190476,142442321322122314413
1942,2,0.2857142857142857,0.2857142857142857,0.6190476190476191,0.7142857142857143,4.380952380952381,344323233214433224132
1942,3,0.14285714285714285,0.2857142857142857,0.47619047619047616,0.7142857142857143,4.476190476190476,344323233214433224132
1942,4,0.19047619047619047,0.19047619047619047,0.3333333333333333,0.47619047619047616,5.809523809523809,344323233214433224132
1942,5,0.23809523809523808,0.19047619047619047,0.3333333333333333,0.5238095238095238,6.333333333333333,344323233214433224132
1943,2,0.14285714285714285,0.09523809523809523,0.5238095238095238,0.7619047619047619,4.666666666666667,121311311313443111113
1943,3,0.23809523809523808,0.14285714285714285,0.5714285714285714,0.7142857142857143,4.761904761904762,121311311313443111113
1943,4,0.23809523809523808,0.2857142857142857,0.42857142857142855,0.6666666666666666,5.285714285714286,121311311313443111113
1943,5,0.14285714285714285,0.2857142857142857,0.38095238095238093,0.5238095238095238,6.380952380952381,121311311313443111113
1944,2,0.23809523809523808,0.23809523809523808,0.5238095238095238,0.7619047619047619,4.0,311144442344244313122
1944,3,0.19047619047619047,0.23809523809523808,0.47619047619047616,0.6666666666666666,4.857142857142857,311144442344244313122
1944,4,0.19047619047619047,0.19047619047619047,0.38095238095238093,0.6666666666666666,5.0476190476190474,311144442344244313122
1944,5,0.23809523809523808,0.2857142857142857,0.47619047619047616,0.6190476190476191,5.761904761904762,311144442344244313122
1945,2,0.2857142857142857,0.2857142857142857,0.6190476190476191,0.7619047619047619,3.9047619047619047,224344313432311411231
1945,3,0.3333333333333333,0.19047619047619047,0.5714285714285714,0.7619047619047619,3.9047619047619047,224344313432311411231
1945,4,0.23809523809523808,0.23809523809523808,0.5714285714285714,0.6666666666666666,4.666666666666667,224344313432311411231
1945,5,0.09523809523809523,0.09523809523809523,0.38095238095238093,0.5714285714285714,6.285714285714286,224344313432311411231
1946,2,0.2857142857142857,0.23809523809523808,0.6190476190476191,0.7142857142857143,4.333333333333333,223323414313132334412
1946,3,0.19047619047619047,0.19047619047619047,0.5238095238095238,0.6190476190476191,4.809523809523809,223323414313132334412
1946,4,0.23809523809523808,0.23809523809523808,0.38095238095238093,0.47619047619047616,6.238095238095238,223323414313132334412
1946,5,0.23809523809523808,0.19047619047619047,0.38095238095238093,0.47619047619047616,6.666666666666667,223323414313132334412
1947,2,0.3333333333333333,0.47619047619047616,0.6666666666666666,0.8095238095238095,3.8095238095238093,343443442142222432341
1947,3,0.2857142857142857,0.3333333333333333,0.6190476190476191,0.7619047619047619,3.6666666666666665,343443442142222432341
1947,4,0.23809523809523808,0.14285714285714285,0.47619047619047616,0.6666666666666666,4.428571428571429,343443442142222432341
1947,5,0.3333333333333333,0.38095238095238093,0.42857142857142855,0.5238095238095238,6.095238095238095,343443442142222432341
1948,2,0.3333333333333333,0.3333333333333333,0.6666666666666666,0.8095238095238095,4.142857142857143,131311324144414411432
1948,3,0.3333333333333333,0.2857142857142857,0.6666666666666666,0.7142857142857143,4.904761904761905,131311324144414411432
1948,4,0.38095238095238093,0.3333333333333333,0.6190476190476191,0.6666666666666666,4.714285714285714,131311324144414411432
1948,5,0.2857142857142857,0.23809523809523808,0.47619047619047616,0.6190476190476191,6.190476190476191,131311324144414411432
1949,2,0.47619047619047616,0.42857142857142855,0.7142857142857143,0.8571428571428571,3.2857142857142856,222443433231241412123
1949,3,0.3333333333333333,0.38095238095238093,0.47619047619047616,0.8095238095238095,3.761904761904762,222443433231241412123
1949,4,0.23809523809523808,0.3333333333333333,0.6190476190476191,0.7142857142857143,4.333333333333333,222443433231241412123
1949,5,0.19047619047619047,0.23809523809523808,0.38095238095238093,0.6666666666666666,5.619047619047619,222443433231241412123
1950,2,0.38095238095238093,0.3333333333333333,0.5714285714285714,0.8095238095238095,4.285714285714286,122214432433113434112
1950,3,0.2857142857142857,0.38095238095238093,0.6190476190476191,0.7142857142857143,5.095238095238095,122214432433113434112
1950,4,0.2857142857142857,0.38095238095238093,0.38095238095238093,0.6666666666666666,5.761904761904762,122214432433113434112
1950,5,0.23809523809523808,0.23809523809523808,0.47619047619047616,0.6190476190476191,6.142857142857143,122214432433113434112
1951,2,0.23809523809523808,0.3333333333333333,0.42857142857142855,0.7142857142857143,4.904761904761905,413233313441123122324
1951,3,0.19047619047619047,0.3333333333333333,0.5238095238095238,0.6190476190476191,4.761904761904762,413233313441123122324
1951,4,0.09523809523809523,0.14285714285714285,0.5238095238095238,0.6190476190476191,5.571428571428571,413233313441123122324
1951,5,0.19047619047619047,0.23809523809523808,0.42857142857142855,0.5714285714285714,6.714285714285714,413233313441123122324
1952,2,0.5714285714285714,0.5714285714285714,0.7619047619047619,0.8571428571428571,2.4285714285714284,223424433243313332114
1952,3,0.3333333333333333,0.42857142857142855,0.6190476190476191,0.8095238095238095,3.7142857142857144,223424433243313332114
1952,4,0.23809523809523808,0.23809523809523808,0.5238095238095238,0.6190476190476191,5.190476190476191,223424433243313332114
1952,5,0.2857142857142857,0.23809523809523808,0.3333333333333333,0.5238095238095238,5.857142857142857,223424433243313332114
1953,2,0.42857142857142855,0.38095238095238093,0.7619047619047619,0.9523809523809523,2.619047619047619,432121431313313241434
1953,3,0.2857142857142857,0.2857142857142857,0.5714285714285714,0.7619047619047619,3.6666666666666665,432121431313313241434
1953,4,0.23809523809523808,0.2857142857142857,0.47619047619047616,0.5714285714285714,4.571428571428571,432121431313313241434
1953,5,0.14285714285714285,0.14285714285714285,0.38095238095238093,0.5238095238095238,6.333333333333333,432121431313313241434
1954,2,0.23809523809523808,0.14285714285714285,0.5238095238095238,0.7142857142857143,5.0,142341211434241423224
1954,3,0.2857142857142857,0.19047619047619047,0.5238095238095238,0.6666666666666666,5.285714285714286,142341211434241423224
1954,4,0.14285714285714285,0.19047619047619047,0.38095238095238093,0.5238095238095238,5.904761904761905,142341211434241423224
1954,5,0.14285714285714285,0.047619047619047616,0.42857142857142855,0.5714285714285714,6.619047619047619,142341211434241423224
1955,2,0.19047619047619047,0.19047619047619047,0.47619047619047616,0.7619047619047619,4.904761904761905,121313142123212324213
1955,3,0.3333333333333333,0.3333333333333333,0.5714285714285714,0.5714285714285714,5.238095238095238,121313142123212324213
1955,4,0.3333333333333333,0.23809523809523808,0.42857142857142855,0.5238095238095238,5.9523809523809526,121313142123212324213
1955,5,0.2857142857142857,0.23809523809523808,0.3333333333333333,0.42857142857142855,6.523809523809524,121313142123212324213
1956,2,0.3333333333333333,0.23809523809523808,0.5238095238095238,0.8095238095238095,3.619047619047619,234113343123212322142
1956,3,0.23809523809523808,0.3333333333333333,0.5714285714285714,0.7142857142857143,3.5714285714285716,234113343123212322142
1956,4,0.38095238095238093,0.2857142857142857,0.47619047619047616,0.5714285714285714,5.095238095238095,234113343123212322142
1956,5,0.23809523809523808,0.09523809523809523,0.38095238095238093,0.47619047619047616,6.238095238095238,234113343123212322142
1957,2,0.3333333333333333,0.047619047619047616,0.5714285714285714,0.7142857142857143,4.666666666666667,443213442344122114243
1957,3,0.19047619047619047,0.3333333333333333,0.6190476190476191,0.7142857142857143,4.285714285714286,443213442344122114243
1957,4,0.3333333333333333,0.2857142857142857,0.6190476190476191,0.7619047619047619,4.714285714285714,443213442344122114243
1957,5,0.38095238095238093,0.47619047619047616,0.5714285714285714,0.6190476190476191,6.190476190476191,443213442344122114243
1958,2,0.3333333333333333,0.2857142857142857,0.6190476190476191,0.8571428571428571,3.3333333333333335,322213323232211242143
1958,3,0.3333333333333333,0.2857142857142857,0.6190476190476191,0.7142857142857143,3.8095238095238093,322213323232211242143
1958,4,0.3333333333333333,0.09523809523809523,0.5238095238095238,0.6666666666666666,4.238095238095238,322213323232211242143
1958,5,0.19047619047619047,0.09523809523809523,0.42857142857142855,0.5238095238095238,6.428571428571429,322213323232211242143
1959,2,0.3333333333333333,0.38095238095238093,0.5714285714285714,0.8095238095238095,3.8095238095238093,444313443231113321234
1959,3,0.23809523809523808,0.2857142857142857,0.47619047619047616,0.6666666666666666,4.571428571428571,444313443231113321234
1959,4,0.19047619047619047,0.09523809523809523,0.38095238095238093,0.6666666666666666,5.761904761904762,444313443231113321234
1959,5,0.14285714285714285,0.14285714285714285,0.42857142857142855,0.5714285714285714,6.142857142857143,444313443231113321234
1960,2,0.23809523809523808,0.3333333333333333,0.6190476190476191,0.8571428571428571,3.8095238095238093,411434144114231313244
1960,3,0.14285714285714285,0.3333333333333333,0.5714285714285714,0.6666666666666666,4.809523809523809,411434144114231313244
1960,4,0.19047619047619047,0.14285714285714285,0.5238095238095238,0.5714285714285714,5.619047619047619,411434144114231313244
1960,5,0.09523809523809523,0.047619047619047616,0.38095238095238093,0.47619047619047616,6.333333333333333,411434144114231313244
1961,2,0.19047619047619047,0.23809523809523808,0.5714285714285714,0.7619047619047619,5.142857142857143,144311131414141141134
1961,3,0.38095238095238093,0.2857142857142857,0.5714285714285714,0.7142857142857143,5.238095238095238,144311131414141141134
1961,4,0.2857142857142857,0.14285714285714285,0.42857142857142855,0.5238095238095238,6.428571428571429,144311131414141141134
1961,5,0.19047619047619047,0.14285714285714285,0.47619047619047616,0.6666666666666666,6.142857142857143,144311131414141141134
1962,2,0.19047619047619047,0.2857142857142857,0.5238095238095238,0.7619047619047619,4.666666666666667,423433241424421121212
1962,3,0.2857142857142857,0.19047619047619047,0.5714285714285714,0.6666666666666666,4.9523809523809526,423433241424421121212
1962,4,0.19047619047619047,0.19047619047619047,0.5238095238095238,0.5714285714285714,5.380952380952381,423433241424421121212
1962,5,0.09523809523809523,0.14285714285714285,0.38095238095238093,0.38095238095238093,7.0,423433241424421121212
1963,2,0.23809523809523808,0.23809523809523808,0.38095238095238093,0.7619047619047619,4.904761904761905,141231111123341414314
1963,3,0.23809523809523808,0.19047619047619047,0.5238095238095238,0.6666666666666666,5.0,141231111123341414314
1963,4,0.19047619047619047,0.09523809523809523,0.38095238095238093,0.5238095238095238,6.095238095238095,141231111123341414314
1963,5,0.09523809523809523,0.047619047619047616,0.3333333333333333,0.42857142857142855,7.0,141231111123341414314
1964,2,0.42857142857142855,0.23809523809523808,0.7619047619047619,0.8571428571428571,3.142857142857143,222432431114423331123
1964,3,0.23809523809523808,0.42857142857142855,0.5714285714285714,0.7619047619047619,4.333333333333333,222432431114423331123
1964,4,0.19047619047619047,0.23809523809523808,0.38095238095238093,0.5714285714285714,5.238095238095238,222432431114423331123
1964,5,0.23809523809523808,0.19047619047619047,0.42857142857142855,0.5238095238095238,5.428571428571429,222432431114423331123
1965,2,0.19047619047619047,0.19047619047619047,0.47619047619047616,0.6666666666666666,4.714285714285714,434212212441434114313
1965,3,0.19047619047619047,0.23809523809523808,0.6190476190476191,0.7142857142857143,4.333333333333333,434212212441434114313
1965,4,0.2857142857142857,0.3333333333333333,0.5714285714285714,0.6190476190476191,4.857142857142857,434212212441434114313
1965,5,0.19047619047619047,0.14285714285714285,0.3333333333333333,0.38095238095238093,7.761904761904762,434212212441434114313
1966,2,0.2857142857142857,0.14285714285714285,0.6190476190476191,0.7619047619047619,4.238095238095238,123221133242242223141
1966,3,0.2857142857142857,0.2857142857142857,0.5238095238095238,0.6666666666666666,4.523809523809524,123221133242242223141
1966,4,0.23809523809523808,0.2857142857142857,0.47619047619047616,0.5238095238095238,5.809523809523809,123221133242242223141
1966,5,0.2857142857142857,0.19047619047619047,0.42857142857142855,0.5238095238095238,7.0,123221133242242223141
1967,2,0.38095238095238093,0.38095238095238093,0.6666666666666666,0.8095238095238095,3.9523809523809526,444343121141341411223
1967,3,0.2857142857142857,0.2857142857142857,0.6190476190476191,0.7619047619047619,4.0,444343121141341411223
1967,4,0.2857142857142857,0.23809523809523808,0.5714285714285714,0.7142857142857143,4.428571428571429,444343121141341411223
1967,5,0.19047619047619047,0.2857142857142857,0.5714285714285714,0.6666666666666666,5.333333333333333,444343121141341411223
1968,2,0.42857142857142855,0.3333333333333333,0.6666666666666666,0.8095238095238095,3.4285714285714284,232414131434224231224
1968,3,0.23809523809523808,0.2857142857142857,0.6190476190476191,0.7142857142857143,4.190476190476191,232414131434224231224
1968,4,0.23809523809523808,0.19047619047619047,0.42857142857142855,0.5714285714285714,5.476190476190476,232414131434224231224
1968,5,0.19047619047619047,0.09523809523809523,0.38095238095238093,0.5238095238095238,6.142857142857143,232414131434224231224
1969,2,0.38095238095238093,0.47619047619047616,0.6190476190476191,0.8095238095238095,3.619047619047619,243431234443422424224
1969,3,0.2857142857142857,0.2857142857142857,0.5714285714285714,0.6666666666666666,4.142857142857143,243431234443422424224
1969,4,0.14285714285714285,0.3333333333333333,0.47619047619047616,0.6190476190476191,5.0,243431234443422424224
1969,5,0.3333333333333333,0.23809523809523808,0.5714285714285714,0.5714285714285714,5.285714285714286,243431234443422424224
1970,2,0.2857142857142857,0.19047619047619047,0.6190476190476191,0.8095238095238095,3.3333333333333335,412212143422133131413
1970,3,0.2857142857142857,0.19047619047619047,0.6190476190476191,0.7619047619047619,4.095238095238095,412212143422133131413
1970,4,0.19047619047619047,0.23809523809523808,0.42857142857142855,0.5238095238095238,5.857142857142857,412212143422133131413
1970,5,0.09523809523809523,0.14285714285714285,0.3333333333333333,0.5238095238095238,6.809523809523809,412212143422133131413
1971,2,0.2857142857142857,0.2857142857142857,0.5714285714285714,0.7619047619047619,4.142857142857143,124121442121442434123
1971,3,0.2857142857142857,0.2857142857142857,0.6190476190476191,0.7619047619047619,4.523809523809524,124121442121442434123
1971,4,0.19047619047619047,0.38095238095238093,0.47619047619047616,0.6190476190476191,5.0,124121442121442434123
1971,5,0.14285714285714285,0.19047619047619047,0.42857142857142855,0.5238095238095238,6.809523809523809,124121442121442434123
1972,2,0.23809523809523808,0.23809523809523808,0.6190476190476191,0.7619047619047619,4.523809523809524,311343221142131433213
1972,3,0.3333333333333333,0.14285714285714285,0.5238095238095238,0.5714285714285714,5.380952380952381,311343221142131433213
1972,4,0.23809523809523808,0.09523809523809523,0.38095238095238093,0.5238095238095238,6.238095238095238,311343221142131433213
1972,5,0.14285714285714285,0.2857142857142857,0.42857142857142855,0.5238095238095238,6.809523809523809,311343221142131433213
1973,2,0.2857142857142857,0.38095238095238093,0.5714285714285714,0.8095238095238095,4.238095238095238,133341344314423233331
1973,3,0.19047619047619047,0.14285714285714285,0.5714285714285714,0.8095238095238095,4.571428571428571,133341344314423233331
1973,4,0.19047619047619047,0.3333333333333333,0.47619047619047616,0.6190476190476191,5.476190476190476,133341344314423233331
1973,5,0.19047619047619047,0.19047619047619047,0.2857142857142857,0.42857142857142855,7.714285714285714,133341344314423233331
1974,2,0.38095238095238093,0.3333333333333333,0.5714285714285714,0.8095238095238095,3.761904761904762,444124114243124122132
1974,3,0.2857142857142857,0.19047619047619047,0.6666666666666666,0.7142857142857143,3.619047619047619,444124114243124122132
1974,4,0.19047619047619047,0.19047619047619047,0.5714285714285714,0.7142857142857143,4.761904761904762,444124114243124122132
1974,5,0.2857142857142857,0.3333333333333333,0.42857142857142855,0.6190476190476191,5.238095238095238,444124114243124122132
1975,2,0.2857142857142857,0.23809523809523808,0.7142857142857143,0.8571428571428571,3.7142857142857144,213133144331223342331
1975,3,0.19047619047619047,0.23809523809523808,0.38095238095238093,0.42857142857142855,4.857142857142857,213133144331223342331
1975,4,0.14285714285714285,0.14285714285714285,0.42857142857142855,0.42857142857142855,6.523809523809524,213133144331223342331
1975,5,0.14285714285714285,0.09523809523809523,0.19047619047619047,0.42857142857142855,7.142857142857143,213133144331223342331
1976,2,0.47619047619047616,0.2857142857142857,0.6190476190476191,0.8095238095238095,3.619047619047619,344314213211333432232
1976,3,0.19047619047619047,0.23809523809523808,0.47619047619047616,0.8571428571428571,3.9047619047619047,344314213211333432232
1976,4,0.14285714285714285,0.14285714285714285,0.42857142857142855,0.6190476190476191,4.904761904761905,344314213211333432232
1976,5,0.23809523809523808,0.19047619047619047,0.3333333333333333,0.5238095238095238,6.285714285714286,344314213211333432232
1977,2,0.42857142857142855,0.38095238095238093,0.7619047619047619,0.9047619047619048,2.9523809523809526,431422334112142232441
1977,3,0.2857142857142857,0.19047619047619047,0.6190476190476191,0.8095238095238095,4.0476190476190474,431422334112142232441
1977,4,0.23809523809523808,0.2857142857142857,0.5238095238095238,0.7142857142857143,4.714285714285714,431422334112142232441
1977,5,0.23809523809523808,0.19047619047619047,0.47619047619047616,0.5238095238095238,6.619047619047619,431422334112142232441
1978,2,0.42857142857142855,0.3333333333333333,0.6190476190476191,0.8571428571428571,3.619047619047619,341243441213443132444
1978,3,0.23809523809523808,0.19047619047619047,0.7619047619047619,0.8095238095238095,3.619047619047619,341243441213443132444
1978,4,0.23809523809523808,0.23809523809523808,0.3333333333333333,0.7142857142857143,4.809523809523809,341243441213443132444
1978,5,0.19047619047619047,0.09523809523809523,0.42857142857142855,0.6190476190476191,5.571428571428571,341243441213443132444
1979,2,0.23809523809523808,0.23809523809523808,0.6666666666666666,0.7619047619047619,4.571428571428571,124223341323334211112
1979,3,0.14285714285714285,0.2857142857142857,0.6190476190476191,0.6666666666666666,4.666666666666667,124223341323334211112
1979,4,0.23809523809523808,0.19047619047619047,0.42857142857142855,0.5714285714285714,5.523809523809524,124223341323334211112
1979,5,0.09523809523809523,0.09523809523809523,0.23809523809523808,0.3333333333333333,7.904761904761905,124223341323334211112
1980,2,0.3333333333333333,0.2857142857142857,0.6190476190476191,0.7142857142857143,4.523809523809524,334223242322114241133
1980,3,0.3333333333333333,0.5714285714285714,0.47619047619047616,0.6666666666666666,4.571428571428571,334223242322114241133
1980,4,0.2857142857142857,0.23809523809523808,0.47619047619047616,0.6190476190476191,5.190476190476191,334223242322114241133
1980,5,0.14285714285714285,0.23809523809523808,0.2857142857142857,0.38095238095238093,8.619047619047619,334223242322114241133
1981,2,0.42857142857142855,0.38095238095238093,0.6190476190476191,0.8095238095238095,4.190476190476191,134311234112214131424
1981,3,0.38095238095238093,0.42857142857142855,0.6666666666666666,0.7142857142857143,4.619047619047619,134311234112214131424
1981,4,0.38095238095238093,0.2857142857142857,0.47619047619047616,0.5238095238095238,5.238095238095238,134311234112214131424
1981,5,0.2857142857142857,0.09523809523809523,0.5238095238095238,0.5238095238095238,6.571428571428571,134311234112214131424
1982,2,0.19047619047619047,0.19047619047619047,0.5714285714285714,0.8571428571428571,4.0476190476190474,414133241221234311242
1982,3,0.14285714285714285,0.14285714285714285,0.5238095238095238,0.6666666666666666,4.428571428571429,414133241221234311242
1982,4,0.14285714285714285,0.047619047619047616,0.42857142857142855,0.5714285714285714,5.428571428571429,414133241221234311242
1982,5,0.09523809523809523,0.14285714285714285,0.38095238095238093,0.42857142857142855,7.095238095238095,414133241221234311242
1983,2,0.38095238095238093,0.047619047619047616,0.5714285714285714,0.7619047619047619,3.4761904761904763,243344142323313111243
1983,3,0.19047619047619047,0.38095238095238093,0.5714285714285714,0.8095238095238095,3.5714285714285716,243344142323313111243
1983,4,0.23809523809523808,0.2857142857142857,0.6190476190476191,0.7619047619047619,4.333333333333333,243344142323313111243
1983,5,0.23809523809523808,0.23809523809523808,0.38095238095238093,0.6666666666666666,5.619047619047619,243344142323313111243
1984,2,0.42857142857142855,0.38095238095238093,0.6190476190476191,0.8571428571428571,3.2857142857142856,434442322141333141122
1984,3,0.23809523809523808,0.2857142857142857,0.7142857142857143,0.8095238095238095,3.4285714285714284,434442322141333141122
1984,4,0.23809523809523808,0.2857142857142857,0.7142857142857143,0.7619047619047619,3.619047619047619,434442322141333141122
1984,5,0.14285714285714285,0.2857142857142857,0.38095238095238093,0.47619047619047616,6.428571428571429,434442322141333141122
1985,2,0.3333333333333333,0.3333333333333333,0.6190476190476191,0.8095238095238095,3.619047619047619,113131441313333211411
1985,3,0.14285714285714285,0.23809523809523808,0.5714285714285714,0.6190476190476191,5.0476190476190474,113131441313333211411
1985,4,0.19047619047619047,0.09523809523809523,0.3333333333333333,0.5238095238095238,6.190476190476191,113131441313333211411
1985,5,0.09523809523809523,0.09523809523809523,0.23809523809523808,0.38095238095238093,7.809523809523809,113131441313333211411
1986,2,0.2857142857142857,0.2857142857142857,0.6190476190476191,0.7142857142857143,4.380952380952381,442343413344221222341
1986,3,0.19047619047619047,0.23809523809523808,0.6190476190476191,0.8095238095238095,4.0476190476190474,442343413344221222341
1986,4,0.19047619047619047,0.23809523809523808,0.42857142857142855,0.6666666666666666,4.9523809523809526,442343413344221222341
1986,5,0.2857142857142857,0.2857142857142857,0.47619047619047616,0.6190476190476191,5.380952380952381,442343413344221222341
1987,2,0.23809523809523808,0.2857142857142857,0.5714285714285714,0.7142857142857143,4.142857142857143,221113133431223443114
1987,3,0.3333333333333333,0.23809523809523808,0.42857142857142855,0.5714285714285714,5.0,221113133431223443114
1987,4,0.23809523809523808,0.2857142857142857,0.47619047619047616,0.47619047619047616,6.333333333333333,221113133431223443114
1987,5,0.23809523809523808,0.23809523809523808,0.3333333333333333,0.47619047619047616,6.238095238095238,221113133431223443114
1988,2,0.23809523809523808,0.09523809523809523,0.5238095238095238,0.7619047619047619,4.095238095238095,341132112123433313242
1988,3,0.09523809523809523,0.047619047619047616,0.5714285714285714,0.6666666666666666,4.619047619047619,341132112123433313242
1988,4,0.14285714285714285,0.09523809523809523,0.42857142857142855,0.5238095238095238,5.809523809523809,341132112123433313242
1988,5,0.19047619047619047,0.2857142857142857,0.3333333333333333,0.47619047619047616,6.095238095238095,341132112123433313242
1989,2,0.38095238095238093,0.38095238095238093,0.7142857142857143,0.8571428571428571,3.380952380952381,323144342224424242134
1989,3,0.23809523809523808,0.2857142857142857,0.5238095238095238,0.7142857142857143,4.190476190476191,323144342224424242134
1989,4,0.14285714285714285,0.19047619047619047,0.5238095238095238,0.6190476190476191,4.904761904761905,323144342224424242134
1989,5,0.19047619047619047,0.09523809523809523,0.23809523809523808,0.42857142857142855,7.666666666666667,323144342224424242134
1990,2,0.3333333333333333,0.23809523809523808,0.7619047619047619,0.8571428571428571,2.8095238095238093,222414414113233323412
1990,3,0.23809523809523808,0.3333333333333333,0.6666666666666666,0.7619047619047619,3.619047619047619,222414414113233323412
1990,4,0.19047619047619047,0.2857142857142857,0.42857142857142855,0.6190476190476191,4.9523809523809526,222414414113233323412
1990,5,0.19047619047619047,0.047619047619047616,0.2857142857142857,0.42857142857142855,6.190476190476191,222414414113233323412
1991,2,0.42857142857142855,0.23809523809523808,0.7142857142857143,0.8571428571428571,2.761904761904762,212412323243233334423
1991,3,0.23809523809523808,0.23809523809523808,0.5714285714285714,0.7619047619047619,3.6666666666666665,212412323243233334423
1991,4,0.23809523809523808,0.19047619047619047,0.47619047619047616,0.5714285714285714,5.0,212412323243233334423
1991,5,0.23809523809523808,0.2857142857142857,0.42857142857142855,0.5238095238095238,5.380952380952381,212412323243233334423
1992,2,0.38095238095238093,0.42857142857142855,0.6190476190476191,0.7142857142857143,4.523809523809524,133444211132314131343
1992,3,0.23809523809523808,0.19047619047619047,0.5714285714285714,0.6666666666666666,4.904761904761905,133444211132314131343
1992,4,0.19047619047619047,0.19047619047619047,0.5714285714285714,0.6666666666666666,5.571428571428571,133444211132314131343
1992,5,0.09523809523809523,0.14285714285714285,0.23809523809523808,0.42857142857142855,8.095238095238095,133444211132314131343
1993,2,0.23809523809523808,0.2857142857142857,0.6666666666666666,0.9047619047619048,3.0952380952380953,413334421211431242321
1993,3,0.2857142857142857,0.2857142857142857,0.47619047619047616,0.6666666666666666,4.238095238095238,413334421211431242321
1993,4,0.19047619047619047,0.23809523809523808,0.38095238095238093,0.5238095238095238,5.333333333333333,413334421211431242321
1993,5,0.09523809523809523,0.19047619047619047,0.47619047619047616,0.5714285714285714,6.238095238095238,413334421211431242321
1994,2,0.3333333333333333,0.3333333333333333,0.5238095238095238,0.7619047619047619,4.333333333333333,124431144131231121222
1994,3,0.2857142857142857,0.14285714285714285,0.5714285714285714,0.7142857142857143,4.904761904761905,124431144131231121222
1994,4,0.14285714285714285,0.09523809523809523,0.47619047619047616,0.47619047619047616,5.904761904761905,124431144131231121222
1994,5,0.09523809523809523,0.047619047619047616,0.3333333333333333,0.38095238095238093,7.0476190476190474,124431144131231121222
1995,2,0.2857142857142857,0.3333333333333333,0.47619047619047616,0.8095238095238095,4.619047619047619,113144311424243412142
1995,3,0.19047619047619047,0.14285714285714285,0.6190476190476191,0.6190476190476191,4.9523809523809526,113144311424243412142
1995,4,0.23809523809523808,0.047619047619047616,0.5238095238095238,0.6666666666666666,5.571428571428571,113144311424243412142
1995,5,0.14285714285714285,0.14285714285714285,0.3333333333333333,0.5238095238095238,7.0476190476190474,113144311424243412142
1996,2,0.42857142857142855,0.42857142857142855,0.5714285714285714,0.9047619047619048,3.0476190476190474,331241144121313441334
1996,3,0.3333333333333333,0.3333333333333333,0.6190476190476191,0.7142857142857143,4.0,331241144121313441334
1996,4,0.19047619047619047,0.14285714285714285,0.6190476190476191,0.6666666666666666,4.571428571428571,331241144121313441334
1996,5,0.09523809523809523,0.047619047619047616,0.2857142857142857,0.5238095238095238,6.666666666666667,331241144121313441334
1997,2,0.47619047619047616,0.42857142857142855,0.6666666666666666,0.8095238095238095,3.6666666666666665,241221232234113241134
1997,3,0.3333333333333333,0.23809523809523808,0.5238095238095238,0.6666666666666666,5.333333333333333,241221232234113241134
1997,4,0.23809523809523808,0.09523809523809523,0.38095238095238093,0.6190476190476191,5.809523809523809,241221232234113241134
1997,5,0.14285714285714285,0.09523809523809523,0.3333333333333333,0.42857142857142855,6.9523809523809526,241221232234113241134
1998,2,0.3333333333333333,0.38095238095238093,0.5714285714285714,0.8571428571428571,3.7142857142857144,333241214422211433331
1998,3,0.2857142857142857,0.42857142857142855,0.5714285714285714,0.7142857142857143,4.285714285714286,333241214422211433331
1998,4,0.23809523809523808,0.23809523809523808,0.42857142857142855,0.6190476190476191,5.0,333241214422211433331
1998,5,0.14285714285714285,0.09523809523809523,0.2857142857142857,0.3333333333333333,8.238095238095237,333241214422211433331
1999,2,0.23809523809523808,0.19047619047619047,0.47619047619047616,0.7619047619047619,5.380952380952381,114413231232143314441
1999,3,0.23809523809523808,0.14285714285714285,0.47619047619047616,0.5714285714285714,5.9523809523809526,114413231232143314441
1999,4,0.19047619047619047,0.23809523809523808,0.42857142857142855,0.5714285714285714,6.666666666666667,114413231232143314441
1999,5,0.23809523809523808,0.23809523809523808,0.38095238095238093,0.42857142857142855,7.380952380952381,114413231232143314441
2000,2,0.38095238095238093,0.23809523809523808,0.5714285714285714,0.8095238095238095,4.190476190476191,344223222441323312132
2000,3,0.23809523809523808,0.2857142857142857,0.5714285714285714,0.7619047619047619,4.476190476190476,344223222441323312132
2000,4,0.2857142857142857,0.23809523809523808,0.47619047619047616,0.7142857142857143,4.476190476190476,344223222441323312132
2000,5,0.3333333333333333,0.3333333333333333,0.47619047619047616,0.5238095238095238,6.476190476190476,344223222441323312132
