budget,run,word_types,hapax_legomena,mean_word_length,word_length_sd,one_character_rate,eight_plus_rate,bigram_jsd,trigram_jsd,word_boundary_jsd,paragraph_start_gallows,neutral_restart_gallows,dead_ends
475,1,183.0,132.0,3.925925925925926,1.7177723911447131,0.050505050505050504,0.013468013468013467,0.053244551475384184,0.12684648724366027,0.1565308041517388,1.0,0.03125,0.0
475,2,193.0,139.0,3.9562289562289563,1.6518849313335733,0.05387205387205387,0.003367003367003367,0.05030402191792179,0.13183290170233314,0.13779312724246384,1.0,0.0625,0.0
475,3,181.0,135.0,3.7643097643097643,1.6932244491972124,0.06060606060606061,0.010101010101010102,0.07708709833853224,0.15829275310969435,0.18496948718614536,1.0,0.125,0.0
475,4,176.0,123.0,3.8181818181818183,1.6269839670061321,0.03367003367003367,0.010101010101010102,0.07158138551576024,0.1444070078414423,0.18232924816535157,1.0,0.03125,0.0
475,5,187.0,140.0,3.760942760942761,1.5933647518424416,0.050505050505050504,0.013468013468013467,0.0677438974621144,0.1424660488637248,0.1353616365777996,1.0,0.0625,0.0
475,6,182.0,129.0,3.750841750841751,1.6732821127440698,0.07407407407407407,0.006734006734006734,0.06859229568768078,0.1504655555090413,0.16163439304384983,1.0,0.1875,0.0
475,7,186.0,137.0,3.936026936026936,1.689524579777328,0.05723905723905724,0.006734006734006734,0.06370181107039528,0.14720631910590917,0.1784399553959212,1.0,0.125,0.0
475,8,180.0,125.0,3.8282828282828283,1.6373609630668389,0.07744107744107744,0.003367003367003367,0.06874571884171253,0.17343802568790442,0.15087829199407957,1.0,0.03125,0.0
475,9,184.0,137.0,3.774410774410774,1.723169034511726,0.06397306397306397,0.016835016835016835,0.06459382682174653,0.15539851877624655,0.18737025839287175,1.0,0.09375,0.0
475,10,182.0,133.0,3.7037037037037037,1.6308535348938742,0.08080808080808081,0.003367003367003367,0.06535184144937553,0.1545466121961658,0.16536276023893917,1.0,0.125,0.0
475,11,189.0,136.0,3.973063973063973,1.6450973094390522,0.05387205387205387,0.010101010101010102,0.05829117825394974,0.13717763209444817,0.17633296773886212,1.0,0.03125,0.0
475,12,207.0,160.0,4.161616161616162,1.707817659782625,0.04713804713804714,0.010101010101010102,0.05867097544747153,0.13738448066182465,0.14454489066200224,1.0,0.0625,0.0
475,13,196.0,142.0,4.016835016835016,1.68066427555416,0.05723905723905724,0.010101010101010102,0.07179805822693693,0.1530297984982728,0.17210917503722178,1.0,0.09375,0.0
475,14,180.0,134.0,3.7777777777777777,1.6548401952543348,0.06734006734006734,0.010101010101010102,0.07007744946960306,0.15504067239066252,0.16506358134818297,1.0,0.03125,0.0
475,15,183.0,134.0,3.824915824915825,1.6173466474753457,0.050505050505050504,0.006734006734006734,0.05808811958839436,0.11816712829170498,0.16302982352493825,1.0,0.09375,0.0
475,16,183.0,128.0,3.791245791245791,1.6361419256489103,0.06397306397306397,0.013468013468013467,0.05650578928573542,0.1480218658653977,0.15365321565464551,1.0,0.0625,0.0
475,17,185.0,133.0,3.9023569023569022,1.713649255714426,0.050505050505050504,0.010101010101010102,0.06631485403518385,0.14523783999014264,0.1466415786239123,1.0,0.0625,0.0
475,18,185.0,132.0,3.8417508417508417,1.7306528317705585,0.06734006734006734,0.013468013468013467,0.07148859075117721,0.15740644563918604,0.14843588988412934,1.0,0.125,0.0
475,19,182.0,131.0,3.993265993265993,1.6247108336205387,0.030303030303030304,0.020202020202020204,0.06489221918341974,0.15307334570512704,0.16981075660154696,1.0,0.0,0.0
475,20,185.0,136.0,3.8922558922558923,1.729669971588057,0.05723905723905724,0.016835016835016835,0.059812956588486794,0.1362553842336594,0.17198376419593359,1.0,0.125,0.0
475,21,184.0,131.0,3.898989898989899,1.6625906693785766,0.050505050505050504,0.013468013468013467,0.0571063509119537,0.14569715323077562,0.15257387252363502,1.0,0.03125,0.0
475,22,186.0,137.0,3.8585858585858586,1.7466279258374326,0.0707070707070707,0.013468013468013467,0.05292600594268464,0.1240979868381138,0.14798567669161924,1.0,0.15625,0.0
475,23,187.0,136.0,3.9158249158249157,1.7064895178101847,0.04713804713804714,0.010101010101010102,0.05234992220507121,0.11544703688872032,0.15066761212212965,1.0,0.0,0.0
475,24,188.0,140.0,3.7138047138047137,1.6336872433245444,0.09090909090909091,0.003367003367003367,0.05767653223622215,0.14006428189668865,0.14238704721051296,1.0,0.0625,0.0
475,25,184.0,130.0,4.05050505050505,1.6839931942431716,0.030303030303030304,0.020202020202020204,0.06767687191748825,0.17062587031334273,0.14893511278516747,1.0,0.0625,0.0
475,26,183.0,135.0,3.8754208754208754,1.6579474678133994,0.05387205387205387,0.006734006734006734,0.05202197677059677,0.13502830813518926,0.17229020966833705,1.0,0.0625,0.0
475,27,181.0,132.0,3.734006734006734,1.6676628658988863,0.07407407407407407,0.006734006734006734,0.05789623999468616,0.13482000060505223,0.17581857920522384,1.0,0.09375,0.0
475,28,170.0,112.0,3.653198653198653,1.6052098064821523,0.06397306397306397,0.006734006734006734,0.07498283185038772,0.16623803176049975,0.1276552507816099,1.0,0.0625,0.0
475,29,180.0,133.0,3.696969696969697,1.5183803979081658,0.06397306397306397,0.0,0.07380612050791396,0.1590275640164351,0.18249191768111672,1.0,0.0,0.0
475,30,193.0,142.0,3.95959595959596,1.7051270986674096,0.05387205387205387,0.003367003367003367,0.05264607023517625,0.13004311731620027,0.15926769021159848,1.0,0.0625,0.0
475,31,182.0,135.0,3.8417508417508417,1.7861817990903526,0.05387205387205387,0.026936026936026935,0.061289680597405236,0.1608795316028695,0.16462550081693839,1.0,0.0,0.0
475,32,176.0,124.0,3.771043771043771,1.7411933061544966,0.08754208754208755,0.010101010101010102,0.06763839278150426,0.1604821756450949,0.17944387784817117,1.0,0.0,0.0
475,33,193.0,141.0,3.942760942760943,1.6937466051273005,0.06397306397306397,0.026936026936026935,0.04613573808427254,0.11594513673179072,0.1460674311896457,1.0,0.03125,0.0
475,34,176.0,130.0,3.7542087542087543,1.7610232324159012,0.08754208754208755,0.016835016835016835,0.050592088380186355,0.1247045720348842,0.15236378245584226,1.0,0.0625,0.0
475,35,196.0,140.0,4.05050505050505,1.7018928106268565,0.04713804713804714,0.02356902356902357,0.06725984127721721,0.15886016343812945,0.1423415058412029,1.0,0.0625,0.0
475,36,176.0,125.0,3.707070707070707,1.6692052903695869,0.0707070707070707,0.010101010101010102,0.06659963554677521,0.15746479822764506,0.15794486779864164,1.0,0.03125,0.0
475,37,202.0,161.0,4.023569023569023,1.619364111008894,0.04040404040404041,0.016835016835016835,0.062420956113770354,0.14395246662444502,0.16518610623235308,1.0,0.09375,0.0
475,38,199.0,151.0,4.01010101010101,1.690705127507691,0.04377104377104377,0.006734006734006734,0.06383222022614772,0.14304326579276308,0.16485037459070243,1.0,0.03125,0.0
475,39,189.0,142.0,3.8922558922558923,1.6922801430813108,0.05387205387205387,0.006734006734006734,0.06593722526738022,0.16135995471580594,0.12594480888820286,1.0,0.0625,0.0
475,40,183.0,134.0,3.8047138047138045,1.6024743080596482,0.050505050505050504,0.003367003367003367,0.062688581265246,0.14889386248774408,0.14279662323616207,1.0,0.03125,0.0
475,41,178.0,124.0,3.707070707070707,1.5477964694446833,0.05723905723905724,0.0,0.07614821711714001,0.16622601072678936,0.16865711298195316,1.0,0.0625,0.0
475,42,188.0,140.0,3.9494949494949494,1.6839931942431716,0.050505050505050504,0.013468013468013467,0.05925184932842461,0.14506719057549528,0.16019249866280677,1.0,0.125,0.0
475,43,177.0,130.0,3.787878787878788,1.6551484452700949,0.050505050505050504,0.006734006734006734,0.056853036597397946,0.13086277121422157,0.18071871787106528,1.0,0.0625,0.0
475,44,173.0,125.0,3.8181818181818183,1.69191165383516,0.06397306397306397,0.016835016835016835,0.07748824625677199,0.18474541486803664,0.17971594263604948,1.0,0.03125,0.0
475,45,184.0,137.0,3.824915824915825,1.7064895178101847,0.08417508417508418,0.010101010101010102,0.05734405480758714,0.15052490089314916,0.13735051370507906,1.0,0.0625,0.0
475,46,187.0,129.0,3.909090909090909,1.62321692336167,0.050505050505050504,0.003367003367003367,0.056614684980222506,0.1455133564899073,0.14837319034270643,1.0,0.0,0.0
475,47,190.0,139.0,3.95959595959596,1.663142892596964,0.06060606060606061,0.010101010101010102,0.05154938704596116,0.12940489385222084,0.1823539111579893,1.0,0.09375,0.0
475,48,184.0,135.0,3.7777777777777777,1.7187158832447034,0.07407407407407407,0.010101010101010102,0.06382145810893737,0.1518314585086663,0.15998688931896674,1.0,0.0,0.0
475,49,186.0,137.0,3.808080808080808,1.7350230750370819,0.07744107744107744,0.016835016835016835,0.06404724941965038,0.15353439356100762,0.14880382708961534,1.0,0.09375,0.0
475,50,182.0,130.0,3.808080808080808,1.633055641267862,0.06060606060606061,0.010101010101010102,0.05997004691306097,0.15089579850441343,0.1632274048560362,1.0,0.09375,0.0
475,51,190.0,145.0,3.9562289562289563,1.6620450836355065,0.05387205387205387,0.013468013468013467,0.05386488046435146,0.14164651736718745,0.1701584976888907,1.0,0.15625,0.0
475,52,183.0,130.0,3.9292929292929295,1.6671869405270094,0.04377104377104377,0.020202020202020204,0.06309099272775297,0.15685766326534692,0.14861849192152954,1.0,0.0,0.0
475,53,192.0,146.0,3.9057239057239057,1.6467090631276569,0.04040404040404041,0.010101010101010102,0.07055619426554059,0.16420118349299526,0.1714182220521118,1.0,0.03125,0.0
475,54,190.0,147.0,3.8922558922558923,1.643835734205562,0.037037037037037035,0.006734006734006734,0.06582458000701935,0.14885086428616906,0.19640387518537827,1.0,0.125,0.0
475,55,177.0,129.0,3.9292929292929295,1.7383718063429505,0.04377104377104377,0.020202020202020204,0.060451101287481934,0.15660904011236934,0.14904881439510553,1.0,0.03125,0.0
475,56,188.0,144.0,3.781144781144781,1.7569241667926276,0.08080808080808081,0.02356902356902357,0.05063264711706965,0.12320423947418527,0.1361246179335967,1.0,0.0,0.0
475,57,196.0,149.0,3.936026936026936,1.717198124838206,0.06060606060606061,0.006734006734006734,0.04923591386301277,0.1231987140664172,0.12868553614984496,1.0,0.03125,0.0
475,58,192.0,146.0,3.8282828282828283,1.6939607763839617,0.0707070707070707,0.016835016835016835,0.054122281936428665,0.12869158650464355,0.18084907424117339,1.0,0.125,0.0
475,59,196.0,148.0,3.9292929292929295,1.6509513138768677,0.04713804713804714,0.010101010101010102,0.05659131860306021,0.13836997341419022,0.12949173974428105,1.0,0.15625,0.0
475,60,192.0,139.0,3.9966329966329965,1.7742989633758102,0.06060606060606061,0.013468013468013467,0.05896572629860626,0.1295748517369794,0.19457728468848196,1.0,0.09375,0.0
475,61,190.0,136.0,3.9057239057239057,1.6730788463574733,0.050505050505050504,0.020202020202020204,0.05898841392898898,0.1341856989478463,0.14853072451468363,1.0,0.03125,0.0
475,62,183.0,134.0,3.808080808080808,1.733081378405851,0.06397306397306397,0.010101010101010102,0.05838666589470209,0.14506021981918818,0.1879711018926191,1.0,0.09375,0.0
475,63,185.0,135.0,3.781144781144781,1.6623929152362404,0.06734006734006734,0.010101010101010102,0.062354739972981986,0.15160507387312283,0.16600217078683846,1.0,0.09375,0.0
475,64,191.0,139.0,3.9158249158249157,1.7280568707279604,0.06060606060606061,0.010101010101010102,0.06163410548187022,0.1416294692324633,0.17821544321018606,1.0,0.09375,0.0
475,65,189.0,138.0,3.8821548821548824,1.6523378202739942,0.050505050505050504,0.013468013468013467,0.06340418417580371,0.14090085738486158,0.15770365523680246,1.0,0.0,0.0
475,66,182.0,126.0,3.8686868686868685,1.6756111382001988,0.0707070707070707,0.020202020202020204,0.05463300634152121,0.1349852689669019,0.17898992387461932,1.0,0.03125,0.0
475,67,180.0,130.0,3.7845117845117846,1.6839595337004352,0.06060606060606061,0.010101010101010102,0.06880308817095787,0.14523770796184948,0.14752661271484935,1.0,0.0625,0.0
475,68,183.0,126.0,3.861952861952862,1.6446424266638382,0.05387205387205387,0.020202020202020204,0.05995999410857859,0.1283719047277428,0.1691528369030766,1.0,0.09375,0.0
475,69,180.0,128.0,3.740740740740741,1.6216517300141968,0.06060606060606061,0.006734006734006734,0.06586889859110664,0.15555532114087278,0.186951666265189,1.0,0.09375,0.0
475,70,172.0,121.0,3.797979797979798,1.6492818433847132,0.04713804713804714,0.010101010101010102,0.06952437233794374,0.14652480355394154,0.17536680072633942,1.0,0.09375,0.0
475,71,197.0,151.0,3.9023569023569022,1.7077446388171114,0.06734006734006734,0.006734006734006734,0.05145483676278432,0.11335834080333446,0.1480889071152265,1.0,0.0,0.0
475,72,180.0,133.0,3.734006734006734,1.6555045738064413,0.05723905723905724,0.010101010101010102,0.06910961350129546,0.16168561607915846,0.15236909098875584,1.0,0.0625,0.0
475,73,186.0,134.0,3.8383838383838382,1.6659012628758225,0.050505050505050504,0.006734006734006734,0.07208567092605815,0.14723292560858214,0.13767963571776715,1.0,0.09375,0.0
475,74,189.0,137.0,3.8484848484848486,1.697871333342208,0.06734006734006734,0.010101010101010102,0.061738407817019204,0.14161613813514798,0.12804286256062467,1.0,0.03125,0.0
475,75,202.0,155.0,4.141414141414141,1.6576123817964405,0.020202020202020204,0.02356902356902357,0.04786780782789263,0.11613171170741081,0.1684389495806058,1.0,0.09375,0.0
475,76,188.0,142.0,3.8383838383838382,1.6353033102886936,0.06734006734006734,0.013468013468013467,0.06808478055602654,0.1533969997659057,0.16508497173933825,1.0,0.09375,0.0
475,77,182.0,138.0,3.7003367003367003,1.6980182213094406,0.09090909090909091,0.006734006734006734,0.06771564764747873,0.14718616252933311,0.15154638561190753,1.0,0.0625,0.0
475,78,179.0,121.0,3.9158249158249157,1.6027077497041353,0.04713804713804714,0.013468013468013467,0.06739101693620887,0.15406790887331615,0.18145808840203792,1.0,0.09375,0.0
475,79,191.0,147.0,3.878787878787879,1.6893769533050127,0.04040404040404041,0.013468013468013467,0.05203870371955767,0.12319834577071266,0.1465022233409824,1.0,0.0625,0.0
475,80,193.0,146.0,3.8754208754208754,1.635455817793556,0.04713804713804714,0.003367003367003367,0.04942441886544374,0.12897976443443523,0.14739660654085254,1.0,0.03125,0.0
475,81,183.0,137.0,3.7845117845117846,1.7506215867790549,0.06397306397306397,0.010101010101010102,0.06502229432398982,0.15522388346040203,0.1332475260839106,1.0,0.03125,0.0
475,82,181.0,126.0,3.757575757575758,1.6148984962999064,0.05387205387205387,0.013468013468013467,0.0628359976741893,0.1604569854863228,0.14184914940046714,1.0,0.09375,0.0
475,83,182.0,135.0,3.835016835016835,1.7163462728529202,0.06060606060606061,0.006734006734006734,0.05555759821540991,0.13227959185788535,0.11494609673132059,1.0,0.03125,0.0
475,84,191.0,144.0,3.9696969696969697,1.7239912121059162,0.06060606060606061,0.006734006734006734,0.06064461807477351,0.14032926489924513,0.18968684360489918,1.0,0.09375,0.0
475,85,182.0,136.0,3.8653198653198655,1.593983632364241,0.04713804713804714,0.006734006734006734,0.06460898097959118,0.1622514782147646,0.16556430676556683,1.0,0.03125,0.0
475,86,196.0,146.0,4.0,1.5548338874324863,0.026936026936026935,0.006734006734006734,0.06930862188830267,0.16117664155408218,0.15159561449742479,1.0,0.0625,0.0
475,87,187.0,132.0,3.95959595959596,1.7286603204267803,0.06397306397306397,0.026936026936026935,0.06314632626035224,0.14536392794751452,0.17094249911790363,1.0,0.09375,0.0
475,88,196.0,149.0,3.9865319865319866,1.612186469345226,0.026936026936026935,0.010101010101010102,0.05524561388740527,0.1394665280582019,0.15239565636861305,1.0,0.09375,0.0
475,89,179.0,134.0,3.7037037037037037,1.6816757774987463,0.050505050505050504,0.003367003367003367,0.07011053191118342,0.16141320852087276,0.1740660694177965,1.0,0.125,0.0
475,90,191.0,145.0,3.855218855218855,1.694489395768458,0.08080808080808081,0.010101010101010102,0.05236903786983584,0.11537859762156935,0.16666459590733007,1.0,0.15625,0.0
475,91,172.0,120.0,3.774410774410774,1.6349358474275917,0.06734006734006734,0.010101010101010102,0.0680807546373991,0.1512628098566784,0.14667353284698384,1.0,0.09375,0.0
475,92,197.0,144.0,3.919191919191919,1.5742676198552137,0.03367003367003367,0.010101010101010102,0.05531478570762843,0.13010530990230315,0.1376868462200903,1.0,0.03125,0.0
475,93,172.0,121.0,3.68013468013468,1.6418483410861233,0.06734006734006734,0.013468013468013467,0.06413248050160869,0.15015362679721939,0.12478006645989416,1.0,0.0,0.0
475,94,178.0,129.0,3.9057239057239057,1.6629861071153962,0.04713804713804714,0.003367003367003367,0.06941556774840452,0.14335583150065354,0.15270784299375345,1.0,0.0625,0.0
475,95,175.0,120.0,3.814814814814815,1.637949377837925,0.04377104377104377,0.006734006734006734,0.07659005207353477,0.16211083934320755,0.15832203021058783,1.0,0.125,0.0
475,96,184.0,133.0,3.9124579124579126,1.7405095288293628,0.050505050505050504,0.013468013468013467,0.06813462056563355,0.14878859373207357,0.17104023021303266,1.0,0.0,0.0
475,97,183.0,127.0,3.925925925925926,1.6881148914599753,0.04040404040404041,0.026936026936026935,0.05073149831451813,0.13336411074338161,0.1483233263576174,1.0,0.0,0.0
475,98,190.0,139.0,3.919191919191919,1.669755325995072,0.04713804713804714,0.006734006734006734,0.0660551630917542,0.14017854408161046,0.15098063071494888,1.0,0.125,0.0
475,99,192.0,140.0,3.8922558922558923,1.6314998868057269,0.06060606060606061,0.003367003367003367,0.06108576437936767,0.13972064784064323,0.16371372118585426,1.0,0.0625,0.0
475,100,172.0,118.0,3.7373737373737375,1.6611171766199366,0.06060606060606061,0.006734006734006734,0.0659668185567198,0.1476009177696145,0.1884271652354872,1.0,0.0,0.0
475,101,176.0,127.0,3.676767676767677,1.6111665232230141,0.0707070707070707,0.003367003367003367,0.08362495979958663,0.18038663415762196,0.15829782556484834,1.0,0.0625,0.0
475,102,194.0,152.0,4.01010101010101,1.6867174673645802,0.04713804713804714,0.010101010101010102,0.05833857880648757,0.12979592222454714,0.15486593646247238,1.0,0.0625,0.0
475,103,167.0,115.0,3.6835016835016834,1.6229095938038156,0.0707070707070707,0.013468013468013467,0.06887733209288832,0.14854659817470933,0.1569093054680006,1.0,0.03125,0.0
475,104,188.0,145.0,3.9023569023569022,1.8387599669492076,0.06734006734006734,0.026936026936026935,0.055849338923423024,0.1364550119722244,0.18123550157605933,1.0,0.1875,0.0
475,105,192.0,144.0,3.9562289562289563,1.6640696700471902,0.06060606060606061,0.010101010101010102,0.05226771959740389,0.1325410790446457,0.14726803808360261,1.0,0.0,0.0
475,106,197.0,154.0,3.952861952861953,1.7382022402703992,0.0707070707070707,0.006734006734006734,0.06071563887895358,0.13826014560118116,0.16802864534840278,1.0,0.15625,0.0
475,107,188.0,142.0,3.8114478114478114,1.6931641900740406,0.06734006734006734,0.016835016835016835,0.07035386805156289,0.14885497302790007,0.19845358734209173,1.0,0.03125,0.0
475,108,182.0,131.0,3.8114478114478114,1.732479468631365,0.05723905723905724,0.030303030303030304,0.07595764382703293,0.17162270506669328,0.1734998266693129,1.0,0.09375,0.0
475,109,191.0,147.0,3.925925925925926,1.6599565634355706,0.04040404040404041,0.006734006734006734,0.062038866590377426,0.14507968696109508,0.15954024553440213,1.0,0.0625,0.0
475,110,188.0,138.0,3.855218855218855,1.6522349018700737,0.050505050505050504,0.006734006734006734,0.06464917148359751,0.14801955535980704,0.14873464086046906,1.0,0.0625,0.0
475,111,195.0,145.0,3.9764309764309766,1.7123388781978688,0.04377104377104377,0.016835016835016835,0.05644831841287338,0.15063503812193804,0.1671704746458774,1.0,0.0625,0.0
475,112,200.0,156.0,3.983164983164983,1.7474520411388172,0.0707070707070707,0.013468013468013467,0.05671264941535289,0.1325497296885737,0.13381585325554252,1.0,0.0625,0.0
475,113,194.0,147.0,3.9696969696969697,1.7491963260196135,0.05387205387205387,0.02356902356902357,0.05881775657912593,0.14140589187928565,0.16001631083509693,1.0,0.0625,0.0
475,114,191.0,141.0,3.8585858585858586,1.7581561795583498,0.0707070707070707,0.016835016835016835,0.06344171832255285,0.14897705363444855,0.1519510869033053,1.0,0.09375,0.0
475,115,180.0,125.0,3.7474747474747474,1.7291914442042302,0.08080808080808081,0.020202020202020204,0.062477240526963185,0.13339845840312206,0.16756714762878522,1.0,0.0625,0.0
475,116,185.0,130.0,3.8821548821548824,1.5836660159533613,0.04713804713804714,0.010101010101010102,0.06746122907975677,0.14546661863391486,0.1655261529591408,1.0,0.125,0.0
475,117,173.0,119.0,3.7373737373737375,1.6159090711774724,0.06397306397306397,0.006734006734006734,0.053001996946180734,0.12456532320169955,0.1399451045265064,1.0,0.03125,0.0
475,118,196.0,152.0,3.993265993265993,1.7695388620955566,0.04713804713804714,0.016835016835016835,0.06517617879103761,0.16010852394214561,0.15324930629591377,1.0,0.0625,0.0
475,119,175.0,116.0,3.8181818181818183,1.6290521279655286,0.050505050505050504,0.010101010101010102,0.0644832641642527,0.15313241783585158,0.12315706010813249,1.0,0.03125,0.0
475,120,187.0,134.0,3.8821548821548824,1.6985589266169039,0.06734006734006734,0.010101010101010102,0.061341435607920214,0.15753026832281528,0.13013858562141978,1.0,0.0625,0.0
475,121,186.0,134.0,3.861952861952862,1.615726653028483,0.03367003367003367,0.010101010101010102,0.06111858147807918,0.12223741219778184,0.18471385502562537,1.0,0.0,0.0
475,122,192.0,142.0,3.9562289562289563,1.6600180280054042,0.06397306397306397,0.006734006734006734,0.06174552414330596,0.1467733729414602,0.16880604852201941,1.0,0.03125,0.0
475,123,181.0,132.0,3.686868686868687,1.7054860853934475,0.08417508417508418,0.013468013468013467,0.059309840575192105,0.13624185084965046,0.1662025926668331,1.0,0.03125,0.0
475,124,200.0,150.0,4.016835016835016,1.7532229339939172,0.06734006734006734,0.020202020202020204,0.05166839466990618,0.12579823385496397,0.1494595205069211,1.0,0.03125,0.0
475,125,187.0,141.0,3.8821548821548824,1.7836475894879755,0.08417508417508418,0.013468013468013467,0.07075414307957796,0.1502480317755313,0.1792044842685918,1.0,0.0625,0.0
475,126,188.0,142.0,3.8585858585858586,1.7076384209296291,0.06060606060606061,0.013468013468013467,0.06137171977920289,0.15878998490722251,0.15592283409975274,1.0,0.03125,0.0
475,127,183.0,131.0,3.7946127946127945,1.5853616784250808,0.04713804713804714,0.006734006734006734,0.06489884532852193,0.14386127350373665,0.15005962259774472,1.0,0.03125,0.0
475,128,176.0,127.0,3.6734006734006734,1.7049342783030905,0.08080808080808081,0.013468013468013467,0.06768598257395675,0.15186014451022867,0.16505524011027947,1.0,0.0625,0.0
475,129,193.0,139.0,3.9124579124579126,1.6511641701888724,0.050505050505050504,0.020202020202020204,0.05733814214536914,0.1404204837736691,0.16077150514541935,1.0,0.03125,0.0
475,130,183.0,138.0,3.781144781144781,1.692501198120033,0.06397306397306397,0.013468013468013467,0.0667021926906356,0.14720590052345928,0.15224510788930923,1.0,0.125,0.0
475,131,198.0,147.0,4.0033670033670035,1.6544976278804582,0.04713804713804714,0.006734006734006734,0.06756117160594381,0.16010809133055667,0.17465786385997642,1.0,0.0625,0.0
475,132,175.0,126.0,3.8215488215488214,1.7189203481957425,0.06734006734006734,0.006734006734006734,0.061909085963643994,0.14021457154082784,0.149301206375582,1.0,0.09375,0.0
475,133,198.0,141.0,4.013468013468014,1.6816960013320046,0.04377104377104377,0.026936026936026935,0.04687343324650704,0.12140829187418412,0.13032465415858552,1.0,0.0625,0.0
475,134,191.0,140.0,3.8686868686868685,1.5697892670757505,0.04040404040404041,0.006734006734006734,0.06332162328003113,0.1496030650035227,0.1421012395743973,1.0,0.03125,0.0
475,135,185.0,139.0,3.7845117845117846,1.6332083586580184,0.050505050505050504,0.010101010101010102,0.07141450165533503,0.1589341390119584,0.15651542517852451,1.0,0.0625,0.0
475,136,196.0,146.0,4.026936026936027,1.7230703468372588,0.06060606060606061,0.010101010101010102,0.05669698502473635,0.13219373274354557,0.1625052962460528,1.0,0.0625,0.0
475,137,192.0,143.0,3.925925925925926,1.637492509423709,0.05387205387205387,0.003367003367003367,0.0482228942618828,0.12045562954726839,0.1890594402452203,1.0,0.03125,0.0
475,138,191.0,136.0,3.9696969696969697,1.7278928534161024,0.04713804713804714,0.02356902356902357,0.05303380503704971,0.1330633260387492,0.13424404324898317,1.0,0.03125,0.0
475,139,177.0,117.0,3.8484848484848486,1.6124325665766504,0.03367003367003367,0.016835016835016835,0.058264400211289924,0.14523479779745588,0.1355174124263763,1.0,0.03125,0.0
475,140,202.0,154.0,4.168350168350169,1.7228729545295747,0.037037037037037035,0.010101010101010102,0.06223970642929336,0.14357819504067365,0.160885388951515,1.0,0.0625,0.0
475,141,195.0,152.0,3.855218855218855,1.7530871382769184,0.07744107744107744,0.006734006734006734,0.06589646900456647,0.15114698236049062,0.1621197657300352,1.0,0.0625,0.0
475,142,182.0,136.0,3.7542087542087543,1.7359898437394332,0.06734006734006734,0.016835016835016835,0.06449087270714694,0.1397052359496494,0.17799635931788604,1.0,0.0625,0.0
475,143,174.0,125.0,3.734006734006734,1.6101388902035436,0.05387205387205387,0.006734006734006734,0.0726115559383062,0.1566330301408876,0.15851671143971025,1.0,0.03125,0.0
475,144,192.0,142.0,3.8922558922558923,1.670250881931582,0.05387205387205387,0.006734006734006734,0.059719075235606475,0.13915816220938038,0.15290891428627315,1.0,0.0,0.0
475,145,167.0,120.0,3.653198653198653,1.791562210983225,0.09764309764309764,0.010101010101010102,0.06562383982958767,0.15414740757693934,0.15544764119984508,1.0,0.09375,0.0
475,146,180.0,136.0,3.9158249158249157,1.7798872802198156,0.050505050505050504,0.03367003367003367,0.06699039250640866,0.14673492067294697,0.15093539092988445,1.0,0.09375,0.0
475,147,185.0,137.0,3.8484848484848486,1.69191165383516,0.05723905723905724,0.013468013468013467,0.07216023828757198,0.1544242043602116,0.13574176402706967,1.0,0.03125,0.0
475,148,179.0,128.0,3.9124579124579126,1.65523748458749,0.030303030303030304,0.020202020202020204,0.073067922588359,0.15771144641901758,0.1703421063691728,1.0,0.0625,0.0
475,149,204.0,155.0,4.094276094276094,1.7069478435520422,0.04713804713804714,0.006734006734006734,0.044895136536229216,0.10894473956037731,0.14165189245433263,1.0,0.03125,0.0
475,150,187.0,136.0,3.8653198653198655,1.762509683917131,0.06734006734006734,0.016835016835016835,0.06864894470660733,0.1549901102631832,0.12565783964536426,1.0,0.125,0.0
475,151,185.0,128.0,3.9124579124579126,1.6794699197043101,0.06060606060606061,0.016835016835016835,0.07428611208740091,0.14936064444752753,0.1773056881698327,1.0,0.0625,0.0
475,152,184.0,134.0,3.835016835016835,1.635996411663498,0.05387205387205387,0.006734006734006734,0.06867324945483648,0.14383973798591723,0.15655139100994933,1.0,0.09375,0.0
475,153,183.0,135.0,3.8821548821548824,1.696575498012382,0.06060606060606061,0.016835016835016835,0.07581195050477872,0.16979926695687678,0.17534462232170323,1.0,0.03125,0.0
475,154,183.0,133.0,3.8956228956228958,1.6754961170541902,0.05723905723905724,0.013468013468013467,0.06330973664494301,0.15054076746776698,0.15230921564484756,1.0,0.125,0.0
475,155,189.0,143.0,4.0606060606060606,1.6926351568204778,0.06060606060606061,0.010101010101010102,0.059130929367167115,0.12456505699204193,0.1822657308138524,1.0,0.0625,0.0
475,156,175.0,122.0,3.653198653198653,1.6198260925063888,0.06734006734006734,0.003367003367003367,0.06688647988134086,0.14119423670994277,0.16372943602378914,1.0,0.0625,0.0
475,157,176.0,122.0,3.781144781144781,1.6358508847341675,0.06734006734006734,0.003367003367003367,0.07411377671253616,0.16939055216728793,0.12996497259835674,1.0,0.125,0.0
475,158,199.0,150.0,4.053872053872054,1.6362250706874917,0.03367003367003367,0.013468013468013467,0.05589372188217135,0.14340513448536693,0.1821202252205868,1.0,0.125,0.0
475,159,189.0,140.0,4.05050505050505,1.6979314254101572,0.04713804713804714,0.013468013468013467,0.05875026787149717,0.12716530283831567,0.16697994456537796,1.0,0.09375,0.0
475,160,181.0,131.0,3.7542087542087543,1.5731942660860172,0.05387205387205387,0.003367003367003367,0.07059499340583779,0.15175018000530832,0.1349401058245853,1.0,0.15625,0.0
475,161,187.0,137.0,3.8922558922558923,1.6843028396732205,0.04040404040404041,0.013468013468013467,0.06233847754043446,0.14058886243224367,0.17078027349398137,1.0,0.0625,0.0
475,162,193.0,145.0,3.861952861952862,1.7206803792322893,0.08080808080808081,0.013468013468013467,0.06150129707659721,0.1442410890751827,0.1253157762561459,1.0,0.03125,0.0
475,163,203.0,156.0,4.013468013468014,1.7232282444035656,0.050505050505050504,0.020202020202020204,0.05500436904634025,0.13283087967585602,0.18379351930668153,1.0,0.03125,0.0
475,164,176.0,123.0,3.7542087542087543,1.6381985250878879,0.04377104377104377,0.013468013468013467,0.07164669775153276,0.15782354626666437,0.1804598781052038,1.0,0.03125,0.0
475,165,181.0,131.0,3.771043771043771,1.6981183649113154,0.07744107744107744,0.010101010101010102,0.0614195282426184,0.12767426332446757,0.1348816536341439,1.0,0.03125,0.0
475,166,183.0,132.0,3.952861952861953,1.7304366504281536,0.06734006734006734,0.010101010101010102,0.07614637084336486,0.1639709076895076,0.17681805147236493,1.0,0.09375,0.0
475,167,196.0,152.0,3.9562289562289563,1.7000999935248178,0.06734006734006734,0.003367003367003367,0.057862632185784635,0.14634377119799774,0.16659880152434242,1.0,0.03125,0.0
475,168,184.0,129.0,3.872053872053872,1.592425301397885,0.030303030303030304,0.010101010101010102,0.06315136734736583,0.13103377753779769,0.1514650906202656,1.0,0.09375,0.0
475,169,191.0,142.0,3.9494949494949494,1.6124958426511011,0.030303030303030304,0.010101010101010102,0.05988645021829385,0.14544216859627812,0.13203606928238243,1.0,0.0625,0.0
475,170,175.0,124.0,3.8013468013468015,1.7342649606686111,0.08417508417508418,0.016835016835016835,0.057929029950467094,0.1263682696908176,0.148872555446187,1.0,0.09375,0.0
475,171,194.0,151.0,3.9494949494949494,1.6577970294083753,0.050505050505050504,0.006734006734006734,0.06933372852005053,0.15284149366658972,0.14753944754794585,1.0,0.03125,0.0
475,172,179.0,124.0,3.8686868686868685,1.6553950039553997,0.06734006734006734,0.016835016835016835,0.06511628803162335,0.13877663293748743,0.17369086968079306,1.0,0.0625,0.0
475,173,174.0,125.0,3.760942760942761,1.7174357755643548,0.06060606060606061,0.006734006734006734,0.07470809898947436,0.1509410816866059,0.1586708125939113,1.0,0.125,0.0
475,174,184.0,135.0,3.855218855218855,1.6275970294116207,0.04377104377104377,0.013468013468013467,0.05668960858782602,0.12630963315075192,0.16434920186958663,1.0,0.09375,0.0
475,175,190.0,140.0,3.8855218855218854,1.6310412118356206,0.04377104377104377,0.003367003367003367,0.07134605159402366,0.15191508159739808,0.14741756857990077,1.0,0.09375,0.0
475,176,202.0,154.0,4.0673400673400675,1.8115354265169428,0.06397306397306397,0.013468013468013467,0.06141458371568793,0.1398189857722893,0.1591976446004895,1.0,0.03125,0.0
475,177,195.0,144.0,3.9663299663299663,1.6874096056729992,0.050505050505050504,0.016835016835016835,0.06168432480908172,0.14798331121497393,0.13937706505203667,1.0,0.125,0.0
475,178,188.0,139.0,3.9057239057239057,1.5777922918954015,0.04377104377104377,0.006734006734006734,0.055698275793593044,0.12589178918770685,0.16463147049824897,1.0,0.0625,0.0
475,179,184.0,136.0,3.808080808080808,1.6818105984601683,0.05387205387205387,0.013468013468013467,0.06544937784766305,0.14050932848732323,0.1871623707584936,1.0,0.15625,0.0
475,180,187.0,142.0,3.8215488215488214,1.6692324568768735,0.06060606060606061,0.013468013468013467,0.0652613894209714,0.14128939681805078,0.1540662110364799,1.0,0.0,0.0
475,181,195.0,148.0,3.9764309764309766,1.6214419911787261,0.04040404040404041,0.006734006734006734,0.05686627928108711,0.13779584173479942,0.14447121791901257,1.0,0.0625,0.0
475,182,180.0,127.0,3.8316498316498318,1.6611854227313871,0.026936026936026935,0.026936026936026935,0.051721649260151874,0.11291088180840075,0.1477882718736937,1.0,0.03125,0.0
475,183,192.0,142.0,3.855218855218855,1.6984588089911887,0.07744107744107744,0.013468013468013467,0.05128362917396018,0.13243599972152748,0.15159194190060277,1.0,0.03125,0.0
475,184,186.0,139.0,3.8686868686868685,1.8182379340386294,0.09427609427609428,0.013468013468013467,0.05898080148329882,0.13916740977660763,0.1719202008087413,1.0,0.03125,0.0
475,185,200.0,154.0,4.057239057239057,1.6957333425731367,0.05723905723905724,0.006734006734006734,0.0593996580991683,0.1451238998253615,0.15612547025828222,1.0,0.03125,0.0
475,186,184.0,131.0,3.835016835016835,1.68066427555416,0.0707070707070707,0.0,0.053942573668580386,0.13952014815968325,0.129370432737534,1.0,0.0625,0.0
475,187,184.0,133.0,3.8383838383838382,1.6699386309440456,0.06397306397306397,0.013468013468013467,0.058153318009692194,0.15236983973219165,0.16992199575063843,1.0,0.0,0.0
475,188,184.0,135.0,3.7676767676767677,1.581638856148407,0.05723905723905724,0.006734006734006734,0.05338988579218725,0.1340434838164335,0.13182844174981584,1.0,0.0625,0.0
475,189,185.0,135.0,3.740740740740741,1.646378575621694,0.0707070707070707,0.010101010101010102,0.05792519811905231,0.14201133175617925,0.12601472267209265,1.0,0.09375,0.0
475,190,186.0,136.0,3.8417508417508417,1.6773017147482057,0.04713804713804714,0.020202020202020204,0.06752522391258835,0.1591933896743244,0.15269622038189865,1.0,0.03125,0.0
475,191,184.0,130.0,3.8047138047138045,1.6066710682212653,0.05723905723905724,0.006734006734006734,0.06024219699602185,0.15079820744676584,0.1252248930880791,1.0,0.03125,0.0
475,192,200.0,153.0,3.8686868686868685,1.653359795200818,0.06734006734006734,0.013468013468013467,0.05515585621107024,0.1319857531842863,0.19083225019057432,1.0,0.0625,0.0
475,193,192.0,145.0,3.8956228956228958,1.6775044694419374,0.05387205387205387,0.016835016835016835,0.04627003372576168,0.12993267383493334,0.1441307659040311,1.0,0.03125,0.0
475,194,187.0,146.0,3.744107744107744,1.6520084588122321,0.07744107744107744,0.006734006734006734,0.062307279633599874,0.12404534864750831,0.20012162321469806,1.0,0.0625,0.0
475,195,184.0,135.0,3.946127946127946,1.5711391641710413,0.020202020202020204,0.003367003367003367,0.06761442618500593,0.14929019798073892,0.17901168951251167,1.0,0.0625,0.0
475,196,190.0,149.0,3.9023569023569022,1.7754103714631224,0.06060606060606061,0.013468013468013467,0.06078457343262957,0.13216158850974988,0.18998036624775053,1.0,0.09375,0.0
475,197,184.0,137.0,3.7643097643097643,1.7266983378220173,0.07744107744107744,0.010101010101010102,0.061469822346676924,0.1516740314278258,0.14841641091515254,1.0,0.0625,0.0
475,198,175.0,128.0,3.676767676767677,1.57310058303416,0.06734006734006734,0.010101010101010102,0.07114179607253747,0.17068777711089084,0.15297797466004967,1.0,0.0625,0.0
475,199,179.0,131.0,3.872053872053872,1.7087003026776022,0.050505050505050504,0.013468013468013467,0.060531329878766284,0.14410178233560508,0.1838111805356037,1.0,0.09375,0.0
475,200,180.0,128.0,3.845117845117845,1.7123786013402575,0.05723905723905724,0.013468013468013467,0.0572247184316021,0.14018669300371625,0.1429891619487186,1.0,0.09375,0.0
475,201,181.0,134.0,3.824915824915825,1.6685803386261953,0.04377104377104377,0.006734006734006734,0.07068687150578074,0.15459883497762922,0.20213989412024025,1.0,0.09375,0.0
475,202,181.0,134.0,3.7946127946127945,1.6169049917756115,0.06397306397306397,0.0,0.07153317976022065,0.16552569428993916,0.15199531170540162,1.0,0.0625,0.0
475,203,183.0,144.0,3.962962962962963,1.62326581133564,0.04713804713804714,0.003367003367003367,0.06360266359951788,0.1348541200687648,0.20971214479038836,1.0,0.0625,0.0
475,204,191.0,150.0,3.8417508417508417,1.707147077233644,0.06397306397306397,0.016835016835016835,0.05568293008534769,0.139007488718252,0.17063009973160811,1.0,0.09375,0.0
475,205,199.0,150.0,4.043771043771044,1.666091796242023,0.04040404040404041,0.013468013468013467,0.05539335192202821,0.1333747402241115,0.17359154081987815,1.0,0.09375,0.0
475,206,198.0,150.0,3.8821548821548824,1.608976734105771,0.050505050505050504,0.003367003367003367,0.05848044692964173,0.13142051273157296,0.1369545772145411,1.0,0.0625,0.0
475,207,179.0,127.0,3.8686868686868685,1.7054860853934477,0.05723905723905724,0.013468013468013467,0.0580604828346901,0.14370138086347084,0.1503540162952454,1.0,0.0625,0.0
475,208,183.0,131.0,3.7373737373737375,1.6242223226053965,0.07407407407407407,0.010101010101010102,0.07734300057490417,0.17341092838532468,0.16895805070741737,1.0,0.0,0.0
475,209,173.0,122.0,3.6902356902356903,1.659075321039129,0.06734006734006734,0.010101010101010102,0.07772300500686152,0.17744141606012032,0.16034898280986887,1.0,0.0625,0.0
475,210,190.0,143.0,3.7676767676767677,1.6625906693785766,0.06060606060606061,0.010101010101010102,0.06714841908489791,0.14797875281179537,0.17267774288835147,1.0,0.125,0.0
475,211,188.0,142.0,4.05050505050505,1.7390759807465312,0.04377104377104377,0.016835016835016835,0.07412710023505817,0.15357114324420337,0.20571369715031435,1.0,0.0625,0.0
475,212,188.0,136.0,3.9225589225589226,1.7611777273372704,0.050505050505050504,0.026936026936026935,0.05032588675380106,0.11895076289803715,0.12973945567126274,1.0,0.03125,0.0
475,213,177.0,121.0,3.9326599326599325,1.7375368597240346,0.0707070707070707,0.010101010101010102,0.06145105478874477,0.1519864839491579,0.16521312785097098,1.0,0.09375,0.0
475,214,172.0,115.0,3.750841750841751,1.60550640192029,0.030303030303030304,0.010101010101010102,0.0648464774163893,0.15004195828051842,0.1719980786371611,1.0,0.03125,0.0
475,215,187.0,137.0,3.9057239057239057,1.654867597580783,0.06397306397306397,0.016835016835016835,0.05797961922935943,0.1467720085259576,0.14315338792762666,1.0,0.03125,0.0
475,216,182.0,136.0,3.797979797979798,1.6390425757888183,0.04377104377104377,0.010101010101010102,0.06713679150977483,0.15150097768798024,0.1464847591366683,1.0,0.0625,0.0
475,217,196.0,149.0,3.9292929292929295,1.6304294444874603,0.04040404040404041,0.013468013468013467,0.05520625048664461,0.13908845562070396,0.14202125956229344,1.0,0.0625,0.0
475,218,184.0,137.0,3.861952861952862,1.677078656273112,0.03367003367003367,0.016835016835016835,0.06250658652649595,0.1377463194706595,0.15328612084153992,1.0,0.0625,0.0
475,219,193.0,144.0,3.9124579124579126,1.7053331928786497,0.05387205387205387,0.02356902356902357,0.0601537059486707,0.1463799101972563,0.1802178225220271,1.0,0.0625,0.0
475,220,186.0,136.0,3.8821548821548824,1.7416229716382698,0.05387205387205387,0.010101010101010102,0.07088643943324226,0.14874918637171108,0.16055416971511974,1.0,0.125,0.0
475,221,198.0,153.0,4.01010101010101,1.7417140991749973,0.04377104377104377,0.010101010101010102,0.06933987249441086,0.15846305915357858,0.17314182530196628,1.0,0.0625,0.0
475,222,187.0,140.0,3.7542087542087543,1.6967559055109627,0.08417508417508418,0.016835016835016835,0.06917750618846448,0.15893869542594133,0.18090532449881136,1.0,0.0,0.0
475,223,183.0,135.0,3.7946127946127945,1.621064392890333,0.05387205387205387,0.013468013468013467,0.07605060402607816,0.1607040514773451,0.15168397162819167,1.0,0.125,0.0
475,224,183.0,130.0,3.8922558922558923,1.6273671580743805,0.037037037037037035,0.006734006734006734,0.06002385965037869,0.14372411196141707,0.17750431789425183,1.0,0.0,0.0
475,225,185.0,131.0,3.9158249158249157,1.604807196424449,0.04377104377104377,0.010101010101010102,0.0561611702451415,0.13968206517007428,0.1332260766379127,1.0,0.03125,0.0
475,226,184.0,132.0,3.9393939393939394,1.7261204733687616,0.05387205387205387,0.020202020202020204,0.07008163953789769,0.14897477951955687,0.16372433700431488,1.0,0.0625,0.0
475,227,179.0,137.0,3.760942760942761,1.7135103237857434,0.06060606060606061,0.006734006734006734,0.08429284615945548,0.17877746861585142,0.15421147689667347,1.0,0.03125,0.0
475,228,180.0,129.0,3.8047138047138045,1.668356114107376,0.08417508417508418,0.013468013468013467,0.06657670605331095,0.14237926815965296,0.17573919210056066,1.0,0.09375,0.0
475,229,196.0,146.0,3.973063973063973,1.7308689861124378,0.06060606060606061,0.006734006734006734,0.04868468609272419,0.12896779524441282,0.12557610561157567,1.0,0.0,0.0
475,230,184.0,137.0,3.855218855218855,1.6193011033200417,0.06397306397306397,0.010101010101010102,0.07717235227114946,0.18001805036435076,0.1377759790194092,1.0,0.125,0.0
475,231,195.0,150.0,3.9225589225589226,1.6342492332237581,0.04377104377104377,0.006734006734006734,0.06253831888539058,0.1444663717202682,0.12476361558046796,1.0,0.0,0.0
475,232,178.0,125.0,3.727272727272727,1.6906447785891265,0.06734006734006734,0.006734006734006734,0.07374733086389221,0.14371976845692164,0.17442560622483996,1.0,0.09375,0.0
475,233,189.0,137.0,3.888888888888889,1.7187158832447034,0.06734006734006734,0.010101010101010102,0.07348477483070943,0.18145247307075224,0.17170739429894002,1.0,0.03125,0.0
475,234,190.0,145.0,4.01010101010101,1.7647594975160363,0.05387205387205387,0.016835016835016835,0.06777211375697273,0.1473636325297684,0.190313693568113,1.0,0.125,0.0
475,235,192.0,142.0,3.942760942760943,1.574231613139523,0.04040404040404041,0.006734006734006734,0.06587110637678541,0.15113989416764262,0.12454385096135319,1.0,0.0625,0.0
475,236,188.0,133.0,3.8316498316498318,1.6159792265209072,0.06397306397306397,0.006734006734006734,0.0599817282251283,0.14727747151914541,0.14761795685373563,1.0,0.1875,0.0
475,237,188.0,138.0,3.878787878787879,1.6933583506824952,0.04377104377104377,0.016835016835016835,0.05557311713799663,0.13374849659431612,0.15798568956154554,1.0,0.09375,0.0
475,238,180.0,131.0,3.8114478114478114,1.701099938711747,0.06734006734006734,0.013468013468013467,0.05716330348152331,0.14334904985421576,0.13205316813672127,1.0,0.09375,0.0
475,239,193.0,139.0,4.026936026936027,1.7347551586762646,0.06397306397306397,0.010101010101010102,0.06491977630279364,0.1380423992119893,0.15177030586797102,1.0,0.0625,0.0
475,240,181.0,131.0,3.727272727272727,1.6544085487444011,0.05387205387205387,0.013468013468013467,0.06392854782667347,0.1476094918487519,0.16680692470864308,1.0,0.0625,0.0
475,241,193.0,144.0,3.9158249158249157,1.7123984625658997,0.08080808080808081,0.010101010101010102,0.04777503570237916,0.13330173494637293,0.16295086775659784,1.0,0.0625,0.0
475,242,202.0,159.0,3.9764309764309766,1.6665000086726012,0.04040404040404041,0.016835016835016835,0.050127041893932675,0.11957856235486783,0.15932854881052488,1.0,0.0,0.0
475,243,186.0,129.0,3.8484848484848486,1.6228397380601074,0.050505050505050504,0.020202020202020204,0.05975334217861536,0.13513259117245216,0.17117865162549778,1.0,0.0,0.0
475,244,195.0,142.0,3.9124579124579126,1.630644979624762,0.04713804713804714,0.013468013468013467,0.06370941934748463,0.1478457291271037,0.15136630000858492,1.0,0.125,0.0
475,245,195.0,150.0,3.9764309764309766,1.7201861703676036,0.05723905723905724,0.006734006734006734,0.04638506760932708,0.11980502604077264,0.16156298306087516,1.0,0.0,0.0
475,246,188.0,138.0,3.9023569023569022,1.7097151102281902,0.04377104377104377,0.006734006734006734,0.06633930432593706,0.15487743743869248,0.17180527909921806,1.0,0.03125,0.0
475,247,201.0,154.0,3.9393939393939394,1.6726247955726998,0.04040404040404041,0.016835016835016835,0.06466623503436388,0.12565185433400958,0.18468792618773186,1.0,0.03125,0.0
475,248,177.0,124.0,3.8215488215488214,1.605485218348956,0.04713804713804714,0.006734006734006734,0.056802568979548385,0.12160674924450027,0.17870328898959945,1.0,0.09375,0.0
475,249,189.0,138.0,3.8383838383838382,1.6739662614841695,0.05723905723905724,0.013468013468013467,0.05971649231581844,0.13770719354287422,0.16100445937716154,1.0,0.03125,0.0
475,250,192.0,142.0,3.9158249158249157,1.5815600094911435,0.04377104377104377,0.003367003367003367,0.05230544264716795,0.12326671881741771,0.1637981751153222,1.0,0.03125,0.0
500,1,187.0,136.0,3.760942760942761,1.6797736500023475,0.08080808080808081,0.006734006734006734,0.05190867518187104,0.12491663365432526,0.14872843896386612,1.0,0.0625,0.0
500,2,177.0,122.0,3.717171717171717,1.5765991018927323,0.04713804713804714,0.003367003367003367,0.06782620391210971,0.1696324069741747,0.14848210690529925,1.0,0.09375,0.0
500,3,182.0,127.0,3.7676767676767677,1.62986613749737,0.08754208754208755,0.006734006734006734,0.046791321741461986,0.12038700137682806,0.13139522390221683,1.0,0.0625,0.0
500,4,187.0,138.0,3.814814814814815,1.7162471928559442,0.07744107744107744,0.02356902356902357,0.05920646510103212,0.12626328027423644,0.15712958236721805,1.0,0.0625,0.0
500,5,175.0,123.0,3.7205387205387206,1.6674793107765156,0.0707070707070707,0.010101010101010102,0.06060539442550704,0.14971272508299294,0.15691474896037558,1.0,0.0625,0.0
500,6,195.0,151.0,4.070707070707071,1.6712212026335183,0.04040404040404041,0.010101010101010102,0.05752328253454211,0.1324286248101392,0.15927418098222806,1.0,0.0625,0.0
500,7,191.0,142.0,3.9023569023569022,1.6617790456394712,0.05723905723905724,0.02356902356902357,0.05801039264579094,0.1282742686200884,0.15436314362635167,1.0,0.0625,0.0
500,8,177.0,125.0,3.7777777777777777,1.6487249775591395,0.06397306397306397,0.003367003367003367,0.06304691577511971,0.15691154027990709,0.12956554871406253,1.0,0.03125,0.0
500,9,181.0,128.0,3.757575757575758,1.5854403360188627,0.05723905723905724,0.0,0.06535618264932813,0.1683836491819604,0.17576242735173786,1.0,0.0625,0.0
500,10,198.0,148.0,4.063973063973064,1.580376837583176,0.030303030303030304,0.006734006734006734,0.05621893522049343,0.13098340364896885,0.16593803362731493,1.0,0.03125,0.0
500,11,194.0,144.0,3.909090909090909,1.6335553905386127,0.04713804713804714,0.006734006734006734,0.0574174438205544,0.14270128728239395,0.13336932986305508,1.0,0.03125,0.0
500,12,192.0,147.0,3.835016835016835,1.678659703570078,0.05387205387205387,0.020202020202020204,0.05034348261652946,0.12097355672987832,0.14229349343163566,1.0,0.03125,0.0
500,13,178.0,126.0,3.835016835016835,1.660509662659005,0.06060606060606061,0.013468013468013467,0.05404315720578643,0.13325222106257154,0.16069045190084558,1.0,0.09375,0.0
500,14,195.0,150.0,4.063973063973064,1.7750463661459814,0.08080808080808081,0.003367003367003367,0.042520947388270974,0.11301069535690043,0.13640900447894666,1.0,0.03125,0.0
500,15,192.0,142.0,3.9225589225589226,1.6280566747169527,0.05723905723905724,0.003367003367003367,0.047184837894347874,0.12567959788713995,0.14280595783701192,1.0,0.09375,0.0
500,16,185.0,131.0,3.878787878787879,1.6612400176019215,0.05387205387205387,0.006734006734006734,0.04875285942002187,0.14135430730643095,0.1650131918645874,1.0,0.09375,0.0
500,17,168.0,116.0,3.6902356902356903,1.5928096890064656,0.07407407407407407,0.006734006734006734,0.06543002199100108,0.1620203168133566,0.14614570423426185,1.0,0.03125,0.0
500,18,200.0,158.0,3.9292929292929295,1.7031513191363623,0.05723905723905724,0.016835016835016835,0.04834857237025875,0.1313169673192805,0.14574415070625693,1.0,0.125,0.0
500,19,183.0,132.0,3.8653198653198655,1.727781312750414,0.06397306397306397,0.016835016835016835,0.05634546781632839,0.14529989571870236,0.16509253385319406,1.0,0.03125,0.0
500,20,201.0,158.0,4.03030303030303,1.7702434468271837,0.06060606060606061,0.020202020202020204,0.048629463127206354,0.13295013158472918,0.15796656521885474,1.0,0.0625,0.0
500,21,186.0,136.0,3.8821548821548824,1.6131565777573131,0.06397306397306397,0.006734006734006734,0.056057242655029586,0.13403539164934486,0.1451357822831374,1.0,0.0,0.0
500,22,180.0,125.0,3.723905723905724,1.6323335110965278,0.06734006734006734,0.010101010101010102,0.06662904941920164,0.14130606486900243,0.12851549685860794,1.0,0.09375,0.0
500,23,197.0,149.0,4.134680134680135,1.7871716407339708,0.06734006734006734,0.030303030303030304,0.049816318867136125,0.1265885330882057,0.14129783231141818,1.0,0.0625,0.0
500,24,189.0,144.0,3.8181818181818183,1.651630984724824,0.06734006734006734,0.013468013468013467,0.06266920231208954,0.14888359987175984,0.14189397444742308,1.0,0.0625,0.0
500,25,195.0,149.0,3.8484848484848486,1.701832858436239,0.07744107744107744,0.013468013468013467,0.06667602256971494,0.14832527921015448,0.18046308201303327,1.0,0.0,0.0
500,26,191.0,145.0,3.855218855218855,1.6724892341350601,0.06060606060606061,0.016835016835016835,0.0515829359536775,0.13138200099270692,0.13682166641437796,1.0,0.0,0.0
500,27,191.0,144.0,4.01010101010101,1.6544702194263503,0.030303030303030304,0.016835016835016835,0.06011613996983278,0.134535280805293,0.15853390980895865,1.0,0.09375,0.0
500,28,187.0,139.0,3.919191919191919,1.6757938026174133,0.03367003367003367,0.016835016835016835,0.06247164631783511,0.14449223433580058,0.15065447987747885,1.0,0.0,0.0
500,29,199.0,147.0,4.05050505050505,1.7351994851720929,0.050505050505050504,0.016835016835016835,0.05437234939216923,0.12631866240712009,0.1492121698251844,1.0,0.0625,0.0
500,30,179.0,124.0,3.9158249158249157,1.6339162255060062,0.05723905723905724,0.006734006734006734,0.0491124149868657,0.12277562650890096,0.13230244188683543,1.0,0.09375,0.0
500,31,196.0,153.0,4.070707070707071,1.7690903438864167,0.037037037037037035,0.016835016835016835,0.04636131600563935,0.11804090786471584,0.17705310594665546,1.0,0.03125,0.0
500,32,195.0,143.0,3.878787878787879,1.7248787237282068,0.0707070707070707,0.020202020202020204,0.042172925973139166,0.12773398136916062,0.12168244154113464,1.0,0.0,0.0
500,33,196.0,144.0,4.090909090909091,1.6169821149554207,0.04377104377104377,0.010101010101010102,0.05133762910181598,0.13308485071338425,0.145935461016856,1.0,0.0625,0.0
500,34,183.0,132.0,3.942760942760943,1.6555456606309982,0.03367003367003367,0.013468013468013467,0.05980980175067875,0.15154778874356825,0.14493163548401314,1.0,0.09375,0.0
500,35,176.0,124.0,3.781144781144781,1.6684580380787721,0.05723905723905724,0.010101010101010102,0.06593388096941463,0.12960526249792895,0.1308338502475703,1.0,0.09375,0.0
500,36,195.0,145.0,3.909090909090909,1.6902826398297854,0.06060606060606061,0.020202020202020204,0.05484766864295849,0.13168000984047304,0.17571313319220663,1.0,0.0625,0.0
500,37,183.0,128.0,3.95959595959596,1.7188939669880703,0.050505050505050504,0.010101010101010102,0.062163614240376676,0.1429100520431372,0.12457988222517641,1.0,0.0625,0.0
500,38,197.0,149.0,4.023569023569023,1.7084017151477935,0.050505050505050504,0.006734006734006734,0.058828605854950235,0.14069373598100424,0.14420339507234253,1.0,0.0625,0.0
500,39,178.0,124.0,3.808080808080808,1.647424891949504,0.06397306397306397,0.010101010101010102,0.05846538804922013,0.14614810971963646,0.1798889109660243,1.0,0.0,0.0
500,40,184.0,133.0,3.7373737373737375,1.6892561584134846,0.06734006734006734,0.013468013468013467,0.04825494762113951,0.11869096468467694,0.1338444089985415,1.0,0.0625,0.0
500,41,186.0,130.0,3.9494949494949494,1.6041218206953791,0.05387205387205387,0.020202020202020204,0.05127920978091379,0.12377476935892598,0.14313591793858818,1.0,0.03125,0.0
500,42,198.0,151.0,3.98989898989899,1.6401626930980444,0.04040404040404041,0.010101010101010102,0.05351164428482969,0.12976186038468712,0.12974251510311355,1.0,0.0625,0.0
500,43,185.0,130.0,3.8181818181818183,1.6040582142867934,0.06397306397306397,0.003367003367003367,0.0631640921539841,0.15735672639510018,0.14818948023435927,1.0,0.0,0.0
500,44,201.0,156.0,4.084175084175084,1.710431082465485,0.05387205387205387,0.020202020202020204,0.054638732706820424,0.1302296789258155,0.15773747573665897,1.0,0.0625,0.0
500,45,184.0,134.0,3.8383838383838382,1.7678787763360955,0.07744107744107744,0.010101010101010102,0.06215288756500574,0.13253898219360308,0.15642156003787563,1.0,0.03125,0.0
500,46,170.0,120.0,3.6161616161616164,1.6332430651642615,0.07407407407407407,0.010101010101010102,0.0677848321500717,0.15831348596196945,0.17772490711059127,1.0,0.0625,0.0
500,47,188.0,141.0,3.9393939393939394,1.739721223564524,0.050505050505050504,0.010101010101010102,0.06025317671180379,0.14281261512533866,0.16746826883366323,1.0,0.0625,0.0
500,48,194.0,145.0,3.9393939393939394,1.5773108117933847,0.037037037037037035,0.016835016835016835,0.04460107532230022,0.11676978440461097,0.15933480244410722,1.0,0.03125,0.0
500,49,183.0,136.0,3.6902356902356903,1.5564589910803173,0.05387205387205387,0.0,0.06569550933501637,0.1563409091978492,0.12834308122759225,1.0,0.0625,0.0
500,50,197.0,149.0,4.0033670033670035,1.602813848303007,0.04377104377104377,0.013468013468013467,0.05833350491621535,0.12468934398486281,0.14880675495464715,1.0,0.0,0.0
500,51,178.0,124.0,3.8484848484848486,1.6658400153799702,0.06397306397306397,0.003367003367003367,0.057158232855379174,0.13137677327635836,0.1577098184709213,1.0,0.0,0.0
500,52,191.0,139.0,3.8821548821548824,1.6746027428563135,0.06060606060606061,0.016835016835016835,0.06597963268186222,0.1513111273140715,0.1390948595736689,1.0,0.09375,0.0
500,53,196.0,145.0,4.0606060606060606,1.7627926754241197,0.06397306397306397,0.013468013468013467,0.05123310150125944,0.1279074375224077,0.16077664156386423,1.0,0.03125,0.0
500,54,182.0,133.0,3.797979797979798,1.6308048743833266,0.04713804713804714,0.006734006734006734,0.06049639785814146,0.13903583285574278,0.14029075477528624,1.0,0.09375,0.0
500,55,190.0,141.0,3.9966329966329965,1.7609652933259152,0.05387205387205387,0.010101010101010102,0.05398165127818283,0.1386185925606836,0.1797911484883157,1.0,0.09375,0.0
500,56,183.0,131.0,3.771043771043771,1.63755481716762,0.06397306397306397,0.006734006734006734,0.049908971154279454,0.13859132745554426,0.13909141311283718,1.0,0.03125,0.0
500,57,190.0,138.0,3.8047138047138045,1.660263863529962,0.06397306397306397,0.02356902356902357,0.05749552750775782,0.1492398899629607,0.1913604326691669,1.0,0.0,0.0
500,58,183.0,137.0,3.919191919191919,1.667737641823468,0.05387205387205387,0.010101010101010102,0.05512231475360463,0.14756443084647583,0.12540149219672936,1.0,0.03125,0.0
500,59,185.0,131.0,3.98989898989899,1.7628505544540771,0.06397306397306397,0.020202020202020204,0.04779304326894554,0.1251200580096597,0.1670514163292352,1.0,0.03125,0.0
500,60,190.0,138.0,3.9292929292929295,1.6712212026335183,0.050505050505050504,0.013468013468013467,0.06531320904123823,0.15094970568801752,0.14608861443344598,1.0,0.15625,0.0
500,61,196.0,146.0,4.0673400673400675,1.7375368597240344,0.030303030303030304,0.02356902356902357,0.04553531944712649,0.12739192636408264,0.17007193304064752,1.0,0.0,0.0
500,62,187.0,132.0,3.9966329966329965,1.7494555507055292,0.06734006734006734,0.016835016835016835,0.053737198643029165,0.13237215024908305,0.14493680495356828,1.0,0.09375,0.0
500,63,196.0,148.0,4.0606060606060606,1.6706105770138682,0.04040404040404041,0.016835016835016835,0.0628507474739749,0.1366138085861596,0.17229811300162343,1.0,0.125,0.0
500,64,183.0,131.0,3.7777777777777777,1.6487249775591395,0.06060606060606061,0.010101010101010102,0.052751038101562085,0.13188986880938283,0.11478311874154104,1.0,0.0625,0.0
500,65,184.0,127.0,4.013468013468014,1.6142735885449626,0.04377104377104377,0.013468013468013467,0.05257845959724558,0.13447388052892226,0.12132472251655388,1.0,0.03125,0.0
500,66,193.0,143.0,3.98989898989899,1.7685712022819629,0.06060606060606061,0.016835016835016835,0.0620532396381624,0.15574230620117485,0.1988500373555228,1.0,0.09375,0.0
500,67,181.0,132.0,3.723905723905724,1.6282028982840882,0.05723905723905724,0.003367003367003367,0.05530959818062686,0.13617986637457272,0.1392842389273256,1.0,0.0,0.0
500,68,180.0,124.0,3.7845117845117846,1.6759426255706247,0.08417508417508418,0.006734006734006734,0.04968984582448123,0.1375439435836257,0.1288625922005981,1.0,0.0625,0.0
500,69,190.0,137.0,3.925925925925926,1.6188809893913434,0.037037037037037035,0.010101010101010102,0.061133780553191734,0.1399382532508612,0.15055484964114219,1.0,0.0,0.0
500,70,183.0,135.0,3.8754208754208754,1.6518437534545583,0.08417508417508418,0.003367003367003367,0.05895091390089821,0.13872366502026257,0.15017968751073738,1.0,0.0,0.0
500,71,177.0,126.0,3.835016835016835,1.7319689899672466,0.05723905723905724,0.020202020202020204,0.05619688098250055,0.13505876807212303,0.13932543709363387,1.0,0.09375,0.0
500,72,186.0,140.0,3.919191919191919,1.5870483859443731,0.037037037037037035,0.006734006734006734,0.054660817388868584,0.13601454435253973,0.13812107854914998,1.0,0.03125,0.0
500,73,194.0,148.0,3.936026936026936,1.691516276127949,0.037037037037037035,0.010101010101010102,0.03964072660202646,0.11512681385952458,0.1504604235955421,1.0,0.09375,0.0
500,74,179.0,134.0,3.7845117845117846,1.721530086605144,0.05387205387205387,0.02356902356902357,0.05389630974400658,0.1273735734226729,0.16281151546205272,1.0,0.0625,0.0
500,75,194.0,138.0,3.973063973063973,1.6654384482362823,0.06397306397306397,0.010101010101010102,0.05972752140003495,0.13851848257157412,0.14908082091413077,1.0,0.125,0.0
500,76,183.0,129.0,3.898989898989899,1.7105039887474291,0.0707070707070707,0.006734006734006734,0.05624882812598596,0.14575299626686083,0.14409446169155302,1.0,0.09375,0.0
500,77,187.0,137.0,3.872053872053872,1.6050614882104006,0.050505050505050504,0.013468013468013467,0.06701722993597362,0.14548849176641052,0.12739039842266575,1.0,0.03125,0.0
500,78,179.0,124.0,3.8518518518518516,1.7090386388145873,0.05387205387205387,0.02356902356902357,0.05691441800679464,0.13616292995251061,0.1548130833053404,1.0,0.0,0.0
500,79,187.0,139.0,3.824915824915825,1.6985789494339112,0.05723905723905724,0.02356902356902357,0.055852120416881194,0.14419390533411333,0.18829974525459753,1.0,0.0625,0.0
500,80,190.0,144.0,3.9057239057239057,1.6770989355422257,0.050505050505050504,0.006734006734006734,0.06136533744197633,0.14082278501842707,0.16178825454755386,1.0,0.09375,0.0
500,81,186.0,131.0,3.9393939393939394,1.6048213248029806,0.06060606060606061,0.006734006734006734,0.0519488654754253,0.1327367978770938,0.152048015924846,1.0,0.0625,0.0
500,82,198.0,152.0,3.9393939393939394,1.6564424689353272,0.0707070707070707,0.010101010101010102,0.05087429955713967,0.12684143788855828,0.14818319331420252,1.0,0.125,0.0
500,83,180.0,130.0,3.8013468013468015,1.7245303476984295,0.07407407407407407,0.003367003367003367,0.05608044891214901,0.1481928242060144,0.13617888058902614,1.0,0.03125,0.0
500,84,192.0,142.0,4.013468013468014,1.7271316092811828,0.04713804713804714,0.026936026936026935,0.04587021405413287,0.12694690636101644,0.11825626563910827,1.0,0.09375,0.0
500,85,169.0,115.0,3.6666666666666665,1.6101529717988265,0.07407407407407407,0.003367003367003367,0.0609514496613828,0.1436113329445981,0.14447379909184618,1.0,0.03125,0.0
500,86,197.0,150.0,4.006734006734007,1.7771335941347979,0.06060606060606061,0.026936026936026935,0.048265457147123436,0.12223711149106999,0.1354815753576413,1.0,0.0,0.0
500,87,189.0,138.0,3.9023569023569022,1.5807856698174387,0.037037037037037035,0.006734006734006734,0.062491805706341545,0.14619296736478973,0.16832069906907934,1.0,0.0625,0.0
500,88,196.0,146.0,4.0,1.7095493331749518,0.04377104377104377,0.02356902356902357,0.06798014247479402,0.16429033233400364,0.13099897773895763,1.0,0.0,0.0
500,89,195.0,145.0,3.973063973063973,1.679530670158102,0.05387205387205387,0.013468013468013467,0.04659995588653079,0.12243697686604846,0.13315979377618217,1.0,0.09375,0.0
500,90,192.0,142.0,3.9797979797979797,1.7445236949238612,0.050505050505050504,0.006734006734006734,0.048788350076718355,0.11542742133411489,0.11481805568893443,1.0,0.0,0.0
500,91,181.0,129.0,3.7946127946127945,1.6396511295098615,0.0707070707070707,0.010101010101010102,0.056124434099691284,0.1473771209515231,0.1441676898099275,1.0,0.03125,0.0
500,92,172.0,119.0,3.750841750841751,1.6159581802376786,0.0707070707070707,0.006734006734006734,0.05872375008082642,0.14594429773226897,0.1130020645036037,1.0,0.0625,0.0
500,93,187.0,137.0,3.845117845117845,1.6965754980123822,0.06060606060606061,0.010101010101010102,0.05176133628045573,0.13699258442729237,0.1545246044213042,1.0,0.03125,0.0
500,94,179.0,127.0,3.878787878787879,1.7268296436835495,0.05387205387205387,0.016835016835016835,0.060471138273380326,0.1471339854041045,0.17280290664893153,1.0,0.03125,0.0
500,95,186.0,129.0,3.8484848484848486,1.6455038406217932,0.0707070707070707,0.013468013468013467,0.041508587865727975,0.11826742387652749,0.1186151489750091,1.0,0.1875,0.0
500,96,199.0,149.0,3.95959595959596,1.607552829420425,0.037037037037037035,0.003367003367003367,0.05133886067978301,0.13372302366929872,0.1469518055462945,1.0,0.03125,0.0
500,97,186.0,135.0,3.898989898989899,1.6585354142847508,0.06397306397306397,0.006734006734006734,0.052206479654235596,0.13510805590398411,0.1291025064664187,1.0,0.0625,0.0
500,98,188.0,135.0,3.942760942760943,1.7154741724824452,0.06060606060606061,0.016835016835016835,0.05489061839911235,0.13305444124548294,0.16264638836195314,1.0,0.03125,0.0
500,99,171.0,120.0,3.7003367003367003,1.6250666563174059,0.06734006734006734,0.006734006734006734,0.06056723958339867,0.14185416850486834,0.10982177699977753,1.0,0.03125,0.0
500,100,178.0,129.0,3.808080808080808,1.8146992460844342,0.09427609427609428,0.016835016835016835,0.05961555583693226,0.14033218547193826,0.16781406999048723,1.0,0.0625,0.0
500,101,198.0,152.0,3.925925925925926,1.7079437795515962,0.08417508417508418,0.016835016835016835,0.0565295306628506,0.13635296409543174,0.12803789944988922,1.0,0.0,0.0
500,102,180.0,127.0,3.8047138047138045,1.6663367357006378,0.07407407407407407,0.010101010101010102,0.053403290837903454,0.13308430579754743,0.15992205004174692,1.0,0.09375,0.0
500,103,182.0,134.0,3.942760942760943,1.7036571239689897,0.05387205387205387,0.010101010101010102,0.053235599381519505,0.14030295431124748,0.13152735627785445,1.0,0.03125,0.0
500,104,202.0,148.0,4.212121212121212,1.7170528776465277,0.03367003367003367,0.016835016835016835,0.051087843926572715,0.11976398087452983,0.1950930793864301,1.0,0.03125,0.0
500,105,185.0,142.0,3.8417508417508417,1.7595935113331016,0.06397306397306397,0.020202020202020204,0.05758765970510237,0.14994145379098156,0.1353982200915888,1.0,0.0,0.0
500,106,191.0,140.0,4.016835016835016,1.6985989720148926,0.04377104377104377,0.020202020202020204,0.050398148713076976,0.11435943255014741,0.16034500716217479,1.0,0.09375,0.0
500,107,193.0,140.0,3.946127946127946,1.7321849800695681,0.05723905723905724,0.02356902356902357,0.04891022433724899,0.12170103596557248,0.16298418235583015,1.0,0.0625,0.0
500,108,187.0,133.0,3.8821548821548824,1.6985589266169039,0.06060606060606061,0.010101010101010102,0.05617135593991942,0.13252598959999667,0.11969275701771942,1.0,0.0,0.0
500,109,189.0,137.0,3.8821548821548824,1.6297687560613439,0.06397306397306397,0.006734006734006734,0.05344400464549118,0.12986912124812114,0.12987172115331003,1.0,0.09375,0.0
500,110,190.0,134.0,3.8821548821548824,1.6441667328381837,0.06734006734006734,0.013468013468013467,0.05382200289390254,0.14098947326818956,0.16035722839219912,1.0,0.0625,0.0
500,111,191.0,142.0,3.9494949494949494,1.7525761934784907,0.06397306397306397,0.010101010101010102,0.04124559464281706,0.12407159010942173,0.14750523470578414,1.0,0.03125,0.0
500,112,189.0,143.0,4.047138047138047,1.8177390656827834,0.05723905723905724,0.030303030303030304,0.050750552135578386,0.15395577935506974,0.1180342408437474,1.0,0.0,0.0
500,113,193.0,142.0,3.872053872053872,1.6768758500933876,0.06397306397306397,0.016835016835016835,0.06462014261599813,0.14399422117781357,0.1848037193750271,1.0,0.0,0.0
500,114,194.0,142.0,3.8922558922558923,1.6294348326683987,0.07407407407407407,0.006734006734006734,0.050803242244287894,0.12879806641196664,0.1490119880171227,1.0,0.0,0.0
500,115,191.0,141.0,3.9764309764309766,1.6985188802747788,0.05723905723905724,0.010101010101010102,0.05968492201084532,0.13730261127783575,0.1319413176047634,1.0,0.09375,0.0
500,116,187.0,139.0,3.9292929292929295,1.7690903438864167,0.05387205387205387,0.013468013468013467,0.05227297688872806,0.13161696807501808,0.14125144086623762,1.0,0.03125,0.0
500,117,186.0,132.0,3.7542087542087543,1.540756339541013,0.050505050505050504,0.0,0.07183734011119407,0.16414899707064848,0.18870501057500502,1.0,0.0625,0.0
500,118,191.0,148.0,3.8383838383838382,1.709788047039576,0.06734006734006734,0.013468013468013467,0.04657139690017845,0.11536823882377199,0.17830425899855532,1.0,0.03125,0.0
500,119,178.0,122.0,3.8518518518518516,1.6590548214604148,0.04713804713804714,0.006734006734006734,0.05823704474069486,0.1414131121302164,0.12743628016999556,1.0,0.09375,0.0
500,120,187.0,136.0,3.8484848484848486,1.7273613303519757,0.07407407407407407,0.006734006734006734,0.05787702316925087,0.14429709888852194,0.15725669625539257,1.0,0.0,0.0
500,121,175.0,125.0,3.8215488215488214,1.7228334733541097,0.0707070707070707,0.013468013468013467,0.058317719709531174,0.15438476425185227,0.17642070359840595,1.0,0.0625,0.0
500,122,176.0,127.0,3.8013468013468015,1.7147404720431698,0.050505050505050504,0.010101010101010102,0.046724966416771624,0.12114423891590732,0.11552574735065377,1.0,0.0,0.0
500,123,182.0,130.0,3.8518518518518516,1.7422087083467732,0.06734006734006734,0.006734006734006734,0.04677644719398814,0.11673255339854534,0.1388766582290054,1.0,0.0625,0.0
500,124,180.0,129.0,3.8585858585858586,1.701712947718568,0.050505050505050504,0.026936026936026935,0.0623575621563855,0.14259189561579355,0.1750288269241917,1.0,0.0625,0.0
500,125,206.0,153.0,4.171717171717172,1.653730019455177,0.04377104377104377,0.013468013468013467,0.05167412313000443,0.12781224166789898,0.13545426280474204,1.0,0.0625,0.0
500,126,181.0,129.0,3.7138047138047137,1.5961584782812852,0.07407407407407407,0.013468013468013467,0.059733326943706026,0.14401514059801077,0.16273034278059345,1.0,0.09375,0.0
500,127,197.0,151.0,3.9494949494949494,1.6939607763839617,0.04377104377104377,0.016835016835016835,0.04191836481032104,0.10502119275379367,0.12457495255506215,1.0,0.0625,0.0
500,128,190.0,143.0,3.7777777777777777,1.6528043033267423,0.06734006734006734,0.010101010101010102,0.057340668159803654,0.12689907362349082,0.1527166068906247,1.0,0.0,0.0
500,129,176.0,122.0,3.7474747474747474,1.647424891949504,0.07744107744107744,0.016835016835016835,0.062090703130325574,0.1538608812520739,0.15137853499877432,1.0,0.0625,0.0
500,130,179.0,127.0,3.760942760942761,1.6080887038817147,0.06734006734006734,0.010101010101010102,0.06447871531460345,0.14114774697889912,0.18985555739682697,1.0,0.0625,0.0
500,131,195.0,146.0,3.952861952861953,1.6750697933497636,0.04377104377104377,0.016835016835016835,0.0529781531455694,0.12089753755922238,0.1625555027133406,1.0,0.125,0.0
500,132,186.0,126.0,3.9562289562289563,1.6539219549606718,0.06060606060606061,0.010101010101010102,0.055358863658357065,0.1420373474082962,0.1314453921428594,1.0,0.09375,0.0
500,133,184.0,133.0,3.8417508417508417,1.5586861962752117,0.06060606060606061,0.010101010101010102,0.0697129321402978,0.16600963920110864,0.13876030761424263,1.0,0.0625,0.0
500,134,186.0,134.0,3.8855218855218854,1.7408807555592598,0.0707070707070707,0.02356902356902357,0.050007172644286016,0.13786076162786218,0.13169886978284132,1.0,0.0,0.0
500,135,189.0,140.0,3.8855218855218854,1.6433805022301586,0.050505050505050504,0.013468013468013467,0.061441079367386305,0.1555432578404921,0.15451699323722667,1.0,0.0,0.0
500,136,199.0,155.0,3.98989898989899,1.7571112819446089,0.0707070707070707,0.020202020202020204,0.04999557583727633,0.13142849250345087,0.1718619711886495,1.0,0.03125,0.0
500,137,193.0,141.0,4.070707070707071,1.7747908792401939,0.07744107744107744,0.020202020202020204,0.04908101071466197,0.13050511042770663,0.16488458047627552,1.0,0.0625,0.0
500,138,202.0,153.0,4.08080808080808,1.7504791129239976,0.06060606060606061,0.026936026936026935,0.048502571958170655,0.12940234516874313,0.1494580093708552,1.0,0.0625,0.0
500,139,178.0,133.0,3.7474747474747474,1.6433322126541614,0.05723905723905724,0.003367003367003367,0.06953970166662363,0.15684613369775832,0.15798957179263168,1.0,0.0625,0.0
500,140,176.0,125.0,3.8417508417508417,1.5369328518574974,0.037037037037037035,0.0,0.060897364655359526,0.14183454771402984,0.15397589977665177,1.0,0.09375,0.0
500,141,190.0,144.0,3.942760942760943,1.6636608612845813,0.06397306397306397,0.010101010101010102,0.04552444915512789,0.11270650439746988,0.13207869508622772,1.0,0.09375,0.0
500,142,181.0,132.0,3.7777777777777777,1.6790783640549616,0.05723905723905724,0.013468013468013467,0.06023115371133536,0.1447563807216932,0.1296396442382694,1.0,0.03125,0.0
500,143,183.0,137.0,3.835016835016835,1.6236010035017228,0.06397306397306397,0.010101010101010102,0.06162232915345763,0.14397725124349836,0.1389212628259253,1.0,0.09375,0.0
500,144,193.0,141.0,3.797979797979798,1.6594579333591168,0.06060606060606061,0.010101010101010102,0.057369568933056184,0.14067075704652543,0.15781125278591193,1.0,0.0,0.0
500,145,190.0,143.0,3.952861952861953,1.6425938952914416,0.04377104377104377,0.010101010101010102,0.066011411591075,0.1587490122607631,0.1350292562222205,1.0,0.0625,0.0
500,146,197.0,150.0,3.855218855218855,1.6130511594526333,0.05387205387205387,0.006734006734006734,0.05719579956363714,0.1419605328614082,0.1605980779572945,1.0,0.03125,0.0
500,147,178.0,131.0,3.653198653198653,1.6031108870232469,0.07407407407407407,0.006734006734006734,0.05342749978275907,0.14692541012728044,0.11357043951789304,1.0,0.0,0.0
500,148,191.0,140.0,4.0033670033670035,1.6807452181113445,0.05387205387205387,0.003367003367003367,0.05484699386376231,0.1411515851784245,0.14156648381281012,1.0,0.0625,0.0
500,149,173.0,130.0,3.686868686868687,1.699553108104788,0.07407407407407407,0.016835016835016835,0.07574350516735605,0.1667189822519967,0.1397354763782948,1.0,0.0625,0.0
500,150,184.0,135.0,3.8417508417508417,1.7031979127040284,0.06397306397306397,0.006734006734006734,0.05712734113526001,0.1321553395558062,0.14374661922836346,1.0,0.0625,0.0
500,151,181.0,127.0,3.824915824915825,1.6584602234542363,0.0707070707070707,0.006734006734006734,0.05859527500163516,0.13927047045990082,0.15629271477191917,1.0,0.0625,0.0
500,152,196.0,151.0,3.9326599326599325,1.7682699020918062,0.06734006734006734,0.016835016835016835,0.05582901476463997,0.12989438100619993,0.1552438201563806,1.0,0.03125,0.0
500,153,201.0,156.0,3.98989898989899,1.7455761274527635,0.07407407407407407,0.010101010101010102,0.05607984467613115,0.12338261137797929,0.14242939952949019,1.0,0.03125,0.0
500,154,185.0,130.0,3.9292929292929295,1.5970460437030551,0.037037037037037035,0.006734006734006734,0.05950976156110733,0.15270092953640943,0.19747505350589137,1.0,0.0,0.0
500,155,197.0,144.0,4.097643097643098,1.68591745863625,0.03367003367003367,0.010101010101010102,0.06292501209536604,0.13772393543972822,0.19698326907376357,1.0,0.09375,0.0
500,156,196.0,151.0,4.047138047138047,1.7304366504281536,0.04377104377104377,0.010101010101010102,0.04735843405401429,0.12259693959981029,0.14371867670157493,1.0,0.09375,0.0
500,157,193.0,141.0,3.925925925925926,1.6126294173214981,0.050505050505050504,0.016835016835016835,0.05112801180865607,0.1298649082664332,0.15884838609060528,1.0,0.03125,0.0
500,158,199.0,158.0,3.8518518518518516,1.6951917360060396,0.07407407407407407,0.0,0.05113014420731322,0.13090020288310222,0.13724271958334244,1.0,0.03125,0.0
500,159,188.0,140.0,3.8114478114478114,1.789833878115346,0.09764309764309764,0.016835016835016835,0.05605059878313345,0.1307472326565627,0.16340605880972706,1.0,0.0625,0.0
500,160,175.0,118.0,3.845117845117845,1.686623368386057,0.08080808080808081,0.016835016835016835,0.05504393440107633,0.13754580816294865,0.14311299483359202,1.0,0.15625,0.0
500,161,192.0,141.0,3.9494949494949494,1.6598267974247312,0.050505050505050504,0.013468013468013467,0.05036222894439737,0.12367912746097379,0.1501403730479414,1.0,0.0625,0.0
500,162,188.0,134.0,3.872053872053872,1.6566751489916043,0.050505050505050504,0.006734006734006734,0.05974368526664199,0.142376771370441,0.12453507180283305,1.0,0.09375,0.0
500,163,170.0,117.0,3.760942760942761,1.6575781855370004,0.0707070707070707,0.010101010101010102,0.05097961020046658,0.12097388716794605,0.14432172627307532,1.0,0.03125,0.0
500,164,178.0,130.0,3.824915824915825,1.6665612319131577,0.06397306397306397,0.006734006734006734,0.0665805842497093,0.14814831757525782,0.17656307820248618,1.0,0.03125,0.0
500,165,197.0,149.0,3.95959595959596,1.626293995556669,0.037037037037037035,0.013468013468013467,0.05798236594580617,0.138411814481472,0.16676566342064808,1.0,0.125,0.0
500,166,198.0,143.0,4.037037037037037,1.684343224010877,0.06397306397306397,0.016835016835016835,0.04397011309987869,0.12861563763739817,0.119498000928186,1.0,0.0625,0.0
500,167,178.0,119.0,3.797979797979798,1.5107680699591317,0.05387205387205387,0.006734006734006734,0.06492605954748681,0.1631493786534213,0.13534666586665126,1.0,0.0625,0.0
500,168,183.0,134.0,3.6902356902356903,1.5800755250901246,0.06397306397306397,0.006734006734006734,0.06111212288092282,0.14892019370427614,0.13061062431037118,1.0,0.03125,0.0
500,169,199.0,149.0,4.077441077441078,1.6909532059890453,0.03367003367003367,0.020202020202020204,0.0608605205609663,0.13023128396888095,0.12613559646643838,1.0,0.09375,0.0
500,170,195.0,145.0,4.188552188552189,1.590630264344529,0.013468013468013467,0.013468013468013467,0.04885826312850491,0.1250446700390472,0.16271248811571032,1.0,0.0,0.0
500,171,192.0,144.0,3.942760942760943,1.7095758585837335,0.04040404040404041,0.013468013468013467,0.06164438456564161,0.14729529027577964,0.1714289463929785,1.0,0.03125,0.0
500,172,189.0,141.0,3.909090909090909,1.672258754470697,0.05387205387205387,0.013468013468013467,0.048446779489750805,0.11250474662152662,0.14946807685412114,1.0,0.0,0.0
500,173,187.0,133.0,3.8383838383838382,1.6041218206953791,0.05387205387205387,0.013468013468013467,0.05363570989958117,0.14145897331138554,0.1506313905719188,1.0,0.0625,0.0
500,174,190.0,147.0,3.7845117845117846,1.7136889484823925,0.08080808080808081,0.020202020202020204,0.06491519279141753,0.15374206039438057,0.15417061578434885,1.0,0.03125,0.0
500,175,184.0,136.0,3.8047138047138045,1.6233496158657,0.05723905723905724,0.016835016835016835,0.061103850263677754,0.14107165441768113,0.17093202940211658,1.0,0.0625,0.0
500,176,181.0,131.0,3.8047138047138045,1.7121799764124133,0.06060606060606061,0.003367003367003367,0.05768170064917485,0.14686951965813475,0.1451037079201988,1.0,0.0,0.0
500,177,192.0,146.0,4.043771043771044,1.6437115925340726,0.03367003367003367,0.006734006734006734,0.06243411246193023,0.13667611448835118,0.13439858612157884,1.0,0.0625,0.0
500,178,201.0,148.0,4.08080808080808,1.633055641267862,0.04377104377104377,0.006734006734006734,0.05209150510098701,0.13961358970980983,0.1538923161611959,1.0,0.09375,0.0
500,179,182.0,126.0,3.8383838383838382,1.7313143099603499,0.06397306397306397,0.02356902356902357,0.05466320623088492,0.12979977450822372,0.13452700239324616,1.0,0.03125,0.0
500,180,183.0,132.0,3.9023569023569022,1.6799153720150584,0.06060606060606061,0.016835016835016835,0.062217955416140606,0.1511977839476452,0.14679635435135052,1.0,0.0,0.0
500,181,194.0,151.0,3.9663299663299663,1.681412845530653,0.037037037037037035,0.010101010101010102,0.057914781295852195,0.13625743289484532,0.14386887653802188,1.0,0.0,0.0
500,182,197.0,151.0,3.9124579124579126,1.5951567117676324,0.04040404040404041,0.003367003367003367,0.05399212619474134,0.13326598743312995,0.1435838730746739,1.0,0.0625,0.0
500,183,186.0,142.0,3.7777777777777777,1.7009933058985154,0.07744107744107744,0.006734006734006734,0.052555384887423354,0.13707371415560787,0.16344800702193613,1.0,0.03125,0.0
500,184,182.0,132.0,3.7946127946127945,1.7431649883678009,0.07407407407407407,0.013468013468013467,0.04541798704250827,0.11897701472863224,0.12307175687860507,1.0,0.03125,0.0
500,185,186.0,136.0,3.8518518518518516,1.663108810053949,0.07407407407407407,0.0,0.06881637965176235,0.15926550432239742,0.11698548954549041,1.0,0.0625,0.0
500,186,183.0,133.0,3.723905723905724,1.6343949027645446,0.05723905723905724,0.010101010101010102,0.051938447136530466,0.13393695804992975,0.15392668299743134,1.0,0.0625,0.0
500,187,198.0,151.0,3.95959595959596,1.7306069773787534,0.06397306397306397,0.016835016835016835,0.05349113188759208,0.12051597764438257,0.16919398784657314,1.0,0.0625,0.0
500,188,194.0,142.0,3.9393939393939394,1.6846595344961117,0.05723905723905724,0.016835016835016835,0.04987559370276572,0.13936855720218547,0.13276670198398172,1.0,0.09375,0.0
500,189,187.0,142.0,3.8013468013468015,1.774567298024237,0.06397306397306397,0.020202020202020204,0.04573847183930147,0.1323565775272779,0.1442907366751447,1.0,0.03125,0.0
500,190,199.0,145.0,3.936026936026936,1.6654384482362823,0.06397306397306397,0.010101010101010102,0.05010668055750764,0.1278446183261027,0.15431322229151503,1.0,0.09375,0.0
500,191,188.0,135.0,3.8653198653198655,1.5769945359363313,0.04377104377104377,0.006734006734006734,0.06036593910727162,0.15010990872480864,0.1414210178612513,1.0,0.0,0.0
500,192,185.0,127.0,3.8518518518518516,1.5821835075151047,0.06397306397306397,0.010101010101010102,0.05056402907873358,0.1339249865053954,0.1351411481879125,1.0,0.0625,0.0
500,193,192.0,142.0,3.9158249158249157,1.670597005020635,0.05387205387205387,0.013468013468013467,0.05703925467412073,0.1212633498183357,0.14372899563951627,1.0,0.125,0.0
500,194,179.0,129.0,3.787878787878788,1.6873827318140127,0.05723905723905724,0.003367003367003367,0.06078668897432739,0.14368726291157632,0.15337889260967275,1.0,0.03125,0.0
500,195,192.0,144.0,4.070707070707071,1.72280715206781,0.050505050505050504,0.016835016835016835,0.05088064535299955,0.12892923437141032,0.16119220323799696,1.0,0.03125,0.0
500,196,183.0,130.0,3.872053872053872,1.652605378128227,0.06734006734006734,0.010101010101010102,0.05368869352322933,0.1366165202352766,0.16032568924207038,1.0,0.03125,0.0
500,197,193.0,137.0,3.9124579124579126,1.6470807823077451,0.030303030303030304,0.013468013468013467,0.059300133415516994,0.12669527820961368,0.1646424548198022,1.0,0.09375,0.0
500,198,195.0,145.0,4.0033670033670035,1.617451785819269,0.030303030303030304,0.016835016835016835,0.04585866704053843,0.13059187813883985,0.13943590311224752,1.0,0.09375,0.0
500,199,186.0,134.0,3.814814814814815,1.6297061506368622,0.05387205387205387,0.006734006734006734,0.06724409245793417,0.16053159454042643,0.15213298185735163,1.0,0.0625,0.0
500,200,175.0,123.0,3.787878787878788,1.5865982962482312,0.04040404040404041,0.010101010101010102,0.05769707607457108,0.13855071789418005,0.1373635787120459,1.0,0.09375,0.0
500,201,193.0,144.0,4.094276094276094,1.7613128992768878,0.04377104377104377,0.02356902356902357,0.05941202130496289,0.14039287350503998,0.18167965862908983,1.0,0.0625,0.0
500,202,185.0,135.0,3.8956228956228958,1.6613696732291767,0.050505050505050504,0.016835016835016835,0.04934137780193745,0.14416329880904977,0.12714177012151523,1.0,0.03125,0.0
500,203,200.0,151.0,4.0,1.6897392861677967,0.07407407407407407,0.006734006734006734,0.05738322674896166,0.13624428620891374,0.13820395604743643,1.0,0.03125,0.0
500,204,186.0,139.0,3.723905723905724,1.7128552071932373,0.08417508417508418,0.020202020202020204,0.06647446816487582,0.14461681631099646,0.18390076296266245,1.0,0.03125,0.0
500,205,193.0,148.0,3.8181818181818183,1.6269839670061321,0.0707070707070707,0.0,0.062093549932871556,0.15156575447602147,0.1433136437708194,1.0,0.03125,0.0
500,206,188.0,141.0,3.861952861952862,1.7147999729627226,0.10437710437710437,0.006734006734006734,0.058508995419989114,0.1556794582439883,0.14612858054682487,1.0,0.0,0.0
500,207,194.0,146.0,3.8013468013468015,1.6425317786997577,0.07744107744107744,0.006734006734006734,0.04596069323976627,0.12055411926110991,0.1753219034870822,1.0,0.03125,0.0
500,208,205.0,159.0,4.074074074074074,1.7699040001076913,0.06060606060606061,0.006734006734006734,0.05943330866100563,0.13918201045693726,0.1647595095821676,1.0,0.09375,0.0
500,209,182.0,130.0,3.855218855218855,1.6684580380787724,0.06060606060606061,0.013468013468013467,0.05238237102106829,0.12804768863649116,0.14110780847603213,1.0,0.0625,0.0
500,210,185.0,137.0,3.872053872053872,1.6708412840316105,0.06397306397306397,0.010101010101010102,0.05994215337273461,0.13438483008842123,0.14174253407901524,1.0,0.03125,0.0
500,211,183.0,132.0,3.8653198653198655,1.7219251564709552,0.07407407407407407,0.006734006734006734,0.05214151480223189,0.13480534113052192,0.15219710466636288,1.0,0.0625,0.0
500,212,183.0,130.0,3.8013468013468015,1.6486699682594483,0.0707070707070707,0.006734006734006734,0.05563746812209237,0.14549823536188825,0.15570720141856637,1.0,0.09375,0.0
500,213,183.0,131.0,3.7643097643097643,1.5586207356662383,0.050505050505050504,0.013468013468013467,0.06388873561674109,0.156290218732554,0.13399344285852355,1.0,0.0,0.0
500,214,193.0,148.0,3.9124579124579126,1.7346963422293222,0.0707070707070707,0.016835016835016835,0.05490796734938792,0.13342192786779178,0.13051837419918896,1.0,0.03125,0.0
500,215,200.0,144.0,4.114478114478114,1.6657651542712508,0.03367003367003367,0.013468013468013467,0.05490798588812365,0.1390022104173759,0.12816950213188524,1.0,0.09375,0.0
500,216,179.0,133.0,3.808080808080808,1.612306006977807,0.05723905723905724,0.010101010101010102,0.05698891644270766,0.1493850701873622,0.16562879146051185,1.0,0.0,0.0
500,217,185.0,134.0,3.7946127946127945,1.551008556931483,0.05387205387205387,0.003367003367003367,0.0564924342924998,0.14266032435609222,0.143768870382303,1.0,0.0,0.0
500,218,188.0,137.0,3.8821548821548824,1.6725909062433293,0.050505050505050504,0.010101010101010102,0.051972844328229455,0.11954419631376846,0.15815157986408254,1.0,0.0625,0.0
500,219,195.0,149.0,3.8013468013468015,1.6910135439004477,0.06734006734006734,0.013468013468013467,0.047719641702261034,0.12780527817925266,0.14022780097380927,1.0,0.0,0.0
500,220,181.0,129.0,3.8215488215488214,1.6631701581285012,0.05387205387205387,0.013468013468013467,0.06213241401129085,0.13350420449806752,0.12724102031324477,1.0,0.0625,0.0
500,221,190.0,138.0,4.053872053872054,1.6848883178307246,0.037037037037037035,0.013468013468013467,0.057489963227946056,0.14237802042913905,0.16273617024297934,1.0,0.03125,0.0
500,222,193.0,143.0,3.962962962962963,1.712100519989247,0.06397306397306397,0.016835016835016835,0.06029296254098773,0.14812161682997912,0.12822075165236724,1.0,0.03125,0.0
500,223,188.0,131.0,3.898989898989899,1.6215818200832695,0.06060606060606061,0.006734006734006734,0.0549185107438755,0.14416575050469224,0.14322987307894114,1.0,0.03125,0.0
500,224,184.0,129.0,3.8484848484848486,1.639353796256028,0.05387205387205387,0.016835016835016835,0.058516177611828916,0.13363486285009304,0.16450624732131572,1.0,0.0,0.0
500,225,195.0,150.0,3.919191919191919,1.6433322126541614,0.04040404040404041,0.010101010101010102,0.05102709471232539,0.1295498870836135,0.15324764789423934,1.0,0.03125,0.0
500,226,195.0,143.0,3.962962962962963,1.6763281508509391,0.03367003367003367,0.026936026936026935,0.047563595455634995,0.1215650451448538,0.1631838451048212,1.0,0.0625,0.0
500,227,190.0,141.0,3.7845117845117846,1.7117230516110604,0.0707070707070707,0.010101010101010102,0.057682748593413595,0.13539235854648654,0.14323516310807974,1.0,0.03125,0.0
500,228,181.0,124.0,3.814814814814815,1.6481954368428762,0.06734006734006734,0.010101010101010102,0.057460180019005595,0.1472029409555257,0.15489339763183677,1.0,0.0,0.0
500,229,198.0,140.0,4.090909090909091,1.6682270014706853,0.04377104377104377,0.006734006734006734,0.04906060930596857,0.11973177378386989,0.13289280557290992,1.0,0.09375,0.0
500,230,189.0,135.0,3.925925925925926,1.593727573020124,0.04040404040404041,0.020202020202020204,0.06649626381090191,0.14115317463278682,0.17946296317044655,1.0,0.15625,0.0
500,231,198.0,149.0,4.0673400673400675,1.710192458357703,0.04377104377104377,0.020202020202020204,0.06135202047839759,0.14578721582570356,0.12600655133961716,1.0,0.03125,0.0
500,232,197.0,153.0,3.9797979797979797,1.647239081671046,0.03367003367003367,0.013468013468013467,0.05286514167287945,0.13810545289468995,0.13859805452317037,1.0,0.0,0.0
500,233,180.0,123.0,3.7205387205387206,1.554622426260267,0.06060606060606061,0.013468013468013467,0.06560137125122482,0.16543164823635126,0.14817490286256157,1.0,0.03125,0.0
500,234,185.0,133.0,3.8316498316498318,1.5758942644102054,0.04377104377104377,0.003367003367003367,0.0635624740096152,0.13173877543193918,0.15093054157556418,1.0,0.0625,0.0
500,235,196.0,152.0,3.9124579124579126,1.6347694219808044,0.050505050505050504,0.010101010101010102,0.06590098159943113,0.1514659838159705,0.1506944307457918,1.0,0.15625,0.0
500,236,196.0,140.0,4.006734006734007,1.7115044792363925,0.06060606060606061,0.020202020202020204,0.057970682922224154,0.15262680105245655,0.13888478346484995,1.0,0.03125,0.0
500,237,192.0,149.0,3.8922558922558923,1.6520084588122321,0.04040404040404041,0.016835016835016835,0.056424253074881914,0.14317013858994804,0.15354659940121043,1.0,0.0,0.0
500,238,178.0,131.0,3.8417508417508417,1.6992395700345921,0.06060606060606061,0.016835016835016835,0.058593318908106116,0.14204502540678413,0.16857852119456995,1.0,0.125,0.0
500,239,191.0,138.0,3.9023569023569022,1.6617790456394712,0.06060606060606061,0.010101010101010102,0.07074509058530967,0.16190218629155123,0.1540532499237332,1.0,0.03125,0.0
500,240,177.0,132.0,3.7373737373737375,1.663142892596964,0.06060606060606061,0.016835016835016835,0.06328092688157934,0.14297545170862538,0.12407828000097214,1.0,0.0,0.0
500,241,184.0,134.0,3.8653198653198655,1.7452318829587101,0.06060606060606061,0.003367003367003367,0.055177997936159066,0.13897289064457094,0.1610947793664048,1.0,0.0625,0.0
500,242,183.0,126.0,3.835016835016835,1.6442081029820612,0.07407407407407407,0.003367003367003367,0.0528779825728181,0.15312490691849634,0.1304408353514315,1.0,0.09375,0.0
500,243,192.0,144.0,3.9663299663299663,1.6953722907531354,0.037037037037037035,0.013468013468013467,0.06414346262954551,0.15533436442514564,0.17607761295722196,1.0,0.0625,0.0
500,244,181.0,132.0,3.8417508417508417,1.7306528317705585,0.06734006734006734,0.013468013468013467,0.054143800667722425,0.14472380849877028,0.149206940048571,1.0,0.0,0.0
500,245,189.0,142.0,3.8754208754208754,1.7718245388867526,0.08080808080808081,0.013468013468013467,0.04800722013493713,0.12744342544012907,0.1275079197240532,1.0,0.0625,0.0
500,246,178.0,129.0,3.8922558922558923,1.7374389881516576,0.06060606060606061,0.010101010101010102,0.06700710809242989,0.1461467797176691,0.14595307943793664,1.0,0.0625,0.0
500,247,191.0,140.0,4.063973063973064,1.7598061109383611,0.04040404040404041,0.020202020202020204,0.05590643897849049,0.13378936613065204,0.1688041404131369,1.0,0.0625,0.0
500,248,184.0,129.0,3.8215488215488214,1.6772814379308056,0.08080808080808081,0.006734006734006734,0.05001116264371242,0.12188088949211866,0.1464388862643903,1.0,0.03125,0.0
500,249,179.0,129.0,3.7946127946127945,1.660059003120983,0.06734006734006734,0.016835016835016835,0.06195502443292268,0.1582102589594702,0.14897278208340514,1.0,0.03125,0.0
500,250,182.0,129.0,3.9393939393939394,1.6523721249841237,0.05723905723905724,0.013468013468013467,0.0679562490657195,0.15547668605368115,0.16817265391420663,1.0,0.09375,0.0
525,1,183.0,129.0,3.878787878787879,1.6097727254901124,0.04040404040404041,0.013468013468013467,0.05440911226755694,0.1381168920739016,0.12585155983044682,1.0,0.09375,0.0
525,2,186.0,135.0,3.95959595959596,1.7728927373928107,0.09427609427609428,0.010101010101010102,0.04861785758485586,0.1255943581455007,0.15964384616609884,1.0,0.0,0.0
525,3,188.0,141.0,3.8754208754208754,1.6084693482975365,0.04713804713804714,0.003367003367003367,0.0653576078410489,0.15072005265108732,0.12141609004923848,1.0,0.03125,0.0
525,4,174.0,120.0,3.68013468013468,1.6003080454859684,0.08754208754208755,0.003367003367003367,0.0595034009703241,0.1529201432150316,0.14425921264365943,1.0,0.0,0.0
525,5,186.0,135.0,3.855218855218855,1.692501198120033,0.07407407407407407,0.016835016835016835,0.04341820028098419,0.12118625079671465,0.12360682541244597,1.0,0.03125,0.0
525,6,184.0,128.0,3.855218855218855,1.6234543654447198,0.05723905723905724,0.013468013468013467,0.05864391784603358,0.1417171313383517,0.14592080637643784,1.0,0.0,0.0
525,7,202.0,156.0,4.063973063973064,1.740568148839893,0.07407407407407407,0.020202020202020204,0.048749475209396056,0.11612291386209904,0.1600715294867735,1.0,0.0,0.0
525,8,209.0,158.0,4.1313131313131315,1.5826061997320315,0.03367003367003367,0.010101010101010102,0.051102254655299655,0.12103500130768362,0.1244969538796538,1.0,0.0625,0.0
525,9,199.0,154.0,4.074074074074074,1.637492509423709,0.037037037037037035,0.016835016835016835,0.045560118724419944,0.11192022177820947,0.14598757257723438,1.0,0.09375,0.0
525,10,183.0,139.0,3.872053872053872,1.6279731124961063,0.08080808080808081,0.010101010101010102,0.04894819409489738,0.13159514341719036,0.14021172211159377,1.0,0.03125,0.0
525,11,184.0,130.0,3.8383838383838382,1.544232698487786,0.06060606060606061,0.003367003367003367,0.06562907371936604,0.1457656709069608,0.1342017825095246,1.0,0.09375,0.0
525,12,192.0,136.0,3.878787878787879,1.5780868565201864,0.06060606060606061,0.006734006734006734,0.046361701452424714,0.12678918384426446,0.12935182207811557,1.0,0.0,0.0
525,13,195.0,146.0,3.946127946127946,1.7282930283116333,0.06060606060606061,0.006734006734006734,0.0530054829119454,0.13096809885600916,0.1152617375763759,1.0,0.03125,0.0
525,14,181.0,132.0,3.845117845117845,1.6318333876250195,0.06734006734006734,0.0,0.05051998931210745,0.13806122644352012,0.10165871189955171,1.0,0.03125,0.0
525,15,186.0,135.0,3.946127946127946,1.6423868308496348,0.06397306397306397,0.006734006734006734,0.0396611205591661,0.10170041469209598,0.14007045142026409,1.0,0.03125,0.0
525,16,179.0,123.0,3.8013468013468015,1.6568188468196026,0.050505050505050504,0.003367003367003367,0.06099918209040363,0.13408124054219003,0.14932532067454476,1.0,0.0,0.0
525,17,188.0,136.0,3.8821548821548824,1.688618486668891,0.06397306397306397,0.010101010101010102,0.05577182000285187,0.13318343585046735,0.11874734186156971,1.0,0.0,0.0
525,18,185.0,128.0,3.7946127946127945,1.5401160703027055,0.06060606060606061,0.003367003367003367,0.055830986293137694,0.1403702096379226,0.13578479116681585,1.0,0.03125,0.0
525,19,204.0,153.0,4.232323232323233,1.6666360572640677,0.037037037037037035,0.016835016835016835,0.04756714982060582,0.1287242510354942,0.1449407697209436,1.0,0.03125,0.0
525,20,175.0,121.0,3.717171717171717,1.6557647731429808,0.06397306397306397,0.016835016835016835,0.05660864611828421,0.1469875249882993,0.12119642512235389,1.0,0.0,0.0
525,21,182.0,137.0,3.8484848484848486,1.735140683786584,0.06734006734006734,0.016835016835016835,0.05848934403998284,0.14300138124276757,0.12776671713107543,1.0,0.0625,0.0
525,22,179.0,132.0,3.8518518518518516,1.624187423339109,0.050505050505050504,0.003367003367003367,0.06252995036197609,0.14317989897915467,0.12382003286765517,1.0,0.09375,0.0
525,23,176.0,125.0,3.7037037037037037,1.6100755215007083,0.05387205387205387,0.006734006734006734,0.058084357707137026,0.13759834628079642,0.13249974349712051,1.0,0.0,0.0
525,24,190.0,141.0,3.9562289562289563,1.7099736903394507,0.06397306397306397,0.006734006734006734,0.04539052647434424,0.11594912222424984,0.09910293702739997,1.0,0.0625,0.0
525,25,175.0,119.0,3.7845117845117846,1.612460689582959,0.04377104377104377,0.010101010101010102,0.055441851004472444,0.14493302322846724,0.1270661992804607,1.0,0.0625,0.0
525,26,184.0,132.0,3.8585858585858586,1.667737641823468,0.050505050505050504,0.006734006734006734,0.051277593251669105,0.13781165408903956,0.11896551036381606,1.0,0.0625,0.0
525,27,172.0,118.0,3.727272727272727,1.6277363295744394,0.05387205387205387,0.003367003367003367,0.06261254035395822,0.14290677588165004,0.1315198012186771,1.0,0.09375,0.0
525,28,191.0,139.0,3.9562289562289563,1.5831934828518914,0.04377104377104377,0.003367003367003367,0.049482049291264055,0.1294724873468875,0.13005267905157541,1.0,0.0625,0.0
525,29,190.0,133.0,3.9966329966329965,1.6887393271728404,0.05723905723905724,0.006734006734006734,0.04841910514133702,0.12460436350667828,0.1212149102008896,1.0,0.0625,0.0
525,30,183.0,136.0,3.845117845117845,1.6297687560613439,0.05387205387205387,0.010101010101010102,0.06220268489463323,0.138263844564019,0.13173917719545364,1.0,0.03125,0.0
525,31,179.0,130.0,3.7205387205387206,1.6265937160789687,0.0707070707070707,0.013468013468013467,0.04731754838362231,0.11641749228884209,0.11109786670063795,1.0,0.0625,0.0
525,32,208.0,159.0,4.033670033670034,1.72880459240819,0.06397306397306397,0.020202020202020204,0.0435014026392863,0.11819375061866362,0.11685399571048471,1.0,0.09375,0.0
525,33,189.0,133.0,3.9124579124579126,1.5371098702692478,0.05723905723905724,0.010101010101010102,0.05522984514281787,0.12943123441493162,0.11510946643282914,1.0,0.03125,0.0
525,34,184.0,133.0,3.8215488215488214,1.6489381212620249,0.06060606060606061,0.006734006734006734,0.04771124035788429,0.11694379610929094,0.13147681963521346,1.0,0.0625,0.0
525,35,183.0,130.0,3.9158249158249157,1.6173466474753457,0.04377104377104377,0.016835016835016835,0.050851595000844935,0.1312528814340137,0.1190377515835198,1.0,0.03125,0.0
525,36,188.0,141.0,3.9225589225589226,1.638364602205643,0.037037037037037035,0.010101010101010102,0.06016520261411472,0.1381574437373751,0.1346660182012841,1.0,0.0,0.0
525,37,195.0,150.0,3.9326599326599325,1.629539191079274,0.04040404040404041,0.003367003367003367,0.05213820815455602,0.1239965456061337,0.1468165592707315,1.0,0.0625,0.0
525,38,198.0,152.0,3.9225589225589226,1.797134695902063,0.08417508417508418,0.016835016835016835,0.04042607975633121,0.10279061677864273,0.1582210093447175,1.0,0.0625,0.0
525,39,175.0,123.0,3.757575757575758,1.6762808104168887,0.07407407407407407,0.016835016835016835,0.0546718612117694,0.131472310351152,0.15875042473502216,1.0,0.03125,0.0
525,40,197.0,152.0,3.952861952861953,1.6323126756778792,0.05387205387205387,0.006734006734006734,0.06802010519255644,0.14936335020898722,0.14169902059043643,1.0,0.03125,0.0
525,41,178.0,123.0,3.898989898989899,1.7085344271588028,0.0707070707070707,0.016835016835016835,0.06092195629323873,0.14684190913258946,0.13057549693995898,1.0,0.0625,0.0
525,42,193.0,147.0,4.02020202020202,1.663510939566231,0.037037037037037035,0.010101010101010102,0.05271685742157051,0.13236770050732313,0.13202771838230584,1.0,0.09375,0.0
525,43,170.0,117.0,3.6666666666666665,1.5109031348264133,0.06060606060606061,0.0,0.05103232728306126,0.13548388964537045,0.11178673053612462,1.0,0.0,0.0
525,44,193.0,146.0,3.9393939393939394,1.7319624443921462,0.06397306397306397,0.013468013468013467,0.052346233009518225,0.12451558617119052,0.1575505095620925,1.0,0.0,0.0
525,45,182.0,129.0,3.919191919191919,1.669755325995072,0.07744107744107744,0.010101010101010102,0.05517746188162534,0.13133193900413026,0.14193381673081226,1.0,0.0625,0.0
525,46,182.0,125.0,3.8855218855218854,1.6060782527318302,0.04713804713804714,0.013468013468013467,0.051634266356411745,0.12582415699646804,0.1577872847107495,1.0,0.0,0.0
525,47,180.0,129.0,3.814814814814815,1.5984154767811523,0.05387205387205387,0.006734006734006734,0.05775791505222089,0.13906719541435397,0.12891840228853707,1.0,0.0,0.0
525,48,192.0,145.0,3.942760942760943,1.5954764928221077,0.04377104377104377,0.006734006734006734,0.04811579244974207,0.12826013122995217,0.14338353946238377,1.0,0.03125,0.0
525,49,186.0,134.0,3.925925925925926,1.5595587418435082,0.03367003367003367,0.003367003367003367,0.03901744023449842,0.10060137494971087,0.12708719180535258,1.0,0.09375,0.0
525,50,184.0,133.0,3.8754208754208754,1.5617379729854024,0.05387205387205387,0.013468013468013467,0.04910587234370722,0.13527888102239113,0.135677945053997,1.0,0.125,0.0
525,51,194.0,145.0,3.942760942760943,1.729158663510199,0.0707070707070707,0.016835016835016835,0.04449104292874683,0.11639344791694126,0.12667455268838787,1.0,0.0625,0.0
525,52,189.0,136.0,3.9158249158249157,1.684646075685324,0.07407407407407407,0.006734006734006734,0.046715661470238055,0.12062382891374822,0.11038978699354687,1.0,0.0625,0.0
525,53,193.0,142.0,3.8956228956228958,1.5973086684706288,0.04040404040404041,0.006734006734006734,0.06161006448351509,0.14159062573307482,0.15070573368090837,1.0,0.03125,0.0
525,54,178.0,130.0,3.8181818181818183,1.66584001537997,0.05723905723905724,0.003367003367003367,0.044267819307660536,0.10921389437628344,0.12455651076848985,1.0,0.125,0.0
525,55,185.0,132.0,3.8282828282828283,1.7371388142792452,0.08080808080808081,0.020202020202020204,0.048413318829349565,0.12137473651088097,0.15360175140448692,1.0,0.09375,0.0
525,56,181.0,122.0,3.872053872053872,1.625903579021909,0.05387205387205387,0.010101010101010102,0.04507897997092606,0.11189048053332322,0.13752849013498095,1.0,0.0625,0.0
525,57,176.0,127.0,3.6936026936026938,1.6175779428114696,0.08417508417508418,0.010101010101010102,0.06216263431309505,0.1491699782102866,0.1542584652932568,1.0,0.0,0.0
525,58,183.0,137.0,3.8114478114478114,1.6911744344730013,0.050505050505050504,0.003367003367003367,0.06225127291134242,0.13955310660077774,0.15680593732707251,1.0,0.03125,0.0
525,59,183.0,132.0,3.8181818181818183,1.6718926332283297,0.08080808080808081,0.013468013468013467,0.05051610856770569,0.136355835323799,0.1358323987534123,1.0,0.03125,0.0
525,60,178.0,126.0,3.740740740740741,1.568886281764191,0.0707070707070707,0.0,0.06459913057205216,0.13315211792344334,0.12881782920981355,1.0,0.03125,0.0
525,61,195.0,140.0,4.094276094276094,1.6385099058750725,0.050505050505050504,0.003367003367003367,0.03814201862093685,0.1033272096253608,0.12228353105035006,1.0,0.0625,0.0
525,62,178.0,126.0,3.8013468013468015,1.6689675645681907,0.08754208754208755,0.006734006734006734,0.05438657278621181,0.13991958894265288,0.14156747264331462,1.0,0.03125,0.0
525,63,192.0,143.0,3.98989898989899,1.7203179732802012,0.05723905723905724,0.016835016835016835,0.05546250525438502,0.13634980022546453,0.14409588793851086,1.0,0.09375,0.0
525,64,186.0,125.0,3.861952861952862,1.560605152568211,0.04713804713804714,0.006734006734006734,0.053700915329790704,0.13805075540635658,0.14485619188818052,1.0,0.09375,0.0
525,65,186.0,141.0,3.8922558922558923,1.5705112815134135,0.04713804713804714,0.013468013468013467,0.0605146992285499,0.135527039735393,0.1453501711143392,1.0,0.09375,0.0
525,66,186.0,135.0,4.037037037037037,1.704215996759631,0.04040404040404041,0.013468013468013467,0.05655932504132615,0.12950669412915325,0.15436359729272536,1.0,0.03125,0.0
525,67,189.0,137.0,3.8518518518518516,1.6365783899761646,0.06060606060606061,0.013468013468013467,0.04494809770565329,0.11111248817709951,0.11503018992536668,1.0,0.0625,0.0
525,68,187.0,137.0,3.8653198653198655,1.6336247880683092,0.05387205387205387,0.006734006734006734,0.04920040309943741,0.12530600387860338,0.13577892717342724,1.0,0.0,0.0
525,69,190.0,145.0,3.824915824915825,1.6503194496350846,0.08080808080808081,0.006734006734006734,0.0504551606334413,0.12782714303763534,0.12957715144619025,1.0,0.03125,0.0
525,70,180.0,128.0,3.8653198653198655,1.664253601228289,0.04040404040404041,0.010101010101010102,0.052920266258353575,0.13447098244321862,0.12010175277566881,1.0,0.09375,0.0
525,71,180.0,131.0,3.8754208754208754,1.6209804702144754,0.04377104377104377,0.006734006734006734,0.052473473003264125,0.1369421788404211,0.1377613823588637,1.0,0.09375,0.0
525,72,181.0,131.0,3.7777777777777777,1.588397889806326,0.06060606060606061,0.006734006734006734,0.05477141899512271,0.13397547145434072,0.13249606248879256,1.0,0.03125,0.0
525,73,178.0,131.0,3.771043771043771,1.721747386249551,0.06734006734006734,0.013468013468013467,0.06054382219847671,0.1383961660701844,0.1528391893522324,1.0,0.03125,0.0
525,74,171.0,118.0,3.6397306397306397,1.5313240881010723,0.06060606060606061,0.010101010101010102,0.04474524858373087,0.12544300149592702,0.16307199278681384,1.0,0.0625,0.0
525,75,181.0,122.0,3.9124579124579126,1.683474747259256,0.0707070707070707,0.013468013468013467,0.05218077652870365,0.12389372744487061,0.08867530553476549,1.0,0.0625,0.0
525,76,174.0,120.0,3.814814814814815,1.604722423541074,0.06060606060606061,0.006734006734006734,0.046974059726127615,0.12069767590668316,0.1471228970235427,1.0,0.0,0.0
525,77,182.0,128.0,3.9124579124579126,1.6388834847271685,0.04713804713804714,0.010101010101010102,0.05291065846448784,0.1226183952093636,0.16281960129764794,1.0,0.03125,0.0
525,78,188.0,136.0,3.9124579124579126,1.6511641701888724,0.06060606060606061,0.010101010101010102,0.06012069997094551,0.12809834235174875,0.13030056118910366,1.0,0.09375,0.0
525,79,206.0,161.0,4.124579124579125,1.7040164203759944,0.037037037037037035,0.02356902356902357,0.04401785189283115,0.11704498954664883,0.13114776149106333,1.0,0.03125,0.0
525,80,189.0,137.0,3.8181818181818183,1.6290521279655286,0.05723905723905724,0.010101010101010102,0.05465181251267519,0.13337204119684076,0.11848902051433911,1.0,0.09375,0.0
525,81,192.0,145.0,3.9225589225589226,1.6445183458880825,0.06060606060606061,0.006734006734006734,0.045304659355369745,0.13524581926703688,0.1053364913030124,1.0,0.0,0.0
525,82,202.0,148.0,4.006734006734007,1.5827208086721458,0.050505050505050504,0.016835016835016835,0.04275797782455651,0.1273641956088875,0.1088442625401063,1.0,0.03125,0.0
525,83,194.0,144.0,4.057239057239057,1.7408026091422364,0.05387205387205387,0.013468013468013467,0.05519202587682531,0.13630360555423862,0.11824303327081725,1.0,0.03125,0.0
525,84,188.0,138.0,3.835016835016835,1.6564493129329099,0.08080808080808081,0.006734006734006734,0.048972865487791103,0.11467306722445984,0.13809094893396542,1.0,0.03125,0.0
525,85,182.0,131.0,3.9494949494949494,1.6719536590029285,0.06060606060606061,0.016835016835016835,0.048896996508453104,0.12595247814427984,0.11671913385991892,1.0,0.03125,0.0
525,86,188.0,131.0,3.973063973063973,1.5653922516836964,0.03367003367003367,0.013468013468013467,0.04441908527597631,0.11475866417837594,0.1374931877868415,1.0,0.03125,0.0
525,87,191.0,146.0,3.946127946127946,1.7380065665527937,0.05387205387205387,0.02356902356902357,0.05192017498923618,0.12798907610190777,0.13178092832395732,1.0,0.03125,0.0
525,88,179.0,127.0,3.8114478114478114,1.6711465825818537,0.06734006734006734,0.010101010101010102,0.059066353391228434,0.13616149162890362,0.13487463736452326,1.0,0.0,0.0
525,89,189.0,141.0,3.9326599326599325,1.682403682338894,0.06734006734006734,0.010101010101010102,0.04266173111070249,0.10941967496712142,0.12488579213122339,1.0,0.0625,0.0
525,90,190.0,139.0,3.824915824915825,1.5708793810956945,0.05387205387205387,0.006734006734006734,0.041238528103510086,0.11203659698995078,0.1524555617383381,1.0,0.03125,0.0
525,91,182.0,131.0,3.8518518518518516,1.671187284841256,0.037037037037037035,0.013468013468013467,0.060653557433353246,0.1403003540072768,0.1405932893295225,1.0,0.0,0.0
525,92,170.0,116.0,3.791245791245791,1.5731942660860172,0.050505050505050504,0.003367003367003367,0.050586846722260694,0.13942865485805758,0.11767273926302431,1.0,0.03125,0.0
525,93,186.0,140.0,3.774410774410774,1.6776261104959946,0.08417508417508418,0.006734006734006734,0.05826536369000331,0.13738406053065855,0.10772250333961567,1.0,0.03125,0.0
525,94,179.0,124.0,3.7306397306397305,1.5916989826442591,0.06397306397306397,0.010101010101010102,0.04250883243436263,0.12313176644728176,0.11945597683042099,1.0,0.0,0.0
525,95,174.0,120.0,3.787878787878788,1.791897554901084,0.0707070707070707,0.03367003367003367,0.04580476666196861,0.1290274562082109,0.1668772734348985,1.0,0.03125,0.0
525,96,190.0,141.0,3.8653198653198655,1.7101526844359491,0.06397306397306397,0.013468013468013467,0.05447426232528779,0.13424880613035112,0.12437513146666788,1.0,0.03125,0.0
525,97,186.0,132.0,3.888888888888889,1.5968543713429901,0.050505050505050504,0.003367003367003367,0.0489472614439105,0.12338467664231309,0.15260207185897356,1.0,0.03125,0.0
525,98,182.0,129.0,3.845117845117845,1.6685599558241437,0.06397306397306397,0.013468013468013467,0.05353326045153489,0.13167042665924908,0.11641004343811696,1.0,0.0,0.0
525,99,170.0,112.0,3.6835016835016834,1.665908068014141,0.07744107744107744,0.006734006734006734,0.06697788589792181,0.1588551364087007,0.13643126482981976,1.0,0.03125,0.0
525,100,176.0,122.0,3.791245791245791,1.7495138709665918,0.08754208754208755,0.010101010101010102,0.060465968801669115,0.1398637520012823,0.14084475477049666,1.0,0.125,0.0
525,101,172.0,116.0,3.6296296296296298,1.6093783010915867,0.07744107744107744,0.003367003367003367,0.06657154349641514,0.14649759533640636,0.1433162591809538,1.0,0.03125,0.0
525,102,177.0,126.0,3.909090909090909,1.62321692336167,0.05387205387205387,0.006734006734006734,0.05517474669588635,0.12612388120315668,0.13988447704097196,1.0,0.03125,0.0
525,103,179.0,128.0,3.8855218855218854,1.6269073179619653,0.05387205387205387,0.013468013468013467,0.04631986802671806,0.116294009697549,0.1450112850120752,1.0,0.0625,0.0
525,104,186.0,137.0,3.8013468013468015,1.630186064114937,0.08417508417508418,0.003367003367003367,0.045079656532130356,0.11007954356666833,0.1302647110701035,1.0,0.0,0.0
525,105,193.0,146.0,3.9663299663299663,1.6993396416612978,0.07407407407407407,0.010101010101010102,0.05833899036018132,0.13867446377188022,0.14728885109452708,1.0,0.0625,0.0
525,106,181.0,131.0,3.919191919191919,1.727243191902954,0.08417508417508418,0.010101010101010102,0.05041370498139468,0.11863877040022801,0.12452162943064024,1.0,0.0625,0.0
525,107,194.0,145.0,3.952861952861953,1.6568804277879436,0.0707070707070707,0.016835016835016835,0.062206978708228625,0.1584745876837779,0.13211339456680146,1.0,0.03125,0.0
525,108,194.0,141.0,3.9696969696969697,1.6663911618021237,0.04040404040404041,0.026936026936026935,0.0481352220621582,0.13176009909050374,0.13930653553027317,1.0,0.125,0.0
525,109,182.0,131.0,3.861952861952862,1.621966287414336,0.05723905723905724,0.006734006734006734,0.052331564908456446,0.1266259579461854,0.14270679498735878,1.0,0.0625,0.0
525,110,186.0,138.0,3.8956228956228958,1.6265518979262565,0.04377104377104377,0.010101010101010102,0.04413039970193977,0.10409246990430797,0.11423811372659276,1.0,0.03125,0.0
525,111,191.0,143.0,3.983164983164983,1.7163462728529202,0.04377104377104377,0.013468013468013467,0.0567463391589532,0.12792646746740122,0.14908643206071864,1.0,0.125,0.0
525,112,189.0,135.0,4.033670033670034,1.715117276338152,0.06397306397306397,0.013468013468013467,0.05919728256450968,0.14574382828176735,0.12502170150289224,1.0,0.03125,0.0
525,113,182.0,130.0,3.8417508417508417,1.669252831467194,0.05387205387205387,0.006734006734006734,0.055051428187554326,0.1338865923265637,0.15914539553750562,1.0,0.0625,0.0
525,114,190.0,133.0,3.9326599326599325,1.5684743478862189,0.05723905723905724,0.003367003367003367,0.04935691024710058,0.12406598504286494,0.13685213491300288,1.0,0.0,0.0
525,115,203.0,157.0,4.191919191919192,1.6515074290123095,0.02356902356902357,0.003367003367003367,0.053890018964316,0.1267107474022726,0.15198502644586645,1.0,0.03125,0.0
525,116,183.0,128.0,3.888888888888889,1.5968543713429901,0.06397306397306397,0.006734006734006734,0.042952930712741214,0.12903900354570594,0.14851977782939482,1.0,0.03125,0.0
525,117,180.0,128.0,3.750841750841751,1.541308082307633,0.04713804713804714,0.003367003367003367,0.06751670162313538,0.1604762915318882,0.15744674264211084,1.0,0.03125,0.0
525,118,189.0,142.0,3.9797979797979797,1.7827066659523478,0.06397306397306397,0.020202020202020204,0.05759965804512125,0.13629806264926025,0.09717672574900896,1.0,0.0,0.0
525,119,183.0,130.0,3.791245791245791,1.6545592952421455,0.07407407407407407,0.010101010101010102,0.045821295012279516,0.1217787857947516,0.11918720552090771,1.0,0.0,0.0
525,120,176.0,121.0,3.8653198653198655,1.6066075627386858,0.050505050505050504,0.013468013468013467,0.05827887597369124,0.1334819018238689,0.145424769125147,1.0,0.0625,0.0
525,121,187.0,142.0,3.919191919191919,1.731137503909819,0.06734006734006734,0.006734006734006734,0.052110034189847665,0.13493163127300517,0.13359693204100834,1.0,0.15625,0.0
525,122,191.0,142.0,3.9562289562289563,1.6230981892944216,0.04377104377104377,0.013468013468013467,0.052715866968545244,0.12183810396492947,0.19128758579912544,1.0,0.03125,0.0
525,123,179.0,128.0,3.8383838383838382,1.6598267974247312,0.05387205387205387,0.010101010101010102,0.07747579671691555,0.17074756596087967,0.1419250585957224,1.0,0.09375,0.0
525,124,188.0,139.0,4.01010101010101,1.7281290334135715,0.05723905723905724,0.013468013468013467,0.047618301088656674,0.11637602065941927,0.09250942140214101,1.0,0.0,0.0
525,125,191.0,147.0,3.9124579124579126,1.7443742240166884,0.06060606060606061,0.02356902356902357,0.045640557648929374,0.11857020056385183,0.11368400878695092,1.0,0.0625,0.0
525,126,187.0,136.0,3.835016835016835,1.5921903521758007,0.06734006734006734,0.010101010101010102,0.0519955904607221,0.13224213979498786,0.14013995910502744,1.0,0.0625,0.0
525,127,191.0,140.0,4.033670033670034,1.6713704327423808,0.050505050505050504,0.013468013468013467,0.049831188557337994,0.12460244578101486,0.12617514616699152,1.0,0.0625,0.0
525,128,179.0,124.0,3.9225589225589226,1.6176830661227768,0.04713804713804714,0.006734006734006734,0.05712377453399062,0.1421750429895185,0.1508200767589405,1.0,0.03125,0.0
525,129,174.0,124.0,3.723905723905724,1.6589318186685087,0.05723905723905724,0.0,0.060105565789750535,0.14585094574499963,0.12721610310348627,1.0,0.0,0.0
525,130,178.0,127.0,3.8821548821548824,1.7416229716382698,0.06397306397306397,0.02356902356902357,0.0486891233708714,0.12727387643601318,0.19082319059635,1.0,0.03125,0.0
525,131,184.0,132.0,3.973063973063973,1.7308689861124378,0.06734006734006734,0.016835016835016835,0.04626405545011663,0.11980255374058316,0.13081869957888798,1.0,0.0,0.0
525,132,177.0,123.0,3.7205387205387206,1.5437554387147356,0.05723905723905724,0.003367003367003367,0.06957924459099146,0.14222963831648885,0.14407939624840088,1.0,0.03125,0.0
525,133,183.0,125.0,3.8754208754208754,1.6209804702144754,0.04713804713804714,0.016835016835016835,0.05304162398968114,0.1240754269286651,0.1255096926670766,1.0,0.03125,0.0
525,134,187.0,137.0,3.855218855218855,1.6522349018700737,0.06060606060606061,0.006734006734006734,0.044115327387021945,0.11774134984759871,0.11508776393684408,1.0,0.09375,0.0
525,135,193.0,149.0,3.9124579124579126,1.65523748458749,0.05723905723905724,0.013468013468013467,0.06269236077986867,0.14676841883944988,0.1440430199425623,1.0,0.09375,0.0
525,136,186.0,141.0,3.855218855218855,1.7511654712384974,0.06397306397306397,0.013468013468013467,0.0474347220193477,0.11237376430019826,0.16608801489419237,1.0,0.03125,0.0
525,137,192.0,145.0,4.0,1.659580897157097,0.04377104377104377,0.020202020202020204,0.0561403113733159,0.13570646565061156,0.11408142747441646,1.0,0.0625,0.0
525,138,181.0,133.0,3.8585858585858586,1.5592243237541392,0.03367003367003367,0.006734006734006734,0.0508474628050829,0.12463102105870431,0.13229268500973695,1.0,0.0625,0.0
525,139,200.0,150.0,4.084175084175084,1.652358403185536,0.04040404040404041,0.006734006734006734,0.039805999953411116,0.1017252300075218,0.12696377077550827,1.0,0.0,0.0
525,140,181.0,130.0,3.781144781144781,1.5643055609852345,0.05387205387205387,0.003367003367003367,0.07833698113574805,0.17216286074005327,0.17340196894822793,1.0,0.03125,0.0
525,141,189.0,140.0,3.8754208754208754,1.7334018754810203,0.06734006734006734,0.006734006734006734,0.05486401258123449,0.14207394214373328,0.1479393102681028,1.0,0.125,0.0
525,142,193.0,139.0,3.993265993265993,1.6309160962741052,0.04713804713804714,0.006734006734006734,0.04894156966199063,0.12237462049456338,0.14061512030136505,1.0,0.03125,0.0
525,143,190.0,139.0,3.983164983164983,1.6746433611136342,0.05387205387205387,0.006734006734006734,0.04449007706807293,0.11964551103250129,0.12812242583418065,1.0,0.0625,0.0
525,144,182.0,123.0,3.9326599326599325,1.682403682338894,0.08080808080808081,0.010101010101010102,0.051135837357523875,0.13600031429586643,0.11497239595152514,1.0,0.0,0.0
525,145,185.0,132.0,3.861952861952862,1.6568804277879434,0.05387205387205387,0.010101010101010102,0.042867723722740746,0.10843562003343277,0.12597346057010195,1.0,0.03125,0.0
525,146,189.0,137.0,3.824915824915825,1.6277224000946149,0.06060606060606061,0.006734006734006734,0.06003275385998003,0.14323084600826605,0.1281880095843839,1.0,0.0,0.0
525,147,172.0,113.0,3.7643097643097643,1.5346740773124083,0.050505050505050504,0.003367003367003367,0.05164925279877891,0.13560811402491263,0.12698569530677123,1.0,0.03125,0.0
525,148,196.0,148.0,3.9124579124579126,1.5523674824013776,0.04377104377104377,0.0,0.04993514607768924,0.13593943674333445,0.12117858788552377,1.0,0.0,0.0
525,149,194.0,140.0,4.026936026936027,1.7073662074311466,0.05723905723905724,0.016835016835016835,0.06200789803049433,0.151247334838717,0.13817989616545112,1.0,0.0625,0.0
525,150,189.0,139.0,3.8821548821548824,1.6906112504812991,0.06397306397306397,0.016835016835016835,0.05017238808323009,0.12958366579928468,0.18136477479307117,1.0,0.03125,0.0
525,151,195.0,149.0,3.9797979797979797,1.6816285876086268,0.05387205387205387,0.010101010101010102,0.04916270439560993,0.12684579925715914,0.11038272267707451,1.0,0.0625,0.0
525,152,182.0,130.0,3.9023569023569022,1.7370670258854974,0.06060606060606061,0.020202020202020204,0.04640428752984561,0.13509811386122317,0.13526671902591444,1.0,0.03125,0.0
525,153,173.0,123.0,3.7037037037037037,1.6776666555540762,0.05723905723905724,0.013468013468013467,0.06264961884930535,0.14301972859945536,0.1389171518756989,1.0,0.0625,0.0
525,154,198.0,148.0,4.016835016835016,1.617367675690899,0.04040404040404041,0.006734006734006734,0.04900676249226189,0.1337263906042639,0.1272470333307577,1.0,0.0625,0.0
525,155,192.0,138.0,3.855218855218855,1.6905106621680148,0.06734006734006734,0.016835016835016835,0.052482844016071666,0.1323729169254149,0.11813053775087828,1.0,0.09375,0.0
525,156,182.0,129.0,3.855218855218855,1.5664564771685603,0.04377104377104377,0.010101010101010102,0.06489790766240384,0.1406727384486288,0.1527798093755237,1.0,0.0,0.0
525,157,197.0,148.0,3.946127946127946,1.668824912832498,0.05723905723905724,0.003367003367003367,0.04726869348702345,0.12066214008648363,0.12391945093383112,1.0,0.03125,0.0
525,158,188.0,139.0,3.9696969696969697,1.7607077631919938,0.06734006734006734,0.026936026936026935,0.04460100856884394,0.11493732243479356,0.10723864636309083,1.0,0.09375,0.0
525,159,169.0,111.0,3.7845117845117846,1.60618412868772,0.06060606060606061,0.010101010101010102,0.058960083541291584,0.134173369281414,0.1282226839872432,1.0,0.03125,0.0
525,160,188.0,138.0,3.8855218855218854,1.5976705940093225,0.05723905723905724,0.0,0.04370328724493021,0.11731615853811138,0.15268445593286295,1.0,0.0,0.0
525,161,185.0,135.0,3.8585858585858586,1.622713990143289,0.05723905723905724,0.006734006734006734,0.0469329708055903,0.12419125107943557,0.12966812499568095,1.0,0.03125,0.0
525,162,194.0,141.0,3.8686868686868685,1.5910934637431862,0.06060606060606061,0.0,0.04769234742176805,0.1229827594960204,0.10639042470243132,1.0,0.09375,0.0
525,163,174.0,121.0,3.7373737373737375,1.543439631912247,0.037037037037037035,0.003367003367003367,0.05801063377608279,0.1396979614143041,0.1268219366263535,1.0,0.03125,0.0
525,164,184.0,135.0,3.952861952861953,1.6364329148017926,0.037037037037037035,0.016835016835016835,0.0450634187908686,0.11382854256079575,0.1613067711682211,1.0,0.03125,0.0
525,165,186.0,138.0,3.9865319865319866,1.7733019363307452,0.06734006734006734,0.010101010101010102,0.04927837740289831,0.14323806780761564,0.1298340349164009,1.0,0.125,0.0
525,166,181.0,131.0,3.898989898989899,1.6236568621351544,0.04377104377104377,0.003367003367003367,0.05605441581585525,0.13497340652899256,0.13659528643526944,1.0,0.0,0.0
525,167,180.0,125.0,3.855218855218855,1.6905106621680148,0.07744107744107744,0.013468013468013467,0.05242831686383364,0.12419606424657849,0.11825800424967599,1.0,0.0,0.0
525,168,197.0,148.0,4.0606060606060606,1.6886520543429513,0.04713804713804714,0.02356902356902357,0.051047070950388934,0.14060266753814,0.12627335509926746,1.0,0.0,0.0
525,169,184.0,137.0,3.8855218855218854,1.6818577832433923,0.05723905723905724,0.010101010101010102,0.05483717238376612,0.12518472579163645,0.11051665893298379,1.0,0.03125,0.0
525,170,183.0,132.0,3.8383838383838382,1.6679211685164461,0.050505050505050504,0.020202020202020204,0.059890373001550756,0.13799527963539823,0.14458327230110857,1.0,0.03125,0.0
525,171,183.0,131.0,3.8585858585858586,1.7562400590423866,0.05723905723905724,0.020202020202020204,0.0608596755344699,0.14213851831220592,0.16688884371184723,1.0,0.09375,0.0
525,172,179.0,123.0,3.7474747474747474,1.5527325821224116,0.06060606060606061,0.010101010101010102,0.057031831510032216,0.14824566503287226,0.11917197649432724,1.0,0.03125,0.0
525,173,183.0,132.0,3.8518518518518516,1.6590548214604148,0.04377104377104377,0.006734006734006734,0.05039211226120915,0.1130863881323241,0.15774214363809738,1.0,0.0,0.0
525,174,184.0,132.0,3.861952861952862,1.5841598771262082,0.06734006734006734,0.003367003367003367,0.06353531347233478,0.14768415554727074,0.13223260379734247,1.0,0.03125,0.0
525,175,196.0,147.0,4.101010101010101,1.613254961959994,0.04377104377104377,0.010101010101010102,0.0484252343092995,0.12373985993325057,0.13772525595996243,1.0,0.0,0.0
525,176,195.0,139.0,3.925925925925926,1.5703163703313228,0.06060606060606061,0.006734006734006734,0.05302291200063516,0.11951951369182862,0.13679169785538003,1.0,0.03125,0.0
525,177,175.0,123.0,3.6632996632996635,1.6720418034118611,0.0707070707070707,0.010101010101010102,0.04896350057545027,0.1260842637820387,0.1380474287397922,1.0,0.09375,0.0
525,178,180.0,123.0,3.8181818181818183,1.6739053090832723,0.06734006734006734,0.020202020202020204,0.04701609604456234,0.13753464304707194,0.15653662804873245,1.0,0.0625,0.0
525,179,176.0,116.0,3.8484848484848486,1.6678599951959832,0.05387205387205387,0.016835016835016835,0.05568531984354954,0.1512125440340866,0.11327884828911733,1.0,0.0625,0.0
525,180,184.0,132.0,4.097643097643098,1.6454900615483454,0.04377104377104377,0.006734006734006734,0.046892940598652004,0.14037962678394322,0.1419209403042195,1.0,0.0625,0.0
525,181,184.0,139.0,3.8484848484848486,1.6739053090832725,0.04040404040404041,0.02356902356902357,0.04942648205753235,0.12548968421825948,0.12714015595559477,1.0,0.0,0.0
525,182,186.0,143.0,3.8316498316498318,1.620141004362004,0.06060606060606061,0.016835016835016835,0.05446438321194396,0.13512248366111562,0.10755421012954332,1.0,0.0625,0.0
525,183,174.0,116.0,3.861952861952862,1.700999970645181,0.05723905723905724,0.006734006734006734,0.049898936384246195,0.13570482100853068,0.1271816267567251,1.0,0.03125,0.0
525,184,176.0,124.0,3.855218855218855,1.6865225422257857,0.05387205387205387,0.016835016835016835,0.05266834681557937,0.12236298848155064,0.11728339031056809,1.0,0.0625,0.0
525,185,190.0,138.0,4.111111111111111,1.7226294728657217,0.04377104377104377,0.02356902356902357,0.04016367957811831,0.10509798948233426,0.13322403908441902,1.0,0.0625,0.0
525,186,179.0,128.0,3.760942760942761,1.5785034638149766,0.06060606060606061,0.003367003367003367,0.05920543598718289,0.14873933703255235,0.13453535219256807,1.0,0.03125,0.0
525,187,180.0,124.0,3.8855218855218854,1.6144421268147569,0.04713804713804714,0.006734006734006734,0.04854180200025593,0.11382558515741348,0.15242417097606326,1.0,0.0625,0.0
525,188,189.0,141.0,3.8383838383838382,1.6959472629363688,0.06734006734006734,0.010101010101010102,0.05195331813274941,0.13104566903028983,0.10804337994325712,1.0,0.0625,0.0
525,189,184.0,140.0,3.797979797979798,1.6776193528910461,0.08417508417508418,0.003367003367003367,0.05625502759610809,0.13005294688753363,0.12439476533457967,1.0,0.03125,0.0
525,190,180.0,133.0,3.723905723905724,1.5905447358589395,0.07744107744107744,0.006734006734006734,0.048046974125179304,0.13217819969458416,0.1580300616346459,1.0,0.125,0.0
525,191,186.0,125.0,3.95959595959596,1.5970460437030551,0.06060606060606061,0.010101010101010102,0.06193179319557049,0.14554493258347137,0.15504144276504428,1.0,0.09375,0.0
525,192,190.0,140.0,3.9393939393939394,1.644201208030368,0.04713804713804714,0.006734006734006734,0.05446450406395951,0.12272567144015746,0.13079850719307873,1.0,0.125,0.0
525,193,189.0,139.0,3.872053872053872,1.6029623745435133,0.050505050505050504,0.0,0.05034910456825197,0.11414034545990698,0.11529195307697726,1.0,0.0,0.0
525,194,197.0,147.0,3.8922558922558923,1.6128192149280214,0.06397306397306397,0.006734006734006734,0.048625008894880264,0.12442113880019508,0.14118207878773953,1.0,0.125,0.0
525,195,181.0,123.0,3.8316498316498318,1.7248261431760228,0.0707070707070707,0.020202020202020204,0.05605085832717661,0.13354527458383764,0.13814842557195636,1.0,0.0,0.0
525,196,182.0,127.0,3.909090909090909,1.7061440315465755,0.05723905723905724,0.016835016835016835,0.03807196041957006,0.1050772606511066,0.1315928262320061,1.0,0.0625,0.0
525,197,195.0,150.0,3.9393939393939394,1.6726247955726998,0.07407407407407407,0.010101010101010102,0.054983080895835965,0.12998399590849427,0.15889409644427077,1.0,0.0,0.0
525,198,182.0,133.0,3.8518518518518516,1.611701196167855,0.05723905723905724,0.006734006734006734,0.0522871376598162,0.13276161533402342,0.1348706260370048,1.0,0.0,0.0
525,199,191.0,137.0,4.161616161616162,1.7773759876541722,0.050505050505050504,0.020202020202020204,0.04975892781279492,0.1220947188171679,0.1481280828337879,1.0,0.03125,0.0
525,200,184.0,135.0,3.8585858585858586,1.6878059453903373,0.06060606060606061,0.020202020202020204,0.05960875375567344,0.13620138130844836,0.15601394729736168,1.0,0.0,0.0
525,201,185.0,129.0,3.8922558922558923,1.6982385294384654,0.0707070707070707,0.003367003367003367,0.047662359200600905,0.11955410827070359,0.12866471918863362,1.0,0.03125,0.0
525,202,178.0,120.0,3.8047138047138045,1.5749227982504923,0.05723905723905724,0.006734006734006734,0.04263733555317474,0.1012277990936135,0.12007484291019371,1.0,0.0,0.0
525,203,189.0,131.0,3.942760942760943,1.6371393874157654,0.04377104377104377,0.016835016835016835,0.058205819812960156,0.14302036233382012,0.12956303731134455,1.0,0.0625,0.0
525,204,175.0,121.0,3.8013468013468015,1.7381435404680805,0.08080808080808081,0.013468013468013467,0.043798039255971866,0.1287697342347111,0.16706717736369048,1.0,0.0,0.0
525,205,184.0,134.0,3.8653198653198655,1.6541070145342154,0.050505050505050504,0.006734006734006734,0.05492912636129661,0.143024956916386,0.127419548195899,1.0,0.0,0.0
525,206,177.0,123.0,3.791245791245791,1.538569495051106,0.05387205387205387,0.0,0.06217324376872302,0.13764326163523613,0.13258467097575719,1.0,0.03125,0.0
525,207,180.0,123.0,3.898989898989899,1.5450253579797084,0.04377104377104377,0.006734006734006734,0.05059830389373612,0.14208812628221804,0.13592423089955907,1.0,0.0625,0.0
525,208,188.0,133.0,3.878787878787879,1.6490343706781834,0.050505050505050504,0.013468013468013467,0.05657639323813307,0.1378748002492676,0.12339426642710878,1.0,0.0,0.0
525,209,192.0,145.0,3.9494949494949494,1.6577970294083753,0.04377104377104377,0.010101010101010102,0.05585828443958654,0.12435309358154614,0.11878006184604221,1.0,0.03125,0.0
525,210,166.0,112.0,3.7138047138047137,1.551227818979239,0.05387205387205387,0.006734006734006734,0.05313465696440513,0.1272358341402389,0.14399186481972792,1.0,0.03125,0.0
525,211,172.0,122.0,3.6632996632996635,1.6209175253561239,0.07744107744107744,0.010101010101010102,0.06156732264496237,0.15121645302547188,0.14686070477118732,1.0,0.03125,0.0
525,212,183.0,133.0,3.8821548821548824,1.7044953644383987,0.05387205387205387,0.016835016835016835,0.05400370217818813,0.13641653331624914,0.11543174570348856,1.0,0.09375,0.0
525,213,194.0,145.0,4.026936026936027,1.6552991243861763,0.05723905723905724,0.016835016835016835,0.0484068529977621,0.11910888387639036,0.12327671452550519,1.0,0.03125,0.0
525,214,197.0,143.0,4.124579124579125,1.7138675545622106,0.04713804713804714,0.020202020202020204,0.03903077591866347,0.10689343211893289,0.11268109221472351,1.0,0.0625,0.0
525,215,184.0,137.0,3.8215488215488214,1.6509787807495113,0.06060606060606061,0.006734006734006734,0.05071942704845394,0.11921828359662925,0.1474633863581192,1.0,0.0,0.0
525,216,194.0,144.0,4.013468013468014,1.5784172782238912,0.037037037037037035,0.003367003367003367,0.03960108697402155,0.10832294147686176,0.12903472621486395,1.0,0.09375,0.0
525,217,186.0,138.0,4.033670033670034,1.7307510870907044,0.05723905723905724,0.016835016835016835,0.04616862124288853,0.12797988605632796,0.12408978615143416,1.0,0.0,0.0
525,218,188.0,134.0,3.8922558922558923,1.6458827199363713,0.06397306397306397,0.006734006734006734,0.039902547528966215,0.1038314248570882,0.11368454731188629,1.0,0.0,0.0
525,219,177.0,126.0,3.6363636363636362,1.559943960755606,0.07407407407407407,0.006734006734006734,0.06019269713290647,0.14127520151847164,0.1360701325702516,1.0,0.03125,0.0
525,220,180.0,128.0,3.8518518518518516,1.7070673865513366,0.06397306397306397,0.006734006734006734,0.05759858580479702,0.13175236514514302,0.15838897551997938,1.0,0.0,0.0
525,221,185.0,130.0,3.898989898989899,1.6463097157074211,0.05723905723905724,0.010101010101010102,0.04893909244173741,0.11869116337291334,0.10384309770344516,1.0,0.09375,0.0
525,222,187.0,137.0,3.8653198653198655,1.7062104766456776,0.08754208754208755,0.013468013468013467,0.05329133214862281,0.13391115715977914,0.13076824250010255,1.0,0.09375,0.0
525,223,192.0,138.0,3.9326599326599325,1.66227015945285,0.06060606060606061,0.010101010101010102,0.04806460730362364,0.12052771625068748,0.12426263027291314,1.0,0.03125,0.0
525,224,168.0,113.0,3.6936026936026938,1.6175779428114696,0.0707070707070707,0.010101010101010102,0.058395201866575784,0.1398317079728599,0.14533617056959394,1.0,0.0,0.0
525,225,188.0,139.0,3.9225589225589226,1.660816860413733,0.05723905723905724,0.013468013468013467,0.04619889580763974,0.11408693885038955,0.14789545552682615,1.0,0.125,0.0
525,226,193.0,147.0,3.898989898989899,1.5901312833267787,0.06397306397306397,0.003367003367003367,0.06078501084002434,0.14382047127928352,0.12161729729815239,1.0,0.0,0.0
525,227,180.0,126.0,3.824915824915825,1.5921689914364177,0.06060606060606061,0.010101010101010102,0.04585269095428068,0.1287963550831179,0.13269389694723532,1.0,0.0,0.0
525,228,179.0,119.0,3.946127946127946,1.5473862475535975,0.037037037037037035,0.010101010101010102,0.04815101724636706,0.13064140433287513,0.13196400682818504,1.0,0.0625,0.0
525,229,196.0,149.0,3.898989898989899,1.772374709537766,0.09090909090909091,0.020202020202020204,0.05463119604574769,0.1384752140521032,0.1663872855087897,1.0,0.03125,0.0
525,230,200.0,158.0,3.983164983164983,1.7202652533269758,0.06060606060606061,0.020202020202020204,0.056798703584314,0.13050393717912095,0.13275795423482645,1.0,0.0625,0.0
525,231,189.0,142.0,3.9023569023569022,1.6678464008200669,0.050505050505050504,0.010101010101010102,0.04767888876581762,0.11071373576503549,0.1359104999807883,1.0,0.0625,0.0
525,232,184.0,129.0,3.8956228956228958,1.7250035961162045,0.0707070707070707,0.003367003367003367,0.05382110034283037,0.13644153159842284,0.12111565238814861,1.0,0.03125,0.0
525,233,196.0,143.0,3.9562289562289563,1.58531877263808,0.050505050505050504,0.003367003367003367,0.05167966086315342,0.13220818965329365,0.1280240137576226,1.0,0.03125,0.0
525,234,178.0,121.0,3.8922558922558923,1.63356233042425,0.050505050505050504,0.010101010101010102,0.05622240184787718,0.15152605570555228,0.139461055873553,1.0,0.0625,0.0
525,235,181.0,131.0,3.797979797979798,1.6614856723193607,0.07407407407407407,0.003367003367003367,0.04139501054730599,0.11040719097482624,0.11871078789077663,1.0,0.03125,0.0
525,236,189.0,143.0,3.925925925925926,1.760366477733308,0.05723905723905724,0.010101010101010102,0.05323438184375638,0.13349163730786595,0.14161673299594052,1.0,0.0625,0.0
525,237,179.0,120.0,3.757575757575758,1.6742709902037645,0.06734006734006734,0.006734006734006734,0.053711353152481045,0.13339575580473376,0.13804343420724471,1.0,0.09375,0.0
525,238,186.0,133.0,3.8754208754208754,1.6416204653198039,0.06060606060606061,0.010101010101010102,0.0467946780818547,0.12078981633411603,0.1389633027554047,1.0,0.0625,0.0
525,239,178.0,129.0,3.8383838383838382,1.6516927591150883,0.06397306397306397,0.010101010101010102,0.06000648118895667,0.1445642736200768,0.16875301850168656,1.0,0.0,0.0
525,240,182.0,129.0,3.872053872053872,1.6196791126869028,0.05387205387205387,0.006734006734006734,0.05486261294976715,0.13331301732208928,0.1127790465570272,1.0,0.03125,0.0
525,241,173.0,117.0,3.8215488215488214,1.638696705946864,0.07407407407407407,0.013468013468013467,0.058962585544468586,0.13236454507070997,0.12785677456487213,1.0,0.09375,0.0
525,242,179.0,126.0,3.9326599326599325,1.682403682338894,0.06060606060606061,0.013468013468013467,0.05107512397174957,0.12414098103135192,0.12250107919817489,1.0,0.03125,0.0
525,243,181.0,115.0,3.909090909090909,1.6458758320000326,0.07407407407407407,0.020202020202020204,0.05387906626426706,0.12671964355502344,0.1331273608704286,1.0,0.03125,0.0
525,244,189.0,135.0,3.909090909090909,1.7140196858023624,0.06734006734006734,0.016835016835016835,0.051970359971578416,0.12171128883592455,0.09938655463719726,1.0,0.0625,0.0
525,245,179.0,129.0,3.8316498316498318,1.7150379559978954,0.06734006734006734,0.006734006734006734,0.05840359071479942,0.1472141878959897,0.1512698577620289,1.0,0.0,0.0
525,246,193.0,148.0,4.084175084175084,1.724155600577308,0.04040404040404041,0.030303030303030304,0.04569692149481847,0.1156529139180211,0.14299457383791256,1.0,0.125,0.0
525,247,190.0,144.0,3.8585858585858586,1.6576123817964405,0.06734006734006734,0.013468013468013467,0.0441438540969885,0.11411981657004747,0.13859279776374678,1.0,0.0625,0.0
525,248,185.0,138.0,3.9023569023569022,1.6899070065546582,0.05723905723905724,0.010101010101010102,0.050020464751643005,0.12169460362092643,0.14177394065846302,1.0,0.03125,0.0
525,249,189.0,141.0,3.9023569023569022,1.68591745863625,0.06060606060606061,0.013468013468013467,0.056571528712499,0.13450200448395916,0.17786476415998545,1.0,0.0,0.0
525,250,174.0,125.0,3.744107744107744,1.680299985795174,0.07407407407407407,0.02356902356902357,0.04987818825125569,0.13146132374951058,0.13821336643463975,1.0,0.0,0.0
550,1,201.0,151.0,4.077441077441078,1.5819040387906826,0.037037037037037035,0.0,0.04112499768728796,0.10616725471271335,0.12253070923495968,1.0,0.0,0.0
550,2,194.0,147.0,4.087542087542087,1.6914559561500981,0.05387205387205387,0.016835016835016835,0.03530119323462584,0.09841400938807077,0.1247453905213827,1.0,0.09375,0.0
550,3,198.0,150.0,4.053872053872054,1.7126367793080188,0.05723905723905724,0.020202020202020204,0.0460735816559511,0.11889643568302234,0.1321910719339246,1.0,0.03125,0.0
550,4,183.0,127.0,3.9764309764309766,1.6400244484042588,0.04040404040404041,0.013468013468013467,0.047540237669969114,0.12129588556651758,0.13973520316427396,1.0,0.0,0.0
550,5,189.0,136.0,4.037037037037037,1.6107724401190608,0.030303030303030304,0.006734006734006734,0.03589143681964374,0.1076720009737866,0.10118507026660846,1.0,0.0625,0.0
550,6,199.0,152.0,4.0033670033670035,1.6867443518228158,0.050505050505050504,0.010101010101010102,0.04158815151833862,0.11055278771585775,0.14463276427794136,1.0,0.0,0.0
550,7,187.0,133.0,3.909090909090909,1.6252898778438671,0.05723905723905724,0.010101010101010102,0.044249267210799165,0.10935691738936944,0.14104845248923112,1.0,0.03125,0.0
550,8,185.0,135.0,3.9663299663299663,1.6854130563703074,0.0707070707070707,0.006734006734006734,0.03974901708344311,0.12925195615446217,0.10900627757078313,1.0,0.0,0.0
550,9,189.0,137.0,4.037037037037037,1.672306208763011,0.05723905723905724,0.010101010101010102,0.039677877268516536,0.1065157820682147,0.1455583282694845,1.0,0.09375,0.0
550,10,191.0,136.0,3.946127946127946,1.6546415148159275,0.04713804713804714,0.010101010101010102,0.04812100250389953,0.12744106608091973,0.11031102100674775,1.0,0.09375,0.0
550,11,193.0,135.0,4.033670033670034,1.6449732629752272,0.04377104377104377,0.006734006734006734,0.04368362440217057,0.1188932616507982,0.115957313230414,1.0,0.03125,0.0
550,12,194.0,137.0,3.898989898989899,1.613254961959994,0.04040404040404041,0.010101010101010102,0.042206365992766386,0.11448057705211495,0.13721842513328228,1.0,0.0625,0.0
550,13,184.0,131.0,4.043771043771044,1.570381343413332,0.05387205387205387,0.003367003367003367,0.04023493480906904,0.10674269695502721,0.1343242363996542,1.0,0.0,0.0
550,14,188.0,139.0,3.952861952861953,1.6670101336395027,0.05723905723905724,0.010101010101010102,0.056852706236092856,0.1242527819023192,0.11317683822322769,1.0,0.0625,0.0
550,15,199.0,147.0,4.057239057239057,1.6288920611544646,0.037037037037037035,0.016835016835016835,0.04592066317240292,0.12163685757972882,0.14212810106493862,1.0,0.03125,0.0
550,16,194.0,142.0,3.9057239057239057,1.6871072500783406,0.05723905723905724,0.020202020202020204,0.049644054993375875,0.11936774309284397,0.12173987556563304,1.0,0.0625,0.0
550,17,181.0,131.0,3.9696969696969697,1.6884707809749937,0.0707070707070707,0.003367003367003367,0.050527541280253316,0.12482594737483534,0.14074591413157223,1.0,0.09375,0.0
550,18,185.0,128.0,4.013468013468014,1.7751996406399977,0.06734006734006734,0.016835016835016835,0.05196871558040118,0.12004107903762294,0.1315299008171341,1.0,0.03125,0.0
550,19,199.0,146.0,4.033670033670034,1.6470188349370425,0.050505050505050504,0.006734006734006734,0.03730583982935942,0.09949391057346174,0.17153048274331792,1.0,0.03125,0.0
550,20,188.0,131.0,3.9494949494949494,1.6124958426511011,0.05723905723905724,0.006734006734006734,0.04950835385208204,0.11368147434443687,0.1511129834519262,1.0,0.03125,0.0
550,21,188.0,137.0,3.9124579124579126,1.6119544004001416,0.06734006734006734,0.006734006734006734,0.04207487937697123,0.11532713296059087,0.13587477217881574,1.0,0.0625,0.0
550,22,184.0,124.0,3.952861952861953,1.5756352653328423,0.04713804713804714,0.006734006734006734,0.045687973661966905,0.12024807759821565,0.14202394289896803,1.0,0.0,0.0
550,23,192.0,147.0,3.993265993265993,1.7173961693937294,0.06397306397306397,0.016835016835016835,0.04050965010077974,0.11444578223971177,0.12261281547329911,1.0,0.03125,0.0
550,24,197.0,146.0,4.164983164983165,1.7358526998787018,0.05723905723905724,0.013468013468013467,0.04688452132538295,0.11790962186236423,0.1344914359456005,1.0,0.0,0.0
550,25,185.0,129.0,4.074074074074074,1.6271790573715978,0.04713804713804714,0.010101010101010102,0.042911461499616096,0.1214649069657968,0.12153269795681611,1.0,0.0625,0.0
550,26,190.0,140.0,3.993265993265993,1.5634574179035867,0.030303030303030304,0.0,0.043370733365466554,0.1257158338780191,0.11780347853065207,1.0,0.03125,0.0
550,27,197.0,146.0,4.117845117845118,1.5836660159533613,0.04377104377104377,0.010101010101010102,0.029057026524704828,0.08968258777222536,0.12584081948117298,1.0,0.0,0.0
550,28,201.0,154.0,4.101010101010101,1.6422142572041678,0.037037037037037035,0.010101010101010102,0.041289371374897486,0.09525793890625679,0.10098725405260409,1.0,0.0,0.0
550,29,202.0,156.0,4.016835016835016,1.5964141477165985,0.037037037037037035,0.010101010101010102,0.04642080985985814,0.11817075140072268,0.13814247157342255,1.0,0.0625,0.0
550,30,190.0,136.0,4.040404040404041,1.699192867925215,0.04377104377104377,0.006734006734006734,0.038649593868493176,0.11416937548480907,0.1285439656785503,1.0,0.09375,0.0
550,31,187.0,132.0,3.8316498316498318,1.6407915593868683,0.05723905723905724,0.016835016835016835,0.037427518907281035,0.1093381404406786,0.11924375442810745,1.0,0.09375,0.0
550,32,188.0,138.0,4.057239057239057,1.7076052264848287,0.0707070707070707,0.013468013468013467,0.04331027111595183,0.1099937470946747,0.12413547283956475,1.0,0.0,0.0
550,33,195.0,143.0,4.02020202020202,1.699553108104788,0.050505050505050504,0.013468013468013467,0.0440179221572278,0.11028062484123598,0.11363615894572411,1.0,0.03125,0.0
550,34,179.0,126.0,3.919191919191919,1.6102163374536709,0.04040404040404041,0.010101010101010102,0.05118789842728223,0.1270627180454021,0.12221847621175556,1.0,0.09375,0.0
550,35,185.0,132.0,3.8653198653198655,1.5855118395360763,0.04377104377104377,0.0,0.05207134704769011,0.13175497956132495,0.12953226738847182,1.0,0.0625,0.0
550,36,196.0,144.0,3.9865319865319866,1.6756787940097688,0.05387205387205387,0.016835016835016835,0.04694513287762524,0.10291570185480718,0.13507360331272056,1.0,0.03125,0.0
550,37,189.0,141.0,3.98989898989899,1.514208460722708,0.04040404040404041,0.003367003367003367,0.05710992829482974,0.13539944638458434,0.1773856140798359,1.0,0.0,0.0
550,38,184.0,128.0,3.9865319865319866,1.677686927715669,0.03367003367003367,0.020202020202020204,0.041521194222675036,0.10709106886857286,0.11556069827656322,1.0,0.03125,0.0
550,39,183.0,127.0,3.9696969696969697,1.684477831477248,0.04713804713804714,0.016835016835016835,0.04237235496113068,0.11012306110318117,0.14916808889105038,1.0,0.0625,0.0
550,40,191.0,140.0,3.9494949494949494,1.663878905124184,0.030303030303030304,0.016835016835016835,0.051041129089421974,0.1249316438785148,0.13477447029424927,1.0,0.03125,0.0
550,41,192.0,141.0,3.9225589225589226,1.6197631027883042,0.06060606060606061,0.006734006734006734,0.045154166118250884,0.11471262837212842,0.10655831793545055,1.0,0.03125,0.0
550,42,190.0,140.0,3.952861952861953,1.7167623463971247,0.07744107744107744,0.010101010101010102,0.04821961988187125,0.12751337239934962,0.12252344109474353,1.0,0.03125,0.0
550,43,187.0,139.0,3.9225589225589226,1.5925107288845206,0.037037037037037035,0.013468013468013467,0.04875777722618633,0.12823955589757155,0.11287981802086834,1.0,0.0,0.0
550,44,197.0,149.0,4.040404040404041,1.7441727429615659,0.05723905723905724,0.0,0.04535573876554465,0.1173681888710129,0.13500423668463762,1.0,0.03125,0.0
550,45,188.0,144.0,3.845117845117845,1.60478600362343,0.05387205387205387,0.006734006734006734,0.04894030607020676,0.13440114081958107,0.10196864619548916,1.0,0.03125,0.0
550,46,182.0,133.0,3.95959595959596,1.675245749614019,0.020202020202020204,0.010101010101010102,0.0564089114032984,0.1404939496448585,0.17550953211792633,1.0,0.03125,0.0
550,47,201.0,152.0,4.1313131313131315,1.6975708410946035,0.05387205387205387,0.026936026936026935,0.05609582385923767,0.13790742984597537,0.13269546169085286,1.0,0.03125,0.0
550,48,185.0,135.0,3.9023569023569022,1.6103289813501658,0.04713804713804714,0.003367003367003367,0.055319668090562164,0.119452374700131,0.11912442827728398,1.0,0.0625,0.0
550,49,197.0,149.0,4.090909090909091,1.6273601917694003,0.04040404040404041,0.013468013468013467,0.04686279485702519,0.1180197305016314,0.13195622907308222,1.0,0.03125,0.0
550,50,187.0,138.0,3.872053872053872,1.6134306331144865,0.06060606060606061,0.0,0.04935109559807937,0.11705281387826812,0.1216091271007767,1.0,0.09375,0.0
550,51,195.0,136.0,4.101010101010101,1.583766232122799,0.030303030303030304,0.013468013468013467,0.03975028014824235,0.1016019243362995,0.12712071320976767,1.0,0.09375,0.0
550,52,184.0,129.0,3.8417508417508417,1.6873088264948137,0.07744107744107744,0.013468013468013467,0.04152090035651594,0.10936749407414811,0.10974584591136055,1.0,0.03125,0.0
550,53,185.0,130.0,3.9023569023569022,1.511090704892315,0.03367003367003367,0.003367003367003367,0.050693322594799646,0.1297508667245485,0.15174042921439954,1.0,0.0,0.0
550,54,186.0,133.0,3.9326599326599325,1.5982452484688305,0.04377104377104377,0.010101010101010102,0.04953542134335501,0.1284476862538223,0.1360816808072854,1.0,0.03125,0.0
550,55,189.0,138.0,3.8754208754208754,1.6042772924107256,0.04377104377104377,0.016835016835016835,0.06529492505804796,0.14557178929777012,0.16096594103482453,1.0,0.0625,0.0
550,56,195.0,142.0,4.090909090909091,1.631492938147068,0.04713804713804714,0.010101010101010102,0.04653496772982935,0.1246184046905951,0.12070168254483729,1.0,0.125,0.0
550,57,201.0,145.0,4.168350168350169,1.6222178894184127,0.03367003367003367,0.013468013468013467,0.04019306671490805,0.10991756576676939,0.11255113834439638,1.0,0.0,0.0
550,58,191.0,136.0,3.9562289562289563,1.570381343413332,0.04377104377104377,0.010101010101010102,0.04785433540346497,0.10860307615785081,0.11850729643216888,1.0,0.0,0.0
550,59,201.0,150.0,4.047138047138047,1.7108684735551536,0.07407407407407407,0.016835016835016835,0.048615890841584755,0.11304527022173622,0.13837728358597562,1.0,0.0,0.0
550,60,196.0,145.0,3.9764309764309766,1.672550238141683,0.06397306397306397,0.003367003367003367,0.055706077268302116,0.1294359773521272,0.15018011159733993,1.0,0.03125,0.0
550,61,200.0,148.0,4.0,1.5526668705084201,0.05387205387205387,0.010101010101010102,0.04390740980184547,0.1121448004681973,0.11356134273664002,1.0,0.0,0.0
550,62,196.0,147.0,3.9764309764309766,1.5814954956658918,0.03367003367003367,0.010101010101010102,0.0500493637663483,0.12093547017876728,0.11075800762100334,1.0,0.03125,0.0
550,63,184.0,131.0,3.9393939393939394,1.6194411170772591,0.04040404040404041,0.006734006734006734,0.04212267752523372,0.11722854260505748,0.1317171919148941,1.0,0.0625,0.0
550,64,192.0,136.0,4.01010101010101,1.6195041193188,0.03367003367003367,0.016835016835016835,0.04600433192729536,0.12222750417574381,0.16125997404448567,1.0,0.0,0.0
550,65,204.0,157.0,4.134680134680135,1.719968673480281,0.05723905723905724,0.010101010101010102,0.040872248918664596,0.10362276030042075,0.1651356893984472,1.0,0.03125,0.0
550,66,193.0,140.0,4.08080808080808,1.6917910399227747,0.050505050505050504,0.010101010101010102,0.03566580939075218,0.0928283471299629,0.1409853329191832,1.0,0.0625,0.0
550,67,187.0,143.0,3.9158249158249157,1.6400866599584958,0.06397306397306397,0.010101010101010102,0.04923656937437326,0.12013705210344389,0.15173793980084388,1.0,0.0,0.0
550,68,185.0,131.0,4.074074074074074,1.6640083551355274,0.04713804713804714,0.003367003367003367,0.0475558198164264,0.10784085203554986,0.16060527342310318,1.0,0.03125,0.0
550,69,186.0,133.0,3.973063973063973,1.6714925201943611,0.04713804713804714,0.016835016835016835,0.048090284137067105,0.1330680018934733,0.13739978405636916,1.0,0.03125,0.0
550,70,187.0,133.0,3.9225589225589226,1.768808359943185,0.07407407407407407,0.026936026936026935,0.0352524296913708,0.09956668082434653,0.12344921639540804,1.0,0.0,0.0
550,71,189.0,139.0,3.993265993265993,1.6164000946386754,0.03367003367003367,0.010101010101010102,0.04800830000879517,0.12633442834794495,0.14416652692065277,1.0,0.03125,0.0
550,72,186.0,132.0,3.861952861952862,1.5884050269891923,0.050505050505050504,0.010101010101010102,0.04806665996796913,0.11974219704592548,0.11718539143440412,1.0,0.0,0.0
550,73,188.0,134.0,4.05050505050505,1.6020214757914613,0.037037037037037035,0.010101010101010102,0.04472205581495539,0.11752855016300309,0.13076602142347363,1.0,0.03125,0.0
550,74,185.0,130.0,4.033670033670034,1.657208820972,0.04377104377104377,0.02356902356902357,0.044513980304552905,0.12190257999942027,0.1112802817340227,1.0,0.03125,0.0
550,75,190.0,141.0,3.993265993265993,1.5996490902932008,0.04040404040404041,0.013468013468013467,0.04793927637430353,0.1291135588981654,0.13063432975330683,1.0,0.09375,0.0
550,76,184.0,132.0,3.9562289562289563,1.5378840862466068,0.030303030303030304,0.010101010101010102,0.05478875671685361,0.1368514561523292,0.14060190254859653,1.0,0.0,0.0
550,77,192.0,143.0,4.070707070707071,1.6892561584134846,0.05723905723905724,0.010101010101010102,0.04664754666015509,0.11257839521096599,0.1193033819436545,1.0,0.0,0.0
550,78,188.0,127.0,4.026936026936027,1.7230703468372588,0.050505050505050504,0.02356902356902357,0.04888014561166361,0.11956621388764911,0.12729504125632063,1.0,0.09375,0.0
550,79,186.0,129.0,3.861952861952862,1.6466884096017453,0.04713804713804714,0.006734006734006734,0.051475173144237704,0.12241368919581744,0.15579620472054911,1.0,0.09375,0.0
550,80,195.0,146.0,3.952861952861953,1.6609397236067214,0.05387205387205387,0.013468013468013467,0.045762359250967104,0.1163384480664243,0.131044606824231,1.0,0.0,0.0
550,81,187.0,128.0,3.952861952861953,1.5926388615227716,0.04377104377104377,0.013468013468013467,0.04162273874631514,0.11091691254170707,0.12165672340599061,1.0,0.0,0.0
550,82,193.0,141.0,3.952861952861953,1.6649891227641054,0.05387205387205387,0.006734006734006734,0.052339021141506924,0.12458927982316026,0.1297360270239866,1.0,0.09375,0.0
550,83,187.0,138.0,3.9663299663299663,1.7151172763381521,0.05723905723905724,0.016835016835016835,0.03860246711050235,0.10411039718568658,0.123524106936772,1.0,0.03125,0.0
550,84,190.0,133.0,3.9797979797979797,1.645193783555744,0.05387205387205387,0.010101010101010102,0.055735307607369264,0.12357931545157952,0.13277268041080978,1.0,0.0,0.0
550,85,198.0,151.0,4.090909090909091,1.6982318538544656,0.04713804713804714,0.013468013468013467,0.04373612431105005,0.10144863884127818,0.13810755620965634,1.0,0.0,0.0
550,86,185.0,129.0,3.9124579124579126,1.624438681321465,0.04713804713804714,0.006734006734006734,0.04901891787219514,0.1184552025379148,0.10586001821486592,1.0,0.09375,0.0
550,87,187.0,132.0,3.8383838383838382,1.5787332690555986,0.04713804713804714,0.006734006734006734,0.049725250513688105,0.14094641743069142,0.15347283450258542,1.0,0.03125,0.0
550,88,211.0,164.0,4.282828282828283,1.744874576298116,0.04040404040404041,0.020202020202020204,0.04075522399331087,0.1104591130763303,0.15564356007777255,1.0,0.125,0.0
550,89,188.0,141.0,4.016835016835016,1.762799106521294,0.05387205387205387,0.013468013468013467,0.05032426782275842,0.11922088177409007,0.15256776729228533,1.0,0.0625,0.0
550,90,191.0,139.0,3.9966329966329965,1.6544976278804584,0.04713804713804714,0.02356902356902357,0.04221729268693142,0.11190472794288725,0.17105641452600773,1.0,0.03125,0.0
550,91,196.0,150.0,4.1447811447811445,1.6583371765595896,0.037037037037037035,0.013468013468013467,0.046749245845518136,0.12059421828661109,0.1134182663869756,1.0,0.0625,0.0
550,92,191.0,143.0,4.026936026936027,1.801406588264889,0.07407407407407407,0.016835016835016835,0.03886617550849476,0.10626277906198278,0.12216399657924076,1.0,0.0625,0.0
550,93,200.0,146.0,4.104377104377105,1.6078137379813144,0.04040404040404041,0.013468013468013467,0.04163909113780856,0.11056852975965736,0.14011604308965317,1.0,0.0,0.0
550,94,190.0,131.0,3.983164983164983,1.5558251839726678,0.03367003367003367,0.003367003367003367,0.04370399980789686,0.10913365798164852,0.14404371589215076,1.0,0.0,0.0
550,95,193.0,143.0,3.9966329966329965,1.6422418702060984,0.06060606060606061,0.006734006734006734,0.04323118418373253,0.11903626617091045,0.13919039684540116,1.0,0.03125,0.0
550,96,197.0,150.0,3.9865319865319866,1.5547755561886232,0.030303030303030304,0.003367003367003367,0.05115835556426035,0.12119333337320445,0.13717898410632134,1.0,0.0625,0.0
550,97,196.0,139.0,4.104377104377105,1.6368693015380127,0.04713804713804714,0.016835016835016835,0.04305000257755756,0.10089717638318141,0.1579237724896118,1.0,0.0,0.0
550,98,186.0,129.0,4.033670033670034,1.5738426881194758,0.03367003367003367,0.010101010101010102,0.0368156726275531,0.09457506602112088,0.14096068656938976,1.0,0.03125,0.0
550,99,190.0,133.0,3.993265993265993,1.6205607916446492,0.05387205387205387,0.016835016835016835,0.04590907930194008,0.12580517806249547,0.1142354329642032,1.0,0.03125,0.0
550,100,185.0,134.0,3.8585858585858586,1.6897996674248035,0.07407407407407407,0.0,0.04234256603170115,0.11194043156404127,0.10814396392019274,1.0,0.0625,0.0
550,101,199.0,156.0,3.946127946127946,1.6988192048303714,0.06060606060606061,0.010101010101010102,0.05825981901540983,0.12285624008337899,0.1406856730899944,1.0,0.09375,0.0
550,102,194.0,142.0,3.98989898989899,1.6605642797467062,0.037037037037037035,0.013468013468013467,0.05536943933406937,0.13718654050405096,0.1797876278188109,1.0,0.0625,0.0
550,103,183.0,135.0,3.898989898989899,1.5816388561484067,0.05387205387205387,0.006734006734006734,0.03841381445345188,0.12217606690729237,0.13368135780965956,1.0,0.0,0.0
550,104,183.0,124.0,3.925925925925926,1.5246243345547121,0.037037037037037035,0.010101010101010102,0.042229713514924334,0.11317310935364606,0.13433036606731463,1.0,0.03125,0.0
550,105,194.0,142.0,3.9124579124579126,1.6653771837195184,0.06060606060606061,0.0,0.04181540666216393,0.1091263870790011,0.11897124685064514,1.0,0.03125,0.0
550,106,194.0,138.0,4.101010101010101,1.560205564641523,0.030303030303030304,0.006734006734006734,0.044303584023520706,0.10766224441462018,0.15957148989802225,1.0,0.0,0.0
550,107,194.0,143.0,3.9764309764309766,1.6400244484042588,0.04713804713804714,0.010101010101010102,0.054028703136770447,0.12775518295167473,0.13909896484997009,1.0,0.03125,0.0
550,108,201.0,155.0,4.063973063973064,1.634831833508748,0.04377104377104377,0.013468013468013467,0.044263702286911635,0.11840170496372156,0.13885714716051037,1.0,0.0625,0.0
550,109,189.0,135.0,4.127946127946128,1.6948506356704365,0.03367003367003367,0.016835016835016835,0.041353736449056905,0.10404604069470975,0.12398954103736888,1.0,0.0625,0.0
550,110,180.0,125.0,3.909090909090909,1.6862939806101231,0.050505050505050504,0.006734006734006734,0.047900720398256755,0.1291423869689882,0.1336459343530717,1.0,0.0625,0.0
550,111,199.0,150.0,3.9326599326599325,1.6582141205343144,0.06060606060606061,0.013468013468013467,0.04395196153028934,0.11670386982331307,0.16364602737140954,1.0,0.0625,0.0
550,112,192.0,142.0,3.9696969696969697,1.6562576703104495,0.05723905723905724,0.010101010101010102,0.055541043776658965,0.13529938667129796,0.10598244064729874,1.0,0.0625,0.0
550,113,189.0,138.0,4.047138047138047,1.6730585183605542,0.04377104377104377,0.013468013468013467,0.045902115833067185,0.10354621534098364,0.1297711428475298,1.0,0.09375,0.0
550,114,188.0,131.0,3.9292929292929295,1.7130074283394,0.06060606060606061,0.020202020202020204,0.04178717650398291,0.1135375596790505,0.09736686096275518,1.0,0.0,0.0
550,115,169.0,110.0,3.6835016835016834,1.6249829403395202,0.06734006734006734,0.006734006734006734,0.048928276528529054,0.1279768413096579,0.09666947666054312,1.0,0.03125,0.0
550,116,198.0,151.0,4.087542087542087,1.630644979624762,0.04040404040404041,0.016835016835016835,0.05160519356811346,0.12554330047921752,0.11392799245566372,1.0,0.03125,0.0
550,117,189.0,130.0,4.057239057239057,1.6697213784258065,0.04377104377104377,0.013468013468013467,0.04372688408933127,0.1122475571878844,0.10414579477076066,1.0,0.0,0.0
550,118,188.0,133.0,4.0033670033670035,1.6605915876169202,0.03367003367003367,0.006734006734006734,0.04268951368700082,0.1142007334292018,0.14115627083131618,1.0,0.03125,0.0
550,119,193.0,143.0,3.9292929292929295,1.6200710292396612,0.04040404040404041,0.006734006734006734,0.04607335095427678,0.12303686183059152,0.13708740098543784,1.0,0.03125,0.0
550,120,179.0,124.0,3.8821548821548824,1.6645192437192953,0.05723905723905724,0.016835016835016835,0.05421935477084268,0.12586298834576845,0.12386647968666914,1.0,0.0,0.0
550,121,193.0,145.0,3.9764309764309766,1.6359132550033573,0.05387205387205387,0.010101010101010102,0.04199654070493183,0.1075836160650285,0.1401831921288696,1.0,0.09375,0.0
550,122,193.0,144.0,4.0033670033670035,1.7085609683240002,0.04377104377104377,0.013468013468013467,0.05160332719936709,0.12981974527810097,0.16448857832100783,1.0,0.03125,0.0
550,123,179.0,126.0,3.781144781144781,1.6825249691959145,0.08080808080808081,0.013468013468013467,0.04705799638422048,0.1310669559239983,0.11178684880238787,1.0,0.0,0.0
550,124,191.0,136.0,4.05050505050505,1.6104064194584788,0.030303030303030304,0.013468013468013467,0.037746705329523726,0.10023533658650208,0.09849438667635892,1.0,0.03125,0.0
550,125,190.0,139.0,4.063973063973064,1.717198124838206,0.050505050505050504,0.02356902356902357,0.04658841574180536,0.11959535068881699,0.12998663949807843,1.0,0.03125,0.0
550,126,208.0,161.0,3.9966329966329965,1.648381139318223,0.04713804713804714,0.006734006734006734,0.04145819835309461,0.11021439879170114,0.1449946071579995,1.0,0.09375,0.0
550,127,194.0,144.0,4.0,1.6857493413170421,0.06060606060606061,0.013468013468013467,0.045823662486857174,0.11095352764732713,0.12475175583016793,1.0,0.03125,0.0
550,128,184.0,130.0,3.9023569023569022,1.677909905328199,0.06060606060606061,0.010101010101010102,0.052189847025897025,0.1211989776031377,0.1193483568376036,1.0,0.0,0.0
550,129,184.0,132.0,4.043771043771044,1.6801785383235375,0.04040404040404041,0.016835016835016835,0.04586596432610067,0.12040376374659448,0.13227838776512005,1.0,0.03125,0.0
550,130,197.0,141.0,4.124579124579125,1.7256146832317731,0.04713804713804714,0.013468013468013467,0.04495155105830678,0.10633214867163376,0.11890987420270863,1.0,0.0,0.0
550,131,193.0,138.0,3.95959595959596,1.6304294444874603,0.04713804713804714,0.010101010101010102,0.06417398506260555,0.14540345339660588,0.1541191324344693,1.0,0.03125,0.0
550,132,190.0,136.0,3.925925925925926,1.6680503048256239,0.06060606060606061,0.010101010101010102,0.043626730312487365,0.12166826147003106,0.11021538216207527,1.0,0.0625,0.0
550,133,199.0,151.0,4.114478114478114,1.67584115680883,0.037037037037037035,0.016835016835016835,0.04205137048486473,0.10054640633497973,0.11704018581870199,1.0,0.09375,0.0
550,134,174.0,124.0,3.8417508417508417,1.6469155841412062,0.06734006734006734,0.016835016835016835,0.04365450714091019,0.1193259336668956,0.1243099023189922,1.0,0.0625,0.0
550,135,202.0,144.0,4.094276094276094,1.6710651750888852,0.04040404040404041,0.010101010101010102,0.04478022925366601,0.11262439809019054,0.12499856572521369,1.0,0.03125,0.0
550,136,206.0,151.0,4.279461279461279,1.6735259998188685,0.026936026936026935,0.020202020202020204,0.042682923770525405,0.10108985897413697,0.1258336254827927,1.0,0.03125,0.0
550,137,180.0,130.0,3.835016835016835,1.6564493129329099,0.06397306397306397,0.013468013468013467,0.04960468077193259,0.12303798478176808,0.15793820296512934,1.0,0.0,0.0
550,138,186.0,133.0,3.8956228956228958,1.6613696732291767,0.05387205387205387,0.010101010101010102,0.05023836953406011,0.11478137697079459,0.1274434201587088,1.0,0.09375,0.0
550,139,189.0,143.0,3.9494949494949494,1.4567183545396163,0.03367003367003367,0.006734006734006734,0.03805847129438243,0.10027058977947935,0.16034785299084117,1.0,0.03125,0.0
550,140,185.0,128.0,3.9326599326599325,1.694368965353034,0.06397306397306397,0.010101010101010102,0.05727521715866203,0.13218891124170962,0.13934947344383486,1.0,0.09375,0.0
550,141,190.0,134.0,3.9225589225589226,1.5474741613992027,0.04040404040404041,0.003367003367003367,0.0481415854649265,0.11951084258987286,0.15415804650477058,1.0,0.03125,0.0
550,142,189.0,138.0,4.023569023569023,1.680583329098509,0.04713804713804714,0.016835016835016835,0.04403037303065134,0.11346218696934132,0.13185056703587764,1.0,0.0,0.0
550,143,190.0,138.0,4.107744107744108,1.7100930218188022,0.050505050505050504,0.006734006734006734,0.040998599115741274,0.10446562973440936,0.13054085491336556,1.0,0.0625,0.0
550,144,172.0,118.0,3.888888888888889,1.6198820813106398,0.050505050505050504,0.010101010101010102,0.04441955541028955,0.11819684075451634,0.11059440804943876,1.0,0.03125,0.0
550,145,200.0,154.0,4.104377104377105,1.6654180269811047,0.050505050505050504,0.013468013468013467,0.036465254672674606,0.10352400430393777,0.14972418211422184,1.0,0.09375,0.0
550,146,203.0,156.0,4.117845117845118,1.729984547599798,0.06060606060606061,0.010101010101010102,0.04900358284086959,0.11826619556089718,0.14805465150037894,1.0,0.03125,0.0
550,147,180.0,128.0,3.7104377104377106,1.516572472485845,0.0707070707070707,0.003367003367003367,0.05132907114549755,0.1162903134832802,0.13658077241339062,1.0,0.0625,0.0
550,148,187.0,135.0,4.033670033670034,1.5674114924757687,0.026936026936026935,0.003367003367003367,0.04255743375411052,0.10394225506356218,0.14882340997273386,1.0,0.03125,0.0
550,149,191.0,140.0,3.898989898989899,1.5964709575862908,0.04377104377104377,0.016835016835016835,0.04756706500922455,0.12430240919290143,0.10303617497934985,1.0,0.0,0.0
550,150,193.0,146.0,4.05050505050505,1.6166665877771762,0.05723905723905724,0.003367003367003367,0.054431658744137926,0.13260586807489322,0.14235292175590405,1.0,0.03125,0.0
550,151,182.0,131.0,3.973063973063973,1.5952206731068423,0.04713804713804714,0.006734006734006734,0.0427336487261627,0.1245693737003979,0.11557868424482054,1.0,0.0625,0.0
550,152,193.0,142.0,3.9326599326599325,1.6439391784373723,0.06060606060606061,0.010101010101010102,0.050857463380286086,0.12293519308901914,0.11767009285904433,1.0,0.0625,0.0
550,153,204.0,154.0,4.0,1.5954480704349312,0.04040404040404041,0.006734006734006734,0.04427204899837127,0.11567745627894838,0.13545313457285038,1.0,0.09375,0.0
550,154,207.0,157.0,4.094276094276094,1.6950713554900654,0.06060606060606061,0.006734006734006734,0.035798122175756536,0.09489431308177591,0.12909254330739525,1.0,0.03125,0.0
550,155,185.0,136.0,3.993265993265993,1.6917173271874257,0.06397306397306397,0.010101010101010102,0.042991151390580365,0.11385270275485493,0.12389313008999672,1.0,0.03125,0.0
550,156,188.0,136.0,3.888888888888889,1.6094557849413749,0.05387205387205387,0.006734006734006734,0.053967002678098605,0.13544979809701355,0.1271604949040828,1.0,0.125,0.0
550,157,196.0,147.0,4.107744107744108,1.587569758855641,0.03367003367003367,0.010101010101010102,0.04677082313971634,0.12349655242986098,0.15759434172230816,1.0,0.0,0.0
550,158,184.0,133.0,3.8181818181818183,1.6082508412212786,0.050505050505050504,0.010101010101010102,0.04821607995832416,0.11744377085778944,0.14157523828616822,1.0,0.09375,0.0
550,159,206.0,156.0,4.185185185185185,1.7182079134144141,0.05387205387205387,0.020202020202020204,0.04149551845899601,0.10768404178002437,0.12848599839539263,1.0,0.09375,0.0
550,160,188.0,136.0,4.016835016835016,1.6236010035017228,0.037037037037037035,0.006734006734006734,0.04530254564705785,0.11917343976134975,0.11813076918234146,1.0,0.0625,0.0
550,161,173.0,119.0,3.727272727272727,1.6605028353967286,0.07407407407407407,0.010101010101010102,0.0439162687646738,0.12169972617096297,0.10647287588081011,1.0,0.03125,0.0
550,162,186.0,137.0,3.9158249158249157,1.77609986116217,0.06734006734006734,0.013468013468013467,0.045360684735563296,0.11813447543765646,0.11760618428366923,1.0,0.0625,0.0
550,163,197.0,147.0,4.104377104377105,1.6855139488991786,0.04713804713804714,0.010101010101010102,0.04486465584256589,0.1094711758043976,0.15851431548844783,1.0,0.0,0.0
550,164,193.0,140.0,3.8855218855218854,1.5309464779044017,0.04713804713804714,0.003367003367003367,0.04285336774892242,0.11713490214597869,0.12766862762286194,1.0,0.09375,0.0
550,165,194.0,142.0,3.9158249158249157,1.6746230521081242,0.07744107744107744,0.010101010101010102,0.046841370234934614,0.1245035777752539,0.1285978331567078,1.0,0.09375,0.0
550,166,182.0,124.0,3.814814814814815,1.6624338318163903,0.06397306397306397,0.006734006734006734,0.03775493775589953,0.10213062030748132,0.10463119129759973,1.0,0.0625,0.0
550,167,185.0,135.0,3.962962962962963,1.7277616283560366,0.0707070707070707,0.013468013468013467,0.049748458600335985,0.12506847637449656,0.14883465262902829,1.0,0.03125,0.0
550,168,185.0,131.0,3.9023569023569022,1.71757438996936,0.07744107744107744,0.010101010101010102,0.04168487145956449,0.11175311760481917,0.13437965879423974,1.0,0.03125,0.0
550,169,191.0,134.0,4.023569023569023,1.5470565261383944,0.037037037037037035,0.006734006734006734,0.04178725401034165,0.11681344674936393,0.1556257465089005,1.0,0.03125,0.0
550,170,194.0,138.0,4.040404040404041,1.6732346861291845,0.06060606060606061,0.006734006734006734,0.045090613685052204,0.1181978942010973,0.14185656417175452,1.0,0.0,0.0
550,171,190.0,139.0,3.936026936026936,1.6735056772535022,0.05723905723905724,0.016835016835016835,0.04370527115543186,0.1080592587398985,0.13401308376298243,1.0,0.03125,0.0
550,172,192.0,142.0,4.016835016835016,1.6194481174473567,0.050505050505050504,0.016835016835016835,0.05297250117165509,0.12819517485346915,0.16424487961575068,1.0,0.03125,0.0
550,173,195.0,140.0,4.181818181818182,1.5892969224417726,0.030303030303030304,0.013468013468013467,0.05183522795973098,0.1116921106400993,0.1335251270801773,1.0,0.03125,0.0
550,174,185.0,134.0,4.05050505050505,1.6659012628758225,0.05723905723905724,0.006734006734006734,0.0429452992185657,0.11135591581718578,0.12629525957444798,1.0,0.0,0.0
550,175,194.0,148.0,4.006734006734007,1.5741884039935576,0.037037037037037035,0.006734006734006734,0.041183133498419344,0.10713045828573245,0.1494566758268173,1.0,0.03125,0.0
550,176,199.0,148.0,4.094276094276094,1.652831739406279,0.03367003367003367,0.013468013468013467,0.04846472676279937,0.11603107609266125,0.15427391316648595,1.0,0.09375,0.0
550,177,186.0,136.0,3.95959595959596,1.6892561584134846,0.06734006734006734,0.003367003367003367,0.048495485445654726,0.11108926145937915,0.13425144546627144,1.0,0.0625,0.0
550,178,196.0,148.0,3.98989898989899,1.6006834577406308,0.04713804713804714,0.003367003367003367,0.04202145762609919,0.11468788189748531,0.13983307414481352,1.0,0.0,0.0
550,179,187.0,129.0,4.016835016835016,1.5493191998040834,0.030303030303030304,0.010101010101010102,0.05256274830806781,0.12414655597375905,0.14328524236591714,1.0,0.03125,0.0
550,180,180.0,120.0,3.8922558922558923,1.5683659262515548,0.04040404040404041,0.016835016835016835,0.04606336879462797,0.11320696638855567,0.11782771736692008,1.0,0.0625,0.0
550,181,205.0,163.0,4.222222222222222,1.6730517423066944,0.050505050505050504,0.006734006734006734,0.03715825065392883,0.10963593640477605,0.11520188411343898,1.0,0.0,0.0
550,182,185.0,129.0,4.097643097643098,1.6839191401609834,0.04713804713804714,0.0,0.04848063401509879,0.1118838930752902,0.14749336774006594,1.0,0.0,0.0
550,183,201.0,156.0,4.121212121212121,1.7307248862174105,0.05723905723905724,0.006734006734006734,0.040509576612968314,0.11183613226159721,0.17417341216408305,1.0,0.0,0.0
550,184,181.0,128.0,3.8114478114478114,1.6650912528366089,0.0707070707070707,0.010101010101010102,0.045933455351951244,0.1118259972327597,0.10480090052924884,1.0,0.0,0.0
550,185,192.0,138.0,3.8956228956228958,1.5696664915928242,0.04040404040404041,0.003367003367003367,0.047071872315031925,0.12346240967659099,0.13069346327269618,1.0,0.03125,0.0
550,186,188.0,136.0,4.0,1.572062489655062,0.020202020202020204,0.010101010101010102,0.03717876171605674,0.11086434545033884,0.1301933599568264,1.0,0.03125,0.0
550,187,202.0,149.0,4.037037037037037,1.5705545918244883,0.04713804713804714,0.006734006734006734,0.04277053984144237,0.11090392209500065,0.15020171920993264,1.0,0.03125,0.0
550,188,199.0,148.0,4.084175084175084,1.6400866599584958,0.04040404040404041,0.0,0.034936539209148236,0.10426779540860562,0.13615836463891146,1.0,0.09375,0.0
550,189,190.0,142.0,3.9494949494949494,1.6270466771746692,0.05723905723905724,0.003367003367003367,0.04450551197428899,0.11348416347069316,0.12282093792173884,1.0,0.03125,0.0
550,190,193.0,144.0,3.919191919191919,1.6412820459667543,0.05387205387205387,0.020202020202020204,0.04280546437247641,0.11642868377638826,0.11963672673857288,1.0,0.0,0.0
550,191,188.0,140.0,3.9326599326599325,1.6602433786265784,0.05723905723905724,0.006734006734006734,0.061998921521295464,0.14609598699219248,0.14721504186354895,1.0,0.0625,0.0
550,192,190.0,141.0,3.9023569023569022,1.5956257020486402,0.050505050505050504,0.010101010101010102,0.047383154433928806,0.1151070830301822,0.1235978768536423,1.0,0.03125,0.0
550,193,199.0,145.0,4.090909090909091,1.6922734439930074,0.050505050505050504,0.020202020202020204,0.036726996605511264,0.10690364092609655,0.13561050501481284,1.0,0.0625,0.0
550,194,190.0,137.0,3.9696969696969697,1.615088027254881,0.050505050505050504,0.006734006734006734,0.0456879747705245,0.11478748611924662,0.13280601707921258,1.0,0.0,0.0
550,195,184.0,127.0,3.952861952861953,1.5713556172593406,0.04040404040404041,0.006734006734006734,0.051044822566876626,0.13605036131301343,0.1424256358610423,1.0,0.09375,0.0
550,196,190.0,141.0,3.888888888888889,1.67506302543202,0.05387205387205387,0.013468013468013467,0.051942198983046535,0.13632435872323823,0.11598937711270561,1.0,0.0625,0.0
550,197,183.0,131.0,3.855218855218855,1.542631459807968,0.04377104377104377,0.006734006734006734,0.050775608984105755,0.12681197987227513,0.14375821303595854,1.0,0.0,0.0
550,198,188.0,132.0,3.946127946127946,1.7106696732872002,0.05387205387205387,0.02356902356902357,0.04229925772338878,0.10070166710360953,0.09733289272053383,1.0,0.03125,0.0
550,199,182.0,124.0,3.8754208754208754,1.6700879756566431,0.07744107744107744,0.006734006734006734,0.04093467335068,0.11516784770164934,0.11825095838867686,1.0,0.0,0.0
550,200,190.0,142.0,3.95959595959596,1.6138240671088142,0.04040404040404041,0.010101010101010102,0.04190055082311187,0.11642308094309364,0.11966429964212544,1.0,0.03125,0.0
550,201,185.0,137.0,3.9326599326599325,1.555540979715115,0.030303030303030304,0.006734006734006734,0.05674202165491405,0.1290895134709492,0.1469648828178897,1.0,0.03125,0.0
550,202,193.0,145.0,3.946127946127946,1.5987558790303682,0.04040404040404041,0.006734006734006734,0.04652086675751755,0.10836149689366768,0.14399933263459933,1.0,0.0,0.0
550,203,192.0,140.0,3.9764309764309766,1.672550238141683,0.06060606060606061,0.013468013468013467,0.04527062857512313,0.11870922376162854,0.10746885024939216,1.0,0.0,0.0
550,204,196.0,145.0,3.95959595959596,1.6159090711774724,0.05723905723905724,0.010101010101010102,0.05073168023764203,0.14837383393952777,0.12774732382085013,1.0,0.03125,0.0
550,205,199.0,152.0,4.094276094276094,1.6970565420565495,0.050505050505050504,0.02356902356902357,0.044160177751214544,0.11380545136807838,0.13405445298621624,1.0,0.0625,0.0
550,206,186.0,131.0,3.9764309764309766,1.6317917037501037,0.050505050505050504,0.003367003367003367,0.048765777759760286,0.1324819666517462,0.15273979025680542,1.0,0.0,0.0
550,207,187.0,134.0,3.8922558922558923,1.606544054745782,0.05723905723905724,0.013468013468013467,0.04389084711602256,0.11772401374311217,0.10946487722986657,1.0,0.03125,0.0
550,208,189.0,137.0,4.02020202020202,1.6492818433847132,0.04377104377104377,0.02356902356902357,0.03866040814172694,0.10921755315971339,0.12033045299825158,1.0,0.0,0.0
550,209,180.0,133.0,3.973063973063973,1.717198124838206,0.06397306397306397,0.013468013468013467,0.040899228381210365,0.10157862255278662,0.11996337190219902,1.0,0.03125,0.0
550,210,193.0,138.0,4.047138047138047,1.6198890797751053,0.026936026936026935,0.003367003367003367,0.04870517772182444,0.11359608802386303,0.10241649835594051,1.0,0.0,0.0
550,211,185.0,133.0,3.9764309764309766,1.7911445251241485,0.050505050505050504,0.02356902356902357,0.0500147436797332,0.12572203126297332,0.11666242707853156,1.0,0.0625,0.0
550,212,186.0,137.0,3.9326599326599325,1.6521113913224401,0.06734006734006734,0.0,0.05289963075822116,0.11984270578632505,0.16269529979769545,1.0,0.03125,0.0
550,213,186.0,136.0,3.8821548821548824,1.60478600362343,0.06734006734006734,0.003367003367003367,0.05308129877610334,0.13640887180404607,0.13361309484479145,1.0,0.0,0.0
550,214,203.0,159.0,4.063973063973064,1.7463617898241912,0.06734006734006734,0.026936026936026935,0.04084131575527499,0.11143448548857686,0.1434069320616014,1.0,0.03125,0.0
550,215,187.0,140.0,3.9696969696969697,1.7082955381158065,0.05387205387205387,0.013468013468013467,0.03880718703250785,0.11169176000171431,0.16225011139371193,1.0,0.03125,0.0
550,216,174.0,116.0,3.8484848484848486,1.6372986479457694,0.06734006734006734,0.010101010101010102,0.06726755103669882,0.1684617192029626,0.15278411684754764,1.0,0.03125,0.0
550,217,178.0,121.0,3.8181818181818183,1.6228397380601072,0.06734006734006734,0.010101010101010102,0.036433203413881156,0.11248162812843442,0.10805700797136447,1.0,0.09375,0.0
550,218,182.0,128.0,3.9764309764309766,1.6089344580664535,0.037037037037037035,0.013468013468013467,0.04363623281982814,0.11468522634167494,0.12195010000665439,1.0,0.03125,0.0
550,219,185.0,126.0,3.8585858585858586,1.6309925569243968,0.05387205387205387,0.006734006734006734,0.04938474132984148,0.1295960291536136,0.1310207337454159,1.0,0.0,0.0
550,220,187.0,132.0,3.9865319865319866,1.7387891293029898,0.04713804713804714,0.006734006734006734,0.046939242578808056,0.11663017547433925,0.12522987347707715,1.0,0.03125,0.0
550,221,205.0,155.0,4.094276094276094,1.601094185374058,0.04377104377104377,0.006734006734006734,0.04507459914107159,0.11296968180320247,0.14572589660964305,1.0,0.03125,0.0
550,222,197.0,152.0,4.053872053872054,1.5945382865475988,0.037037037037037035,0.010101010101010102,0.039401396474776786,0.1174624061147297,0.11654300591043334,1.0,0.03125,0.0
550,223,181.0,131.0,3.8282828282828283,1.6020214757914613,0.06060606060606061,0.003367003367003367,0.046374661363343034,0.11008995268643988,0.12220092456878666,1.0,0.0625,0.0
550,224,192.0,141.0,3.888888888888889,1.6115464406635212,0.05723905723905724,0.010101010101010102,0.04030933951572475,0.12509049400469044,0.11827199373386688,1.0,0.03125,0.0
550,225,187.0,133.0,3.9292929292929295,1.6117363658010662,0.04713804713804714,0.006734006734006734,0.05607918832243864,0.13795996501314214,0.14022788266665148,1.0,0.03125,0.0
550,226,198.0,149.0,3.962962962962963,1.6023894117570443,0.04377104377104377,0.003367003367003367,0.046007078138795475,0.1205271631006436,0.1306445287573592,1.0,0.09375,0.0
550,227,188.0,138.0,4.097643097643098,1.7735128926412729,0.06060606060606061,0.026936026936026935,0.03862933941119625,0.11300695627714866,0.11152012196486426,1.0,0.03125,0.0
550,228,192.0,142.0,3.952861952861953,1.6281820100070705,0.04713804713804714,0.003367003367003367,0.04248202799225487,0.12032466674193654,0.12342234755229722,1.0,0.0,0.0
550,229,180.0,124.0,3.9158249158249157,1.6685803386261953,0.06060606060606061,0.010101010101010102,0.04812227024764644,0.11566696720810152,0.13719237437167767,1.0,0.0,0.0
550,230,194.0,139.0,4.047138047138047,1.6302486511096004,0.04040404040404041,0.003367003367003367,0.04568890726360705,0.11994523029921289,0.12145700784465215,1.0,0.03125,0.0
550,231,209.0,162.0,4.252525252525253,1.6917910399227747,0.04377104377104377,0.02356902356902357,0.04113427858872472,0.10278125973593634,0.11610819907069676,1.0,0.03125,0.0
550,232,200.0,149.0,4.040404040404041,1.6283630328393242,0.037037037037037035,0.016835016835016835,0.05062859798522987,0.12539620255430148,0.15359677264482266,1.0,0.0625,0.0
550,233,197.0,145.0,4.090909090909091,1.6822958644584254,0.04040404040404041,0.010101010101010102,0.057286728437925184,0.1390884722732024,0.1380082790393792,1.0,0.03125,0.0
550,234,183.0,134.0,3.8754208754208754,1.5724806930244286,0.03367003367003367,0.020202020202020204,0.04929631047485372,0.12520952558166593,0.13224595514637308,1.0,0.09375,0.0
550,235,188.0,140.0,3.919191919191919,1.535287079901501,0.04040404040404041,0.010101010101010102,0.04672697189265078,0.11541867302713618,0.11813790886521316,1.0,0.0,0.0
550,236,192.0,139.0,4.158249158249158,1.7461475533263238,0.06397306397306397,0.030303030303030304,0.03963704853465432,0.09811119616853588,0.13902480229501082,1.0,0.0625,0.0
550,237,178.0,122.0,3.962962962962963,1.6982785823914173,0.06060606060606061,0.013468013468013467,0.056181184594993445,0.13404597500554355,0.1303460288921302,1.0,0.0,0.0
550,238,197.0,147.0,4.053872053872054,1.5775551633442486,0.026936026936026935,0.003367003367003367,0.05392854638380305,0.12340450713456302,0.1457492481927041,1.0,0.0,0.0
550,239,210.0,163.0,3.98989898989899,1.594360533782269,0.04713804713804714,0.0,0.039714497909484635,0.10736508299817146,0.11515854951825816,1.0,0.09375,0.0
550,240,182.0,122.0,3.8282828282828283,1.5089435109820255,0.05387205387205387,0.0,0.0539780057958889,0.13162908963318032,0.1315468752323239,1.0,0.03125,0.0
550,241,187.0,134.0,4.0606060606060606,1.6665748367722932,0.04377104377104377,0.020202020202020204,0.041694641087200286,0.10819262136001741,0.12576244566864914,1.0,0.03125,0.0
550,242,190.0,140.0,4.006734006734007,1.8477272708099322,0.0707070707070707,0.02356902356902357,0.03700114864078068,0.0997963433577166,0.1459881135037616,1.0,0.0,0.0
550,243,175.0,118.0,3.8383838383838382,1.6020214757914613,0.06397306397306397,0.003367003367003367,0.04580925513385116,0.12754460331862455,0.15038861837779763,1.0,0.0625,0.0
550,244,182.0,131.0,3.8956228956228958,1.7171783191264123,0.07407407407407407,0.013468013468013467,0.04103335472067574,0.10603605214625202,0.11886269187851357,1.0,0.0,0.0
550,245,193.0,143.0,4.023569023569023,1.6338537790027825,0.04040404040404041,0.006734006734006734,0.04526496317563116,0.11729039291899034,0.12706803383128126,1.0,0.03125,0.0
550,246,196.0,139.0,4.090909090909091,1.6169821149554209,0.03367003367003367,0.003367003367003367,0.03320039758297332,0.09026746907598773,0.12064663135679247,1.0,0.03125,0.0
550,247,185.0,135.0,3.9124579124579126,1.687470070290916,0.06734006734006734,0.020202020202020204,0.061692179717281616,0.14392174758182757,0.11401124444383925,1.0,0.0,0.0
550,248,175.0,120.0,3.8518518518518516,1.5970105505571486,0.050505050505050504,0.016835016835016835,0.0530131106820925,0.13041866984050543,0.13395520039577002,1.0,0.0625,0.0
550,249,194.0,144.0,4.023569023569023,1.629727019378908,0.050505050505050504,0.006734006734006734,0.0459571449574993,0.12366944842404874,0.10630287695402053,1.0,0.03125,0.0
550,250,189.0,132.0,3.936026936026936,1.6450973094390522,0.06734006734006734,0.013468013468013467,0.0468295811889162,0.120022974327543,0.16161370936830405,1.0,0.09375,0.0
575,1,180.0,128.0,3.898989898989899,1.6585354142847508,0.06060606060606061,0.006734006734006734,0.04142375992769414,0.1056406914900885,0.10068254528937919,1.0,0.0,0.0
575,2,191.0,144.0,4.077441077441078,1.646564483005899,0.030303030303030304,0.013468013468013467,0.044377461496725286,0.1112884708405675,0.1103278628945076,1.0,0.03125,0.0
575,3,190.0,136.0,4.08080808080808,1.669755325995072,0.04713804713804714,0.010101010101010102,0.04774994148307186,0.12127337629348373,0.12071308826646303,1.0,0.03125,0.0
575,4,188.0,137.0,3.8821548821548824,1.608976734105771,0.04713804713804714,0.003367003367003367,0.04814680850122526,0.11571638682094562,0.10287137195116669,1.0,0.0,0.0
575,5,188.0,135.0,4.03030303030303,1.6046305811968153,0.04040404040404041,0.006734006734006734,0.04868460359355454,0.11973336436980611,0.16264186099259847,1.0,0.0,0.0
575,6,197.0,150.0,3.9797979797979797,1.6594579333591168,0.05723905723905724,0.013468013468013467,0.04234395787454561,0.10844995747534594,0.13574428379742073,1.0,0.03125,0.0
575,7,195.0,149.0,4.02020202020202,1.6492818433847132,0.026936026936026935,0.026936026936026935,0.04816576273280932,0.11886991172372664,0.08460272883723306,1.0,0.03125,0.0
575,8,189.0,134.0,3.962962962962963,1.5662610613920567,0.026936026936026935,0.013468013468013467,0.04710269979088041,0.10126758798593256,0.14368344699055427,1.0,0.15625,0.0
575,9,178.0,126.0,3.973063973063973,1.64714272734867,0.04377104377104377,0.003367003367003367,0.04818107360163677,0.11950553312430838,0.1298306219751889,1.0,0.0,0.0
575,10,166.0,111.0,3.797979797979798,1.632868195858571,0.0707070707070707,0.016835016835016835,0.039736770149115565,0.12516225706301468,0.10011301483646391,1.0,0.0,0.0
575,11,183.0,132.0,3.936026936026936,1.5610845230682864,0.04040404040404041,0.010101010101010102,0.051490518976920516,0.12190596092828769,0.12936999067812432,1.0,0.0,0.0
575,12,200.0,149.0,4.047138047138047,1.6507727680649262,0.04713804713804714,0.0,0.03819085000509558,0.10349318346044108,0.17033008551062342,1.0,0.0,0.0
575,13,201.0,151.0,3.98989898989899,1.6360518470887822,0.06397306397306397,0.010101010101010102,0.050596433049018785,0.12895786848625507,0.1462167792908498,1.0,0.0,0.0
575,14,186.0,133.0,3.952861952861953,1.6384891489969342,0.04713804713804714,0.013468013468013467,0.036017908092363105,0.11127929830463168,0.09392003310524621,1.0,0.0,0.0
575,15,182.0,127.0,3.95959595959596,1.5390704609891641,0.037037037037037035,0.003367003367003367,0.0486659428023192,0.11930203870834026,0.1360181283962022,1.0,0.0,0.0
575,16,190.0,145.0,4.023569023569023,1.6665000086726014,0.04040404040404041,0.02356902356902357,0.042840997288152126,0.11788197215376782,0.1482193646970101,1.0,0.0,0.0
575,17,192.0,144.0,4.006734006734007,1.6817364482689119,0.05387205387205387,0.013468013468013467,0.04278457365457525,0.0974361178772736,0.13097492283622036,1.0,0.0,0.0
575,18,190.0,137.0,3.9057239057239057,1.6609601999219648,0.06397306397306397,0.006734006734006734,0.038021159959725145,0.10658110518342535,0.1272066246278724,1.0,0.09375,0.0
575,19,179.0,124.0,3.962962962962963,1.654086453381822,0.037037037037037035,0.010101010101010102,0.04510076935023395,0.10278935616762136,0.10686706676896449,1.0,0.0,0.0
575,20,200.0,153.0,3.925925925925926,1.5268311525019411,0.04377104377104377,0.003367003367003367,0.04403780700540293,0.12258111211456654,0.12662406875479268,1.0,0.03125,0.0
575,21,203.0,155.0,4.1313131313131315,1.6836296247680465,0.04713804713804714,0.020202020202020204,0.041186781158242924,0.09874649460501866,0.1447783942217202,1.0,0.0,0.0
575,22,196.0,145.0,3.9966329966329965,1.6605915876169202,0.04040404040404041,0.010101010101010102,0.04998325825191215,0.11477575512732291,0.1438987874796486,1.0,0.0,0.0
575,23,187.0,132.0,3.872053872053872,1.6341659876561745,0.06060606060606061,0.010101010101010102,0.03415108944976088,0.09762999792238045,0.1253993507500099,1.0,0.0625,0.0
575,24,177.0,122.0,3.7306397306397305,1.6313956538181953,0.06060606060606061,0.006734006734006734,0.04382760929016759,0.1166875750815909,0.11099355562950133,1.0,0.03125,0.0
575,25,200.0,142.0,4.063973063973064,1.6954926499026106,0.06060606060606061,0.006734006734006734,0.041970479137984934,0.11207222670928721,0.13351481870042775,1.0,0.03125,0.0
575,26,191.0,136.0,3.993265993265993,1.6595672349627961,0.06734006734006734,0.013468013468013467,0.03417495228288948,0.08938522223192223,0.11032898999661134,1.0,0.0,0.0
575,27,185.0,130.0,3.9865319865319866,1.6329376225930652,0.05387205387205387,0.013468013468013467,0.04735396522986662,0.1344715895481102,0.15434886206487022,1.0,0.03125,0.0
575,28,200.0,155.0,4.161616161616162,1.6270466771746692,0.020202020202020204,0.003367003367003367,0.03963737171192057,0.09825948972782904,0.1136550040406699,1.0,0.03125,0.0
575,29,195.0,147.0,4.084175084175084,1.6173466474753457,0.03367003367003367,0.010101010101010102,0.04267073322249891,0.12178234174925087,0.1035105869324165,1.0,0.0,0.0
575,30,180.0,115.0,3.8922558922558923,1.6314998868057269,0.06397306397306397,0.010101010101010102,0.04140785706819992,0.11540516057022973,0.12611219811580704,1.0,0.0,0.0
575,31,195.0,138.0,4.063973063973064,1.6286414902155584,0.037037037037037035,0.013468013468013467,0.036980335005261426,0.09939555450864346,0.11040627269967512,1.0,0.0,0.0
575,32,200.0,149.0,4.077441077441078,1.6889608456416698,0.04377104377104377,0.020202020202020204,0.0348098486662127,0.09603855400217656,0.1408585018782415,1.0,0.09375,0.0
575,33,184.0,131.0,3.8518518518518516,1.5991174770243908,0.05723905723905724,0.006734006734006734,0.04700702762089136,0.1246352259692304,0.12403748576929195,1.0,0.09375,0.0
575,34,185.0,131.0,3.8855218855218854,1.5592752180901164,0.04377104377104377,0.013468013468013467,0.04542922488509824,0.1301008420071563,0.1302953012111298,1.0,0.0,0.0
575,35,196.0,148.0,4.074074074074074,1.7216881254301077,0.04377104377104377,0.020202020202020204,0.036739773397524,0.10838869735841532,0.1299586893136126,1.0,0.09375,0.0
575,36,192.0,142.0,3.9494949494949494,1.661854086309399,0.05723905723905724,0.013468013468013467,0.03612163135815017,0.09893049833714604,0.10242393921227051,1.0,0.0625,0.0
575,37,195.0,138.0,4.148148148148148,1.6549909024351268,0.030303030303030304,0.010101010101010102,0.044135054032369274,0.10421371931878556,0.12348607231287859,1.0,0.03125,0.0
575,38,192.0,140.0,4.0,1.6917307297418411,0.0707070707070707,0.006734006734006734,0.037708960170638704,0.09758645784164739,0.10969554181942717,1.0,0.0,0.0
575,39,184.0,126.0,3.973063973063973,1.634831833508748,0.05387205387205387,0.006734006734006734,0.05095351895833337,0.12827905966131167,0.09848964524462894,1.0,0.0,0.0
575,40,193.0,145.0,4.013468013468014,1.6816960013320046,0.06060606060606061,0.010101010101010102,0.03952285132386042,0.09916087092748273,0.11788810484169776,1.0,0.0,0.0
575,41,189.0,134.0,3.8821548821548824,1.6005843007969451,0.04377104377104377,0.010101010101010102,0.05358319064961761,0.12485424555120166,0.12863079529655044,1.0,0.0,0.0
575,42,200.0,148.0,4.097643097643098,1.6938871580688424,0.05387205387205387,0.016835016835016835,0.03614402561964507,0.0950565524581269,0.11440491217108428,1.0,0.0625,0.0
575,43,198.0,145.0,4.057239057239057,1.5996916117226927,0.037037037037037035,0.016835016835016835,0.03914386875533612,0.10923929934456796,0.12765606642679045,1.0,0.0625,0.0
575,44,191.0,139.0,4.0033670033670035,1.5515785738066032,0.03367003367003367,0.013468013468013467,0.045636185995389565,0.11971235896918424,0.1392374530572182,1.0,0.0,0.0
575,45,203.0,151.0,3.9966329966329965,1.7065891643117386,0.06734006734006734,0.003367003367003367,0.05576539882309288,0.12076015506069158,0.167188795237729,1.0,0.09375,0.0
575,46,197.0,148.0,4.053872053872054,1.6238314079799807,0.04377104377104377,0.013468013468013467,0.04189286823813523,0.09986520739075726,0.1493931240072612,1.0,0.03125,0.0
575,47,189.0,141.0,4.05050505050505,1.705844996572489,0.05387205387205387,0.013468013468013467,0.03880748669094005,0.0989024109120295,0.12577275629649062,1.0,0.125,0.0
575,48,199.0,147.0,4.1313131313131315,1.6162878738561304,0.04713804713804714,0.010101010101010102,0.030540934661390694,0.09859411040112377,0.1213761609132346,1.0,0.03125,0.0
575,49,186.0,130.0,3.962962962962963,1.6702916060177362,0.06397306397306397,0.013468013468013467,0.04098765364920175,0.11183070502899757,0.11397350647719123,1.0,0.0,0.0
575,50,178.0,122.0,3.8181818181818183,1.6331805929219925,0.05387205387205387,0.010101010101010102,0.05542064948174908,0.13621584186475227,0.12635944774933175,1.0,0.09375,0.0
575,51,185.0,128.0,3.95959595959596,1.6427733300293528,0.05723905723905724,0.010101010101010102,0.04590456616368276,0.10967126713187487,0.14884172770704204,1.0,0.03125,0.0
575,52,201.0,153.0,4.087542087542087,1.661328730440048,0.050505050505050504,0.013468013468013467,0.04324354009380224,0.11013362967398925,0.14398296845806807,1.0,0.0625,0.0
575,53,187.0,132.0,4.047138047138047,1.6810891805002017,0.05387205387205387,0.010101010101010102,0.03474850546515329,0.0997211894537844,0.11107903646351927,1.0,0.09375,0.0
575,54,193.0,136.0,4.026936026936027,1.6674589145156418,0.04377104377104377,0.020202020202020204,0.03645842439293087,0.10350193460249654,0.12442672442591729,1.0,0.0,0.0
575,55,182.0,132.0,3.946127946127946,1.627973112496106,0.04377104377104377,0.006734006734006734,0.04391177609682725,0.11252575688489286,0.15458344179115338,1.0,0.03125,0.0
575,56,198.0,146.0,4.043771043771044,1.5810653362245013,0.026936026936026935,0.013468013468013467,0.036880279413622825,0.0904185222526182,0.14555477345214135,1.0,0.03125,0.0
575,57,186.0,139.0,4.053872053872054,1.7321849800695681,0.04040404040404041,0.02356902356902357,0.04479913571499509,0.1161112005860312,0.14403786388352893,1.0,0.03125,0.0
575,58,182.0,126.0,3.9158249158249157,1.5252042120770093,0.026936026936026935,0.006734006734006734,0.040260105679398896,0.10296745484013989,0.14902368919332118,1.0,0.0,0.0
575,59,186.0,136.0,3.9562289562289563,1.6313748064215214,0.05723905723905724,0.016835016835016835,0.048274612333395236,0.12031972148815406,0.13652346655380088,1.0,0.03125,0.0
575,60,200.0,149.0,4.094276094276094,1.673078846357473,0.026936026936026935,0.013468013468013467,0.041253976848404074,0.11096222257088584,0.1277248577669289,1.0,0.09375,0.0
575,61,198.0,150.0,3.9696969696969697,1.5835085205871051,0.037037037037037035,0.006734006734006734,0.04782269120101012,0.11967232127438748,0.08690433144423043,1.0,0.03125,0.0
575,62,199.0,153.0,4.087542087542087,1.6593007996898979,0.037037037037037035,0.016835016835016835,0.03770746231594332,0.10134327336016409,0.14771399474365118,1.0,0.0,0.0
575,63,205.0,155.0,4.037037037037037,1.6065863936866576,0.050505050505050504,0.016835016835016835,0.04230173275695944,0.10845784832367615,0.14275727389145132,1.0,0.0,0.0
575,64,192.0,134.0,4.006734006734007,1.5996490902932008,0.04040404040404041,0.006734006734006734,0.041444994930508634,0.10840633115236549,0.11864905448818266,1.0,0.0,0.0
575,65,193.0,139.0,3.9393939393939394,1.633930102182614,0.04713804713804714,0.006734006734006734,0.03947585331693527,0.10699077530823446,0.12789173914085278,1.0,0.0,0.0
575,66,182.0,125.0,3.9225589225589226,1.5255609502271936,0.04040404040404041,0.006734006734006734,0.04872667045684155,0.11323103216079185,0.09700928077236468,1.0,0.03125,0.0
575,67,179.0,126.0,3.861952861952862,1.6136414132553172,0.04040404040404041,0.016835016835016835,0.047924874956561475,0.11808363619447007,0.13930531525945772,1.0,0.0,0.0
575,68,200.0,150.0,4.107744107744108,1.6742777613231448,0.04713804713804714,0.003367003367003367,0.03986287574312213,0.09741311154091888,0.12335241102665487,1.0,0.03125,0.0
575,69,170.0,116.0,3.740740740740741,1.5986495111136658,0.04040404040404041,0.016835016835016835,0.048507846941767754,0.1270902500403753,0.14116772799201635,1.0,0.0,0.0
575,70,188.0,134.0,3.9562289562289563,1.6001167638696732,0.04377104377104377,0.010101010101010102,0.041451982096567565,0.11587282901044961,0.11537365722086551,1.0,0.03125,0.0
575,71,195.0,141.0,4.08080808080808,1.5656891492210618,0.04040404040404041,0.013468013468013467,0.035823370689352346,0.09877602668956774,0.11310122873393344,1.0,0.09375,0.0
575,72,176.0,115.0,4.033670033670034,1.6693547006886962,0.04377104377104377,0.006734006734006734,0.04483243169147961,0.11708241483877284,0.12045508561904275,1.0,0.03125,0.0
575,73,180.0,123.0,3.9562289562289563,1.7020793150488294,0.06734006734006734,0.006734006734006734,0.03676786944364186,0.10934171981744796,0.11860963384716419,1.0,0.0,0.0
575,74,189.0,126.0,4.006734006734007,1.5613023700948332,0.04377104377104377,0.013468013468013467,0.04205080817715919,0.1228598729555771,0.15775358074332324,1.0,0.0,0.0
575,75,178.0,124.0,3.8855218855218854,1.5785896447006236,0.037037037037037035,0.016835016835016835,0.041501636952001826,0.10885385282191722,0.12410631928515956,1.0,0.0,0.0
575,76,184.0,133.0,3.9663299663299663,1.6326460104686886,0.04377104377104377,0.010101010101010102,0.052371020366802176,0.13069488182051348,0.1355566032629704,1.0,0.09375,0.0
575,77,185.0,137.0,3.9225589225589226,1.666887717885206,0.06397306397306397,0.010101010101010102,0.046246608533474974,0.11035832712720421,0.13636582454813587,1.0,0.03125,0.0
575,78,194.0,145.0,3.993265993265993,1.6329792772169438,0.04713804713804714,0.013468013468013467,0.050112026938864164,0.11849202332463925,0.12636792170264,1.0,0.0,0.0
575,79,195.0,137.0,4.138047138047138,1.6073694629333348,0.026936026936026935,0.013468013468013467,0.04461001748635707,0.11344350907519186,0.13181514795988364,1.0,0.09375,0.0
575,80,195.0,138.0,4.040404040404041,1.6712212026335183,0.04713804713804714,0.013468013468013467,0.04481328995872092,0.1107995631661529,0.14388499304243782,1.0,0.0,0.0
575,81,198.0,148.0,4.016835016835016,1.6069250650542939,0.050505050505050504,0.006734006734006734,0.0396105253019835,0.09018150909890672,0.1352644279852241,1.0,0.0,0.0
575,82,173.0,121.0,3.787878787878788,1.545751605437194,0.050505050505050504,0.006734006734006734,0.06007870306420167,0.1442091966129612,0.13483128317397905,1.0,0.0625,0.0
575,83,186.0,134.0,3.942760942760943,1.5912502083833073,0.030303030303030304,0.013468013468013467,0.04239423548787742,0.1168538431569928,0.12703615563552972,1.0,0.03125,0.0
575,84,186.0,128.0,3.9562289562289563,1.621022432095504,0.050505050505050504,0.013468013468013467,0.044221522603417676,0.11816850002012828,0.15309116568272046,1.0,0.0625,0.0
575,85,202.0,148.0,4.104377104377105,1.6348110299308403,0.05723905723905724,0.016835016835016835,0.03938434585667381,0.10414000429398297,0.1119106002162664,1.0,0.0,0.0
575,86,183.0,129.0,3.8686868686868685,1.6796251664965547,0.07744107744107744,0.010101010101010102,0.03423244004649852,0.10217108791035098,0.14245855318320705,1.0,0.0,0.0
575,87,187.0,136.0,3.983164983164983,1.6236010035017228,0.05723905723905724,0.016835016835016835,0.044514463842123486,0.1279520654648868,0.10736992628757368,1.0,0.0625,0.0
575,88,187.0,137.0,3.9494949494949494,1.5550963509535038,0.03367003367003367,0.003367003367003367,0.033710524310730704,0.09774522661875282,0.17472007068003506,1.0,0.03125,0.0
575,89,191.0,138.0,3.8821548821548824,1.6026865291415076,0.050505050505050504,0.010101010101010102,0.05447629842400914,0.13070399272829292,0.1474645273268301,1.0,0.09375,0.0
575,90,190.0,131.0,3.919191919191919,1.5721273905732298,0.05723905723905724,0.006734006734006734,0.03441181193823001,0.08738459392719058,0.11064039395531222,1.0,0.03125,0.0
575,91,185.0,131.0,4.033670033670034,1.599308878158068,0.04713804713804714,0.010101010101010102,0.0382391370005719,0.1006291914318622,0.12619626832725087,1.0,0.03125,0.0
575,92,188.0,138.0,4.013468013468014,1.679692660626356,0.04377104377104377,0.020202020202020204,0.03842712536118308,0.10157097852023933,0.1246986219491566,1.0,0.03125,0.0
575,93,187.0,138.0,3.9158249158249157,1.5858121191016417,0.04713804713804714,0.010101010101010102,0.03729502636949625,0.10299550097061387,0.12353607901908564,1.0,0.0,0.0
575,94,201.0,149.0,4.161616161616162,1.6332430651642615,0.037037037037037035,0.013468013468013467,0.03609476301928849,0.10397813021934027,0.13870275570842755,1.0,0.03125,0.0
575,95,198.0,153.0,4.016835016835016,1.6706173629691379,0.04377104377104377,0.013468013468013467,0.04454260503689147,0.12242137797943434,0.11155378144295292,1.0,0.0,0.0
575,96,184.0,132.0,3.9494949494949494,1.7018928106268565,0.04040404040404041,0.020202020202020204,0.04943695933259876,0.11401878452845962,0.13556968386171944,1.0,0.03125,0.0
575,97,184.0,127.0,3.919191919191919,1.6596423756396663,0.06397306397306397,0.006734006734006734,0.035819489181611035,0.10907757124192752,0.11832017012285029,1.0,0.0625,0.0
575,98,196.0,144.0,4.02020202020202,1.6349289133722085,0.050505050505050504,0.006734006734006734,0.03130264645301431,0.09954311821338402,0.1344183798603637,1.0,0.03125,0.0
575,99,195.0,138.0,4.03030303030303,1.6358023728807005,0.050505050505050504,0.010101010101010102,0.03958822872039191,0.1086744521844149,0.11710400214548802,1.0,0.03125,0.0
575,100,190.0,137.0,3.9225589225589226,1.603047240502394,0.04377104377104377,0.010101010101010102,0.04586425901595571,0.11061081608426918,0.15365396065057077,1.0,0.03125,0.0
575,101,182.0,127.0,3.8114478114478114,1.5885120808841016,0.050505050505050504,0.006734006734006734,0.039623450536881114,0.10053797400676068,0.10682690040137136,1.0,0.0625,0.0
575,102,186.0,128.0,3.9663299663299663,1.618145527559644,0.050505050505050504,0.003367003367003367,0.050000052074011515,0.10528123676704247,0.12246214681356349,1.0,0.0,0.0
575,103,185.0,142.0,3.8855218855218854,1.6918379463549134,0.07407407407407407,0.003367003367003367,0.044711009886898245,0.11655191454225715,0.13391216130927858,1.0,0.03125,0.0
575,104,201.0,149.0,4.141414141414141,1.612306006977807,0.02356902356902357,0.02356902356902357,0.03931434879033031,0.10588757998534938,0.11760270023674711,1.0,0.0,0.0
575,105,189.0,138.0,4.013468013468014,1.7114647358056065,0.05723905723905724,0.010101010101010102,0.03763133081732802,0.10504679302935267,0.11863851893581392,1.0,0.03125,0.0
575,106,175.0,119.0,3.8518518518518516,1.6488762436705233,0.06060606060606061,0.010101010101010102,0.03560329816878515,0.11082179579332099,0.13735912809889325,1.0,0.0,0.0
575,107,204.0,157.0,4.141414141414141,1.5742676198552137,0.050505050505050504,0.013468013468013467,0.03242939523367143,0.09417834220566354,0.10400904855498254,1.0,0.0,0.0
575,108,190.0,136.0,4.101010101010101,1.7281290334135717,0.05723905723905724,0.030303030303030304,0.037485092047993385,0.09495300498319663,0.10637504706470982,1.0,0.03125,0.0
575,109,202.0,152.0,4.090909090909091,1.6458758320000326,0.04377104377104377,0.02356902356902357,0.044179721699936614,0.11404073773269457,0.139636575933505,1.0,0.0625,0.0
575,110,200.0,147.0,3.993265993265993,1.6575371490944186,0.04377104377104377,0.020202020202020204,0.04780850231606584,0.1273958101711576,0.12564231149474642,1.0,0.09375,0.0
575,111,192.0,134.0,4.026936026936027,1.6430493452083543,0.04713804713804714,0.010101010101010102,0.03962950290535916,0.10096775612822735,0.12598551616412457,1.0,0.0,0.0
575,112,185.0,125.0,3.8922558922558923,1.5726537101647364,0.05723905723905724,0.010101010101010102,0.04476488390017909,0.12022319887446288,0.14872897365222928,1.0,0.03125,0.0
575,113,178.0,123.0,3.9292929292929295,1.699192867925215,0.06060606060606061,0.016835016835016835,0.034665897874629856,0.10142595075312921,0.12170865255824173,1.0,0.0,0.0
575,114,188.0,141.0,3.983164983164983,1.5471444587198568,0.02356902356902357,0.013468013468013467,0.04197107023808304,0.10817100788702749,0.1718803460788068,1.0,0.0,0.0
575,115,187.0,136.0,3.888888888888889,1.7226294728657219,0.04713804713804714,0.013468013468013467,0.04346512599740486,0.12083686993737872,0.13519386666342303,1.0,0.03125,0.0
575,116,195.0,140.0,4.101010101010101,1.6686550734369052,0.04713804713804714,0.020202020202020204,0.04409312689852602,0.11109045215954111,0.16205189347810797,1.0,0.0,0.0
575,117,185.0,132.0,3.973063973063973,1.679530670158102,0.04377104377104377,0.016835016835016835,0.044192154973863355,0.11689614052695768,0.11620179173155473,1.0,0.03125,0.0
575,118,191.0,142.0,3.8956228956228958,1.6654180269811045,0.05387205387205387,0.016835016835016835,0.03985949593789948,0.12122605616500597,0.11874887744764166,1.0,0.03125,0.0
575,119,186.0,131.0,3.845117845117845,1.6214839411161965,0.0707070707070707,0.0,0.035220927692480045,0.10281400967009192,0.10882839995308026,1.0,0.03125,0.0
575,120,187.0,132.0,4.026936026936027,1.6875305327423709,0.0707070707070707,0.006734006734006734,0.048464525835512015,0.1220379883618247,0.10928057943629364,1.0,0.125,0.0
575,121,197.0,153.0,3.9393939393939394,1.7742158991884178,0.0707070707070707,0.006734006734006734,0.046641341594753236,0.11564499211982114,0.14440075174057657,1.0,0.09375,0.0
575,122,190.0,133.0,4.05050505050505,1.5744620418908053,0.020202020202020204,0.010101010101010102,0.03569493722434075,0.10335094380425448,0.10360387873778942,1.0,0.0,0.0
575,123,184.0,131.0,4.013468013468014,1.624668967003391,0.037037037037037035,0.010101010101010102,0.04219684099264854,0.11218384461371962,0.13676709727103709,1.0,0.0625,0.0
575,124,192.0,144.0,3.9966329966329965,1.745602105414167,0.06397306397306397,0.020202020202020204,0.03793651427901467,0.0945958028614537,0.11738482100930735,1.0,0.0,0.0
575,125,183.0,124.0,3.9494949494949494,1.7313143099603499,0.037037037037037035,0.010101010101010102,0.05421102702437356,0.13345555476888,0.1208515255033113,1.0,0.0,0.0
575,126,192.0,140.0,3.8956228956228958,1.5760884857873132,0.05387205387205387,0.010101010101010102,0.03625226322072579,0.10283341547787775,0.12560845355885653,1.0,0.0,0.0
575,127,190.0,140.0,4.01010101010101,1.7320213536775286,0.05387205387205387,0.026936026936026935,0.038597516151469606,0.09597555275616343,0.11995732785730143,1.0,0.03125,0.0
575,128,180.0,119.0,4.0,1.6122427234528303,0.03367003367003367,0.010101010101010102,0.04425475683819395,0.1128430290016399,0.13848208625733585,1.0,0.0,0.0
575,129,181.0,127.0,3.8013468013468015,1.660878293146325,0.05723905723905724,0.013468013468013467,0.05999637483290241,0.14900697161539497,0.16153601118495955,1.0,0.03125,0.0
575,130,194.0,150.0,3.925925925925926,1.637492509423709,0.05723905723905724,0.010101010101010102,0.045180991634137226,0.12601310612479516,0.14326518445766512,1.0,0.0,0.0
575,131,191.0,139.0,3.983164983164983,1.6318750704351812,0.04377104377104377,0.016835016835016835,0.04947254594248888,0.11743541274327253,0.12420236992353285,1.0,0.03125,0.0
575,132,197.0,149.0,3.925925925925926,1.6700676112549646,0.06060606060606061,0.010101010101010102,0.03956698308999426,0.09528796420070289,0.1103259280660632,1.0,0.0,0.0
575,133,197.0,141.0,4.03030303030303,1.7122329453127534,0.06734006734006734,0.010101010101010102,0.035968598184200215,0.09671918808080694,0.10155837802727771,1.0,0.0,0.0
575,134,188.0,129.0,3.9966329966329965,1.6666632656496945,0.04713804713804714,0.006734006734006734,0.040629205936061084,0.1199879445214968,0.11183551086325255,1.0,0.0,0.0
575,135,185.0,131.0,4.121212121212121,1.5630803177008263,0.04040404040404041,0.010101010101010102,0.02937078384979286,0.09008041651981226,0.12397455677771244,1.0,0.03125,0.0
575,136,194.0,143.0,4.02020202020202,1.6574277136136297,0.04713804713804714,0.010101010101010102,0.04092852555765869,0.1079368390500921,0.1331381588457539,1.0,0.0625,0.0
575,137,175.0,119.0,3.9225589225589226,1.611426846685374,0.05387205387205387,0.016835016835016835,0.03532587179530595,0.11057139393305875,0.11698426625230635,1.0,0.0625,0.0
575,138,175.0,118.0,3.8013468013468015,1.6949910970629802,0.07407407407407407,0.006734006734006734,0.04407370502921526,0.12013578551161536,0.10833624690656395,1.0,0.0,0.0
575,139,193.0,137.0,4.0,1.6080605044147394,0.04040404040404041,0.006734006734006734,0.04125880128967141,0.11285197577859868,0.10821671819993584,1.0,0.03125,0.0
575,140,181.0,129.0,3.8922558922558923,1.625296853022573,0.050505050505050504,0.010101010101010102,0.036252195754292574,0.11036889887193899,0.13052071839410953,1.0,0.0,0.0
575,141,190.0,139.0,3.952861952861953,1.6425938952914416,0.04377104377104377,0.010101010101010102,0.04975251199273174,0.11445622197916244,0.09836257210995242,1.0,0.03125,0.0
575,142,202.0,155.0,4.0673400673400675,1.6274716490708183,0.06397306397306397,0.006734006734006734,0.04219904470692967,0.10449472629654354,0.1336791790677711,1.0,0.03125,0.0
575,143,180.0,129.0,3.797979797979798,1.653359795200818,0.09427609427609428,0.003367003367003367,0.04135577775395251,0.10363520283756597,0.13054459769894658,1.0,0.03125,0.0
575,144,189.0,138.0,3.9393939393939394,1.6462477393219188,0.05723905723905724,0.010101010101010102,0.038492039410967474,0.10100355877532835,0.14058834145240845,1.0,0.0,0.0
575,145,205.0,159.0,4.218855218855219,1.670474852119502,0.05723905723905724,0.010101010101010102,0.05414573601550051,0.12239576453251644,0.15153572845653454,1.0,0.0,0.0
575,146,187.0,138.0,3.946127946127946,1.7782241047727283,0.0707070707070707,0.02356902356902357,0.03678326991494732,0.10304109788183091,0.10436087343546542,1.0,0.03125,0.0
575,147,198.0,153.0,4.188552188552189,1.7460306859752677,0.04713804713804714,0.010101010101010102,0.0385572360979006,0.10402656661779179,0.10994007768673919,1.0,0.0,0.0
575,148,186.0,135.0,3.9764309764309766,1.6461719872375769,0.04713804713804714,0.010101010101010102,0.03370539778836818,0.10272079232968695,0.11945883732522534,1.0,0.0,0.0
575,149,183.0,134.0,3.8754208754208754,1.5509208434328683,0.06060606060606061,0.0,0.03601847201522659,0.09543010144944969,0.10580144389719429,1.0,0.0625,0.0
575,150,186.0,129.0,3.9663299663299663,1.599308878158068,0.030303030303030304,0.006734006734006734,0.04713874431751781,0.11043670263474784,0.13085621475544024,1.0,0.0625,0.0
575,151,208.0,165.0,4.175084175084175,1.6866435328948346,0.03367003367003367,0.016835016835016835,0.0505972019419119,0.11664693630217363,0.11733804462820943,1.0,0.0,0.0
575,152,184.0,124.0,3.9663299663299663,1.6531403639253968,0.06397306397306397,0.006734006734006734,0.037843316442441474,0.1103642476993738,0.1057717036123725,1.0,0.03125,0.0
575,153,182.0,126.0,3.8821548821548824,1.5427416900244395,0.050505050505050504,0.0,0.039409151077597945,0.11788587432800857,0.10324207813079242,1.0,0.0,0.0
575,154,190.0,141.0,3.8821548821548824,1.6685599558241437,0.050505050505050504,0.010101010101010102,0.038079124876007744,0.1123280112463323,0.10864703382472478,1.0,0.0625,0.0
575,155,212.0,166.0,4.161616161616162,1.5914781730287781,0.037037037037037035,0.006734006734006734,0.03712160453276194,0.10590589828089345,0.10976495918253283,1.0,0.0,0.0
575,156,191.0,136.0,4.077441077441078,1.6709227024325701,0.04713804713804714,0.013468013468013467,0.03971556186192554,0.1121132228486698,0.11388387198950467,1.0,0.09375,0.0
575,157,190.0,136.0,4.077441077441078,1.549648439786319,0.037037037037037035,0.010101010101010102,0.038396525831372014,0.10830622078421875,0.12963538343606681,1.0,0.0625,0.0
575,158,199.0,149.0,4.127946127946128,1.6382815657512275,0.04040404040404041,0.013468013468013467,0.03593412728898153,0.09803430225681904,0.13044046973988566,1.0,0.0,0.0
575,159,185.0,128.0,3.845117845117845,1.6624952047984523,0.05387205387205387,0.010101010101010102,0.048112812682439984,0.1278479906549899,0.16944980975012847,1.0,0.09375,0.0
575,160,182.0,128.0,3.9865319865319866,1.6473079027364432,0.050505050505050504,0.003367003367003367,0.04423950400241515,0.10423374569358723,0.09372913589770171,1.0,0.03125,0.0
575,161,189.0,134.0,3.898989898989899,1.514208460722708,0.04713804713804714,0.003367003367003367,0.039022223130184594,0.10441588328857698,0.14016244291480684,1.0,0.0625,0.0
575,162,185.0,124.0,3.925925925925926,1.6042560926094835,0.05387205387205387,0.003367003367003367,0.04156548443573814,0.11732473106855806,0.08918961545832027,1.0,0.0625,0.0
575,163,191.0,140.0,4.08080808080808,1.6596423756396665,0.04377104377104377,0.013468013468013467,0.03535423552055872,0.0903505999950323,0.10856298100470727,1.0,0.0625,0.0
575,164,191.0,146.0,3.9966329966329965,1.6463372600187474,0.03367003367003367,0.016835016835016835,0.04135287602111613,0.12006923471915763,0.10588005972821174,1.0,0.0,0.0
575,165,184.0,124.0,4.02020202020202,1.6308048743833263,0.026936026936026935,0.016835016835016835,0.041785776734518165,0.10990609284517419,0.13907175789051004,1.0,0.0625,0.0
575,166,194.0,137.0,3.962962962962963,1.6170311914274051,0.037037037037037035,0.013468013468013467,0.038235388845727095,0.10827304255117154,0.10419233436158602,1.0,0.0,0.0
575,167,186.0,133.0,4.0,1.6350537218699186,0.04377104377104377,0.013468013468013467,0.03923859946231942,0.11842804283658805,0.1418770306834401,1.0,0.09375,0.0
575,168,191.0,143.0,3.9797979797979797,1.7192500791358754,0.07744107744107744,0.016835016835016835,0.036349167236767725,0.1045549238363902,0.12972931412043198,1.0,0.03125,0.0
575,169,184.0,131.0,3.9966329966329965,1.6091035555594038,0.04377104377104377,0.016835016835016835,0.03839618148975866,0.12150920386329715,0.1332402204494485,1.0,0.0625,0.0
575,170,188.0,138.0,4.043771043771044,1.657988494100289,0.05387205387205387,0.010101010101010102,0.032483791797591345,0.09926933397240768,0.10105772601999069,1.0,0.0625,0.0
575,171,194.0,145.0,4.070707070707071,1.6200710292396612,0.03367003367003367,0.016835016835016835,0.04690807211128784,0.12507178094894716,0.12283272118574093,1.0,0.0,0.0
575,172,191.0,135.0,3.993265993265993,1.5720480668649344,0.03367003367003367,0.003367003367003367,0.0465840185891432,0.1225301561090813,0.133050035340259,1.0,0.03125,0.0
575,173,190.0,141.0,3.95959595959596,1.7031513191363623,0.06060606060606061,0.003367003367003367,0.05181406497583965,0.13095427747973176,0.1113894985832462,1.0,0.03125,0.0
575,174,183.0,131.0,3.9158249158249157,1.6421383190547076,0.0707070707070707,0.013468013468013467,0.035038214698000746,0.105434202887423,0.12096149845180854,1.0,0.0,0.0
575,175,183.0,129.0,3.909090909090909,1.6560728510641776,0.06734006734006734,0.006734006734006734,0.043614135665358995,0.12187761112940139,0.10584355191495465,1.0,0.0625,0.0
575,176,184.0,131.0,3.888888888888889,1.5968543713429901,0.05387205387205387,0.010101010101010102,0.047001378392590346,0.11615687438846548,0.15795776368043415,1.0,0.03125,0.0
575,177,185.0,133.0,3.8653198653198655,1.6581730998298425,0.07407407407407407,0.013468013468013467,0.04222455752175646,0.11757901010592872,0.10699293117272232,1.0,0.0,0.0
575,178,190.0,135.0,4.074074074074074,1.6518231641301082,0.04040404040404041,0.003367003367003367,0.04573403975061168,0.11922605264866275,0.12194132384510016,1.0,0.03125,0.0
575,179,202.0,152.0,4.114478114478114,1.624836426999404,0.04040404040404041,0.016835016835016835,0.03483995361911733,0.09412687259349255,0.13851735530714904,1.0,0.0,0.0
575,180,202.0,152.0,4.127946127946128,1.619679112686903,0.03367003367003367,0.016835016835016835,0.03444845134833747,0.09965832516483296,0.13793204551751903,1.0,0.03125,0.0
575,181,179.0,121.0,3.878787878787879,1.5587661999529316,0.05723905723905724,0.010101010101010102,0.04549205163604846,0.12413435121817688,0.12091581681075131,1.0,0.09375,0.0
575,182,183.0,132.0,3.9865319865319866,1.5720047977005975,0.04040404040404041,0.003367003367003367,0.0446648084133014,0.1137260787215052,0.12554509845813802,1.0,0.0,0.0
575,183,194.0,141.0,4.175084175084175,1.6297896240017546,0.03367003367003367,0.010101010101010102,0.03592638108148697,0.10897551500626962,0.14031838702043326,1.0,0.0625,0.0
575,184,184.0,129.0,3.962962962962963,1.654086453381822,0.06734006734006734,0.010101010101010102,0.03732985050580039,0.10351019953609299,0.1344305955527546,1.0,0.03125,0.0
575,185,195.0,148.0,4.0673400673400675,1.714125508266993,0.037037037037037035,0.020202020202020204,0.04092658735512207,0.11032618050873123,0.12391422233059582,1.0,0.0,0.0
575,186,180.0,126.0,3.8855218855218854,1.7350688127202791,0.05723905723905724,0.020202020202020204,0.04324990537254463,0.11138864251957481,0.16254275603907764,1.0,0.0,0.0
575,187,181.0,128.0,3.861952861952862,1.5947515637134695,0.04377104377104377,0.013468013468013467,0.034715227285932154,0.09543000823754172,0.14276117325779325,1.0,0.0,0.0
575,188,176.0,123.0,3.8282828282828283,1.6819925896160524,0.06734006734006734,0.003367003367003367,0.040242849441501714,0.1060043967941223,0.10181567301324808,1.0,0.0625,0.0
575,189,191.0,145.0,4.03030303030303,1.6562576703104495,0.037037037037037035,0.006734006734006734,0.03990703604808464,0.10481201429907963,0.11848012499477813,1.0,0.0,0.0
575,190,185.0,128.0,3.98989898989899,1.62986613749737,0.05723905723905724,0.020202020202020204,0.035555774936067555,0.10382078790332049,0.13372980217407962,1.0,0.0,0.0
575,191,201.0,155.0,4.084175084175084,1.6946098176252833,0.03367003367003367,0.016835016835016835,0.03906487914244187,0.10608180430498147,0.15001788034136418,1.0,0.03125,0.0
575,192,190.0,138.0,4.02020202020202,1.605838241388072,0.04040404040404041,0.013468013468013467,0.046517430888869574,0.11208666134159284,0.16518002210323546,1.0,0.0,0.0
575,193,189.0,139.0,3.942760942760943,1.6555456606309982,0.050505050505050504,0.006734006734006734,0.03929583986123313,0.1086890368590841,0.11880308164579628,1.0,0.0625,0.0
575,194,180.0,126.0,3.946127946127946,1.6300400184487085,0.04713804713804714,0.010101010101010102,0.04226530477901868,0.11495838692855168,0.14552074860948738,1.0,0.0,0.0
575,195,188.0,130.0,4.053872053872054,1.609251501290025,0.04713804713804714,0.006734006734006734,0.041618983216426965,0.11095492848158882,0.11212885256256659,1.0,0.0625,0.0
575,196,188.0,134.0,3.9966329966329965,1.585919348024937,0.04713804713804714,0.003367003367003367,0.038347647835032465,0.11084172752601087,0.11002925794173599,1.0,0.0,0.0
575,197,180.0,125.0,3.8653198653198655,1.6783557716823259,0.08080808080808081,0.003367003367003367,0.038403163488093514,0.11475122062345859,0.1157496275485418,1.0,0.03125,0.0
575,198,182.0,130.0,3.9225589225589226,1.7028584160900373,0.05723905723905724,0.016835016835016835,0.04229298676302529,0.10772989374572063,0.16741674450496558,1.0,0.09375,0.0
575,199,183.0,131.0,3.936026936026936,1.5825059101006247,0.050505050505050504,0.003367003367003367,0.03758795495684604,0.11006033256278659,0.10691990194536727,1.0,0.0,0.0
575,200,187.0,142.0,3.9158249158249157,1.555803323949896,0.03367003367003367,0.003367003367003367,0.04369453033370477,0.11222484753114144,0.10745870944850201,1.0,0.03125,0.0
575,201,190.0,134.0,4.121212121212121,1.5587661999529316,0.016835016835016835,0.013468013468013467,0.03692588451131513,0.09728483030387598,0.14174190690969962,1.0,0.0625,0.0
575,202,186.0,134.0,4.016835016835016,1.5943036487117839,0.04377104377104377,0.013468013468013467,0.04597669791293664,0.11478903566743022,0.13000642970051274,1.0,0.0,0.0
575,203,183.0,124.0,3.973063973063973,1.548089418528303,0.03367003367003367,0.010101010101010102,0.042149588441183786,0.11912229398026701,0.16564448228136885,1.0,0.0625,0.0
575,204,182.0,119.0,4.006734006734007,1.5634574179035867,0.04040404040404041,0.010101010101010102,0.042973071902838264,0.11259967635199752,0.10744815838957328,1.0,0.03125,0.0
575,205,183.0,131.0,4.0033670033670035,1.5623911496055547,0.02356902356902357,0.013468013468013467,0.03785987962131176,0.1076033909201989,0.13636643078095564,1.0,0.0,0.0
575,206,192.0,141.0,3.909090909090909,1.6458758320000326,0.05387205387205387,0.016835016835016835,0.04369333057760491,0.10767784392217207,0.15794161084234593,1.0,0.0,0.0
575,207,190.0,141.0,4.01010101010101,1.7300762881621528,0.05723905723905724,0.020202020202020204,0.036704309019408174,0.10930584963443712,0.12790808503144865,1.0,0.03125,0.0
575,208,193.0,147.0,3.9797979797979797,1.6079336006932445,0.04377104377104377,0.003367003367003367,0.043518168038935205,0.11083341081204312,0.13039850159841093,1.0,0.0,0.0
575,209,196.0,148.0,4.1447811447811445,1.5728915776573273,0.020202020202020204,0.010101010101010102,0.03896618333619138,0.0898636561908772,0.1445402963825859,1.0,0.125,0.0
575,210,189.0,138.0,3.9326599326599325,1.5834297670295159,0.04040404040404041,0.006734006734006734,0.03631974226651273,0.10253032601935222,0.13714732271517624,1.0,0.0,0.0
575,211,190.0,137.0,3.98989898989899,1.6726857946353038,0.05387205387205387,0.006734006734006734,0.046272256458927685,0.12548144324497926,0.1242972160871173,1.0,0.0,0.0
575,212,188.0,138.0,3.9393939393939394,1.6421521262521677,0.05387205387205387,0.013468013468013467,0.04297157679256671,0.13324638744334202,0.12315287033379081,1.0,0.0625,0.0
575,213,192.0,140.0,3.983164983164983,1.6686007211792608,0.05387205387205387,0.013468013468013467,0.04543876189322511,0.11103637716432267,0.12494044977467524,1.0,0.0,0.0
575,214,194.0,148.0,3.983164983164983,1.66456010803213,0.037037037037037035,0.013468013468013467,0.04701302614118712,0.10405118834823687,0.12648307601284775,1.0,0.03125,0.0
575,215,187.0,135.0,3.962962962962963,1.6253387034661915,0.037037037037037035,0.013468013468013467,0.03571307017241346,0.09322410131221168,0.11085622344181756,1.0,0.09375,0.0
575,216,197.0,146.0,4.026936026936027,1.6835353531986599,0.0707070707070707,0.003367003367003367,0.044054059644628156,0.11263935295225093,0.11928101439846439,1.0,0.0625,0.0
575,217,188.0,134.0,3.9663299663299663,1.5908654439704166,0.04377104377104377,0.006734006734006734,0.04104729003369259,0.12097034826545988,0.10936214956531332,1.0,0.0,0.0
575,218,182.0,124.0,3.9326599326599325,1.5727618362120546,0.030303030303030304,0.016835016835016835,0.044102723502158436,0.11460843455142292,0.12018979567263431,1.0,0.0,0.0
575,219,187.0,135.0,4.047138047138047,1.7108684735551536,0.04040404040404041,0.006734006734006734,0.046626883885552854,0.12120355159202986,0.1403878307566681,1.0,0.03125,0.0
575,220,184.0,126.0,3.919191919191919,1.5891685203472432,0.04713804713804714,0.003367003367003367,0.03891618400947823,0.10217107086295961,0.10460934182927563,1.0,0.03125,0.0
575,221,193.0,143.0,3.9326599326599325,1.5813019383979583,0.04040404040404041,0.010101010101010102,0.035460572373975506,0.09485412212203331,0.11539454775406661,1.0,0.03125,0.0
575,222,215.0,167.0,4.188552188552189,1.6344781366732584,0.04377104377104377,0.020202020202020204,0.036848351533454886,0.10323970392799374,0.11780562861449145,1.0,0.0,0.0
575,223,188.0,138.0,3.95959595959596,1.6570583155078689,0.037037037037037035,0.02356902356902357,0.048433561927035365,0.1156746438454028,0.15920342554490688,1.0,0.0625,0.0
575,224,182.0,123.0,3.9225589225589226,1.5604743896015103,0.04040404040404041,0.006734006734006734,0.04321469411854356,0.12030480537591545,0.10940407290526469,1.0,0.0,0.0
575,225,185.0,136.0,3.909090909090909,1.672258754470697,0.0707070707070707,0.006734006734006734,0.05362696297715524,0.12426697497030433,0.14983884890599028,1.0,0.03125,0.0
575,226,188.0,141.0,3.8653198653198655,1.617052223745162,0.04040404040404041,0.010101010101010102,0.04160249029867733,0.10627081908278846,0.14827675376342725,1.0,0.03125,0.0
575,227,190.0,140.0,4.074074074074074,1.705971262177351,0.06734006734006734,0.016835016835016835,0.04028209295327115,0.10425363930991424,0.13424945374866556,1.0,0.03125,0.0
575,228,187.0,135.0,3.888888888888889,1.594744454934147,0.05387205387205387,0.010101010101010102,0.04139489011640719,0.11292714330308144,0.12409043833036484,1.0,0.125,0.0
575,229,179.0,127.0,3.8282828282828283,1.60621941912214,0.05723905723905724,0.006734006734006734,0.0410492468099078,0.11523405510204614,0.14814575374128403,1.0,0.0,0.0
575,230,187.0,131.0,3.936026936026936,1.63894573959042,0.06397306397306397,0.003367003367003367,0.03419008039999532,0.09049539311639489,0.12478875871348898,1.0,0.03125,0.0
575,231,186.0,135.0,3.983164983164983,1.7589748936480756,0.050505050505050504,0.016835016835016835,0.035038787403276844,0.09942841108280552,0.12526360327525562,1.0,0.03125,0.0
575,232,189.0,135.0,3.946127946127946,1.619679112686903,0.04713804713804714,0.016835016835016835,0.03780125614922475,0.09965884764870303,0.11980180601310789,1.0,0.0,0.0
575,233,190.0,137.0,4.01010101010101,1.6257292556550065,0.04040404040404041,0.010101010101010102,0.03860832804069235,0.10206574035787024,0.12669555392339196,1.0,0.03125,0.0
575,234,200.0,151.0,4.141414141414141,1.7036903953380214,0.037037037037037035,0.02356902356902357,0.04434595838260948,0.10293651003452887,0.12053676971158336,1.0,0.0625,0.0
575,235,198.0,144.0,4.181818181818182,1.6311176666209657,0.030303030303030304,0.013468013468013467,0.03842719475552511,0.10373030948970667,0.13229635672904524,1.0,0.0625,0.0
575,236,191.0,143.0,3.962962962962963,1.6149476360907578,0.04040404040404041,0.0,0.048429931054024676,0.1154079239919025,0.156370012564981,1.0,0.125,0.0
575,237,198.0,146.0,3.9562289562289563,1.6147791505821478,0.06734006734006734,0.006734006734006734,0.04381493130181162,0.12009652384063577,0.1432041210102356,1.0,0.03125,0.0
575,238,204.0,156.0,4.05050505050505,1.762155880623956,0.07407407407407407,0.016835016835016835,0.04478251491934521,0.11212459406888699,0.14181925944091853,1.0,0.0,0.0
575,239,195.0,143.0,4.040404040404041,1.6692052903695869,0.06060606060606061,0.006734006734006734,0.041518687917208794,0.10247122722379683,0.10582614014313912,1.0,0.0625,0.0
575,240,184.0,127.0,4.03030303030303,1.6744538008163312,0.037037037037037035,0.030303030303030304,0.040729047251092006,0.11190178539250807,0.138008592568111,1.0,0.0625,0.0
575,241,188.0,139.0,3.8922558922558923,1.5270316141720084,0.03367003367003367,0.003367003367003367,0.04074112601199726,0.11123559605551356,0.12771773129751965,1.0,0.0625,0.0
575,242,193.0,138.0,4.0673400673400675,1.555540979715115,0.037037037037037035,0.010101010101010102,0.047929967219407905,0.12096161768217462,0.11779614292000902,1.0,0.0625,0.0
575,243,190.0,137.0,4.01010101010101,1.633992545768985,0.04377104377104377,0.013468013468013467,0.05790979682209616,0.12955084591437044,0.15468516197314658,1.0,0.0625,0.0
575,244,188.0,141.0,3.8821548821548824,1.5836660159533613,0.04377104377104377,0.010101010101010102,0.044129457420217545,0.11951465798694427,0.12126504006939226,1.0,0.0,0.0
575,245,194.0,146.0,4.006734006734007,1.651431918192825,0.050505050505050504,0.013468013468013467,0.044117711120793275,0.11939974265351534,0.1338533373706164,1.0,0.09375,0.0
575,246,199.0,143.0,4.134680134680135,1.656141305041723,0.04040404040404041,0.020202020202020204,0.04809882246618672,0.11922627446746846,0.1158269970908115,1.0,0.03125,0.0
575,247,194.0,143.0,4.111111111111111,1.6890749498786368,0.05723905723905724,0.010101010101010102,0.03804727558609937,0.0957142690367189,0.11963476805663241,1.0,0.0,0.0
575,248,179.0,127.0,3.9225589225589226,1.6342492332237581,0.06734006734006734,0.010101010101010102,0.033543651878199354,0.097881645468857,0.11139840180074384,1.0,0.0,0.0
575,249,189.0,136.0,3.9225589225589226,1.6301234747173075,0.06397306397306397,0.0,0.04368439624056136,0.09019588759685426,0.14320791199324473,1.0,0.0,0.0
575,250,195.0,145.0,4.161616161616162,1.6979314254101572,0.026936026936026935,0.026936026936026935,0.04096797688832941,0.10359522282342243,0.12615718754890437,1.0,0.0625,0.0
600,1,199.0,149.0,4.124579124579125,1.602177151319629,0.030303030303030304,0.010101010101010102,0.042524419625883284,0.10086070299012881,0.11760741662468033,1.0,0.03125,0.0
600,2,188.0,139.0,4.063973063973064,1.6954926499026106,0.02356902356902357,0.016835016835016835,0.03324771864700607,0.09355529787093876,0.11909506647112886,1.0,0.0,0.0
600,3,197.0,146.0,4.053872053872054,1.5625435181959098,0.03367003367003367,0.010101010101010102,0.03696815614097613,0.11093163528005885,0.109401772793139,1.0,0.03125,0.0
600,4,201.0,158.0,4.124579124579125,1.678132853313149,0.05387205387205387,0.010101010101010102,0.04162562675872315,0.10253784379009709,0.1067284671611279,1.0,0.03125,0.0
600,5,185.0,132.0,4.077441077441078,1.6445183458880828,0.04377104377104377,0.013468013468013467,0.040992803788547756,0.1114339720055053,0.1148175761270873,1.0,0.0,0.0
600,6,185.0,131.0,3.919191919191919,1.5286936898903123,0.04040404040404041,0.003367003367003367,0.037404814325615335,0.11598716855105377,0.1349096428447311,1.0,0.125,0.0
600,7,186.0,133.0,4.040404040404041,1.6489106203969182,0.03367003367003367,0.010101010101010102,0.04059406007316092,0.10896682020731432,0.09812713880148388,1.0,0.03125,0.0
600,8,192.0,138.0,4.047138047138047,1.5799033207220339,0.026936026936026935,0.016835016835016835,0.04043050062190275,0.10798256529972533,0.10377156794236489,1.0,0.03125,0.0
600,9,194.0,152.0,3.9865319865319866,1.5890472421755593,0.04377104377104377,0.013468013468013467,0.05631335162814998,0.1295873069767616,0.13325642408855418,1.0,0.03125,0.0
600,10,199.0,145.0,4.168350168350169,1.5971170276285482,0.020202020202020204,0.013468013468013467,0.04444189597467247,0.10964392903921603,0.16032821512318307,1.0,0.03125,0.0
600,11,179.0,122.0,3.9797979797979797,1.5762107610431548,0.050505050505050504,0.010101010101010102,0.035492039125505276,0.10984886512347504,0.10248251784098122,1.0,0.0,0.0
600,12,179.0,128.0,3.9057239057239057,1.558467983552592,0.050505050505050504,0.003367003367003367,0.039048555773031346,0.11159117018325439,0.12715674611815853,1.0,0.0,0.0
600,13,200.0,153.0,4.104377104377105,1.6754961170541902,0.04377104377104377,0.016835016835016835,0.043413634041825404,0.10653640173896348,0.18555653978010836,1.0,0.0625,0.0
600,14,189.0,138.0,4.084175084175084,1.5751603230844806,0.030303030303030304,0.016835016835016835,0.04411218321373668,0.09919554237457061,0.10810048751388615,1.0,0.0,0.0
600,15,190.0,140.0,4.148148148148148,1.6406879166998787,0.030303030303030304,0.026936026936026935,0.042051141377726683,0.10529969939643431,0.11225961878336799,1.0,0.03125,0.0
600,16,196.0,140.0,4.164983164983165,1.6421590298073636,0.04377104377104377,0.006734006734006734,0.03979007417990676,0.09307194852449474,0.11547881655862094,1.0,0.03125,0.0
600,17,183.0,132.0,3.95959595959596,1.6159090711774724,0.05387205387205387,0.006734006734006734,0.03753291529474036,0.10483231828512918,0.10665326673620659,1.0,0.0625,0.0
600,18,173.0,113.0,3.774410774410774,1.634935847427592,0.06734006734006734,0.013468013468013467,0.04098101780426062,0.10614586407695059,0.13334718944968266,1.0,0.03125,0.0
600,19,180.0,129.0,4.0,1.616414121688688,0.05387205387205387,0.006734006734006734,0.037987991738578565,0.09770350583534035,0.10822607739338541,1.0,0.09375,0.0
600,20,201.0,151.0,4.104377104377105,1.5567430277426284,0.030303030303030304,0.010101010101010102,0.0305338785771139,0.09444381260922084,0.11566807436049151,1.0,0.03125,0.0
600,21,196.0,150.0,4.134680134680135,1.629497448516939,0.03367003367003367,0.010101010101010102,0.02928669813335991,0.09136334998180133,0.1156904413040665,1.0,0.0,0.0
600,22,190.0,138.0,4.074074074074074,1.7099140214768103,0.05723905723905724,0.016835016835016835,0.03858900495424787,0.10225071104838122,0.11019008815000739,1.0,0.03125,0.0
600,23,193.0,138.0,4.070707070707071,1.6012570309527432,0.037037037037037035,0.010101010101010102,0.04671605733639955,0.11583552001109318,0.1283012632241324,1.0,0.03125,0.0
600,24,182.0,130.0,3.8686868686868685,1.6614856723193607,0.06734006734006734,0.006734006734006734,0.042367536785952994,0.11357682558196937,0.09956269675442242,1.0,0.03125,0.0
600,25,180.0,128.0,3.9393939393939394,1.5558178973325376,0.03367003367003367,0.016835016835016835,0.04447391514406684,0.1113764705461948,0.11467682685056688,1.0,0.03125,0.0
600,26,191.0,143.0,4.070707070707071,1.5586352827058227,0.02356902356902357,0.006734006734006734,0.0346848993338901,0.08857895407425875,0.13666732099439494,1.0,0.0625,0.0
600,27,198.0,149.0,4.047138047138047,1.7187224792679496,0.06060606060606061,0.010101010101010102,0.04485131605471976,0.10024562897931161,0.12929889175145173,1.0,0.0625,0.0
600,28,187.0,137.0,4.101010101010101,1.7742734055784883,0.050505050505050504,0.02356902356902357,0.0341927213043329,0.09753673344271006,0.10562142746362169,1.0,0.03125,0.0
600,29,182.0,125.0,3.9225589225589226,1.603047240502394,0.05387205387205387,0.010101010101010102,0.037009004549336436,0.11179606407319423,0.11157084489344454,1.0,0.0625,0.0
600,30,180.0,132.0,3.797979797979798,1.6142033590723206,0.0707070707070707,0.010101010101010102,0.046894687136235895,0.12032157089859731,0.11316213319700094,1.0,0.0,0.0
600,31,190.0,138.0,4.124579124579125,1.5724806930244284,0.03367003367003367,0.010101010101010102,0.03590419585849265,0.10316693236782945,0.1141531443837079,1.0,0.0,0.0
600,32,181.0,134.0,3.888888888888889,1.6094557849413749,0.04377104377104377,0.006734006734006734,0.03727682173730681,0.11425465981611821,0.11740041093498327,1.0,0.0,0.0
600,33,171.0,114.0,3.888888888888889,1.5584388862143728,0.04377104377104377,0.006734006734006734,0.0545510015287785,0.13458824336859357,0.1258864353624507,1.0,0.03125,0.0
600,34,184.0,136.0,4.107744107744108,1.6722655337377599,0.050505050505050504,0.030303030303030304,0.04241984961332237,0.11769952628762928,0.12470870298442725,1.0,0.0,0.0
600,35,197.0,143.0,4.222222222222222,1.592631743313313,0.04377104377104377,0.006734006734006734,0.03328623940252574,0.09865591528344328,0.09914042802280526,1.0,0.0,0.0
600,36,196.0,146.0,4.158249158249158,1.5673029973157437,0.020202020202020204,0.003367003367003367,0.036137827792652455,0.09255540301335735,0.12075033393432984,1.0,0.0,0.0
600,37,178.0,128.0,3.7845117845117846,1.612460689582959,0.07407407407407407,0.0,0.03795876621818172,0.09533336568538403,0.09544213147804963,1.0,0.0625,0.0
600,38,194.0,143.0,4.03030303030303,1.5962152972503436,0.04377104377104377,0.013468013468013467,0.041744029614780784,0.11145174615975308,0.11909022101537318,1.0,0.0625,0.0
600,39,190.0,141.0,3.9562289562289563,1.5980111549306373,0.04377104377104377,0.010101010101010102,0.04601712965590761,0.11612759005406914,0.11513576609338082,1.0,0.0,0.0
600,40,191.0,141.0,4.053872053872054,1.619679112686903,0.02356902356902357,0.013468013468013467,0.0414106990709753,0.10692020528453038,0.12951007296885766,1.0,0.0625,0.0
600,41,188.0,136.0,4.0,1.616414121688688,0.05723905723905724,0.016835016835016835,0.030559034947199998,0.10374565257223223,0.08337885128133132,1.0,0.09375,0.0
600,42,197.0,138.0,4.2087542087542085,1.6747855172565391,0.03367003367003367,0.016835016835016835,0.04421277326320921,0.12320794598218651,0.10450089850121189,1.0,0.0,0.0
600,43,190.0,137.0,3.9326599326599325,1.6045528643379794,0.04040404040404041,0.010101010101010102,0.042554704687311005,0.11280896799738604,0.10525257306564095,1.0,0.03125,0.0
600,44,195.0,147.0,4.151515151515151,1.752517975125344,0.050505050505050504,0.026936026936026935,0.041316652470911604,0.11984037802921652,0.09714128686832416,1.0,0.0,0.0
600,45,170.0,124.0,3.8518518518518516,1.744140243837444,0.06397306397306397,0.02356902356902357,0.054731513636371965,0.13257637318854998,0.10866498493275477,1.0,0.125,0.0
600,46,186.0,130.0,4.02020202020202,1.6390425757888183,0.050505050505050504,0.013468013468013467,0.038943130324430794,0.11010145131324536,0.09023867694452317,1.0,0.03125,0.0
600,47,174.0,117.0,3.9023569023569022,1.5935141588025534,0.04040404040404041,0.003367003367003367,0.03970430345350421,0.1120594934676633,0.14834624591990409,1.0,0.0,0.0
600,48,184.0,129.0,3.9326599326599325,1.6295391910792743,0.050505050505050504,0.006734006734006734,0.03165144929815017,0.10011710053144893,0.09934809691196789,1.0,0.03125,0.0
600,49,190.0,145.0,4.013468013468014,1.6452626901756244,0.04377104377104377,0.016835016835016835,0.03356599029925073,0.10104743327295113,0.1102022844188616,1.0,0.0,0.0
600,50,199.0,143.0,4.228956228956229,1.6126926856722568,0.03367003367003367,0.016835016835016835,0.028603336587548697,0.08926965581139132,0.10733230372436706,1.0,0.0625,0.0
600,51,192.0,136.0,4.05050505050505,1.6229026083647529,0.04040404040404041,0.013468013468013467,0.042792493219551794,0.11189798952928445,0.11708057182254956,1.0,0.03125,0.0
600,52,192.0,145.0,4.0673400673400675,1.71216011265231,0.05723905723905724,0.020202020202020204,0.04357696203516581,0.12476330932855097,0.11949575931090423,1.0,0.0625,0.0
600,53,178.0,123.0,3.952861952861953,1.6870870911120326,0.06060606060606061,0.02356902356902357,0.038377456596386056,0.11866004514629358,0.10365995409898549,1.0,0.0,0.0
600,54,175.0,116.0,3.855218855218855,1.527276587148253,0.050505050505050504,0.003367003367003367,0.05067924717582871,0.12473638000375764,0.10724656812551173,1.0,0.0,0.0
600,55,195.0,149.0,4.047138047138047,1.6950512912395563,0.05723905723905724,0.016835016835016835,0.03782908829365872,0.1034933447528645,0.10559887164957252,1.0,0.0625,0.0
600,56,199.0,141.0,4.0606060606060606,1.5730357222683446,0.04377104377104377,0.010101010101010102,0.0345089859904838,0.09331478020671732,0.10955411849292475,1.0,0.03125,0.0
600,57,191.0,146.0,4.084175084175084,1.5383926445941853,0.037037037037037035,0.006734006734006734,0.03989598588341387,0.09981618019587495,0.11714682195347628,1.0,0.0625,0.0
600,58,200.0,145.0,4.0673400673400675,1.5813019383979583,0.04713804713804714,0.010101010101010102,0.029115697239485906,0.0833644410650299,0.10984105980633661,1.0,0.0,0.0
600,59,192.0,144.0,3.973063973063973,1.6755164154772433,0.05723905723905724,0.013468013468013467,0.03820794532284328,0.10187581774590325,0.09928103140125391,1.0,0.0,0.0
600,60,191.0,143.0,4.070707070707071,1.6304294444874603,0.04040404040404041,0.016835016835016835,0.037037145577982156,0.09723782880481777,0.10507540783445164,1.0,0.03125,0.0
600,61,193.0,141.0,4.013468013468014,1.6329376225930652,0.05387205387205387,0.010101010101010102,0.04613016560460572,0.11515902163044044,0.10351330823836649,1.0,0.03125,0.0
600,62,189.0,130.0,4.037037037037037,1.645924046949077,0.04377104377104377,0.016835016835016835,0.04820360690157747,0.12220995716629829,0.09189206408171094,1.0,0.0,0.0
600,63,180.0,127.0,3.9797979797979797,1.667554094932017,0.05723905723905724,0.016835016835016835,0.0390293710147566,0.10435340452440785,0.1140478108150017,1.0,0.03125,0.0
600,64,182.0,127.0,4.037037037037037,1.6438771126794183,0.04377104377104377,0.013468013468013467,0.044653978436642296,0.11911047355711137,0.10097639249631696,1.0,0.0,0.0
600,65,194.0,143.0,4.168350168350169,1.6933047913590056,0.04377104377104377,0.010101010101010102,0.036575743594971906,0.10777312867991626,0.0977989349081943,1.0,0.0,0.0
600,66,197.0,145.0,4.158249158249158,1.6833131207530259,0.05387205387205387,0.016835016835016835,0.03482614575080432,0.10272627208593531,0.11324482112808056,1.0,0.0,0.0
600,67,200.0,153.0,4.057239057239057,1.5806350597180507,0.04713804713804714,0.013468013468013467,0.04020582443009848,0.11744205278399816,0.10871284672317243,1.0,0.0,0.0
600,68,199.0,148.0,4.114478114478114,1.649515533516514,0.04377104377104377,0.006734006734006734,0.04231236469502153,0.10159222602931309,0.11193372654880532,1.0,0.0625,0.0
600,69,197.0,152.0,4.114478114478114,1.7331271673309356,0.05723905723905724,0.026936026936026935,0.029144270069382,0.08696945590824548,0.11777420398819308,1.0,0.0,0.0
600,70,197.0,150.0,4.127946127946128,1.6403354825810177,0.04040404040404041,0.020202020202020204,0.04552475263685501,0.11563155714089945,0.10641251013552705,1.0,0.03125,0.0
600,71,187.0,134.0,4.01010101010101,1.6966690450358364,0.04377104377104377,0.013468013468013467,0.03421582186688381,0.1021829643999483,0.0929351047401176,1.0,0.0625,0.0
600,72,195.0,148.0,4.090909090909091,1.6682270014706853,0.05387205387205387,0.010101010101010102,0.04309962900356466,0.11412449399688897,0.11423257332166631,1.0,0.0,0.0
600,73,182.0,124.0,3.9865319865319866,1.5953912241415178,0.05387205387205387,0.006734006734006734,0.033633144867512454,0.09340035482069273,0.09956005470490262,1.0,0.03125,0.0
600,74,185.0,136.0,3.993265993265993,1.6716959794669903,0.050505050505050504,0.020202020202020204,0.040573716135311313,0.11180526939716269,0.09009980934657034,1.0,0.09375,0.0
600,75,190.0,136.0,4.053872053872054,1.6113424220624883,0.04713804713804714,0.006734006734006734,0.051633901665496945,0.12692063309001497,0.10427144831369002,1.0,0.03125,0.0
600,76,199.0,146.0,4.262626262626263,1.6200710292396612,0.030303030303030304,0.016835016835016835,0.04201726700567859,0.10799170043476862,0.12113389248235898,1.0,0.0,0.0
600,77,196.0,148.0,4.178451178451178,1.556502692402053,0.030303030303030304,0.006734006734006734,0.03699418736464484,0.10815925038811411,0.11268120755593015,1.0,0.09375,0.0
600,78,193.0,138.0,4.097643097643098,1.6819184474481808,0.030303030303030304,0.016835016835016835,0.03614469385658347,0.09974006683426129,0.11862572793418069,1.0,0.0,0.0
600,79,189.0,138.0,4.08080808080808,1.569984243696919,0.030303030303030304,0.006734006734006734,0.03830646269525004,0.09937018145329674,0.10228086143182144,1.0,0.0,0.0
600,80,186.0,126.0,4.05050505050505,1.5288939073529015,0.03367003367003367,0.006734006734006734,0.03959078740357547,0.11658172432807952,0.11236645742928947,1.0,0.09375,0.0
600,81,190.0,137.0,3.9865319865319866,1.6205188178098555,0.05387205387205387,0.010101010101010102,0.04447648098533523,0.11590297698807434,0.12277324871719027,1.0,0.03125,0.0
600,82,196.0,143.0,4.134680134680135,1.6087019199911297,0.030303030303030304,0.010101010101010102,0.034477709069775944,0.09364887771540847,0.14141871795027144,1.0,0.0625,0.0
600,83,188.0,146.0,3.9393939393939394,1.6906447785891265,0.04713804713804714,0.020202020202020204,0.03949723471296094,0.1098283493610543,0.07641388167495579,1.0,0.0,0.0
600,84,190.0,144.0,4.111111111111111,1.6405358955814888,0.030303030303030304,0.0,0.04223984963893327,0.11725906937767294,0.11996968153673684,1.0,0.03125,0.0
600,85,194.0,151.0,4.02020202020202,1.7231624555092668,0.04713804713804714,0.016835016835016835,0.03570198377819112,0.10202312959801228,0.12509194751659627,1.0,0.03125,0.0
600,86,194.0,140.0,4.084175084175084,1.6543948438362173,0.030303030303030304,0.020202020202020204,0.038889917320625494,0.1021852139613166,0.12873720180327608,1.0,0.0,0.0
600,87,187.0,138.0,4.107744107744108,1.5597549973283849,0.020202020202020204,0.016835016835016835,0.0440782902555178,0.11295132300336602,0.10409836629493295,1.0,0.0,0.0
600,88,186.0,143.0,4.070707070707071,1.6366130250165154,0.037037037037037035,0.016835016835016835,0.04256409330524289,0.10681106090490095,0.1283235400595534,1.0,0.0,0.0
600,89,180.0,126.0,3.9865319865319866,1.659526247705043,0.04713804713804714,0.020202020202020204,0.03888795753771557,0.10695682078740852,0.09490536644337062,1.0,0.09375,0.0
600,90,176.0,120.0,3.9023569023569022,1.6145053241300495,0.06397306397306397,0.006734006734006734,0.03370166052292548,0.10746128378341828,0.12597594290937797,1.0,0.0625,0.0
600,91,198.0,150.0,4.043771043771044,1.5378840862466068,0.04040404040404041,0.003367003367003367,0.02784939479626124,0.09816042341661628,0.10344546358699472,1.0,0.03125,0.0
600,92,182.0,134.0,3.9663299663299663,1.720996598426511,0.05387205387205387,0.016835016835016835,0.04179032346280112,0.10697440642488593,0.12711240560260748,1.0,0.0,0.0
600,93,171.0,111.0,3.9124579124579126,1.6694158192378459,0.04377104377104377,0.010101010101010102,0.03154775043206919,0.09930525224552049,0.1339287327340152,1.0,0.0,0.0
600,94,187.0,135.0,4.006734006734007,1.6101388902035434,0.04040404040404041,0.013468013468013467,0.040538500825497356,0.10617945072988827,0.11186731172047099,1.0,0.03125,0.0
600,95,195.0,145.0,3.9562289562289563,1.6981183649113154,0.05387205387205387,0.020202020202020204,0.03695295350948338,0.1043103184797377,0.08508962750651106,1.0,0.03125,0.0
600,96,172.0,114.0,3.8956228956228958,1.5782233434356978,0.05387205387205387,0.003367003367003367,0.04510763605261353,0.11560421385543791,0.13394380040632775,1.0,0.0,0.0
600,97,188.0,137.0,4.0673400673400675,1.6541481360722734,0.026936026936026935,0.010101010101010102,0.03628284418638313,0.10274828443966656,0.0847778836768458,1.0,0.03125,0.0
600,98,195.0,144.0,4.124579124579125,1.6084693482975363,0.04040404040404041,0.006734006734006734,0.04158520772545677,0.11787435139899743,0.11949713186217872,1.0,0.03125,0.0
600,99,180.0,129.0,3.8417508417508417,1.5886405360354436,0.05723905723905724,0.003367003367003367,0.04474847613931402,0.10909020626934958,0.09454119115444223,1.0,0.03125,0.0
600,100,193.0,141.0,3.9797979797979797,1.6715874709366996,0.04713804713804714,0.010101010101010102,0.03374869342971837,0.10529125683684046,0.10831025095708008,1.0,0.03125,0.0
600,101,193.0,139.0,4.057239057239057,1.6330209307783088,0.05723905723905724,0.013468013468013467,0.042299141597729406,0.09908014484134461,0.126914003606266,1.0,0.09375,0.0
600,102,184.0,126.0,3.942760942760943,1.5570270125902799,0.03367003367003367,0.003367003367003367,0.03984205496616174,0.11142309158051183,0.10434086782974715,1.0,0.0,0.0
600,103,182.0,123.0,3.973063973063973,1.5973299604782518,0.04040404040404041,0.013468013468013467,0.03578682848131544,0.11202875135334987,0.12380317083636781,1.0,0.09375,0.0
600,104,184.0,133.0,3.993265993265993,1.6184817801513633,0.04713804713804714,0.006734006734006734,0.04040890950433775,0.10930871518879792,0.10832624160100746,1.0,0.03125,0.0
600,105,188.0,132.0,4.111111111111111,1.6730517423066944,0.05387205387205387,0.020202020202020204,0.037954380663431216,0.10391010526156985,0.09826355463222786,1.0,0.03125,0.0
600,106,206.0,158.0,4.239057239057239,1.5848896508835875,0.037037037037037035,0.020202020202020204,0.03249705047988032,0.09867513257518024,0.12146051439042399,1.0,0.0625,0.0
600,107,194.0,140.0,4.0606060606060606,1.6625292999206307,0.04713804713804714,0.016835016835016835,0.0497267792154251,0.1089493656782107,0.14326380025103647,1.0,0.0,0.0
600,108,190.0,137.0,3.9865319865319866,1.4906511445792565,0.026936026936026935,0.006734006734006734,0.04321037014925058,0.10709857413887731,0.10346539544989539,1.0,0.0625,0.0
600,109,181.0,122.0,3.973063973063973,1.6120176952439143,0.037037037037037035,0.016835016835016835,0.04562085138892639,0.11799939855202216,0.14004340214963928,1.0,0.0,0.0
600,110,188.0,137.0,4.212121212121212,1.6733566375659652,0.04040404040404041,0.020202020202020204,0.03254852692702673,0.10103504877656909,0.10772241681838252,1.0,0.125,0.0
600,111,186.0,135.0,3.8181818181818183,1.5244161195889683,0.05387205387205387,0.0,0.050206634479767615,0.12208156338988813,0.124761017165208,1.0,0.03125,0.0
600,112,187.0,134.0,3.8855218855218854,1.599776651191068,0.050505050505050504,0.016835016835016835,0.03457188346948071,0.09668249137332563,0.12480266821384219,1.0,0.0,0.0
600,113,186.0,131.0,4.040404040404041,1.5543088274302008,0.030303030303030304,0.006734006734006734,0.041558929091511335,0.11727371494292547,0.1135270755206048,1.0,0.0,0.0
600,114,190.0,140.0,4.148148148148148,1.6772206060077814,0.050505050505050504,0.010101010101010102,0.03966552706603798,0.11243216931189216,0.10532644175660334,1.0,0.03125,0.0
600,115,179.0,125.0,3.9057239057239057,1.6240617797709211,0.05723905723905724,0.010101010101010102,0.03841656555723882,0.10450873842073025,0.09783116257197316,1.0,0.0,0.0
600,116,192.0,137.0,4.114478114478114,1.6165263337069897,0.03367003367003367,0.016835016835016835,0.03178478218980657,0.09478937635686609,0.0871565026177876,1.0,0.09375,0.0
600,117,184.0,129.0,3.9292929292929295,1.534688851338077,0.04040404040404041,0.010101010101010102,0.04527387819283719,0.11898673606647435,0.1175191275879922,1.0,0.03125,0.0
600,118,185.0,132.0,4.02020202020202,1.6492818433847132,0.04377104377104377,0.013468013468013467,0.0412557223846295,0.11857128776569281,0.1061737013880961,1.0,0.03125,0.0
600,119,201.0,150.0,4.094276094276094,1.5947728898613112,0.037037037037037035,0.010101010101010102,0.03634689764666033,0.10050384576399099,0.10371988721551043,1.0,0.03125,0.0
600,120,198.0,147.0,4.084175084175084,1.5383926445941853,0.04377104377104377,0.010101010101010102,0.036836587405683935,0.09940337221400646,0.12241394026719997,1.0,0.0625,0.0
600,121,194.0,142.0,4.037037037037037,1.639775578584828,0.05387205387205387,0.016835016835016835,0.033968196487610444,0.09158896433319945,0.13703291570695314,1.0,0.03125,0.0
600,122,181.0,124.0,3.95959595959596,1.5499702957022863,0.03367003367003367,0.013468013468013467,0.044955605180892484,0.12206790334131891,0.12035108398923255,1.0,0.03125,0.0
600,123,177.0,114.0,3.9393939393939394,1.5858264167103326,0.04377104377104377,0.010101010101010102,0.03757311141311986,0.1176579622466439,0.09121082029521808,1.0,0.03125,0.0
600,124,185.0,132.0,4.090909090909091,1.6273601917694003,0.016835016835016835,0.020202020202020204,0.041246869894195376,0.11758971784821633,0.10821155495505651,1.0,0.03125,0.0
600,125,185.0,125.0,4.114478114478114,1.6698028514325687,0.04040404040404041,0.016835016835016835,0.03226385948100343,0.10362754340444363,0.10880779662157238,1.0,0.03125,0.0
600,126,188.0,132.0,4.057239057239057,1.6677036531824736,0.05723905723905724,0.013468013468013467,0.030329457609352753,0.10115503438454067,0.1128858230553135,1.0,0.03125,0.0
600,127,188.0,132.0,3.946127946127946,1.6668061023875538,0.06397306397306397,0.006734006734006734,0.037909341809557066,0.10372909227209011,0.10882605449315398,1.0,0.0,0.0
600,128,192.0,138.0,4.053872053872054,1.7027785246967704,0.05723905723905724,0.02356902356902357,0.02966871090284487,0.08620217913398587,0.11772520994007032,1.0,0.0,0.0
600,129,197.0,149.0,4.138047138047138,1.6850901596837045,0.050505050505050504,0.013468013468013467,0.031616469771386164,0.08953608525041891,0.11502664158509429,1.0,0.03125,0.0
600,130,180.0,127.0,4.043771043771044,1.6043196911727942,0.03367003367003367,0.003367003367003367,0.03898214764645437,0.10759159320466495,0.1271162739922338,1.0,0.0625,0.0
600,131,185.0,136.0,3.8956228956228958,1.6875103788325896,0.08080808080808081,0.003367003367003367,0.04051868612408509,0.10351665392642842,0.1105197059888322,1.0,0.0,0.0
600,132,191.0,139.0,4.047138047138047,1.6750697933497636,0.05723905723905724,0.010101010101010102,0.03626839536314249,0.10336687501906464,0.10089886410611101,1.0,0.03125,0.0
600,133,195.0,145.0,4.087542087542087,1.6511641701888724,0.06060606060606061,0.026936026936026935,0.03823019155944448,0.1009022431557766,0.11649574278515591,1.0,0.03125,0.0
600,134,189.0,143.0,4.057239057239057,1.7174357755643548,0.08080808080808081,0.020202020202020204,0.0397015381761375,0.1104376522914275,0.12099636420145041,1.0,0.0,0.0
600,135,192.0,142.0,4.0606060606060606,1.6048213248029806,0.04713804713804714,0.010101010101010102,0.03837425373180789,0.11182905445564094,0.12293849056528272,1.0,0.03125,0.0
600,136,183.0,130.0,3.8855218855218854,1.6123552257800229,0.05723905723905724,0.020202020202020204,0.033752423534358915,0.10411588854894739,0.1284667298497925,1.0,0.0625,0.0
600,137,194.0,143.0,3.98989898989899,1.6006834577406308,0.06397306397306397,0.010101010101010102,0.0324107992554917,0.09014450262159468,0.0906166069326981,1.0,0.0,0.0
600,138,205.0,159.0,4.0606060606060606,1.644201208030368,0.04040404040404041,0.013468013468013467,0.03742080870480814,0.10102804756007508,0.13771067624270036,1.0,0.0,0.0
600,139,186.0,132.0,4.02020202020202,1.5889758977505863,0.04377104377104377,0.010101010101010102,0.03468066270709249,0.09709167348995257,0.10810431719328861,1.0,0.09375,0.0
600,140,186.0,133.0,3.9494949494949494,1.5744620418908053,0.06060606060606061,0.003367003367003367,0.03892668168086167,0.10100885439411895,0.11248275225116472,1.0,0.0,0.0
600,141,206.0,164.0,4.151515151515151,1.6819319280854361,0.04377104377104377,0.026936026936026935,0.03487039775673969,0.10014735870710718,0.1148647535762127,1.0,0.03125,0.0
600,142,181.0,127.0,3.946127946127946,1.5775551633442484,0.05723905723905724,0.013468013468013467,0.045571978009835534,0.12409325165424266,0.10486222261588352,1.0,0.03125,0.0
600,143,186.0,138.0,4.043771043771044,1.639609644385786,0.04377104377104377,0.010101010101010102,0.03915630355762592,0.10185645320931469,0.12365391351939381,1.0,0.0625,0.0
600,144,185.0,132.0,3.9764309764309766,1.59421831730022,0.04040404040404041,0.0,0.05379960481527548,0.1324879606696958,0.13185773353886746,1.0,0.0,0.0
600,145,187.0,131.0,4.0,1.6101529717988265,0.04713804713804714,0.006734006734006734,0.03966955248015197,0.10039644539139154,0.11327458302683827,1.0,0.03125,0.0
600,146,194.0,138.0,4.148148148148148,1.624187423339109,0.03367003367003367,0.010101010101010102,0.03939708619910998,0.10966310638114017,0.10961126775478186,1.0,0.0625,0.0
600,147,194.0,140.0,4.191919191919192,1.5286936898903123,0.020202020202020204,0.003367003367003367,0.039905432536535855,0.11705462345673684,0.13328166561781363,1.0,0.03125,0.0
600,148,176.0,127.0,3.9326599326599325,1.6357261370612488,0.05723905723905724,0.010101010101010102,0.03565051358922783,0.10223856128409393,0.10755707233086978,1.0,0.0,0.0
600,149,181.0,125.0,3.9023569023569022,1.572242763368349,0.050505050505050504,0.006734006734006734,0.048337275259959796,0.11857490371121783,0.10892112216090692,1.0,0.03125,0.0
600,150,181.0,132.0,4.057239057239057,1.6268236967041123,0.04040404040404041,0.013468013468013467,0.05095661228542042,0.14021758149720526,0.1130261170354609,1.0,0.0,0.0
600,151,196.0,148.0,4.121212121212121,1.6551484452700949,0.04040404040404041,0.02356902356902357,0.036823551415521696,0.09905464631677655,0.10684171386725598,1.0,0.0,0.0
600,152,197.0,142.0,4.171717171717172,1.6819925896160524,0.05723905723905724,0.020202020202020204,0.04797822851078735,0.12139771877475505,0.13736813409501825,1.0,0.09375,0.0
600,153,188.0,138.0,3.8922558922558923,1.6314998868057269,0.06397306397306397,0.006734006734006734,0.041451514572666694,0.10258931136725209,0.11932450180134939,1.0,0.03125,0.0
600,154,193.0,139.0,4.084175084175084,1.5836874913806802,0.04040404040404041,0.010101010101010102,0.03462540951673531,0.11471446157438887,0.12335025533025298,1.0,0.03125,0.0
600,155,183.0,134.0,3.919191919191919,1.5976209228094984,0.05723905723905724,0.006734006734006734,0.043973186434844595,0.11223621660987265,0.12706516815364888,1.0,0.0,0.0
600,156,189.0,137.0,3.9966329966329965,1.6646418336483368,0.04713804713804714,0.020202020202020204,0.035511153557511596,0.08987314480242707,0.14440069754312806,1.0,0.03125,0.0
600,157,191.0,137.0,4.03030303030303,1.6358023728807005,0.04040404040404041,0.013468013468013467,0.03993681790094528,0.1038423663437583,0.09949719972135167,1.0,0.03125,0.0
600,158,190.0,137.0,4.070707070707071,1.695225173521177,0.05723905723905724,0.003367003367003367,0.03201514178384059,0.10549807624467625,0.11330959560761145,1.0,0.0,0.0
600,159,171.0,119.0,3.791245791245791,1.5143057871604866,0.05387205387205387,0.006734006734006734,0.03929673807129619,0.13000081039856312,0.09400516828953097,1.0,0.0625,0.0
600,160,182.0,134.0,3.9663299663299663,1.599308878158068,0.037037037037037035,0.006734006734006734,0.03784919129986968,0.10399130880080866,0.12981281452349092,1.0,0.0,0.0
600,161,191.0,138.0,3.9966329966329965,1.638136241827892,0.03367003367003367,0.016835016835016835,0.04019730964668435,0.10703626288637196,0.11686902847260244,1.0,0.03125,0.0
600,162,186.0,140.0,3.855218855218855,1.654271494553303,0.06397306397306397,0.013468013468013467,0.03863672257140216,0.0937731685839436,0.11414328219501235,1.0,0.0,0.0
600,163,200.0,149.0,4.1952861952861955,1.6480509871176305,0.050505050505050504,0.013468013468013467,0.043800520009442664,0.11614903203055721,0.11040128802177633,1.0,0.09375,0.0
600,164,196.0,142.0,4.016835016835016,1.640107396618848,0.037037037037037035,0.013468013468013467,0.04061108566055726,0.10296318737730174,0.10539242285767152,1.0,0.03125,0.0
600,165,174.0,121.0,3.8013468013468015,1.5755705089110976,0.06734006734006734,0.013468013468013467,0.04475474736484848,0.1258835583767035,0.11206995714666243,1.0,0.03125,0.0
600,166,188.0,130.0,4.0673400673400675,1.6254014771112033,0.04377104377104377,0.010101010101010102,0.04047614423406484,0.11446484733543372,0.12748064981640356,1.0,0.03125,0.0
600,167,187.0,134.0,4.0,1.6350537218699186,0.050505050505050504,0.006734006734006734,0.03283823998509548,0.10085113975899501,0.09006975742480398,1.0,0.0,0.0
600,168,207.0,156.0,4.188552188552189,1.6851910715444274,0.04713804713804714,0.010101010101010102,0.03359387494578289,0.09858750033502367,0.10596422715739987,1.0,0.03125,0.0
600,169,185.0,133.0,4.043771043771044,1.5937915917128986,0.037037037037037035,0.006734006734006734,0.03095645480670381,0.09126661576573156,0.11261009594538307,1.0,0.0625,0.0
600,170,185.0,131.0,4.02020202020202,1.6410955401750533,0.04377104377104377,0.016835016835016835,0.03616046479211098,0.11250813243245805,0.1253430019002782,1.0,0.0625,0.0
600,171,192.0,133.0,4.0606060606060606,1.6359894821032608,0.04713804713804714,0.006734006734006734,0.04026385573552801,0.10399249552607347,0.12756374681689295,1.0,0.0,0.0
600,172,193.0,143.0,4.094276094276094,1.652831739406279,0.04713804713804714,0.013468013468013467,0.03225014892758337,0.0948335843261369,0.10612166245993347,1.0,0.03125,0.0
600,173,181.0,125.0,4.0,1.6473629575186866,0.04713804713804714,0.020202020202020204,0.038243984033630676,0.11117760191112536,0.11170970987305556,1.0,0.03125,0.0
600,174,200.0,147.0,4.053872053872054,1.6688249128324981,0.050505050505050504,0.013468013468013467,0.03679503256431676,0.1039082035979258,0.08773880761627591,1.0,0.03125,0.0
600,175,178.0,121.0,3.909090909090909,1.5896820664974547,0.04713804713804714,0.013468013468013467,0.04437508157438881,0.11527856912828734,0.10596906586057106,1.0,0.03125,0.0
600,176,182.0,128.0,3.9764309764309766,1.6865830386452507,0.05723905723905724,0.010101010101010102,0.04650954115345731,0.12357507741527313,0.12556226038871499,1.0,0.03125,0.0
600,177,173.0,118.0,4.026936026936027,1.6203509115977093,0.050505050505050504,0.013468013468013467,0.038850177862250396,0.11655215512824997,0.109130576625427,1.0,0.03125,0.0
600,178,203.0,156.0,4.043771043771044,1.6781733861282069,0.06397306397306397,0.016835016835016835,0.03251392188867487,0.09873097842681787,0.10701831957130332,1.0,0.03125,0.0
600,179,191.0,135.0,4.013468013468014,1.6059088366833918,0.037037037037037035,0.013468013468013467,0.045180097821837205,0.11210476677222177,0.11400565935701897,1.0,0.03125,0.0
600,180,182.0,128.0,4.104377104377105,1.5867340510310415,0.04040404040404041,0.010101010101010102,0.03863195574354394,0.10273313911509173,0.1131273015008622,1.0,0.03125,0.0
600,181,183.0,129.0,4.03030303030303,1.6562576703104495,0.04040404040404041,0.016835016835016835,0.04535399659915646,0.10373664749215614,0.11122508842631688,1.0,0.0,0.0
600,182,175.0,117.0,3.8316498316498318,1.567324696948579,0.050505050505050504,0.020202020202020204,0.049886224379496025,0.12323267214845245,0.12416324553602016,1.0,0.0,0.0
600,183,183.0,127.0,3.9225589225589226,1.7008800012095693,0.06397306397306397,0.016835016835016835,0.04229634945074944,0.11013316092328411,0.11017698605935948,1.0,0.0,0.0
600,184,185.0,137.0,4.026936026936027,1.5610845230682864,0.050505050505050504,0.013468013468013467,0.03511623024937167,0.10272558993269171,0.10335609242122212,1.0,0.0625,0.0
600,185,181.0,125.0,3.925925925925926,1.5788697000913556,0.050505050505050504,0.013468013468013467,0.03147114881409846,0.08668594318907183,0.0906272584487534,1.0,0.0625,0.0
600,186,186.0,138.0,3.9865319865319866,1.677686927715669,0.02356902356902357,0.026936026936026935,0.029434991787993275,0.0908536321414261,0.10644349913828668,1.0,0.0,0.0
600,187,172.0,113.0,4.033670033670034,1.5695581523088349,0.050505050505050504,0.016835016835016835,0.033200819893259625,0.1037105759994946,0.10476606064622332,1.0,0.09375,0.0
600,188,190.0,140.0,3.946127946127946,1.5539003247699077,0.050505050505050504,0.0,0.0364203297429238,0.10915600861475024,0.1136400750178337,1.0,0.0,0.0
600,189,200.0,156.0,4.111111111111111,1.6136343876942107,0.04377104377104377,0.013468013468013467,0.03555062204003867,0.08847456581287705,0.12302038053452,1.0,0.09375,0.0
600,190,180.0,126.0,3.983164983164983,1.6048283889456034,0.030303030303030304,0.013468013468013467,0.03766628239327493,0.09719675265489114,0.11070404755390874,1.0,0.0,0.0
600,191,190.0,147.0,4.047138047138047,1.6198890797751053,0.050505050505050504,0.010101010101010102,0.03133794239185501,0.09116257111289534,0.12118753232988094,1.0,0.03125,0.0
600,192,206.0,156.0,4.141414141414141,1.5849254154674388,0.04040404040404041,0.006734006734006734,0.033250963284481905,0.08594583494785599,0.12082493151398083,1.0,0.03125,0.0
600,193,183.0,123.0,3.962962962962963,1.5726969614757296,0.04377104377104377,0.003367003367003367,0.04530569536728534,0.11531441703663224,0.11494811270243456,1.0,0.0625,0.0
600,194,187.0,135.0,3.98989898989899,1.6174237495958057,0.03367003367003367,0.010101010101010102,0.03829079170877605,0.1116959324230839,0.12446023272908172,1.0,0.03125,0.0
600,195,193.0,146.0,4.043771043771044,1.5937915917128986,0.020202020202020204,0.010101010101010102,0.03475398343921967,0.09645272805342185,0.12339798530111791,1.0,0.0,0.0
600,196,193.0,139.0,4.01010101010101,1.5880124342965518,0.05387205387205387,0.010101010101010102,0.04121235233484517,0.1080747521810491,0.1501035145190798,1.0,0.03125,0.0
600,197,185.0,139.0,3.936026936026936,1.6532637976014704,0.06397306397306397,0.016835016835016835,0.03733792682481954,0.11347115089941759,0.1248419412935231,1.0,0.03125,0.0
600,198,177.0,115.0,3.9797979797979797,1.6492818433847132,0.050505050505050504,0.016835016835016835,0.04315588176321898,0.10593969090085174,0.14777578864239363,1.0,0.0,0.0
600,199,198.0,146.0,4.084175084175084,1.5318126219415582,0.04040404040404041,0.003367003367003367,0.048761062218386046,0.12065474533009057,0.11222725501808196,1.0,0.03125,0.0
600,200,188.0,134.0,4.097643097643098,1.606141779142878,0.037037037037037035,0.003367003367003367,0.03147945721699515,0.09465202232161235,0.0979349460869995,1.0,0.0,0.0
600,201,183.0,124.0,4.057239057239057,1.64124750945617,0.037037037037037035,0.016835016835016835,0.03919984227438762,0.103793958157152,0.1333620195953047,1.0,0.03125,0.0
600,202,183.0,129.0,4.01010101010101,1.5795086149003537,0.03367003367003367,0.006734006734006734,0.0371679536435764,0.10289132448226793,0.08807036033146995,1.0,0.0,0.0
600,203,188.0,140.0,4.101010101010101,1.627799010758573,0.04377104377104377,0.006734006734006734,0.02707660109654606,0.08072544406796928,0.07904913508425143,1.0,0.03125,0.0
600,204,183.0,121.0,3.9292929292929295,1.492422105999257,0.026936026936026935,0.006734006734006734,0.039168026001550255,0.11304553845325652,0.1066227745073973,1.0,0.0625,0.0
600,205,187.0,144.0,4.104377104377105,1.5909723323079485,0.026936026936026935,0.006734006734006734,0.03616341901150433,0.10104321247055659,0.12528557954636746,1.0,0.0,0.0
600,206,187.0,130.0,3.919191919191919,1.5827995975045692,0.026936026936026935,0.006734006734006734,0.04299043523273686,0.105103839741975,0.12993525300874495,1.0,0.0,0.0
600,207,194.0,142.0,4.0673400673400675,1.6723672194459676,0.04713804713804714,0.020202020202020204,0.047649792641863996,0.11156297123728268,0.1253804587042463,1.0,0.03125,0.0
600,208,192.0,146.0,3.993265993265993,1.6370978386425126,0.04040404040404041,0.010101010101010102,0.03674529243702981,0.11011550911908524,0.13392771007417534,1.0,0.03125,0.0
600,209,181.0,130.0,3.9696969696969697,1.6643693993216244,0.050505050505050504,0.013468013468013467,0.036962144073748995,0.09869023886759887,0.11986520411731372,1.0,0.0,0.0
600,210,171.0,117.0,3.8383838383838382,1.6332430651642615,0.06397306397306397,0.006734006734006734,0.03535694635793573,0.11134647217107022,0.1209263277382372,1.0,0.0625,0.0
600,211,197.0,146.0,4.124579124579125,1.6333957650308706,0.04040404040404041,0.020202020202020204,0.034383833226542225,0.10870200132548555,0.10253878606732418,1.0,0.03125,0.0
600,212,196.0,146.0,4.047138047138047,1.6094628287427468,0.04377104377104377,0.006734006734006734,0.03759506015803759,0.09640628287899683,0.11488348019992063,1.0,0.0,0.0
600,213,191.0,136.0,3.962962962962963,1.5918485459493477,0.04713804713804714,0.010101010101010102,0.0383247050450929,0.12003686393542244,0.11820255453258349,1.0,0.0,0.0
600,214,182.0,132.0,3.962962962962963,1.6702916060177362,0.050505050505050504,0.010101010101010102,0.04458304468793177,0.1145476656759131,0.10481047854428285,1.0,0.0,0.0
600,215,197.0,144.0,4.117845117845118,1.7377521577803043,0.050505050505050504,0.030303030303030304,0.035898458757462955,0.10177248105691769,0.10700189199783039,1.0,0.0,0.0
600,216,181.0,124.0,3.9764309764309766,1.704455457573447,0.04713804713804714,0.020202020202020204,0.03823647392227262,0.09546084901955217,0.11298363030982626,1.0,0.03125,0.0
600,217,183.0,132.0,4.05050505050505,1.5829929716492712,0.037037037037037035,0.010101010101010102,0.03757761115320534,0.09978657926548096,0.12717891303324372,1.0,0.0,0.0
600,218,203.0,153.0,4.057239057239057,1.7213522755834583,0.04713804713804714,0.013468013468013467,0.03994855109462131,0.09972953419347468,0.10096411845745866,1.0,0.0625,0.0
600,219,190.0,140.0,4.0033670033670035,1.6278268682878951,0.050505050505050504,0.010101010101010102,0.035622684977001356,0.10183687431185462,0.12440643407490903,1.0,0.0,0.0
600,220,201.0,152.0,4.191919191919192,1.6937800711712812,0.030303030303030304,0.013468013468013467,0.034525111025458806,0.09505848436718471,0.11360417367181551,1.0,0.09375,0.0
600,221,195.0,144.0,4.0606060606060606,1.6027218965897942,0.04377104377104377,0.010101010101010102,0.03520933964698986,0.10694320090190113,0.10462219472942398,1.0,0.0,0.0
600,222,183.0,127.0,4.097643097643098,1.6475349918555249,0.04377104377104377,0.013468013468013467,0.04109645191025643,0.11725523114936795,0.11883068425555064,1.0,0.0,0.0
600,223,182.0,127.0,3.983164983164983,1.6359964116634977,0.050505050505050504,0.010101010101010102,0.04096026992503791,0.10071651751291276,0.11485260238148401,1.0,0.0625,0.0
600,224,180.0,131.0,4.0673400673400675,1.6703526902853272,0.04040404040404041,0.016835016835016835,0.0435077322276265,0.1124112738357751,0.11605984673428471,1.0,0.03125,0.0
600,225,186.0,127.0,3.942760942760943,1.5699481387421217,0.06060606060606061,0.013468013468013467,0.02889461866501425,0.08714363967989591,0.09227067058404319,1.0,0.0,0.0
600,226,180.0,128.0,3.8585858585858586,1.5870483859443731,0.06734006734006734,0.006734006734006734,0.04056916647288898,0.1144033634895784,0.0980673610857156,1.0,0.0,0.0
600,227,183.0,129.0,3.8922558922558923,1.608638494682079,0.06060606060606061,0.006734006734006734,0.04695080341381377,0.11705438190202284,0.12099793460015976,1.0,0.0,0.0
600,228,180.0,126.0,3.9562289562289563,1.6660917962420232,0.04713804713804714,0.006734006734006734,0.037006493693280774,0.101807273348364,0.10751859384125857,1.0,0.03125,0.0
600,229,181.0,125.0,4.03030303030303,1.6562576703104495,0.050505050505050504,0.013468013468013467,0.03253467387526811,0.09673767052997821,0.08868291294347638,1.0,0.0,0.0
600,230,170.0,110.0,3.797979797979798,1.5328927648560768,0.04377104377104377,0.013468013468013467,0.04434495164067198,0.12085725441630463,0.09892606809953533,1.0,0.03125,0.0
600,231,183.0,127.0,3.9663299663299663,1.5260513290184536,0.037037037037037035,0.013468013468013467,0.0412873575120926,0.10840358493231314,0.13417187745364464,1.0,0.0,0.0
600,232,184.0,125.0,3.973063973063973,1.5653922516836964,0.037037037037037035,0.010101010101010102,0.034405547565584026,0.09883855236034507,0.12338533726058537,1.0,0.0,0.0
600,233,196.0,147.0,4.040404040404041,1.6033583772536946,0.04713804713804714,0.003367003367003367,0.048875592044803615,0.12847623985315057,0.08793833760430672,1.0,0.0,0.0
600,234,197.0,147.0,4.077441077441078,1.5055663891878162,0.030303030303030304,0.003367003367003367,0.034433934117895366,0.0954964677564141,0.14921626937887522,1.0,0.03125,0.0
600,235,193.0,141.0,4.117845117845118,1.6256316264042499,0.037037037037037035,0.020202020202020204,0.03150765299498293,0.09150519787407056,0.10059356916782869,1.0,0.03125,0.0
600,236,190.0,138.0,4.03030303030303,1.6481060170772301,0.05723905723905724,0.010101010101010102,0.04923336526950803,0.1268522727940838,0.1377427017928186,1.0,0.03125,0.0
600,237,185.0,136.0,3.9023569023569022,1.5956257020486402,0.06397306397306397,0.006734006734006734,0.03688028011586194,0.10821267078027552,0.13299138728467433,1.0,0.0625,0.0
600,238,195.0,147.0,4.057239057239057,1.649433058427079,0.037037037037037035,0.010101010101010102,0.03174412983955977,0.09744433794924891,0.1083290884521952,1.0,0.0,0.0
600,239,184.0,134.0,3.9494949494949494,1.59570385369436,0.05723905723905724,0.016835016835016835,0.051048750805208105,0.11216002282506124,0.09975867826987729,1.0,0.0,0.0
600,240,187.0,134.0,3.942760942760943,1.5870126692033388,0.04713804713804714,0.010101010101010102,0.033681288021905856,0.1019264272662907,0.09280910622951075,1.0,0.0625,0.0
600,241,190.0,140.0,4.070707070707071,1.6159090711774724,0.03367003367003367,0.013468013468013467,0.03698441198222187,0.10857294932191527,0.1288564611819183,1.0,0.03125,0.0
600,242,186.0,139.0,3.9124579124579126,1.6077714313612386,0.05387205387205387,0.006734006734006734,0.03558824642620796,0.09746576877590758,0.10432267653041924,1.0,0.03125,0.0
600,243,182.0,128.0,3.9663299663299663,1.677403095158547,0.06397306397306397,0.0,0.04162129532110476,0.1033267588811141,0.10439067425594795,1.0,0.09375,0.0
600,244,187.0,136.0,3.952861952861953,1.6446424266638382,0.04040404040404041,0.006734006734006734,0.03854271863776219,0.10144889374426912,0.12038717115588549,1.0,0.0,0.0
600,245,166.0,114.0,3.757575757575758,1.6169821149554207,0.07407407407407407,0.006734006734006734,0.05963845123152225,0.13115567838511993,0.1350353080147975,1.0,0.03125,0.0
600,246,183.0,122.0,4.02020202020202,1.5525354389366341,0.04377104377104377,0.016835016835016835,0.036893962273159164,0.10157457392524433,0.12290326033917047,1.0,0.0625,0.0
600,247,198.0,148.0,4.114478114478114,1.7639370413607909,0.050505050505050504,0.016835016835016835,0.03216214098599479,0.10103233187813011,0.097332547854597,1.0,0.0625,0.0
600,248,195.0,142.0,4.107744107744108,1.702199199957906,0.050505050505050504,0.010101010101010102,0.03725087387859348,0.10828427764205122,0.12312873651229583,1.0,0.0,0.0
600,249,197.0,149.0,4.033670033670034,1.6202249705196143,0.05387205387205387,0.006734006734006734,0.0377132315923149,0.09710777859775374,0.1274343274103145,1.0,0.0,0.0
600,250,191.0,135.0,3.9158249158249157,1.58793390411051,0.04377104377104377,0.006734006734006734,0.04522315994374212,0.11244778246058654,0.11669729521843153,1.0,0.0625,0.0
625,1,190.0,134.0,4.124579124579125,1.5979685887847321,0.037037037037037035,0.006734006734006734,0.03899726499666066,0.12438686062013724,0.1272775728662624,1.0,0.0,0.0
625,2,194.0,142.0,4.074074074074074,1.5767357175926981,0.030303030303030304,0.003367003367003367,0.03486870215148824,0.09780520291962884,0.09469926851494803,1.0,0.0625,0.0
625,3,198.0,140.0,4.171717171717172,1.6919719575670713,0.030303030303030304,0.037037037037037035,0.039185846187636805,0.09649706917269993,0.09977090156639634,1.0,0.0625,0.0
625,4,194.0,145.0,4.1447811447811445,1.6172204724401362,0.03367003367003367,0.013468013468013467,0.0382177528471772,0.1109074217494382,0.1069986582644759,1.0,0.0,0.0
625,5,197.0,147.0,4.104377104377105,1.6348110299308403,0.030303030303030304,0.016835016835016835,0.03199873664721074,0.108793068186299,0.09503790029398923,1.0,0.0,0.0
625,6,193.0,143.0,4.08080808080808,1.5286936898903123,0.030303030303030304,0.010101010101010102,0.026669259919014726,0.08655234144629816,0.10240305239963957,1.0,0.0,0.0
625,7,196.0,148.0,3.973063973063973,1.634831833508748,0.05723905723905724,0.013468013468013467,0.0308076696440145,0.08473214876331628,0.11239092023322245,1.0,0.0,0.0
625,8,192.0,147.0,4.077441077441078,1.6301234747173077,0.04713804713804714,0.003367003367003367,0.039656459541412316,0.09930154917950651,0.11796999813660232,1.0,0.03125,0.0
625,9,203.0,149.0,4.161616161616162,1.5572599871193344,0.030303030303030304,0.013468013468013467,0.037036797973317666,0.09535738415573256,0.11630800803797697,1.0,0.0625,0.0
625,10,195.0,148.0,3.9865319865319866,1.6756787940097688,0.050505050505050504,0.02356902356902357,0.033678464077208356,0.10145632981740971,0.1173159924331139,1.0,0.0625,0.0
625,11,189.0,137.0,4.0673400673400675,1.6500721325455328,0.04040404040404041,0.013468013468013467,0.03283507134886538,0.09382685290596827,0.09097113420758665,1.0,0.0,0.0
625,12,187.0,136.0,3.952861952861953,1.6990193917083172,0.08080808080808081,0.013468013468013467,0.02612850480415585,0.0873382214878311,0.11524200426708196,1.0,0.0625,0.0
625,13,188.0,138.0,4.151515151515151,1.580800012888051,0.026936026936026935,0.020202020202020204,0.03643884463492433,0.10355154802440214,0.10418969756872982,1.0,0.03125,0.0
625,14,187.0,137.0,4.053872053872054,1.688880296832923,0.04713804713804714,0.003367003367003367,0.03466527287550223,0.09334721686301317,0.10611994609204572,1.0,0.03125,0.0
625,15,197.0,148.0,4.090909090909091,1.5854403360188627,0.030303030303030304,0.003367003367003367,0.029565155786142956,0.08992235701898445,0.08142482763019218,1.0,0.0,0.0
625,16,190.0,137.0,3.888888888888889,1.6240338576579318,0.05723905723905724,0.020202020202020204,0.040210650527843055,0.11137377905972694,0.11064023530859268,1.0,0.0,0.0
625,17,190.0,136.0,4.033670033670034,1.599308878158068,0.030303030303030304,0.016835016835016835,0.042742067338122,0.1114082810506865,0.1141432292955905,1.0,0.0,0.0
625,18,207.0,159.0,4.249158249158249,1.539122021755529,0.010101010101010102,0.010101010101010102,0.03358838119270515,0.10506350781034796,0.11916383713185655,1.0,0.0,0.0
625,19,187.0,138.0,4.033670033670034,1.624375870469424,0.04713804713804714,0.013468013468013467,0.045924156341062436,0.10687212618736017,0.11285011576464427,1.0,0.0,0.0
625,20,181.0,130.0,3.8922558922558923,1.564066387708298,0.03367003367003367,0.006734006734006734,0.04096427875678605,0.11116268724621503,0.1259401944823218,1.0,0.03125,0.0
625,21,180.0,130.0,4.047138047138047,1.6810891805002017,0.04040404040404041,0.016835016835016835,0.029727602645997032,0.10059672859455022,0.10002388017384203,1.0,0.0,0.0
625,22,197.0,147.0,4.033670033670034,1.5479575983014056,0.04377104377104377,0.010101010101010102,0.025167511398334723,0.07706257060926064,0.09785014089298796,1.0,0.0,0.0
625,23,187.0,138.0,3.942760942760943,1.5678020128848684,0.04713804713804714,0.010101010101010102,0.030306672027111608,0.10315559031448811,0.09082781240454921,1.0,0.0,0.0
625,24,186.0,137.0,4.057239057239057,1.6288920611544646,0.04040404040404041,0.010101010101010102,0.035320430417246855,0.09769295388422124,0.10627448354526395,1.0,0.03125,0.0
625,25,179.0,129.0,3.898989898989899,1.6463097157074211,0.05387205387205387,0.013468013468013467,0.034682795368369074,0.09903313326999762,0.10362661065816552,1.0,0.03125,0.0
625,26,181.0,123.0,3.878787878787879,1.5630803177008263,0.05723905723905724,0.010101010101010102,0.037712500003120514,0.105058623671239,0.12426903989219952,1.0,0.0,0.0
625,27,167.0,113.0,3.791245791245791,1.6007755265458086,0.06397306397306397,0.010101010101010102,0.05153751214323449,0.12663810324495253,0.13009223871652364,1.0,0.0,0.0
625,28,175.0,117.0,3.919191919191919,1.5418522749973482,0.04377104377104377,0.0,0.04559105115493291,0.11963163316382582,0.10780626224634056,1.0,0.03125,0.0
625,29,177.0,121.0,3.909090909090909,1.5833152094076521,0.050505050505050504,0.013468013468013467,0.031455560409878944,0.10065589346537653,0.1081937954561123,1.0,0.09375,0.0
625,30,187.0,131.0,4.0673400673400675,1.6883969232824048,0.050505050505050504,0.016835016835016835,0.0344147842855077,0.09623926222253239,0.11377464787776354,1.0,0.0,0.0
625,31,181.0,123.0,3.9494949494949494,1.6020214757914613,0.050505050505050504,0.010101010101010102,0.03692289936539518,0.1020376182762426,0.12805162799111047,1.0,0.03125,0.0
625,32,180.0,130.0,3.888888888888889,1.7049475769593545,0.04713804713804714,0.02356902356902357,0.03362765344229501,0.10035344959371546,0.11803367474984856,1.0,0.0,0.0
625,33,186.0,135.0,4.05050505050505,1.5550963509535038,0.030303030303030304,0.020202020202020204,0.027598670347640943,0.08300640865255123,0.1019185699378141,1.0,0.0,0.0
625,34,191.0,144.0,4.094276094276094,1.644663105883013,0.04713804713804714,0.006734006734006734,0.03737782924411966,0.10956688341361415,0.10766511046169913,1.0,0.03125,0.0
625,35,191.0,146.0,4.02020202020202,1.582606199732031,0.04040404040404041,0.013468013468013467,0.03838660847471586,0.10624609162024214,0.1283643371463378,1.0,0.0,0.0
625,36,182.0,128.0,3.9797979797979797,1.699553108104788,0.04713804713804714,0.02356902356902357,0.03634689122424725,0.10885483655375895,0.09736871570003548,1.0,0.0,0.0
625,37,183.0,133.0,3.9023569023569022,1.6393399654898788,0.0707070707070707,0.006734006734006734,0.04162098317437137,0.10366371120523471,0.10394285774031486,1.0,0.03125,0.0
625,38,187.0,131.0,3.9696969696969697,1.6254781971629446,0.05387205387205387,0.006734006734006734,0.04391271114846992,0.11230114427465822,0.11042343254594719,1.0,0.0625,0.0
625,39,187.0,131.0,4.114478114478114,1.6060782527318302,0.013468013468013467,0.010101010101010102,0.034174685209391,0.09700013694247468,0.09046314202003022,1.0,0.0,0.0
625,40,194.0,139.0,3.9494949494949494,1.5978125032146413,0.06060606060606061,0.006734006734006734,0.03204654630157326,0.09618292643960016,0.10748961437833408,1.0,0.03125,0.0
625,41,188.0,136.0,4.05050505050505,1.5680333864918004,0.030303030303030304,0.006734006734006734,0.028402390205492938,0.09686800450797442,0.10349050215391462,1.0,0.0,0.0
625,42,185.0,129.0,4.215488215488215,1.6187129132901767,0.013468013468013467,0.020202020202020204,0.03188773868441012,0.09676242852205894,0.14221607901193278,1.0,0.0625,0.0
625,43,181.0,134.0,3.936026936026936,1.6552991243861763,0.050505050505050504,0.020202020202020204,0.03245873501273136,0.08799334435091814,0.13087808926357525,1.0,0.03125,0.0
625,44,188.0,131.0,3.9696969696969697,1.574980383317816,0.04713804713804714,0.006734006734006734,0.0364605960422065,0.10295144656092993,0.11573517937059624,1.0,0.03125,0.0
625,45,185.0,136.0,4.033670033670034,1.657208820972,0.04377104377104377,0.013468013468013467,0.03670723422750319,0.08806286836527553,0.10718626843254467,1.0,0.0,0.0
625,46,192.0,143.0,4.037037037037037,1.5424330255667174,0.030303030303030304,0.016835016835016835,0.04077555015458929,0.11574401658046303,0.11970340751140109,1.0,0.0625,0.0
625,47,191.0,137.0,4.053872053872054,1.6175989680202651,0.04377104377104377,0.013468013468013467,0.044232977378697746,0.10820965342803386,0.11294753021405218,1.0,0.0625,0.0
625,48,186.0,135.0,4.040404040404041,1.663142892596964,0.04040404040404041,0.020202020202020204,0.03983278982098621,0.10721382293882305,0.12179249917069662,1.0,0.0,0.0
625,49,188.0,134.0,4.087542087542087,1.5610191630320296,0.02356902356902357,0.020202020202020204,0.03787534142830191,0.10480534823046225,0.10755232400717347,1.0,0.03125,0.0
625,50,179.0,127.0,3.919191919191919,1.5785393730891266,0.030303030303030304,0.010101010101010102,0.03637751880040025,0.10765784580000747,0.09056699658972707,1.0,0.0,0.0
625,51,187.0,135.0,3.9764309764309766,1.660427733658939,0.050505050505050504,0.010101010101010102,0.0412482461104925,0.11341189229685249,0.13454183209127002,1.0,0.03125,0.0
625,52,186.0,131.0,4.03030303030303,1.631680541544244,0.02356902356902357,0.020202020202020204,0.03502263911035041,0.10084602030162926,0.10418661082232146,1.0,0.0,0.0
625,53,188.0,135.0,4.05050505050505,1.5765991018927323,0.04377104377104377,0.006734006734006734,0.036564038048776,0.09038325784657385,0.0968357833238944,1.0,0.0,0.0
625,54,180.0,129.0,3.9562289562289563,1.4753085352489395,0.030303030303030304,0.010101010101010102,0.03325732108126872,0.10280909029076449,0.09917624056222227,1.0,0.03125,0.0
625,55,187.0,129.0,4.094276094276094,1.4580096545387413,0.013468013468013467,0.016835016835016835,0.04298817096346197,0.11080599747406697,0.11927772525006475,1.0,0.03125,0.0
625,56,196.0,146.0,3.9663299663299663,1.636765410487202,0.050505050505050504,0.006734006734006734,0.04099798243136119,0.11119802559216875,0.13993086158728157,1.0,0.0,0.0
625,57,183.0,135.0,3.993265993265993,1.6432563261676512,0.050505050505050504,0.010101010101010102,0.030726819154805858,0.0963779364621133,0.09180961235113524,1.0,0.0,0.0
625,58,185.0,133.0,3.919191919191919,1.5827995975045692,0.04040404040404041,0.010101010101010102,0.03977188213078775,0.10283066107793676,0.09864496095719805,1.0,0.0,0.0
625,59,178.0,130.0,3.8956228956228958,1.6512053650153842,0.05723905723905724,0.003367003367003367,0.04070633712584881,0.11047668409497945,0.08497510754572885,1.0,0.0,0.0
625,60,181.0,127.0,3.9696969696969697,1.5706989509030436,0.04377104377104377,0.003367003367003367,0.035610771767064134,0.10186397623914108,0.09497790596571781,1.0,0.0,0.0
625,61,178.0,120.0,3.9764309764309766,1.6400244484042588,0.050505050505050504,0.010101010101010102,0.03991906775146539,0.10153473510741001,0.09196437418880396,1.0,0.0,0.0
625,62,179.0,123.0,3.9865319865319866,1.6574961116358533,0.030303030303030304,0.013468013468013467,0.03355212816755398,0.10838506465072922,0.11621992160125566,1.0,0.03125,0.0
625,63,202.0,159.0,4.161616161616162,1.6839931942431716,0.04377104377104377,0.016835016835016835,0.030403623505474188,0.08630243411384993,0.09543156680585833,1.0,0.0,0.0
625,64,177.0,124.0,3.962962962962963,1.576972969363459,0.037037037037037035,0.02356902356902357,0.041578974128108306,0.10646942159350384,0.08646783268105807,1.0,0.0,0.0
625,65,178.0,129.0,3.919191919191919,1.7135434038380988,0.05723905723905724,0.013468013468013467,0.034890723198369646,0.09774942723263028,0.12635509244197424,1.0,0.0,0.0
625,66,188.0,132.0,3.952861952861953,1.5884050269891923,0.04713804713804714,0.0,0.04314410981867759,0.10782034980922127,0.10887961045140268,1.0,0.0625,0.0
625,67,180.0,130.0,3.898989898989899,1.5645157133779088,0.05387205387205387,0.006734006734006734,0.04018647441684421,0.11800352895886956,0.1114711363446988,1.0,0.03125,0.0
625,68,182.0,135.0,3.888888888888889,1.6323057304792294,0.04040404040404041,0.013468013468013467,0.03517760717708128,0.09894807215313962,0.11080909141209849,1.0,0.03125,0.0
625,69,189.0,130.0,4.114478114478114,1.580721124389134,0.026936026936026935,0.010101010101010102,0.03342836542986174,0.09524787941812465,0.11287982270224176,1.0,0.0,0.0
625,70,184.0,133.0,3.925925925925926,1.6313122626329808,0.05723905723905724,0.013468013468013467,0.03677507624482449,0.11121046594799221,0.13476416335696237,1.0,0.0,0.0
625,71,176.0,123.0,3.872053872053872,1.5276773672840556,0.037037037037037035,0.016835016835016835,0.036559670663699514,0.10914311014675679,0.10974422448669369,1.0,0.0625,0.0
625,72,187.0,139.0,3.9696969696969697,1.5792502085812585,0.03367003367003367,0.006734006734006734,0.03494942841341259,0.10575179234393395,0.14356853466593228,1.0,0.03125,0.0
625,73,185.0,135.0,4.0,1.6494055658141573,0.04040404040404041,0.010101010101010102,0.035239525148149646,0.0971156517802845,0.11605105392136367,1.0,0.03125,0.0
625,74,196.0,143.0,4.276094276094276,1.7382218064306623,0.05723905723905724,0.026936026936026935,0.03996352307674852,0.1118806675665534,0.11645739478109483,1.0,0.0,0.0
625,75,189.0,137.0,4.171717171717172,1.618747930583729,0.05387205387205387,0.003367003367003367,0.03662310776267742,0.10253728494886988,0.07454087226473778,1.0,0.0,0.0
625,76,189.0,140.0,4.047138047138047,1.6094628287427468,0.020202020202020204,0.016835016835016835,0.04128379196944289,0.10165441687220297,0.13148936278143442,1.0,0.0,0.0
625,77,192.0,145.0,4.188552188552189,1.6951516101172452,0.030303030303030304,0.013468013468013467,0.03675939977602506,0.09902182606802407,0.10399531896700571,1.0,0.0,0.0
625,78,197.0,146.0,4.023569023569023,1.5686694879443102,0.037037037037037035,0.006734006734006734,0.0446671952004392,0.11650474838824189,0.11160752187296269,1.0,0.0625,0.0
625,79,188.0,137.0,4.033670033670034,1.5304576675841126,0.04040404040404041,0.0,0.039538215626320844,0.11499267114709845,0.12930757642987767,1.0,0.03125,0.0
625,80,174.0,116.0,4.0,1.5656239814139445,0.04040404040404041,0.006734006734006734,0.03523304130058695,0.09268677695497116,0.11229224626922071,1.0,0.03125,0.0
625,81,190.0,142.0,4.151515151515151,1.582928516225818,0.04040404040404041,0.016835016835016835,0.0396846376355415,0.09999945521008659,0.11628810113122381,1.0,0.09375,0.0
625,82,187.0,140.0,4.0,1.6957066006302137,0.05387205387205387,0.02356902356902357,0.03712830586935265,0.10728471511576719,0.08566124102140704,1.0,0.03125,0.0
625,83,196.0,147.0,4.053872053872054,1.6008605084354393,0.03367003367003367,0.006734006734006734,0.031507885937222924,0.09095732121350886,0.09987974983310025,1.0,0.0,0.0
625,84,185.0,129.0,4.033670033670034,1.638821227499005,0.037037037037037035,0.010101010101010102,0.041312324392982276,0.09444604050345516,0.10123555774603489,1.0,0.09375,0.0
625,85,179.0,130.0,3.8585858585858586,1.5418522749973482,0.05387205387205387,0.003367003367003367,0.04456848584675895,0.11605499664055843,0.13603987443715965,1.0,0.0,0.0
625,86,187.0,135.0,4.0606060606060606,1.6359894821032608,0.04040404040404041,0.013468013468013467,0.03030416452383705,0.09077479607020819,0.10918141473504925,1.0,0.0,0.0
625,87,182.0,121.0,4.154882154882155,1.5118782450526131,0.03367003367003367,0.003367003367003367,0.03486024075316981,0.10961623724850934,0.11830541497871455,1.0,0.0,0.0
625,88,187.0,133.0,4.043771043771044,1.5202682029360828,0.026936026936026935,0.003367003367003367,0.03853228332260799,0.0960207225112871,0.09823029795951586,1.0,0.03125,0.0
625,89,190.0,144.0,3.9124579124579126,1.6182085802427941,0.06397306397306397,0.010101010101010102,0.041116530981963544,0.10868405004503572,0.09513327502121649,1.0,0.0,0.0
625,90,194.0,143.0,4.138047138047138,1.6446424266638382,0.04377104377104377,0.016835016835016835,0.037296109463944176,0.10457452772588054,0.10359309171037785,1.0,0.0,0.0
625,91,201.0,145.0,4.1447811447811445,1.585683434822158,0.026936026936026935,0.020202020202020204,0.03861045156454589,0.10084992289252279,0.11671134781373516,1.0,0.0625,0.0
625,92,188.0,138.0,4.016835016835016,1.5666084503645508,0.05387205387205387,0.006734006734006734,0.03750971438204991,0.09831939222162514,0.0978956807162304,1.0,0.0,0.0
625,93,205.0,157.0,4.225589225589226,1.535095081324105,0.04040404040404041,0.013468013468013467,0.03198146288649184,0.08575603316804555,0.11933301065534586,1.0,0.0,0.0
625,94,184.0,131.0,4.0606060606060606,1.7124117032550177,0.04377104377104377,0.020202020202020204,0.0408856703942623,0.11110191506264361,0.13328254070600232,1.0,0.0625,0.0
625,95,179.0,120.0,3.9797979797979797,1.5328927648560766,0.050505050505050504,0.013468013468013467,0.039037918501336775,0.10913465359203586,0.11050822708380358,1.0,0.0625,0.0
625,96,183.0,134.0,4.104377104377105,1.567519980126352,0.02356902356902357,0.016835016835016835,0.034065336210185135,0.09083818705222996,0.126576347027596,1.0,0.03125,0.0
625,97,182.0,122.0,3.942760942760943,1.5505260712847724,0.04713804713804714,0.003367003367003367,0.03840716134471954,0.10819512451290156,0.10975483701493598,1.0,0.125,0.0
625,98,192.0,143.0,4.084175084175084,1.6400866599584958,0.04040404040404041,0.006734006734006734,0.033789208970834324,0.1002863513460352,0.0849152906897363,1.0,0.03125,0.0
625,99,186.0,139.0,3.9494949494949494,1.6373609630668389,0.04040404040404041,0.013468013468013467,0.03358965433460359,0.09440330272305052,0.11723234638192814,1.0,0.0,0.0
625,100,170.0,116.0,3.787878787878788,1.5522725424079633,0.04377104377104377,0.010101010101010102,0.04164331309182671,0.12875739642315856,0.11111068453602303,1.0,0.0625,0.0
625,101,189.0,134.0,4.1313131313131315,1.653359795200818,0.03367003367003367,0.006734006734006734,0.02847894464634854,0.09769595458338935,0.11789260765052334,1.0,0.0625,0.0
625,102,194.0,138.0,4.117845117845118,1.6441667328381837,0.050505050505050504,0.0,0.03510222817329493,0.09279326560287951,0.10515353213047915,1.0,0.03125,0.0
625,103,175.0,121.0,3.993265993265993,1.6184817801513633,0.04040404040404041,0.013468013468013467,0.037628649350140056,0.10284303419949582,0.100475977470442,1.0,0.0,0.0
625,104,185.0,136.0,3.936026936026936,1.548089418528303,0.05723905723905724,0.013468013468013467,0.03702995836050458,0.11117037472471894,0.09892433045595778,1.0,0.0,0.0
625,105,178.0,123.0,3.983164983164983,1.534031269480358,0.016835016835016835,0.006734006734006734,0.04148172040954306,0.1075230684338479,0.10686346978447249,1.0,0.0,0.0
625,106,186.0,138.0,4.0606060606060606,1.6462477393219188,0.04040404040404041,0.013468013468013467,0.043582796047252154,0.10296050722828791,0.12692839550056204,1.0,0.0625,0.0
625,107,182.0,126.0,4.070707070707071,1.5586352827058225,0.030303030303030304,0.010101010101010102,0.03684043431551994,0.1024239025374409,0.11626520519979136,1.0,0.03125,0.0
625,108,180.0,128.0,3.9124579124579126,1.6223646392347848,0.05387205387205387,0.013468013468013467,0.03773957374995997,0.10270425405612425,0.10044257261750131,1.0,0.0,0.0
625,109,192.0,142.0,4.063973063973064,1.5217663312582579,0.03367003367003367,0.006734006734006734,0.041527838743018484,0.11336729807925658,0.11365641255888524,1.0,0.03125,0.0
625,110,177.0,121.0,3.936026936026936,1.4882078705413158,0.050505050505050504,0.006734006734006734,0.04004151674053599,0.11838513185346855,0.09799719567784607,1.0,0.0625,0.0
625,111,192.0,132.0,4.185185185185185,1.6005205538035194,0.03367003367003367,0.020202020202020204,0.02971328096289085,0.09036125300908855,0.12069789695205588,1.0,0.0625,0.0
625,112,186.0,134.0,4.1447811447811445,1.6046800354199766,0.030303030303030304,0.013468013468013467,0.03648930627858752,0.10113817595270438,0.09378480418485063,1.0,0.0,0.0
625,113,191.0,139.0,3.9696969696969697,1.668410474333651,0.06060606060606061,0.016835016835016835,0.04492208773329935,0.12436373452490315,0.1405602432957773,1.0,0.03125,0.0
625,114,194.0,143.0,4.094276094276094,1.7089192337091224,0.05387205387205387,0.020202020202020204,0.04225920528202932,0.1090474608448859,0.0860541212012775,1.0,0.0,0.0
625,115,174.0,118.0,3.9494949494949494,1.653730019455177,0.04713804713804714,0.013468013468013467,0.04386424304810358,0.10781738820251367,0.10158507499524282,1.0,0.0,0.0
625,116,196.0,144.0,4.033670033670034,1.6429251441162371,0.037037037037037035,0.020202020202020204,0.04031380558675254,0.09553931395602597,0.12692729392344784,1.0,0.03125,0.0
625,117,196.0,143.0,3.9562289562289563,1.5466167882402504,0.04377104377104377,0.010101010101010102,0.03720078382160682,0.10553630763647374,0.11093411162789024,1.0,0.0,0.0
625,118,190.0,142.0,4.043771043771044,1.6106035178425475,0.037037037037037035,0.013468013468013467,0.03754382996666394,0.10504002163881469,0.11387386649127032,1.0,0.09375,0.0
625,119,205.0,165.0,4.138047138047138,1.6730585183605542,0.04377104377104377,0.010101010101010102,0.038080752974707865,0.09832151847106058,0.11816309857976973,1.0,0.0625,0.0
625,120,188.0,141.0,3.95959595959596,1.5103628028878728,0.030303030303030304,0.0,0.04151942537251313,0.11032961091941897,0.0826764895172039,1.0,0.03125,0.0
625,121,193.0,140.0,4.063973063973064,1.558926194991069,0.04040404040404041,0.020202020202020204,0.027328292537384058,0.09274212396034917,0.1047161714758733,1.0,0.03125,0.0
625,122,200.0,149.0,4.097643097643098,1.7018195354403962,0.050505050505050504,0.010101010101010102,0.04307281306977628,0.10934224587630904,0.13958466782920376,1.0,0.125,0.0
625,123,195.0,147.0,4.05050505050505,1.5808645550954024,0.05387205387205387,0.003367003367003367,0.03238183378580273,0.0985940563352609,0.10376488754518715,1.0,0.03125,0.0
625,124,187.0,135.0,4.074074074074074,1.6313122626329808,0.037037037037037035,0.013468013468013467,0.032460149955380845,0.10711503476925945,0.10560015382549656,1.0,0.0,0.0
625,125,182.0,134.0,3.942760942760943,1.6596082212082892,0.05387205387205387,0.010101010101010102,0.04210212282054524,0.1100235226643638,0.12022290908108663,1.0,0.0,0.0
625,126,176.0,121.0,3.9494949494949494,1.7274203965466741,0.04040404040404041,0.026936026936026935,0.028720638983913072,0.0984040126265613,0.09517666839273174,1.0,0.03125,0.0
625,127,187.0,133.0,3.9562289562289563,1.561781526592191,0.04040404040404041,0.013468013468013467,0.040275665080400105,0.10927891606831865,0.11143293416051224,1.0,0.0625,0.0
625,128,182.0,129.0,4.0,1.6350537218699186,0.03367003367003367,0.010101010101010102,0.0417881752046357,0.11644231893639116,0.12025032158150147,1.0,0.0625,0.0
625,129,192.0,134.0,4.121212121212121,1.6222737956756574,0.030303030303030304,0.020202020202020204,0.026876755701290313,0.08631858330589853,0.1279053224471797,1.0,0.03125,0.0
625,130,186.0,134.0,4.114478114478114,1.655627831221223,0.030303030303030304,0.02356902356902357,0.030211909101767583,0.09845028342808124,0.09144377242322207,1.0,0.125,0.0
625,131,192.0,143.0,4.03030303030303,1.6192520956448,0.04713804713804714,0.010101010101010102,0.03467375353674512,0.10198411297615671,0.10549066190150712,1.0,0.03125,0.0
625,132,183.0,135.0,3.9393939393939394,1.5921832319611815,0.037037037037037035,0.010101010101010102,0.035578495270159625,0.10352140914662457,0.1288243677736025,1.0,0.0625,0.0
625,133,191.0,141.0,4.063973063973064,1.5349843019898473,0.020202020202020204,0.003367003367003367,0.04762194574283916,0.11608839973874359,0.10046411295052202,1.0,0.03125,0.0
625,134,195.0,150.0,4.05050505050505,1.6332430651642615,0.037037037037037035,0.02356902356902357,0.033170636592987635,0.1028087725440997,0.09794691602835218,1.0,0.0,0.0
625,135,178.0,129.0,4.0,1.616414121688688,0.04713804713804714,0.020202020202020204,0.0501671847385317,0.12126025540498132,0.12137876174840376,1.0,0.0,0.0
625,136,192.0,134.0,4.218855218855219,1.6905106621680148,0.04040404040404041,0.016835016835016835,0.047809814509843694,0.1210821457923692,0.1554332721641603,1.0,0.0,0.0
625,137,192.0,134.0,4.026936026936027,1.6491856084115037,0.04040404040404041,0.013468013468013467,0.04574586139457652,0.11385762461068807,0.14408607881193236,1.0,0.125,0.0
625,138,189.0,139.0,3.98989898989899,1.598578595237186,0.04713804713804714,0.013468013468013467,0.03246908707242138,0.08605603995738852,0.09837333104205176,1.0,0.03125,0.0
625,139,183.0,133.0,4.127946127946128,1.6668061023875536,0.050505050505050504,0.013468013468013467,0.03690519704058171,0.09667849631143442,0.10861202892026,1.0,0.0,0.0
625,140,190.0,145.0,4.164983164983165,1.5921903521758007,0.03367003367003367,0.010101010101010102,0.0513669048077215,0.12624551749185867,0.08392168911158635,1.0,0.0,0.0
625,141,191.0,144.0,4.074074074074074,1.6292469706839197,0.04377104377104377,0.020202020202020204,0.03762241244179617,0.09322694833163397,0.11727006950234359,1.0,0.03125,0.0
625,142,194.0,143.0,4.202020202020202,1.6756111382001988,0.050505050505050504,0.02356902356902357,0.033701240667683555,0.09856630693347246,0.12620988723480855,1.0,0.0,0.0
625,143,170.0,115.0,3.8585858585858586,1.563537177445604,0.04040404040404041,0.0,0.04234338742762762,0.11459768014156103,0.0906403044049332,1.0,0.0,0.0
625,144,191.0,142.0,4.127946127946128,1.6728552248053052,0.050505050505050504,0.013468013468013467,0.04565362143161875,0.1178261782387133,0.10309540727658381,1.0,0.03125,0.0
625,145,182.0,132.0,4.02020202020202,1.576210761043155,0.04377104377104377,0.013468013468013467,0.03844858336304004,0.10499320181920563,0.1200572827379546,1.0,0.0,0.0
625,146,191.0,140.0,3.919191919191919,1.504270694867245,0.050505050505050504,0.003367003367003367,0.03911092066486514,0.10549640179697888,0.10361102649923326,1.0,0.03125,0.0
625,147,175.0,124.0,3.8518518518518516,1.5521045574241141,0.06397306397306397,0.006734006734006734,0.03652992279457926,0.11681752958207127,0.0817495416331423,1.0,0.03125,0.0
625,148,192.0,139.0,3.9764309764309766,1.5750955471365806,0.037037037037037035,0.010101010101010102,0.036348792174487714,0.10230638538063563,0.10634756323345657,1.0,0.0,0.0
625,149,172.0,118.0,3.9158249158249157,1.6400866599584958,0.050505050505050504,0.013468013468013467,0.03725009705865434,0.11438391760802205,0.08831559278425317,1.0,0.0,0.0
625,150,198.0,149.0,4.175084175084175,1.644187418040239,0.04377104377104377,0.013468013468013467,0.0339158859487822,0.0915748305561292,0.10179401163946243,1.0,0.0625,0.0
625,151,187.0,133.0,3.952861952861953,1.560605152568211,0.04040404040404041,0.006734006734006734,0.029489215623530705,0.09426783588302919,0.09866128697711367,1.0,0.0,0.0
625,152,180.0,128.0,3.9966329966329965,1.5097847339106345,0.037037037037037035,0.010101010101010102,0.03265762018419169,0.10001577929588393,0.10690249988880765,1.0,0.03125,0.0
625,153,185.0,138.0,3.9326599326599325,1.6024530844056581,0.026936026936026935,0.010101010101010102,0.043928940972892544,0.11708486325639104,0.13447779243873365,1.0,0.03125,0.0
625,154,197.0,149.0,4.074074074074074,1.5290347854069284,0.03367003367003367,0.003367003367003367,0.0383943187453633,0.10699509007296334,0.09866462239692424,1.0,0.03125,0.0
625,155,187.0,136.0,4.101010101010101,1.5901312833267787,0.050505050505050504,0.003367003367003367,0.03363322622947729,0.09599158672151092,0.10244367006260252,1.0,0.0,0.0
625,156,184.0,128.0,4.023569023569023,1.5921049074987295,0.030303030303030304,0.003367003367003367,0.03129854297991457,0.08796284776647782,0.08947205151074888,1.0,0.0,0.0
625,157,202.0,149.0,4.094276094276094,1.640563536832617,0.037037037037037035,0.013468013468013467,0.036555569245512856,0.10352093998506316,0.1354283284645309,1.0,0.03125,0.0
625,158,194.0,144.0,4.101010101010101,1.5752394900701356,0.037037037037037035,0.013468013468013467,0.03179336269442905,0.09588837525588312,0.10910577257262644,1.0,0.03125,0.0
625,159,183.0,124.0,4.013468013468014,1.6513907290178036,0.050505050505050504,0.010101010101010102,0.03878986528228191,0.1025149459673417,0.09969537152774653,1.0,0.03125,0.0
625,160,182.0,129.0,4.02020202020202,1.6162878738561302,0.03367003367003367,0.020202020202020204,0.039203897773172236,0.10782330665247113,0.12102294242377065,1.0,0.0,0.0
625,161,179.0,122.0,4.013468013468014,1.5526084578500905,0.020202020202020204,0.020202020202020204,0.038665822501746654,0.10843358347037478,0.11730988942701606,1.0,0.0,0.0
625,162,196.0,145.0,4.117845117845118,1.5879124861130118,0.030303030303030304,0.006734006734006734,0.03472021979449059,0.09361626182466445,0.08682978834993524,1.0,0.0,0.0
625,163,182.0,135.0,3.8855218855218854,1.6576602553745132,0.050505050505050504,0.020202020202020204,0.03398560545716892,0.09870809226464833,0.104523205481003,1.0,0.0,0.0
625,164,188.0,132.0,4.013468013468014,1.6329376225930652,0.04040404040404041,0.020202020202020204,0.03304672685462132,0.08928605871694903,0.12633858392174183,1.0,0.0,0.0
625,165,190.0,141.0,4.090909090909091,1.6397271828446889,0.04040404040404041,0.016835016835016835,0.03680299271101601,0.09197454724203288,0.09921514740553836,1.0,0.0,0.0
625,166,194.0,150.0,3.952861952861953,1.4989784033368394,0.026936026936026935,0.006734006734006734,0.033658548469068975,0.09894194597129033,0.11332725252462952,1.0,0.0,0.0
625,167,184.0,130.0,3.9562289562289563,1.6416618996300336,0.06060606060606061,0.006734006734006734,0.03313434193436645,0.1018296665749301,0.09521920073165963,1.0,0.03125,0.0
625,168,188.0,140.0,3.8855218855218854,1.7194742600581452,0.06397306397306397,0.016835016835016835,0.03329594213304384,0.10267555527796314,0.11451309515132943,1.0,0.03125,0.0
625,169,175.0,129.0,3.855218855218855,1.5962650121892137,0.06734006734006734,0.013468013468013467,0.04694709723443169,0.12239948807022098,0.09761170178108619,1.0,0.0,0.0
625,170,178.0,128.0,3.98989898989899,1.6319306458592542,0.037037037037037035,0.013468013468013467,0.03137711792741512,0.10648524607341382,0.12346856374238287,1.0,0.03125,0.0
625,171,188.0,140.0,4.053872053872054,1.5054760280960557,0.030303030303030304,0.006734006734006734,0.04025440024927778,0.10525126277201197,0.10007754400895041,1.0,0.03125,0.0
625,172,204.0,151.0,4.154882154882155,1.594260983576913,0.037037037037037035,0.010101010101010102,0.03579495037873783,0.10469270879486381,0.10409612041255592,1.0,0.0,0.0
625,173,195.0,147.0,4.181818181818182,1.5636676842842305,0.020202020202020204,0.006734006734006734,0.030425536928191766,0.08618654496176122,0.12474842603343071,1.0,0.03125,0.0
625,174,189.0,137.0,3.925925925925926,1.5745988430068636,0.04377104377104377,0.010101010101010102,0.039824175230368936,0.12004196633308009,0.09399449242413348,1.0,0.0,0.0
625,175,191.0,142.0,4.037037037037037,1.6002867931021239,0.037037037037037035,0.013468013468013467,0.03755898329816465,0.09713789501370608,0.1323002714176052,1.0,0.0,0.0
625,176,178.0,124.0,3.9023569023569022,1.6454900615483454,0.050505050505050504,0.020202020202020204,0.035862836540493166,0.11583841653096577,0.093883643615598,1.0,0.0625,0.0
625,177,200.0,147.0,4.171717171717172,1.5872412424578073,0.04040404040404041,0.016835016835016835,0.040392041708755565,0.10836092349536834,0.11196249689740835,1.0,0.0,0.0
625,178,187.0,128.0,3.95959595959596,1.5949363808546013,0.04040404040404041,0.006734006734006734,0.03195966540857966,0.10080249349677226,0.1032544380420564,1.0,0.0625,0.0
625,179,182.0,129.0,4.0033670033670035,1.538503178512054,0.05723905723905724,0.010101010101010102,0.03252493526278742,0.09351624468777849,0.10999762668175829,1.0,0.03125,0.0
625,180,198.0,149.0,3.98989898989899,1.5450253579797084,0.037037037037037035,0.010101010101010102,0.040647043784581026,0.10072298992137736,0.08320574149652289,1.0,0.0,0.0
625,181,200.0,150.0,4.164983164983165,1.6866636971625404,0.05387205387205387,0.020202020202020204,0.03228192146170438,0.09264236776052899,0.13500074120814667,1.0,0.0,0.0
625,182,188.0,136.0,3.993265993265993,1.4884363838073569,0.04040404040404041,0.006734006734006734,0.04432658115858021,0.12164488754832244,0.11278917005478512,1.0,0.03125,0.0
625,183,190.0,141.0,4.111111111111111,1.695044603103275,0.03367003367003367,0.026936026936026935,0.04286562751888067,0.12046682203353008,0.11732629070915328,1.0,0.0625,0.0
625,184,185.0,128.0,4.154882154882155,1.638011668203181,0.037037037037037035,0.02356902356902357,0.028698951692220625,0.09418142846211992,0.11457472242127012,1.0,0.03125,0.0
625,185,189.0,132.0,4.097643097643098,1.6207496604492306,0.016835016835016835,0.016835016835016835,0.0344501756067245,0.0904769803260595,0.09466446914874672,1.0,0.0,0.0
625,186,192.0,143.0,4.01010101010101,1.570958763815399,0.050505050505050504,0.006734006734006734,0.03224770503206629,0.10192648202043852,0.10788923073000295,1.0,0.0625,0.0
625,187,188.0,134.0,3.98989898989899,1.6174237495958057,0.037037037037037035,0.013468013468013467,0.03756860036494501,0.0945563339875447,0.09537635711931837,1.0,0.0,0.0
625,188,184.0,130.0,3.983164983164983,1.6090190090343104,0.04040404040404041,0.003367003367003367,0.04243163343335288,0.1094004059246328,0.08879999915878907,1.0,0.0,0.0
625,189,191.0,138.0,4.087542087542087,1.6894641886887203,0.06397306397306397,0.010101010101010102,0.045850209953525636,0.11780949989856151,0.1154936773856054,1.0,0.0,0.0
625,190,191.0,138.0,4.074074074074074,1.6558948574788244,0.02356902356902357,0.02356902356902357,0.03429850232438718,0.09274347292974805,0.11656709521084271,1.0,0.09375,0.0
625,191,188.0,135.0,4.053872053872054,1.6050614882104006,0.04377104377104377,0.016835016835016835,0.043063326754457926,0.1166144341246428,0.1097395524200662,1.0,0.0,0.0
625,192,186.0,135.0,4.026936026936027,1.5239772877852298,0.026936026936026935,0.006734006734006734,0.030497516290751134,0.08232866824327602,0.11564393551185984,1.0,0.0625,0.0
625,193,180.0,123.0,3.9023569023569022,1.5310131217654581,0.026936026936026935,0.010101010101010102,0.03864332567163244,0.10529135649613487,0.1258262396560757,1.0,0.03125,0.0
625,194,183.0,131.0,4.026936026936027,1.663415527801057,0.04713804713804714,0.006734006734006734,0.036110355043126305,0.10276817201103086,0.09593842095263885,1.0,0.0,0.0
625,195,174.0,123.0,3.993265993265993,1.6473491939956202,0.037037037037037035,0.013468013468013467,0.05056878609313495,0.11641344795408694,0.1367089895270939,1.0,0.03125,0.0
625,196,177.0,117.0,3.9023569023569022,1.5571799060564886,0.037037037037037035,0.003367003367003367,0.03279461013145584,0.1066120765579677,0.11159712255474152,1.0,0.0,0.0
625,197,171.0,118.0,3.8215488215488214,1.5843745513599137,0.050505050505050504,0.010101010101010102,0.04208678454495662,0.10861114486228925,0.10722229154789939,1.0,0.03125,0.0
625,198,176.0,117.0,3.9966329966329965,1.5494070039733674,0.04377104377104377,0.003367003367003367,0.04044723896873381,0.1033120647091188,0.12043641411995337,1.0,0.0,0.0
625,199,178.0,126.0,3.925925925925926,1.5552348555097693,0.04040404040404041,0.013468013468013467,0.03630446204248553,0.10409420536259335,0.10928501970627451,1.0,0.0,0.0
625,200,185.0,131.0,3.946127946127946,1.5582279142628774,0.03367003367003367,0.013468013468013467,0.036698705112910644,0.10755818777403531,0.09525473262261136,1.0,0.03125,0.0
625,201,182.0,127.0,4.084175084175084,1.6441874180402392,0.050505050505050504,0.016835016835016835,0.03875430609061059,0.11582438927814237,0.09811389057846498,1.0,0.0,0.0
625,202,190.0,143.0,4.043771043771044,1.6781733861282069,0.050505050505050504,0.026936026936026935,0.03583096506571597,0.09949872570195767,0.0918565472748512,1.0,0.03125,0.0
625,203,200.0,159.0,4.134680134680135,1.6459447100663096,0.04377104377104377,0.026936026936026935,0.029052817870339566,0.09452716208505284,0.09015477061124572,1.0,0.03125,0.0
625,204,188.0,137.0,4.114478114478114,1.6310412118356206,0.03367003367003367,0.016835016835016835,0.028162241374425277,0.09453676128200336,0.11012057950545209,1.0,0.0,0.0
625,205,174.0,126.0,3.8417508417508417,1.5148671637403568,0.03367003367003367,0.006734006734006734,0.04025025928735285,0.11277742067491826,0.09767618836810482,1.0,0.03125,0.0
625,206,186.0,135.0,4.033670033670034,1.6202249705196143,0.04713804713804714,0.010101010101010102,0.04323281788924097,0.11740743020399354,0.112995234756395,1.0,0.0,0.0
625,207,182.0,133.0,3.835016835016835,1.640107396618848,0.06397306397306397,0.013468013468013467,0.04134965686518648,0.11322748462321348,0.10034212801311414,1.0,0.03125,0.0
625,208,186.0,129.0,3.98989898989899,1.5666663410376804,0.04040404040404041,0.003367003367003367,0.0367070976452831,0.10248888059164397,0.10379144511833688,1.0,0.03125,0.0
625,209,202.0,156.0,4.134680134680135,1.656141305041723,0.05387205387205387,0.006734006734006734,0.03188680521450983,0.08970081782270342,0.11209094935845179,1.0,0.03125,0.0
625,210,186.0,135.0,4.0,1.567773088783086,0.037037037037037035,0.003367003367003367,0.04660432747869944,0.1191470371960013,0.08740320395476381,1.0,0.125,0.0
625,211,188.0,143.0,3.983164983164983,1.5879553218191267,0.050505050505050504,0.006734006734006734,0.03564092082174737,0.08932567553372385,0.09743193692553224,1.0,0.03125,0.0
625,212,186.0,138.0,4.040404040404041,1.6570583155078689,0.050505050505050504,0.016835016835016835,0.0378027851724935,0.09882599280893122,0.10855698846504004,1.0,0.03125,0.0
625,213,197.0,147.0,4.191919191919192,1.6227139901432888,0.020202020202020204,0.013468013468013467,0.03457665829012051,0.09437020467872928,0.08541592784869498,1.0,0.0,0.0
625,214,190.0,140.0,4.08080808080808,1.60812395252005,0.05387205387205387,0.020202020202020204,0.03422911882409626,0.09733403951018783,0.13008008921044728,1.0,0.0,0.0
625,215,181.0,132.0,3.9797979797979797,1.5654936376613635,0.04713804713804714,0.003367003367003367,0.04097752518110181,0.1149903604632474,0.10137256059269012,1.0,0.0,0.0
625,216,190.0,132.0,3.973063973063973,1.59310859302605,0.04713804713804714,0.003367003367003367,0.03230459090376475,0.09627151658835857,0.11009682339304068,1.0,0.03125,0.0
625,217,188.0,136.0,3.9797979797979797,1.6715874709366996,0.05387205387205387,0.010101010101010102,0.03679628332191622,0.09481232163742778,0.09287717066435305,1.0,0.0,0.0
625,218,190.0,139.0,3.936026936026936,1.5782448929223225,0.04713804713804714,0.0,0.03413317437503487,0.09697866126300776,0.11061934481540348,1.0,0.03125,0.0
625,219,187.0,137.0,3.983164983164983,1.5985218602708318,0.037037037037037035,0.003367003367003367,0.03119745183270631,0.09973395075727354,0.0980299778115166,1.0,0.0,0.0
625,220,199.0,147.0,4.148148148148148,1.6386344416223473,0.04040404040404041,0.016835016835016835,0.03635081321474534,0.10178831311010406,0.10890143301764951,1.0,0.0625,0.0
625,221,195.0,144.0,4.097643097643098,1.5935141588025534,0.030303030303030304,0.010101010101010102,0.041316947202950566,0.11036959470543727,0.10486079623109448,1.0,0.0625,0.0
625,222,199.0,143.0,4.188552188552189,1.6610421026587419,0.04040404040404041,0.013468013468013467,0.03427857597160632,0.09403407886855708,0.1294797671200272,1.0,0.0625,0.0
625,223,202.0,149.0,4.168350168350169,1.673302438024668,0.04713804713804714,0.02356902356902357,0.037844478006895936,0.09632028169903942,0.1258816351860063,1.0,0.0625,0.0
625,224,192.0,137.0,4.0673400673400675,1.5249366036976637,0.02356902356902357,0.006734006734006734,0.034839550005647146,0.10322381134608997,0.1051104882235622,1.0,0.03125,0.0
625,225,181.0,128.0,4.053872053872054,1.5732807377979574,0.030303030303030304,0.02356902356902357,0.04039031932828637,0.10053425979070692,0.10603544835462267,1.0,0.03125,0.0
625,226,176.0,116.0,3.9966329966329965,1.4940923316888948,0.013468013468013467,0.013468013468013467,0.0342552780855651,0.10467299497125894,0.08675947525144781,1.0,0.0,0.0
625,227,190.0,141.0,4.107744107744108,1.6560796965892615,0.02356902356902357,0.02356902356902357,0.03615239131930921,0.10550614111299897,0.11364745632169035,1.0,0.03125,0.0
625,228,190.0,134.0,3.9865319865319866,1.5482651613724385,0.03367003367003367,0.006734006734006734,0.036273654380439065,0.10385964649606465,0.11608045163284311,1.0,0.09375,0.0
625,229,181.0,132.0,4.040404040404041,1.6792606513188624,0.05723905723905724,0.010101010101010102,0.041454431074180016,0.10838401313151355,0.11616289683306853,1.0,0.0,0.0
625,230,186.0,132.0,3.9494949494949494,1.5178427277787343,0.04713804713804714,0.006734006734006734,0.04326967838300423,0.11332377971632945,0.1160041633721433,1.0,0.03125,0.0
625,231,180.0,119.0,4.013468013468014,1.5762826832334706,0.037037037037037035,0.013468013468013467,0.033868114261688655,0.1017792492111926,0.10355945319794926,1.0,0.09375,0.0
625,232,179.0,125.0,3.909090909090909,1.6002372031088552,0.06060606060606061,0.006734006734006734,0.03544656954850994,0.10213344481205403,0.10336027832422773,1.0,0.0,0.0
625,233,184.0,134.0,3.9663299663299663,1.6326460104686886,0.050505050505050504,0.006734006734006734,0.03929033156948341,0.09928951721223638,0.09762148430351478,1.0,0.03125,0.0
625,234,177.0,116.0,3.9562289562289563,1.576800426161371,0.03367003367003367,0.006734006734006734,0.03945907776555123,0.1062553563022767,0.11033638977123209,1.0,0.0625,0.0
625,235,189.0,130.0,4.047138047138047,1.5713556172593406,0.037037037037037035,0.006734006734006734,0.03388898849908038,0.1031236364601535,0.10051377206351356,1.0,0.03125,0.0
625,236,187.0,135.0,4.0033670033670035,1.464503263249854,0.020202020202020204,0.006734006734006734,0.030115648292485572,0.08277596577183523,0.08316000433228066,1.0,0.0,0.0
625,237,190.0,140.0,4.02020202020202,1.6349289133722085,0.04040404040404041,0.010101010101010102,0.031161462183070057,0.09939899781862899,0.14108418925947847,1.0,0.0,0.0
625,238,192.0,138.0,4.063973063973064,1.5653922516836964,0.04377104377104377,0.010101010101010102,0.03275387099371451,0.09396187623990987,0.1125582543178878,1.0,0.03125,0.0
625,239,187.0,132.0,4.074074074074074,1.6680503048256239,0.05387205387205387,0.020202020202020204,0.03317076124973424,0.09977051818646358,0.08700616730740082,1.0,0.0,0.0
625,240,193.0,132.0,4.05050505050505,1.5572599871193344,0.030303030303030304,0.006734006734006734,0.03581524625079504,0.10320157429012815,0.12569319175423815,1.0,0.0625,0.0
625,241,189.0,138.0,3.9696969696969697,1.6481060170772301,0.06060606060606061,0.013468013468013467,0.039984305104576894,0.1166933052341099,0.10216851725982773,1.0,0.0,0.0
625,242,185.0,144.0,3.8922558922558923,1.6044468807364773,0.06060606060606061,0.006734006734006734,0.05444494572955859,0.13303865562351308,0.12789429704237604,1.0,0.03125,0.0
625,243,189.0,140.0,4.01010101010101,1.6666360572640677,0.05387205387205387,0.02356902356902357,0.028924382327357237,0.09103673200002056,0.1038441738601025,1.0,0.0625,0.0
625,244,191.0,137.0,4.040404040404041,1.580089874606988,0.04377104377104377,0.003367003367003367,0.033415061982266514,0.09023141267377761,0.106213923039603,1.0,0.0,0.0
625,245,175.0,126.0,3.787878787878788,1.6055840726239938,0.0707070707070707,0.0,0.04758282293845885,0.12875862507498742,0.10529709700620266,1.0,0.09375,0.0
625,246,184.0,129.0,4.016835016835016,1.5794511949274215,0.030303030303030304,0.006734006734006734,0.031267833740065865,0.09576633202292507,0.09339917789453733,1.0,0.0,0.0
625,247,187.0,135.0,4.114478114478114,1.622762893268817,0.04713804713804714,0.020202020202020204,0.028591132491827695,0.089529088626625,0.08369173455486305,1.0,0.0625,0.0
625,248,182.0,131.0,3.8653198653198655,1.5598204103360722,0.04713804713804714,0.010101010101010102,0.0347519041222707,0.09961128876031307,0.090848521625259,1.0,0.03125,0.0
625,249,190.0,137.0,4.02020202020202,1.667554094932017,0.06060606060606061,0.030303030303030304,0.03573275232280475,0.09642045112791646,0.0915638017739899,1.0,0.03125,0.0
625,250,171.0,119.0,3.872053872053872,1.6217565892600034,0.05387205387205387,0.020202020202020204,0.04329981905749777,0.1344976415804694,0.08871349586741577,1.0,0.0,0.0
650,1,185.0,132.0,4.013468013468014,1.6391117409993476,0.04713804713804714,0.013468013468013467,0.041239971354535075,0.097844562184607,0.10534501147419723,1.0,0.0,0.0
650,2,181.0,124.0,4.0,1.5308279927654653,0.04040404040404041,0.006734006734006734,0.045143020701650216,0.10434768226029117,0.12390441485699535,1.0,0.03125,0.0
650,3,192.0,142.0,4.094276094276094,1.5389010348792487,0.03367003367003367,0.003367003367003367,0.031665472663745795,0.08486516566947723,0.08847906646474121,1.0,0.03125,0.0
650,4,183.0,128.0,3.9326599326599325,1.5791712426608882,0.04040404040404041,0.010101010101010102,0.0383953077612971,0.09617682948668821,0.11620334839835908,1.0,0.03125,0.0
650,5,193.0,144.0,4.138047138047138,1.5862838721460073,0.03367003367003367,0.006734006734006734,0.04858808317218767,0.1274769170427138,0.12569132280673703,1.0,0.03125,0.0
650,6,182.0,129.0,3.9663299663299663,1.5695581523088349,0.04713804713804714,0.006734006734006734,0.03554392923084547,0.09548184453025184,0.08456682855098296,1.0,0.0,0.0
650,7,187.0,135.0,4.111111111111111,1.615719636534531,0.03367003367003367,0.026936026936026935,0.03582743533421162,0.09320791028600639,0.12612350683939266,1.0,0.03125,0.0
650,8,197.0,154.0,4.228956228956229,1.706031068938988,0.04377104377104377,0.016835016835016835,0.03569309485919454,0.10470738420223605,0.10997347894237264,1.0,0.0625,0.0
650,9,177.0,123.0,4.117845117845118,1.6543742862610689,0.030303030303030304,0.016835016835016835,0.03438417654417866,0.1091454548591397,0.1186544988487303,1.0,0.0,0.0
650,10,185.0,130.0,3.983164983164983,1.5579878079810485,0.04040404040404041,0.010101010101010102,0.037341839433863745,0.10627869532576044,0.10965725095069451,1.0,0.03125,0.0
650,11,179.0,122.0,3.781144781144781,1.613051159452633,0.07407407407407407,0.0,0.040423323507521966,0.11428685825978982,0.09428104776140442,1.0,0.0,0.0
650,12,189.0,135.0,4.037037037037037,1.581237414043514,0.04040404040404041,0.0,0.03556164865143032,0.09103237596376454,0.10142171214845526,1.0,0.0,0.0
650,13,178.0,125.0,4.057239057239057,1.7095758585837335,0.04713804713804714,0.016835016835016835,0.039502666788387986,0.10909022136200774,0.13044305599512662,1.0,0.0,0.0
650,14,194.0,143.0,4.212121212121212,1.6773760609815815,0.026936026936026935,0.030303030303030304,0.03363341547152,0.10623431643387356,0.11780573636278592,1.0,0.03125,0.0
650,15,191.0,142.0,4.154882154882155,1.5836660159533613,0.030303030303030304,0.013468013468013467,0.043861495684182156,0.11239679689618771,0.07302649775214198,1.0,0.0,0.0
650,16,181.0,126.0,3.9292929292929295,1.6283630328393242,0.04377104377104377,0.006734006734006734,0.04038308287425964,0.11043215094345474,0.09984271398584299,1.0,0.0,0.0
650,17,198.0,149.0,4.063973063973064,1.569688158552318,0.037037037037037035,0.013468013468013467,0.03582872333710101,0.10635049364188161,0.10777409887425589,1.0,0.0,0.0
650,18,206.0,160.0,4.161616161616162,1.6332430651642615,0.030303030303030304,0.016835016835016835,0.03521083680127436,0.09909691747196667,0.10091543268869854,1.0,0.0,0.0
650,19,188.0,137.0,3.993265993265993,1.6080464044958067,0.037037037037037035,0.013468013468013467,0.03991769673744074,0.10572297253002795,0.12340311362684844,1.0,0.03125,0.0
650,20,187.0,135.0,4.097643097643098,1.6899070065546582,0.03367003367003367,0.020202020202020204,0.04429024769273492,0.12597372485142674,0.10445658837530866,1.0,0.0,0.0
650,21,187.0,140.0,4.087542087542087,1.56962315677657,0.04377104377104377,0.013468013468013467,0.03221359329389224,0.08647988334277092,0.09121785737890123,1.0,0.0,0.0
650,22,177.0,119.0,3.95959595959596,1.6386690332058258,0.06060606060606061,0.010101010101010102,0.03439941818661458,0.10860548438554946,0.10745735936506429,1.0,0.03125,0.0
650,23,180.0,124.0,3.8518518518518516,1.6221130599927145,0.03367003367003367,0.016835016835016835,0.0365675865007319,0.10673687268251623,0.06894249193081663,1.0,0.0,0.0
650,24,180.0,129.0,3.9764309764309766,1.6089344580664533,0.037037037037037035,0.010101010101010102,0.035078282579429944,0.10532442515557393,0.11086419943396035,1.0,0.03125,0.0
650,25,191.0,142.0,3.942760942760943,1.5418155112716192,0.050505050505050504,0.0,0.03155236629066689,0.09659770313504713,0.1087103389648921,1.0,0.03125,0.0
650,26,186.0,138.0,4.03030303030303,1.658289322523728,0.04377104377104377,0.013468013468013467,0.03645506844738437,0.11228078040006312,0.1056955285474516,1.0,0.0,0.0
650,27,181.0,135.0,4.053872053872054,1.7224386118258546,0.05387205387205387,0.02356902356902357,0.03007718969188815,0.0807391976622602,0.08159005221824245,1.0,0.03125,0.0
650,28,180.0,125.0,3.952861952861953,1.6364329148017926,0.05387205387205387,0.010101010101010102,0.041073930038480866,0.11250796988748753,0.08601487489781812,1.0,0.03125,0.0
650,29,197.0,140.0,4.138047138047138,1.4989784033368394,0.026936026936026935,0.010101010101010102,0.03958723536496292,0.09697374056059539,0.13361770970714376,1.0,0.0,0.0
650,30,178.0,124.0,3.9797979797979797,1.5262890317191193,0.04713804713804714,0.010101010101010102,0.037481010718179816,0.103322618520015,0.13548126038707672,1.0,0.0,0.0
650,31,182.0,128.0,4.094276094276094,1.6323335110965278,0.030303030303030304,0.02356902356902357,0.039249594493834694,0.10499089804482326,0.09658241958885513,1.0,0.0,0.0
650,32,191.0,139.0,4.043771043771044,1.6189440134306115,0.03367003367003367,0.016835016835016835,0.03615661947816509,0.08764968969129397,0.11087342493149144,1.0,0.03125,0.0
650,33,191.0,150.0,4.03030303030303,1.581380797922485,0.03367003367003367,0.010101010101010102,0.042370361546517035,0.11182742678418,0.10161267982558692,1.0,0.0,0.0
650,34,187.0,134.0,4.043771043771044,1.58531877263808,0.03367003367003367,0.006734006734006734,0.04785148948624786,0.11844611036122432,0.11267412140100636,1.0,0.0,0.0
650,35,178.0,130.0,3.9292929292929295,1.6242223226053965,0.04713804713804714,0.020202020202020204,0.031885118093927814,0.09744101373565778,0.1303659508489271,1.0,0.03125,0.0
650,36,178.0,120.0,3.952861952861953,1.6930637534360247,0.0707070707070707,0.013468013468013467,0.038766111381058024,0.11927852876960833,0.08623205866373755,1.0,0.03125,0.0
650,37,180.0,131.0,3.872053872053872,1.5711391641710413,0.04377104377104377,0.016835016835016835,0.03813922416387336,0.0990085336212467,0.10106555069810108,1.0,0.03125,0.0
650,38,195.0,145.0,4.077441077441078,1.6156003514750736,0.03367003367003367,0.010101010101010102,0.04307166660965461,0.10447341735489044,0.13375357174328456,1.0,0.03125,0.0
650,39,184.0,132.0,4.006734006734007,1.5784603716076617,0.04377104377104377,0.016835016835016835,0.044861932070938984,0.10968597358851288,0.11416917063218618,1.0,0.03125,0.0
650,40,186.0,129.0,3.909090909090909,1.6169821149554207,0.04377104377104377,0.013468013468013467,0.040129168954629084,0.11350594467604862,0.10407783789789243,1.0,0.0,0.0
650,41,187.0,131.0,3.8956228956228958,1.6036199682510295,0.04713804713804714,0.013468013468013467,0.04693158912737038,0.12467440382862871,0.10531785247864293,1.0,0.09375,0.0
650,42,189.0,137.0,4.094276094276094,1.7226557968668674,0.05723905723905724,0.02356902356902357,0.0359369831888556,0.09585761394395166,0.099812463414121,1.0,0.03125,0.0
650,43,176.0,125.0,4.037037037037037,1.6065863936866576,0.030303030303030304,0.010101010101010102,0.03960639634850596,0.10081219306025728,0.10215856740253178,1.0,0.0,0.0
650,44,192.0,147.0,4.107744107744108,1.5875697588556412,0.03367003367003367,0.003367003367003367,0.030441099800269808,0.09063464263550233,0.08905116049165539,1.0,0.0,0.0
650,45,177.0,124.0,3.9292929292929295,1.5586352827058225,0.04040404040404041,0.016835016835016835,0.039643662001379434,0.10636585046300405,0.09685244953961958,1.0,0.0,0.0
650,46,198.0,149.0,4.138047138047138,1.6281820100070705,0.03367003367003367,0.016835016835016835,0.03601854432962413,0.09888555587441583,0.14595708093297202,1.0,0.0,0.0
650,47,186.0,139.0,3.95959595959596,1.5693992411637943,0.04040404040404041,0.010101010101010102,0.04052402206662328,0.10684865285507857,0.07950716867388546,1.0,0.0,0.0
650,48,189.0,143.0,3.952861952861953,1.6281820100070705,0.05387205387205387,0.016835016835016835,0.041645844464550816,0.10864539132253435,0.10253581568411307,1.0,0.03125,0.0
650,49,173.0,122.0,3.9225589225589226,1.6628429422433544,0.06060606060606061,0.013468013468013467,0.04911189656547157,0.11961971387658463,0.1220995375125507,1.0,0.0,0.0
650,50,170.0,120.0,3.8484848484848486,1.616603474951411,0.05387205387205387,0.013468013468013467,0.03557356139579167,0.10565651507694607,0.11335938212810445,1.0,0.0,0.0
650,51,190.0,138.0,3.9292929292929295,1.6324932404716703,0.04713804713804714,0.016835016835016835,0.03367798655490438,0.09832242186469216,0.1074434587699046,1.0,0.0,0.0
650,52,195.0,138.0,4.0673400673400675,1.6087442021412937,0.030303030303030304,0.010101010101010102,0.04040243914092382,0.10494382128069563,0.14002053522396068,1.0,0.03125,0.0
650,53,170.0,126.0,3.898989898989899,1.6746975172575924,0.050505050505050504,0.010101010101010102,0.03431285302904091,0.0931656684590065,0.1123689862358529,1.0,0.0625,0.0
650,54,190.0,135.0,3.925925925925926,1.5465508167714588,0.05387205387205387,0.003367003367003367,0.05029717432002728,0.1182235561651525,0.09781697346235409,1.0,0.03125,0.0
650,55,187.0,132.0,3.962962962962963,1.6149476360907578,0.05723905723905724,0.020202020202020204,0.03538510753992856,0.09752720924056174,0.11563836989866091,1.0,0.03125,0.0
650,56,189.0,144.0,4.013468013468014,1.612186469345226,0.030303030303030304,0.010101010101010102,0.03543860209074234,0.09860333681370528,0.10460100492784292,1.0,0.0,0.0
650,57,187.0,134.0,4.0033670033670035,1.538503178512054,0.030303030303030304,0.006734006734006734,0.044551411011778085,0.10146112076857466,0.09187284927992714,1.0,0.03125,0.0
650,58,188.0,140.0,3.936026936026936,1.6327709934707832,0.050505050505050504,0.003367003367003367,0.0429029658385158,0.11319181503546623,0.10907933356878302,1.0,0.0,0.0
650,59,198.0,150.0,4.016835016835016,1.5007470921955561,0.03367003367003367,0.006734006734006734,0.03759597597238408,0.10549189121929502,0.12118279792041356,1.0,0.03125,0.0
650,60,174.0,118.0,3.952861952861953,1.5123955481534257,0.02356902356902357,0.016835016835016835,0.042539677120614384,0.1127306933990647,0.0976880297948653,1.0,0.0625,0.0
650,61,191.0,140.0,4.138047138047138,1.5692114163357582,0.03367003367003367,0.0,0.03695105851874267,0.09881762109600932,0.13550698319919677,1.0,0.03125,0.0
650,62,191.0,140.0,4.087542087542087,1.6223646392347848,0.04040404040404041,0.02356902356902357,0.03582406781921954,0.10142600892035207,0.11752196416543738,1.0,0.03125,0.0
650,63,184.0,130.0,3.9225589225589226,1.575505749827735,0.050505050505050504,0.006734006734006734,0.04298140888942582,0.10647743384168634,0.10522649214970084,1.0,0.03125,0.0
650,64,198.0,150.0,4.141414141414141,1.6433322126541614,0.030303030303030304,0.020202020202020204,0.040449431417351134,0.10668763676168855,0.11246036421286171,1.0,0.0,0.0
650,65,175.0,117.0,4.033670033670034,1.6470188349370425,0.04713804713804714,0.010101010101010102,0.04290714904560384,0.1137242641082762,0.1116145312598214,1.0,0.0625,0.0
650,66,178.0,124.0,3.8956228956228958,1.5349621451635926,0.030303030303030304,0.013468013468013467,0.04390332127501183,0.11771900804490801,0.10407653098146985,1.0,0.0,0.0
650,67,202.0,158.0,4.188552188552189,1.6467916746410054,0.020202020202020204,0.020202020202020204,0.03693927582704721,0.10844308442637032,0.10609729414344449,1.0,0.03125,0.0
650,68,172.0,119.0,3.8821548821548824,1.5229727054459654,0.026936026936026935,0.010101010101010102,0.04442474692294277,0.1183354816434588,0.1305348882570136,1.0,0.0625,0.0
650,69,183.0,133.0,4.151515151515151,1.6103430612832028,0.030303030303030304,0.020202020202020204,0.03696731350727059,0.10606450724729535,0.09630337838454484,1.0,0.0625,0.0
650,70,191.0,144.0,4.094276094276094,1.644663105883013,0.037037037037037035,0.016835016835016835,0.03270002104300823,0.08571288428817495,0.11579639634397607,1.0,0.03125,0.0
650,71,189.0,141.0,3.9562289562289563,1.5725239490941523,0.030303030303030304,0.010101010101010102,0.04020988892850551,0.10623955526409973,0.11208065648800085,1.0,0.0,0.0
650,72,187.0,134.0,4.0673400673400675,1.6783962991139656,0.04377104377104377,0.026936026936026935,0.030772572005483032,0.08681611860448912,0.09561156345578484,1.0,0.0625,0.0
650,73,194.0,149.0,3.9764309764309766,1.6047436171817537,0.06060606060606061,0.006734006734006734,0.03577667711314267,0.10155108014381002,0.10476456576957904,1.0,0.03125,0.0
650,74,191.0,137.0,4.047138047138047,1.4786244259663102,0.020202020202020204,0.010101010101010102,0.046374928447909886,0.1182382135368058,0.10587907445509187,1.0,0.0,0.0
650,75,179.0,124.0,3.952861952861953,1.586283872146007,0.05723905723905724,0.006734006734006734,0.03710060088656714,0.09984191228005604,0.09672040672346593,1.0,0.03125,0.0
650,76,188.0,138.0,4.047138047138047,1.6649891227641056,0.04713804713804714,0.020202020202020204,0.03580144179071613,0.10313111503405675,0.10005136271653443,1.0,0.0,0.0
650,77,184.0,129.0,3.9494949494949494,1.6353033102886936,0.04040404040404041,0.003367003367003367,0.0368206010089123,0.09161478899074794,0.1352501066606028,1.0,0.0,0.0
650,78,183.0,125.0,3.9663299663299663,1.5631093286386282,0.03367003367003367,0.013468013468013467,0.04643701504428178,0.12346447440916462,0.10192888008481783,1.0,0.03125,0.0
650,79,174.0,118.0,4.01010101010101,1.5384737035771219,0.030303030303030304,0.003367003367003367,0.04165568417887578,0.10740433664203708,0.0924354229955702,1.0,0.0,0.0
650,80,177.0,128.0,3.872053872053872,1.5818180384804417,0.050505050505050504,0.006734006734006734,0.03723023289637955,0.10941398034469492,0.09825908613985929,1.0,0.0625,0.0
650,81,194.0,148.0,4.1447811447811445,1.5686044439556273,0.026936026936026935,0.006734006734006734,0.03681226752106045,0.09692662638795356,0.11739785462554513,1.0,0.0,0.0
650,82,185.0,130.0,4.124579124579125,1.5422125131312134,0.026936026936026935,0.013468013468013467,0.03825802554568205,0.08914936166454647,0.10511087543956213,1.0,0.0,0.0
650,83,186.0,130.0,3.983164983164983,1.5943036487117839,0.04713804713804714,0.006734006734006734,0.04024625483036247,0.12846147411498834,0.10850125581737052,1.0,0.0,0.0
650,84,170.0,116.0,3.8215488215488214,1.5970744376518486,0.06397306397306397,0.013468013468013467,0.04185454201404197,0.11308073301008245,0.09961095936292262,1.0,0.03125,0.0
650,85,184.0,130.0,4.033670033670034,1.4903316916226674,0.02356902356902357,0.010101010101010102,0.05097958391900683,0.12372695369379709,0.09429239382540919,1.0,0.0625,0.0
650,86,179.0,128.0,3.9393939393939394,1.5942965379352614,0.037037037037037035,0.010101010101010102,0.05098532101885618,0.11842264486670931,0.11577535791267042,1.0,0.0,0.0
650,87,188.0,135.0,4.094276094276094,1.5235085651266864,0.013468013468013467,0.010101010101010102,0.03689629536625299,0.0958791525842404,0.1182164177544407,1.0,0.03125,0.0
650,88,186.0,131.0,3.98989898989899,1.6422142572041678,0.04377104377104377,0.006734006734006734,0.03745555144049531,0.10429596049278601,0.10238048143306466,1.0,0.03125,0.0
650,89,170.0,118.0,3.942760942760943,1.601795011650977,0.04377104377104377,0.016835016835016835,0.04175128723589257,0.1310613712066428,0.10995861006467283,1.0,0.03125,0.0
650,90,191.0,139.0,4.006734006734007,1.5869698080530155,0.04377104377104377,0.003367003367003367,0.03443156606877048,0.10224092240127336,0.11454299641428735,1.0,0.03125,0.0
650,91,197.0,148.0,4.08080808080808,1.6164772419074553,0.04040404040404041,0.013468013468013467,0.042394146775733055,0.10913431234874031,0.1201594443157927,1.0,0.0,0.0
650,92,173.0,116.0,3.925925925925926,1.61471596398397,0.020202020202020204,0.006734006734006734,0.046280452540046084,0.1149813389473884,0.12267681836525343,1.0,0.0,0.0
650,93,178.0,121.0,4.02020202020202,1.612116148950303,0.037037037037037035,0.013468013468013467,0.04076640141417904,0.09818345266847325,0.11026614446231725,1.0,0.0,0.0
650,94,181.0,130.0,3.878787878787879,1.4925588310333033,0.04040404040404041,0.003367003367003367,0.04458823462128305,0.1112666973101593,0.10993976643699786,1.0,0.03125,0.0
650,95,190.0,138.0,4.0033670033670035,1.6360795640970531,0.04713804713804714,0.003367003367003367,0.03822208800188894,0.10786262897170157,0.10530165704993968,1.0,0.03125,0.0
650,96,182.0,119.0,4.016835016835016,1.5985218602708318,0.04040404040404041,0.013468013468013467,0.036432998059400167,0.10481313860319458,0.10506799729480848,1.0,0.03125,0.0
650,97,182.0,128.0,3.98989898989899,1.594360533782269,0.05723905723905724,0.013468013468013467,0.0360874401735185,0.10313019030409701,0.09922160008722752,1.0,0.03125,0.0
650,98,180.0,127.0,3.872053872053872,1.5232629861727522,0.04040404040404041,0.003367003367003367,0.041278657607717095,0.1066828110995542,0.11203420697616567,1.0,0.03125,0.0
650,99,188.0,139.0,4.097643097643098,1.570099773973022,0.030303030303030304,0.013468013468013467,0.046764365418747636,0.11755013377324952,0.12428397653620007,1.0,0.0,0.0
650,100,177.0,121.0,3.983164983164983,1.562304075167701,0.02356902356902357,0.006734006734006734,0.04400291445429147,0.11863286757214586,0.11320490761085894,1.0,0.03125,0.0
650,101,183.0,134.0,4.0,1.5131299645312326,0.03367003367003367,0.006734006734006734,0.035833109631767876,0.09776826495347007,0.10426666354475604,1.0,0.0625,0.0
650,102,188.0,134.0,3.9225589225589226,1.6749479666463005,0.07407407407407407,0.006734006734006734,0.050876672725178824,0.1317592623334124,0.0929669218060858,1.0,0.03125,0.0
650,103,180.0,125.0,3.9292929292929295,1.5390704609891643,0.026936026936026935,0.006734006734006734,0.039901639172199244,0.10695080429544705,0.09450106894275456,1.0,0.0,0.0
650,104,189.0,138.0,4.117845117845118,1.596371538987598,0.03367003367003367,0.006734006734006734,0.0348612899174941,0.097662047342224,0.10994648101900845,1.0,0.03125,0.0
650,105,190.0,142.0,3.9494949494949494,1.5744620418908053,0.037037037037037035,0.006734006734006734,0.03480759128645594,0.09852285187174184,0.10573799142290233,1.0,0.0,0.0
650,106,179.0,127.0,3.98989898989899,1.5186491615881024,0.02356902356902357,0.003367003367003367,0.035614775367058996,0.0983455267680616,0.09981820810659173,1.0,0.0625,0.0
650,107,184.0,129.0,3.9966329966329965,1.568842925396863,0.04040404040404041,0.010101010101010102,0.04043142496652287,0.11675547004659098,0.08733499381247439,1.0,0.03125,0.0
650,108,182.0,135.0,3.936026936026936,1.7093371150863788,0.06060606060606061,0.013468013468013467,0.034819824869278426,0.09536996496278484,0.10311578633299383,1.0,0.03125,0.0
650,109,202.0,156.0,4.1447811447811445,1.7024189670312595,0.03367003367003367,0.02356902356902357,0.04458099245272753,0.11138304494866286,0.13187418248773666,1.0,0.03125,0.0
650,110,170.0,118.0,3.952861952861953,1.615726653028483,0.04377104377104377,0.02356902356902357,0.04332373559499944,0.11584298751847223,0.131492089981829,1.0,0.03125,0.0
650,111,190.0,141.0,3.9057239057239057,1.4877278784341803,0.037037037037037035,0.010101010101010102,0.03978000630683709,0.10688994860092406,0.11324196086500576,1.0,0.0,0.0
650,112,185.0,133.0,4.033670033670034,1.5866268771677785,0.02356902356902357,0.010101010101010102,0.03156669472419859,0.09917425231223029,0.11525433647965048,1.0,0.0,0.0
650,113,184.0,137.0,3.8855218855218854,1.6818577832433923,0.07407407407407407,0.020202020202020204,0.03314667843484168,0.09632390916268023,0.08727340907054583,1.0,0.0625,0.0
650,114,187.0,136.0,4.087542087542087,1.667397724236051,0.016835016835016835,0.030303030303030304,0.03315343629843105,0.09755076568378998,0.10657101868150101,1.0,0.0,0.0
650,115,191.0,141.0,4.013468013468014,1.5526084578500905,0.05723905723905724,0.006734006734006734,0.048525998951445916,0.11577029318217766,0.08533616545816511,1.0,0.03125,0.0
650,116,183.0,132.0,3.9124579124579126,1.5194850112479195,0.02356902356902357,0.003367003367003367,0.044692820422511645,0.11996385546906217,0.09219876931721496,1.0,0.0,0.0
650,117,190.0,136.0,4.057239057239057,1.6350814557978635,0.03367003367003367,0.020202020202020204,0.038714894335773985,0.1175413679495111,0.10687409339072189,1.0,0.0,0.0
650,118,191.0,140.0,4.161616161616162,1.5266900711037639,0.020202020202020204,0.010101010101010102,0.03703314293307036,0.10185230407430901,0.11776670697239516,1.0,0.0,0.0
650,119,192.0,142.0,4.063973063973064,1.5952206731068423,0.030303030303030304,0.003367003367003367,0.0351109807912007,0.09495962559594379,0.10027329139992983,1.0,0.0,0.0
650,120,174.0,118.0,3.9663299663299663,1.4903316916226672,0.010101010101010102,0.020202020202020204,0.0365695247142333,0.10596363775795867,0.12237450873750531,1.0,0.0,0.0
650,121,187.0,140.0,3.983164983164983,1.6152845543853176,0.04713804713804714,0.016835016835016835,0.03209696836963896,0.09753723677036048,0.09443214564630725,1.0,0.03125,0.0
650,122,184.0,132.0,4.026936026936027,1.569688158552318,0.037037037037037035,0.016835016835016835,0.04166057230698091,0.10550435731863096,0.10760237730878626,1.0,0.0,0.0
650,123,186.0,135.0,3.983164983164983,1.5985218602708318,0.037037037037037035,0.010101010101010102,0.03254176432321087,0.09386787571505761,0.11601132710096276,1.0,0.03125,0.0
650,124,185.0,134.0,3.942760942760943,1.6268236967041123,0.04377104377104377,0.020202020202020204,0.03004028342120355,0.09144042146079046,0.12287413551160203,1.0,0.125,0.0
650,125,168.0,112.0,3.855218855218855,1.587805391791892,0.050505050505050504,0.010101010101010102,0.036917184915987354,0.09707886979148121,0.11631022770621385,1.0,0.03125,0.0
650,126,192.0,139.0,4.121212121212121,1.6632655839690904,0.04040404040404041,0.013468013468013467,0.03758264967798214,0.1069372756668737,0.09465846478708688,1.0,0.03125,0.0
650,127,183.0,137.0,4.016835016835016,1.6706173629691379,0.037037037037037035,0.020202020202020204,0.03580452197695384,0.10627692801226407,0.10787469313946282,1.0,0.03125,0.0
650,128,182.0,127.0,3.962962962962963,1.5812374140435137,0.04713804713804714,0.013468013468013467,0.03807629724817177,0.1154163012497751,0.11872815337711795,1.0,0.03125,0.0
650,129,189.0,148.0,3.9292929292929295,1.58221933326879,0.05723905723905724,0.006734006734006734,0.03152431775673177,0.09981914933002164,0.11198863480838017,1.0,0.0625,0.0
650,130,191.0,139.0,4.05050505050505,1.5787332690555986,0.026936026936026935,0.013468013468013467,0.03802079088867846,0.10900124810314042,0.07959477588040889,1.0,0.03125,0.0
650,131,185.0,135.0,4.08080808080808,1.635116122546284,0.050505050505050504,0.006734006734006734,0.03909955486377365,0.10371648723545643,0.08900963247837784,1.0,0.0,0.0
650,132,191.0,135.0,4.0673400673400675,1.6087442021412937,0.050505050505050504,0.006734006734006734,0.03724432199947275,0.1026943995397417,0.09737987797863693,1.0,0.09375,0.0
650,133,178.0,124.0,4.037037037037037,1.5071016988295083,0.010101010101010102,0.010101010101010102,0.03387203275151136,0.09897725907649287,0.12702233748384717,1.0,0.0,0.0
650,134,194.0,144.0,4.070707070707071,1.6138240671088144,0.026936026936026935,0.010101010101010102,0.03787319088599215,0.10230365959667968,0.0949459117550945,1.0,0.03125,0.0
650,135,191.0,147.0,3.9326599326599325,1.6024530844056581,0.04713804713804714,0.003367003367003367,0.041800268915519086,0.11159035240977672,0.10305335974344335,1.0,0.0,0.0
650,136,182.0,138.0,3.888888888888889,1.5926317433133133,0.04377104377104377,0.003367003367003367,0.041529184440007264,0.10844337729572091,0.11341345222426003,1.0,0.0,0.0
650,137,179.0,129.0,4.016835016835016,1.5579878079810485,0.03367003367003367,0.006734006734006734,0.037594659418240875,0.12153562601201315,0.1040938549761942,1.0,0.0,0.0
650,138,180.0,130.0,4.097643097643098,1.6799153720150584,0.04377104377104377,0.02356902356902357,0.03632048581393985,0.10869426939159063,0.13393213786710906,1.0,0.03125,0.0
650,139,176.0,121.0,3.888888888888889,1.6487249775591395,0.050505050505050504,0.020202020202020204,0.04096602450247427,0.11314915916472636,0.09894217146485296,1.0,0.0625,0.0
650,140,191.0,141.0,4.053872053872054,1.5860694563385693,0.04713804713804714,0.010101010101010102,0.03378502258633184,0.09341719063654125,0.09774134365999863,1.0,0.0,0.0
650,141,181.0,132.0,3.9663299663299663,1.7326953950996875,0.0707070707070707,0.020202020202020204,0.03396407723959064,0.09459717758340846,0.1138865794996678,1.0,0.09375,0.0
650,142,199.0,150.0,4.124579124579125,1.6105612845050972,0.037037037037037035,0.010101010101010102,0.03140587749729707,0.09419871024076658,0.10806165872490783,1.0,0.0,0.0
650,143,187.0,135.0,4.0033670033670035,1.602813848303007,0.050505050505050504,0.016835016835016835,0.03477317424571635,0.09894475560756569,0.09524180677516517,1.0,0.0,0.0
650,144,194.0,135.0,4.151515151515151,1.580800012888051,0.02356902356902357,0.006734006734006734,0.04381435768440395,0.11252205723119542,0.09275943037537121,1.0,0.03125,0.0
650,145,194.0,139.0,4.070707070707071,1.5607940130681777,0.030303030303030304,0.006734006734006734,0.03501303255639955,0.097012843723754,0.07868795146193486,1.0,0.0625,0.0
650,146,191.0,142.0,4.016835016835016,1.6194481174473567,0.04040404040404041,0.016835016835016835,0.03452549830333723,0.09417489273904037,0.11756344404340613,1.0,0.0,0.0
650,147,190.0,140.0,3.983164983164983,1.635996411663498,0.06397306397306397,0.006734006734006734,0.03150863382543614,0.09573337941539031,0.08802569566217747,1.0,0.0625,0.0
650,148,177.0,129.0,3.919191919191919,1.5806709205671559,0.04377104377104377,0.0,0.042760495849917445,0.11067900907957072,0.09846947543542732,1.0,0.0,0.0
650,149,193.0,139.0,4.127946127946128,1.5188357750513768,0.016835016835016835,0.010101010101010102,0.04604709079142704,0.11439541123984594,0.12342397106687136,1.0,0.0,0.0
650,150,189.0,132.0,4.181818181818182,1.6372986479457692,0.026936026936026935,0.013468013468013467,0.03377141179631271,0.09758824577524691,0.11203564505740349,1.0,0.0,0.0
650,151,190.0,138.0,3.9797979797979797,1.5654936376613635,0.037037037037037035,0.010101010101010102,0.042377975427428015,0.10457305882052349,0.11928941028035453,1.0,0.0625,0.0
650,152,177.0,118.0,3.9158249158249157,1.549297247984235,0.050505050505050504,0.006734006734006734,0.04325243886622636,0.10428293807745133,0.10027898897738405,1.0,0.0625,0.0
650,153,194.0,142.0,4.1447811447811445,1.5469905734222413,0.030303030303030304,0.016835016835016835,0.037476927634787764,0.09851669765665146,0.08750101745815586,1.0,0.0,0.0
650,154,189.0,138.0,4.033670033670034,1.603513922990141,0.030303030303030304,0.02356902356902357,0.04015063814509911,0.11571380957100715,0.1025810943029531,1.0,0.0625,0.0
650,155,191.0,142.0,4.040404040404041,1.6012570309527432,0.04377104377104377,0.006734006734006734,0.047592150082538615,0.1067068127612664,0.11531772841210103,1.0,0.03125,0.0
650,156,168.0,121.0,3.8316498316498318,1.5587080158672848,0.04377104377104377,0.010101010101010102,0.036242532109980734,0.10387184334102469,0.10773184139842898,1.0,0.0,0.0
650,157,183.0,132.0,3.962962962962963,1.579106631243442,0.030303030303030304,0.0,0.03238968494474787,0.09467691611095452,0.12273832765190094,1.0,0.03125,0.0
650,158,200.0,156.0,4.138047138047138,1.6031745310173138,0.04040404040404041,0.013468013468013467,0.03246987206390406,0.0945062984053844,0.09339987054787707,1.0,0.03125,0.0
650,159,183.0,133.0,3.9292929292929295,1.6283630328393242,0.04040404040404041,0.013468013468013467,0.04400578277532224,0.10859570690455538,0.09682019861775829,1.0,0.0,0.0
650,160,193.0,143.0,4.01010101010101,1.5580460189623304,0.04713804713804714,0.003367003367003367,0.04276166937759787,0.1060324470014077,0.09819914596552196,1.0,0.0,0.0
650,161,196.0,150.0,4.090909090909091,1.7470951885332817,0.04377104377104377,0.026936026936026935,0.036577531097050926,0.10146465974088754,0.10391024510085761,1.0,0.0,0.0
650,162,192.0,145.0,4.043771043771044,1.6498453926452978,0.05723905723905724,0.006734006734006734,0.04037023050002847,0.11125710513949937,0.09476497855324634,1.0,0.0,0.0
650,163,167.0,116.0,3.814814814814815,1.557878656528611,0.04040404040404041,0.003367003367003367,0.041717678840288694,0.11685058618166866,0.07256959339717584,1.0,0.0625,0.0
650,164,184.0,129.0,3.9696969696969697,1.6501477055888596,0.04040404040404041,0.016835016835016835,0.0418896357655979,0.11798946972420926,0.09173808042182739,1.0,0.0,0.0
650,165,179.0,125.0,3.98989898989899,1.570958763815399,0.03367003367003367,0.013468013468013467,0.037795336995709305,0.10441389725486314,0.10301435365252881,1.0,0.0625,0.0
650,166,183.0,124.0,3.942760942760943,1.5678020128848684,0.050505050505050504,0.016835016835016835,0.0440170237791701,0.11781357367627279,0.10165934948130705,1.0,0.03125,0.0
650,167,186.0,134.0,4.164983164983165,1.6256734682296468,0.037037037037037035,0.020202020202020204,0.04934374756206055,0.12616724663014445,0.11949555128647313,1.0,0.0,0.0
650,168,182.0,124.0,3.962962962962963,1.5854903888195073,0.06060606060606061,0.0,0.05151622529680013,0.12519667126227443,0.11693788322871251,1.0,0.0,0.0
650,169,184.0,128.0,3.9966329966329965,1.5406901171311835,0.04713804713804714,0.006734006734006734,0.03514060685467039,0.10415818015206205,0.09679033847426011,1.0,0.0,0.0
650,170,192.0,133.0,4.043771043771044,1.6539219549606718,0.05387205387205387,0.016835016835016835,0.036136622648546335,0.09405394029772365,0.11239360196384948,1.0,0.0625,0.0
650,171,188.0,128.0,4.057239057239057,1.589132851257538,0.03367003367003367,0.013468013468013467,0.04047872090634391,0.103670441031333,0.11898053449329185,1.0,0.03125,0.0
650,172,196.0,143.0,4.158249158249158,1.5673029973157437,0.030303030303030304,0.016835016835016835,0.03650367509531025,0.10347425503744272,0.1149586613995279,1.0,0.0,0.0
650,173,188.0,140.0,3.9797979797979797,1.5654936376613635,0.04713804713804714,0.003367003367003367,0.03281630370364788,0.08656919876281446,0.10689015850191488,1.0,0.03125,0.0
650,174,183.0,130.0,3.8047138047138045,1.4892130666304597,0.05723905723905724,0.003367003367003367,0.041147338088330654,0.11695646742533565,0.09454927300763674,1.0,0.03125,0.0
650,175,183.0,134.0,3.8956228956228958,1.5327670339458672,0.03367003367003367,0.006734006734006734,0.03254238610202337,0.10082626644066006,0.08713974234319391,1.0,0.0,0.0
650,176,196.0,148.0,4.212121212121212,1.6953455431150746,0.050505050505050504,0.020202020202020204,0.034695095987802585,0.09136684797666399,0.11922583749417215,1.0,0.03125,0.0
650,177,182.0,132.0,3.983164983164983,1.6442081029820612,0.06060606060606061,0.006734006734006734,0.03320604767844149,0.11366347531212893,0.09552003801570061,1.0,0.0625,0.0
650,178,185.0,133.0,3.993265993265993,1.5805920256251467,0.04040404040404041,0.006734006734006734,0.04133461009396941,0.10937014257222169,0.09433281786681166,1.0,0.0625,0.0
650,179,184.0,136.0,3.98989898989899,1.536283609840416,0.020202020202020204,0.013468013468013467,0.037510768588492706,0.08839875427492366,0.09476852857546386,1.0,0.0625,0.0
650,180,181.0,120.0,4.040404040404041,1.5280928801023075,0.04040404040404041,0.013468013468013467,0.04347621212505309,0.12105943711664238,0.12160001584058536,1.0,0.0,0.0
650,181,185.0,135.0,4.0673400673400675,1.6804011853166088,0.04713804713804714,0.016835016835016835,0.03774903269146013,0.1089380290001279,0.0889606189897669,1.0,0.0625,0.0
650,182,186.0,129.0,4.087542087542087,1.584567733303721,0.04713804713804714,0.003367003367003367,0.029006101834769548,0.08393825804773249,0.11222091291591053,1.0,0.0625,0.0
650,183,189.0,144.0,4.006734006734007,1.6555045738064413,0.06060606060606061,0.010101010101010102,0.040579463529496526,0.12019844616957837,0.11448661178881353,1.0,0.0,0.0
650,184,195.0,144.0,4.087542087542087,1.661328730440048,0.05387205387205387,0.010101010101010102,0.03144914265313316,0.09805854993584172,0.11626661968085865,1.0,0.03125,0.0
650,185,180.0,126.0,3.888888888888889,1.5734896914829606,0.05723905723905724,0.006734006734006734,0.03849182051896132,0.10420849862675416,0.09641467717821932,1.0,0.03125,0.0
650,186,183.0,135.0,3.925925925925926,1.6105401674210638,0.04713804713804714,0.010101010101010102,0.03555419067039094,0.11072704467650715,0.0890122156781687,1.0,0.0,0.0
650,187,201.0,149.0,4.175084175084175,1.6665612319131577,0.037037037037037035,0.010101010101010102,0.03760724123392703,0.09874757409497648,0.09699414781493315,1.0,0.0,0.0
650,188,179.0,124.0,4.070707070707071,1.5081318873405285,0.02356902356902357,0.003367003367003367,0.03232976793736912,0.09000374753606345,0.11207462312535811,1.0,0.0,0.0
650,189,183.0,129.0,4.0606060606060606,1.5794440172840294,0.03367003367003367,0.013468013468013467,0.03631680181244172,0.107765614463744,0.10562235615457402,1.0,0.0,0.0
650,190,199.0,155.0,4.185185185185185,1.5984154767811523,0.013468013468013467,0.02356902356902357,0.03470693528362744,0.09463479395709032,0.1220518573241264,1.0,0.0625,0.0
650,191,182.0,130.0,4.151515151515151,1.6658400153799702,0.050505050505050504,0.003367003367003367,0.03366089616643966,0.09869963793215812,0.09652861627097126,1.0,0.0,0.0
650,192,179.0,121.0,3.808080808080808,1.5678381672617168,0.05387205387205387,0.006734006734006734,0.04507345014010644,0.11683066128484283,0.12486470631646393,1.0,0.0,0.0
650,193,179.0,125.0,4.037037037037037,1.6044892750171604,0.026936026936026935,0.013468013468013467,0.03582252016954459,0.10355980893092089,0.11774915914287822,1.0,0.0,0.0
650,194,192.0,141.0,3.9865319865319866,1.6411646188654931,0.06397306397306397,0.006734006734006734,0.03835817275698038,0.10371125470758064,0.09362359332195577,1.0,0.03125,0.0
650,195,184.0,124.0,4.03030303030303,1.6337427571034933,0.06060606060606061,0.006734006734006734,0.041784993817616675,0.11163771422176659,0.11329510069578183,1.0,0.0,0.0
650,196,178.0,124.0,4.01010101010101,1.5943605337822686,0.04040404040404041,0.010101010101010102,0.03502215047966902,0.09874735561998137,0.10745981707308079,1.0,0.03125,0.0
650,197,179.0,127.0,3.9966329966329965,1.6091035555594038,0.05387205387205387,0.010101010101010102,0.032969834824751805,0.09035986686955817,0.10880018254734233,1.0,0.03125,0.0
650,198,178.0,126.0,3.8855218855218854,1.5635879313994443,0.04713804713804714,0.010101010101010102,0.0354732866363597,0.10589110201747738,0.08690904127430267,1.0,0.03125,0.0
650,199,185.0,138.0,3.993265993265993,1.6797331558024708,0.05723905723905724,0.016835016835016835,0.03454845789486627,0.10439578318953498,0.10551835186368089,1.0,0.03125,0.0
650,200,192.0,140.0,3.9562289562289563,1.5202682029360828,0.04377104377104377,0.010101010101010102,0.03549503150514971,0.10868749493813001,0.10596678943088426,1.0,0.03125,0.0
650,201,187.0,138.0,4.154882154882155,1.6543742862610689,0.013468013468013467,0.030303030303030304,0.04196027129918097,0.11567748103764522,0.1262529230730105,1.0,0.0625,0.0
650,202,194.0,139.0,4.077441077441078,1.4739247124517398,0.030303030303030304,0.016835016835016835,0.03652580046882095,0.09293096476455122,0.10310567979364593,1.0,0.0,0.0
650,203,182.0,132.0,4.013468013468014,1.5762826832334706,0.03367003367003367,0.02356902356902357,0.03121558845289117,0.09859880702143198,0.0945428058687104,1.0,0.0625,0.0
650,204,177.0,128.0,3.946127946127946,1.6988192048303714,0.050505050505050504,0.020202020202020204,0.03752095939704553,0.10011805544805649,0.09805925017391187,1.0,0.0625,0.0
650,205,200.0,152.0,4.074074074074074,1.5767357175926981,0.030303030303030304,0.010101010101010102,0.03551620453649071,0.09690973811881978,0.10916344624033042,1.0,0.03125,0.0
650,206,181.0,127.0,4.05050505050505,1.653730019455177,0.04713804713804714,0.010101010101010102,0.043608540919643626,0.1048640474206982,0.07908837718189535,1.0,0.09375,0.0
650,207,191.0,140.0,4.057239057239057,1.671736668350067,0.05723905723905724,0.020202020202020204,0.039969811660817145,0.10427172065291257,0.10096726390488008,1.0,0.0,0.0
650,208,179.0,134.0,3.9057239057239057,1.5627829245376648,0.04713804713804714,0.010101010101010102,0.034790812526545666,0.10256822457466455,0.12015757402107125,1.0,0.03125,0.0
650,209,184.0,133.0,3.925925925925926,1.6292469706839197,0.04040404040404041,0.010101010101010102,0.03422056278412891,0.10042622948790231,0.1179209150414993,1.0,0.03125,0.0
650,210,194.0,150.0,4.057239057239057,1.589132851257538,0.030303030303030304,0.020202020202020204,0.03301176654621785,0.09016127743615467,0.12038476864707151,1.0,0.0,0.0
650,211,183.0,134.0,3.9225589225589226,1.6709227024325701,0.06397306397306397,0.013468013468013467,0.04510322156855893,0.11287785943045532,0.10177618219536985,1.0,0.0,0.0
650,212,187.0,139.0,4.033670033670034,1.6202249705196143,0.026936026936026935,0.010101010101010102,0.03552581725595326,0.0940782539882707,0.09291042427424538,1.0,0.0,0.0
650,213,179.0,126.0,3.9663299663299663,1.508297253503743,0.03367003367003367,0.006734006734006734,0.03204402865062216,0.08646518841147025,0.10896186461299073,1.0,0.03125,0.0
650,214,181.0,132.0,4.016835016835016,1.4872248634047835,0.03367003367003367,0.0,0.038579411032064304,0.10874209646288767,0.09063998637468024,1.0,0.0,0.0
650,215,164.0,117.0,3.9023569023569022,1.5786542772773784,0.04040404040404041,0.016835016835016835,0.03591993793902488,0.11603695779298182,0.07378898012906218,1.0,0.0625,0.0
650,216,187.0,136.0,4.03030303030303,1.631680541544244,0.050505050505050504,0.010101010101010102,0.03878739889870364,0.10052323984684958,0.10743273416851012,1.0,0.125,0.0
650,217,194.0,149.0,4.138047138047138,1.6830908589641995,0.026936026936026935,0.030303030303030304,0.03822932457852869,0.10154055912018396,0.1323677815568764,1.0,0.0,0.0
650,218,184.0,128.0,4.074074074074074,1.5958388338859977,0.026936026936026935,0.02356902356902357,0.030586557878592643,0.08923699456580667,0.10190534205325766,1.0,0.03125,0.0
650,219,174.0,118.0,3.9562289562289563,1.589560827507624,0.06060606060606061,0.016835016835016835,0.03905376400997861,0.09459128358895061,0.11224540435614708,1.0,0.0,0.0
650,220,186.0,132.0,4.063973063973064,1.7328131618324882,0.06060606060606061,0.030303030303030304,0.030419060926295673,0.0836617968011813,0.07924718969204891,1.0,0.0625,0.0
650,221,189.0,130.0,4.114478114478114,1.649515533516514,0.026936026936026935,0.013468013468013467,0.04264145926346182,0.10674770850778455,0.10579891643213139,1.0,0.0,0.0
650,222,184.0,126.0,3.983164983164983,1.6131987431503185,0.04040404040404041,0.010101010101010102,0.03637854073282347,0.09773829311115777,0.11661459044458848,1.0,0.03125,0.0
650,223,179.0,129.0,3.757575757575758,1.553258174955311,0.05387205387205387,0.010101010101010102,0.053265819544142945,0.1407865443204166,0.1098130573398684,1.0,0.03125,0.0
650,224,181.0,124.0,3.98989898989899,1.57310058303416,0.04377104377104377,0.010101010101010102,0.03377829555350518,0.09825241069889713,0.10329371128683087,1.0,0.0,0.0
650,225,197.0,149.0,4.043771043771044,1.5444382418642,0.030303030303030304,0.02356902356902357,0.03613421995021012,0.10577033717464077,0.09325979605547827,1.0,0.0,0.0
650,226,177.0,120.0,3.8922558922558923,1.557594826954964,0.04377104377104377,0.016835016835016835,0.04406070626855047,0.12598924993387764,0.09034611199623264,1.0,0.0,0.0
650,227,188.0,130.0,4.040404040404041,1.6283630328393242,0.037037037037037035,0.020202020202020204,0.03592683388997565,0.09691738912060548,0.10009245553628542,1.0,0.0625,0.0
650,228,188.0,143.0,3.993265993265993,1.677727471304002,0.05723905723905724,0.006734006734006734,0.03456211539606392,0.09162170626840836,0.08805569375368676,1.0,0.09375,0.0
650,229,177.0,119.0,3.8653198653198655,1.629497448516939,0.05387205387205387,0.013468013468013467,0.03778044405063703,0.11215081032614865,0.11878311960839116,1.0,0.0,0.0
650,230,181.0,124.0,4.037037037037037,1.67431838746438,0.04377104377104377,0.020202020202020204,0.03643292040845634,0.0967213611215918,0.10506809784874792,1.0,0.0,0.0
650,231,182.0,131.0,3.8956228956228958,1.6140839619559655,0.05723905723905724,0.016835016835016835,0.04236985541455228,0.11546989571236033,0.08791372884259382,1.0,0.0625,0.0
650,232,191.0,139.0,4.117845117845118,1.5921476304104525,0.04713804713804714,0.003367003367003367,0.033836646238523505,0.09361443009017553,0.09804528439407373,1.0,0.0,0.0
650,233,188.0,141.0,4.0606060606060606,1.686656975766757,0.04040404040404041,0.013468013468013467,0.03648044777872353,0.10427306901074349,0.10045744150387215,1.0,0.0,0.0
650,234,178.0,125.0,3.9124579124579126,1.584567733303721,0.04377104377104377,0.013468013468013467,0.032720501483534274,0.10777060972610789,0.08386804948079715,1.0,0.0625,0.0
650,235,184.0,127.0,3.9326599326599325,1.629539191079274,0.05723905723905724,0.010101010101010102,0.04508190477063756,0.11984771067847033,0.09894941714354002,1.0,0.0,0.0
650,236,183.0,128.0,4.016835016835016,1.5185894404365754,0.037037037037037035,0.0,0.037675297516007365,0.10516671125467363,0.13996089659229297,1.0,0.0,0.0
650,237,171.0,115.0,3.8821548821548824,1.5471004930538539,0.03367003367003367,0.0,0.04380618262700591,0.11344970715464243,0.08659943375994766,1.0,0.0,0.0
650,238,189.0,139.0,4.114478114478114,1.5527836892329723,0.04377104377104377,0.013468013468013467,0.03512155412898569,0.08868645405580285,0.11818515789248422,1.0,0.0,0.0
650,239,197.0,146.0,4.090909090909091,1.4958364827016781,0.026936026936026935,0.006734006734006734,0.03156262172637193,0.09782118744637129,0.09053147055041127,1.0,0.0,0.0
650,240,187.0,138.0,4.01010101010101,1.6827203574108118,0.05723905723905724,0.016835016835016835,0.03652759351138433,0.11110132186052259,0.11869264348679284,1.0,0.0,0.0
650,241,197.0,151.0,4.185185185185185,1.5857263307423124,0.020202020202020204,0.016835016835016835,0.04430127058777351,0.11674553076947801,0.11035309113983988,1.0,0.125,0.0
650,242,190.0,141.0,4.057239057239057,1.6143578598792752,0.03367003367003367,0.010101010101010102,0.04395631438582098,0.1173759318741563,0.08487432511228579,1.0,0.0,0.0
650,243,186.0,130.0,4.057239057239057,1.5418155112716192,0.02356902356902357,0.006734006734006734,0.034982370794636855,0.10043756704324037,0.11692048172636604,1.0,0.0625,0.0
650,244,198.0,152.0,4.016835016835016,1.6131987431503185,0.04040404040404041,0.013468013468013467,0.03378780948948205,0.1008177582754751,0.10654495063432678,1.0,0.0,0.0
650,245,186.0,135.0,3.983164983164983,1.6564493129329099,0.050505050505050504,0.013468013468013467,0.036631516174500084,0.10515380593742418,0.0792233178896979,1.0,0.03125,0.0
650,246,181.0,128.0,3.983164983164983,1.606925065054294,0.04377104377104377,0.013468013468013467,0.04786298354333505,0.11361319356473883,0.12826054038556425,1.0,0.03125,0.0
650,247,188.0,127.0,4.127946127946128,1.5625435181959098,0.03367003367003367,0.020202020202020204,0.04309074811726144,0.11975316078789403,0.10194681827902163,1.0,0.03125,0.0
650,248,192.0,133.0,4.124579124579125,1.6395681582120343,0.04713804713804714,0.020202020202020204,0.039329744810230244,0.09800593503724468,0.1306365323466958,1.0,0.0625,0.0
650,249,179.0,121.0,3.845117845117845,1.5051823170836647,0.04713804713804714,0.006734006734006734,0.040346750187642985,0.1137797965044787,0.10732054736058257,1.0,0.0625,0.0
650,250,186.0,132.0,4.0673400673400675,1.5706195550517976,0.03367003367003367,0.006734006734006734,0.032296269740742685,0.09418116434780015,0.11760241624546816,1.0,0.0625,0.0
