run,A2,HerbalA_outside_A2,VM_outside_HerbalA,Unattested,VM_total,Outside_A2_total,Generated_types,Hapax,A2_type_rate,HerbalA_type_rate,VM_type_rate
1,0.5185185185185185,0.14814814814814814,0.04713804713804714,0.28619528619528617,0.7138047138047138,0.19528619528619529,199.0,143.0,0.34673366834170855,0.5376884422110553,0.6030150753768844
2,0.5521885521885522,0.1750841750841751,0.04377104377104377,0.22895622895622897,0.7710437710437711,0.21885521885521886,183.0,126.0,0.3770491803278688,0.6065573770491803,0.6502732240437158
3,0.5723905723905723,0.17845117845117844,0.05387205387205387,0.19528619528619529,0.8047138047138047,0.23232323232323232,179.0,125.0,0.37988826815642457,0.6033519553072626,0.6815642458100558
4,0.5589225589225589,0.16498316498316498,0.04713804713804714,0.22895622895622897,0.7710437710437711,0.21212121212121213,187.0,131.0,0.3850267379679144,0.5935828877005348,0.6524064171122995
5,0.5757575757575758,0.15488215488215487,0.037037037037037035,0.23232323232323232,0.7676767676767676,0.1919191919191919,187.0,140.0,0.36363636363636365,0.5828877005347594,0.6363636363636364
6,0.5959595959595959,0.15488215488215487,0.026936026936026935,0.2222222222222222,0.7777777777777778,0.18181818181818182,180.0,126.0,0.4166666666666667,0.6222222222222222,0.6555555555555556
7,0.569023569023569,0.21548821548821548,0.05387205387205387,0.16161616161616163,0.8383838383838383,0.26936026936026936,178.0,116.0,0.42696629213483145,0.6853932584269663,0.7471910112359551
8,0.5151515151515151,0.21212121212121213,0.020202020202020204,0.25252525252525254,0.7474747474747475,0.23232323232323232,206.0,159.0,0.3592233009708738,0.6116504854368932,0.6407766990291263
9,0.5286195286195287,0.15824915824915825,0.05723905723905724,0.2558922558922559,0.7441077441077442,0.21548821548821548,184.0,126.0,0.3423913043478261,0.5543478260869565,0.625
10,0.5420875420875421,0.20202020202020202,0.04040404040404041,0.21548821548821548,0.7845117845117845,0.24242424242424243,179.0,120.0,0.37988826815642457,0.6145251396648045,0.6703910614525139
11,0.5521885521885522,0.14814814814814814,0.04377104377104377,0.2558922558922559,0.7441077441077442,0.1919191919191919,191.0,141.0,0.36649214659685864,0.5654450261780105,0.6230366492146597
12,0.5925925925925926,0.13804713804713806,0.04040404040404041,0.22895622895622897,0.7710437710437711,0.17845117845117844,184.0,129.0,0.41847826086956524,0.6086956521739131,0.6521739130434783
13,0.6094276094276094,0.15151515151515152,0.04040404040404041,0.19865319865319866,0.8013468013468014,0.1919191919191919,181.0,126.0,0.430939226519337,0.6187845303867403,0.6850828729281768
14,0.5589225589225589,0.19865319865319866,0.04377104377104377,0.19865319865319866,0.8013468013468014,0.24242424242424243,178.0,131.0,0.37640449438202245,0.6123595505617978,0.6741573033707865
15,0.5622895622895623,0.1919191919191919,0.026936026936026935,0.21885521885521886,0.7811447811447811,0.21885521885521886,183.0,125.0,0.3879781420765027,0.6338797814207651,0.6666666666666666
16,0.5387205387205387,0.19528619528619529,0.04040404040404041,0.2255892255892256,0.7744107744107744,0.2356902356902357,195.0,145.0,0.37435897435897436,0.6153846153846154,0.676923076923077
17,0.5925925925925926,0.16835016835016836,0.037037037037037035,0.20202020202020202,0.797979797979798,0.2053872053872054,177.0,124.0,0.4011299435028249,0.6214689265536724,0.672316384180791
18,0.5488215488215489,0.18518518518518517,0.04040404040404041,0.2255892255892256,0.7744107744107744,0.2255892255892256,188.0,132.0,0.39893617021276595,0.6276595744680851,0.6861702127659575
19,0.5117845117845118,0.15151515151515152,0.05387205387205387,0.2828282828282828,0.7171717171717171,0.2053872053872054,191.0,136.0,0.3507853403141361,0.5497382198952879,0.5968586387434555
20,0.5858585858585859,0.15824915824915825,0.03367003367003367,0.2222222222222222,0.7777777777777778,0.1919191919191919,183.0,133.0,0.3879781420765027,0.6065573770491803,0.6557377049180327
21,0.5151515151515151,0.19528619528619529,0.04377104377104377,0.24579124579124578,0.7542087542087542,0.23905723905723905,190.0,142.0,0.3526315789473684,0.5842105263157895,0.6421052631578947
22,0.5656565656565656,0.15824915824915825,0.03367003367003367,0.24242424242424243,0.7575757575757576,0.1919191919191919,189.0,134.0,0.3915343915343915,0.6031746031746031,0.6507936507936508
23,0.5555555555555556,0.18181818181818182,0.06060606060606061,0.20202020202020202,0.797979797979798,0.24242424242424243,187.0,135.0,0.3689839572192513,0.6096256684491979,0.6898395721925134
24,0.5286195286195287,0.15824915824915825,0.06060606060606061,0.25252525252525254,0.7474747474747475,0.21885521885521886,194.0,138.0,0.3556701030927835,0.5618556701030928,0.634020618556701
25,0.5521885521885522,0.20202020202020202,0.04040404040404041,0.2053872053872054,0.7946127946127947,0.24242424242424243,183.0,129.0,0.3825136612021858,0.644808743169399,0.7049180327868853
26,0.5622895622895623,0.1919191919191919,0.03367003367003367,0.21212121212121213,0.7878787878787878,0.2255892255892256,184.0,138.0,0.358695652173913,0.6086956521739131,0.6630434782608695
27,0.5589225589225589,0.1717171717171717,0.037037037037037035,0.23232323232323232,0.7676767676767676,0.20875420875420875,181.0,127.0,0.35911602209944754,0.6022099447513812,0.6574585635359116
28,0.5656565656565656,0.19865319865319866,0.037037037037037035,0.19865319865319866,0.8013468013468014,0.2356902356902357,184.0,136.0,0.3804347826086957,0.657608695652174,0.7010869565217391
29,0.5151515151515151,0.20875420875420875,0.050505050505050504,0.2255892255892256,0.7744107744107744,0.25925925925925924,197.0,144.0,0.38071065989847713,0.5939086294416244,0.6700507614213198
30,0.6094276094276094,0.15151515151515152,0.04377104377104377,0.19528619528619529,0.8047138047138047,0.19528619528619529,172.0,114.0,0.4127906976744186,0.622093023255814,0.6802325581395349
31,0.5353535353535354,0.16835016835016836,0.03367003367003367,0.26262626262626265,0.7373737373737373,0.20202020202020202,195.0,142.0,0.35384615384615387,0.5743589743589743,0.6153846153846154
32,0.531986531986532,0.2053872053872054,0.03367003367003367,0.22895622895622897,0.7710437710437711,0.23905723905723905,191.0,143.0,0.3717277486910995,0.6230366492146597,0.6649214659685864
33,0.5723905723905723,0.18518518518518517,0.026936026936026935,0.21548821548821548,0.7845117845117845,0.21212121212121213,181.0,129.0,0.3812154696132597,0.6353591160220995,0.6795580110497238
34,0.5286195286195287,0.18855218855218855,0.04377104377104377,0.23905723905723905,0.7609427609427609,0.23232323232323232,188.0,133.0,0.3776595744680851,0.6063829787234043,0.6542553191489362
35,0.5757575757575758,0.16161616161616163,0.04040404040404041,0.2222222222222222,0.7777777777777778,0.20202020202020202,186.0,133.0,0.41397849462365593,0.6182795698924731,0.6720430107526881
36,0.5454545454545454,0.17845117845117844,0.03367003367003367,0.24242424242424243,0.7575757575757576,0.21212121212121213,186.0,134.0,0.3602150537634409,0.5860215053763441,0.6344086021505376
37,0.5151515151515151,0.17845117845117844,0.050505050505050504,0.2558922558922559,0.7441077441077442,0.22895622895622897,198.0,147.0,0.3434343434343434,0.5757575757575758,0.6313131313131313
38,0.5050505050505051,0.1750841750841751,0.05387205387205387,0.265993265993266,0.734006734006734,0.22895622895622897,202.0,150.0,0.3564356435643564,0.5643564356435643,0.6336633663366337
39,0.5218855218855218,0.21885521885521886,0.050505050505050504,0.20875420875420875,0.7912457912457912,0.26936026936026936,192.0,143.0,0.3802083333333333,0.6197916666666666,0.6822916666666666
40,0.46464646464646464,0.21212121212121213,0.04713804713804714,0.2760942760942761,0.7239057239057239,0.25925925925925924,196.0,145.0,0.33163265306122447,0.5663265306122449,0.6275510204081632
41,0.5723905723905723,0.18181818181818182,0.037037037037037035,0.20875420875420875,0.7912457912457912,0.21885521885521886,185.0,134.0,0.3891891891891892,0.6270270270270271,0.6756756756756757
42,0.5521885521885522,0.15151515151515152,0.030303030303030304,0.265993265993266,0.734006734006734,0.18181818181818182,190.0,142.0,0.38421052631578945,0.5684210526315789,0.6
43,0.5117845117845118,0.17845117845117844,0.06060606060606061,0.24915824915824916,0.7508417508417509,0.23905723905723905,192.0,137.0,0.3541666666666667,0.5729166666666666,0.6510416666666666
44,0.5454545454545454,0.16161616161616163,0.050505050505050504,0.24242424242424243,0.7575757575757576,0.21212121212121213,189.0,137.0,0.35978835978835977,0.582010582010582,0.6507936507936508
45,0.5286195286195287,0.19528619528619529,0.04377104377104377,0.23232323232323232,0.7676767676767676,0.23905723905723905,194.0,144.0,0.35051546391752575,0.5876288659793815,0.654639175257732
46,0.468013468013468,0.19528619528619529,0.05723905723905724,0.27946127946127947,0.7205387205387206,0.25252525252525254,206.0,155.0,0.3155339805825243,0.5436893203883495,0.616504854368932
47,0.5555555555555556,0.14814814814814814,0.04040404040404041,0.2558922558922559,0.7441077441077442,0.18855218855218855,189.0,138.0,0.38095238095238093,0.5661375661375662,0.6190476190476191
48,0.5723905723905723,0.14814814814814814,0.04040404040404041,0.23905723905723905,0.7609427609427609,0.18855218855218855,184.0,134.0,0.3695652173913043,0.5815217391304348,0.6358695652173914
49,0.5488215488215489,0.17845117845117844,0.05387205387205387,0.21885521885521886,0.7811447811447811,0.23232323232323232,189.0,133.0,0.36507936507936506,0.5978835978835979,0.6613756613756614
50,0.6060606060606061,0.13468013468013468,0.04377104377104377,0.21548821548821548,0.7845117845117845,0.17845117845117844,181.0,123.0,0.425414364640884,0.6077348066298343,0.6740331491712708
51,0.5454545454545454,0.1447811447811448,0.06397306397306397,0.24579124579124578,0.7542087542087542,0.20875420875420875,187.0,135.0,0.37967914438502676,0.5614973262032086,0.6470588235294118
52,0.5454545454545454,0.14814814814814814,0.04377104377104377,0.26262626262626265,0.7373737373737373,0.1919191919191919,199.0,147.0,0.37185929648241206,0.5628140703517588,0.6231155778894473
53,0.5050505050505051,0.2222222222222222,0.03367003367003367,0.23905723905723905,0.7609427609427609,0.2558922558922559,196.0,141.0,0.336734693877551,0.6071428571428571,0.6479591836734694
54,0.5488215488215489,0.16161616161616163,0.04377104377104377,0.24579124579124578,0.7542087542087542,0.2053872053872054,196.0,149.0,0.37244897959183676,0.5816326530612245,0.6479591836734694
55,0.5185185185185185,0.21548821548821548,0.02356902356902357,0.24242424242424243,0.7575757575757576,0.23905723905723905,190.0,138.0,0.34210526315789475,0.6052631578947368,0.6368421052631579
56,0.5252525252525253,0.17845117845117844,0.06734006734006734,0.22895622895622897,0.7710437710437711,0.24579124579124578,188.0,134.0,0.3670212765957447,0.5957446808510638,0.6595744680851063
57,0.5656565656565656,0.14814814814814814,0.030303030303030304,0.2558922558922559,0.7441077441077442,0.17845117845117844,178.0,122.0,0.37640449438202245,0.5730337078651685,0.601123595505618
58,0.5656565656565656,0.1414141414141414,0.04713804713804714,0.24579124579124578,0.7542087542087542,0.18855218855218855,172.0,120.0,0.36046511627906974,0.563953488372093,0.627906976744186
59,0.5791245791245792,0.20202020202020202,0.037037037037037035,0.18181818181818182,0.8181818181818182,0.23905723905723905,184.0,127.0,0.3967391304347826,0.6684782608695652,0.717391304347826
60,0.5286195286195287,0.1750841750841751,0.026936026936026935,0.26936026936026936,0.7306397306397306,0.20202020202020202,190.0,146.0,0.35789473684210527,0.5947368421052631,0.6263157894736842
61,0.5555555555555556,0.14814814814814814,0.05723905723905724,0.23905723905723905,0.7609427609427609,0.2053872053872054,186.0,130.0,0.4032258064516129,0.5752688172043011,0.6397849462365591
62,0.5252525252525253,0.18518518518518517,0.04377104377104377,0.24579124579124578,0.7542087542087542,0.22895622895622897,193.0,144.0,0.3471502590673575,0.5906735751295337,0.6424870466321243
63,0.5824915824915825,0.14814814814814814,0.026936026936026935,0.24242424242424243,0.7575757575757576,0.1750841750841751,183.0,131.0,0.3825136612021858,0.5956284153005464,0.6338797814207651
64,0.5454545454545454,0.17845117845117844,0.05387205387205387,0.2222222222222222,0.7777777777777778,0.23232323232323232,190.0,132.0,0.4,0.6421052631578947,0.6947368421052632
65,0.5454545454545454,0.1414141414141414,0.050505050505050504,0.26262626262626265,0.7373737373737373,0.1919191919191919,180.0,127.0,0.3333333333333333,0.5333333333333333,0.5944444444444444
66,0.5151515151515151,0.17845117845117844,0.03367003367003367,0.2727272727272727,0.7272727272727273,0.21212121212121213,195.0,136.0,0.358974358974359,0.5794871794871795,0.6256410256410256
67,0.5925925925925926,0.16835016835016836,0.03367003367003367,0.2053872053872054,0.7946127946127947,0.20202020202020202,181.0,123.0,0.40331491712707185,0.6408839779005525,0.6906077348066298
68,0.5656565656565656,0.15824915824915825,0.03367003367003367,0.24242424242424243,0.7575757575757576,0.1919191919191919,189.0,137.0,0.3915343915343915,0.6084656084656085,0.6613756613756614
69,0.5622895622895623,0.15151515151515152,0.04713804713804714,0.23905723905723905,0.7609427609427609,0.19865319865319866,186.0,126.0,0.3924731182795699,0.5806451612903226,0.6505376344086021
70,0.5589225589225589,0.19865319865319866,0.030303030303030304,0.21212121212121213,0.7878787878787878,0.22895622895622897,192.0,138.0,0.4010416666666667,0.6614583333333334,0.7083333333333334
71,0.5488215488215489,0.18181818181818182,0.037037037037037035,0.23232323232323232,0.7676767676767676,0.21885521885521886,184.0,134.0,0.3532608695652174,0.6086956521739131,0.6467391304347826
72,0.5454545454545454,0.1750841750841751,0.037037037037037035,0.24242424242424243,0.7575757575757576,0.21212121212121213,195.0,149.0,0.3487179487179487,0.5948717948717949,0.6512820512820513
73,0.569023569023569,0.1414141414141414,0.06060606060606061,0.22895622895622897,0.7710437710437711,0.20202020202020202,191.0,137.0,0.39790575916230364,0.5863874345549738,0.6596858638743456
74,0.531986531986532,0.19528619528619529,0.037037037037037035,0.2356902356902357,0.7643097643097643,0.23232323232323232,197.0,150.0,0.36548223350253806,0.5939086294416244,0.649746192893401
75,0.5353535353535354,0.2053872053872054,0.04713804713804714,0.21212121212121213,0.7878787878787878,0.25252525252525254,190.0,139.0,0.3736842105263158,0.6210526315789474,0.6894736842105263
76,0.5656565656565656,0.13468013468013468,0.06734006734006734,0.23232323232323232,0.7676767676767676,0.20202020202020202,182.0,135.0,0.3901098901098901,0.5824175824175825,0.6373626373626373
77,0.4983164983164983,0.21212121212121213,0.050505050505050504,0.23905723905723905,0.7609427609427609,0.26262626262626265,204.0,157.0,0.3382352941176471,0.5980392156862745,0.6519607843137255
78,0.5454545454545454,0.18181818181818182,0.020202020202020204,0.25252525252525254,0.7474747474747475,0.20202020202020202,183.0,125.0,0.3770491803278688,0.5956284153005464,0.6174863387978142
79,0.569023569023569,0.15488215488215487,0.06060606060606061,0.21548821548821548,0.7845117845117845,0.21548821548821548,179.0,126.0,0.3687150837988827,0.5642458100558659,0.6536312849162011
80,0.5824915824915825,0.15824915824915825,0.06397306397306397,0.19528619528619529,0.8047138047138047,0.2222222222222222,178.0,129.0,0.4101123595505618,0.6235955056179775,0.6966292134831461
81,0.5858585858585859,0.15488215488215487,0.04377104377104377,0.21548821548821548,0.7845117845117845,0.19865319865319866,186.0,134.0,0.3870967741935484,0.5913978494623656,0.6559139784946236
82,0.5387205387205387,0.21212121212121213,0.026936026936026935,0.2222222222222222,0.7777777777777778,0.23905723905723905,188.0,135.0,0.3670212765957447,0.6223404255319149,0.6648936170212766
83,0.5824915824915825,0.16161616161616163,0.04377104377104377,0.21212121212121213,0.7878787878787878,0.2053872053872054,179.0,129.0,0.4134078212290503,0.5977653631284916,0.664804469273743
84,0.5993265993265994,0.1447811447811448,0.04377104377104377,0.21212121212121213,0.7878787878787878,0.18855218855218855,185.0,133.0,0.41081081081081083,0.6,0.6648648648648648
85,0.5488215488215489,0.18518518518518517,0.05387205387205387,0.21212121212121213,0.7878787878787878,0.23905723905723905,185.0,135.0,0.3567567567567568,0.6162162162162163,0.6864864864864865
86,0.5555555555555556,0.17845117845117844,0.03367003367003367,0.23232323232323232,0.7676767676767676,0.21212121212121213,188.0,133.0,0.39893617021276595,0.6276595744680851,0.6702127659574468
87,0.5723905723905723,0.1750841750841751,0.03367003367003367,0.21885521885521886,0.7811447811447811,0.20875420875420875,185.0,131.0,0.3783783783783784,0.6324324324324324,0.6756756756756757
88,0.5589225589225589,0.14814814814814814,0.03367003367003367,0.25925925925925924,0.7407407407407407,0.18181818181818182,173.0,118.0,0.3583815028901734,0.5549132947976878,0.6011560693641619
89,0.5521885521885522,0.17845117845117844,0.04713804713804714,0.2222222222222222,0.7777777777777778,0.2255892255892256,182.0,127.0,0.3791208791208791,0.5824175824175825,0.6483516483516484
90,0.4983164983164983,0.1717171717171717,0.03367003367003367,0.2962962962962963,0.7037037037037037,0.2053872053872054,195.0,146.0,0.3384615384615385,0.5487179487179488,0.5948717948717949
91,0.5589225589225589,0.18181818181818182,0.04040404040404041,0.21885521885521886,0.7811447811447811,0.2222222222222222,189.0,137.0,0.37037037037037035,0.6137566137566137,0.671957671957672
92,0.5185185185185185,0.19865319865319866,0.037037037037037035,0.24579124579124578,0.7542087542087542,0.2356902356902357,195.0,157.0,0.3384615384615385,0.5794871794871795,0.6307692307692307
93,0.5555555555555556,0.18181818181818182,0.04377104377104377,0.21885521885521886,0.7811447811447811,0.2255892255892256,187.0,137.0,0.39572192513368987,0.6149732620320856,0.679144385026738
94,0.5185185185185185,0.15151515151515152,0.06060606060606061,0.26936026936026936,0.7306397306397306,0.21212121212121213,196.0,148.0,0.35714285714285715,0.5459183673469388,0.6122448979591837
95,0.5622895622895623,0.15488215488215487,0.050505050505050504,0.23232323232323232,0.7676767676767676,0.2053872053872054,186.0,134.0,0.41397849462365593,0.6021505376344086,0.6720430107526881
96,0.5723905723905723,0.16835016835016836,0.04713804713804714,0.21212121212121213,0.7878787878787878,0.21548821548821548,181.0,124.0,0.40331491712707185,0.6298342541436464,0.6906077348066298
97,0.5050505050505051,0.18518518518518517,0.04713804713804714,0.26262626262626265,0.7373737373737373,0.23232323232323232,194.0,142.0,0.34536082474226804,0.5567010309278351,0.6134020618556701
98,0.5656565656565656,0.11447811447811448,0.06060606060606061,0.25925925925925924,0.7407407407407407,0.1750841750841751,183.0,135.0,0.3879781420765027,0.5191256830601093,0.6010928961748634
99,0.5151515151515151,0.18855218855218855,0.050505050505050504,0.24579124579124578,0.7542087542087542,0.23905723905723905,193.0,140.0,0.3626943005181347,0.5699481865284974,0.6373056994818653
100,0.531986531986532,0.19528619528619529,0.04713804713804714,0.2255892255892256,0.7744107744107744,0.24242424242424243,194.0,140.0,0.36597938144329895,0.6082474226804123,0.6701030927835051
101,0.5117845117845118,0.19528619528619529,0.05723905723905724,0.2356902356902357,0.7643097643097643,0.25252525252525254,192.0,135.0,0.3697916666666667,0.59375,0.6822916666666666
102,0.5791245791245792,0.18181818181818182,0.037037037037037035,0.20202020202020202,0.797979797979798,0.21885521885521886,179.0,127.0,0.4022346368715084,0.6145251396648045,0.6703910614525139
103,0.5791245791245792,0.1717171717171717,0.03367003367003367,0.21548821548821548,0.7845117845117845,0.2053872053872054,183.0,127.0,0.40437158469945356,0.6284153005464481,0.6721311475409836
104,0.531986531986532,0.19528619528619529,0.04040404040404041,0.23232323232323232,0.7676767676767676,0.2356902356902357,189.0,139.0,0.35978835978835977,0.6137566137566137,0.671957671957672
105,0.5791245791245792,0.1717171717171717,0.05723905723905724,0.1919191919191919,0.8080808080808081,0.22895622895622897,189.0,141.0,0.4021164021164021,0.6296296296296297,0.708994708994709
106,0.5925925925925926,0.1414141414141414,0.05387205387205387,0.21212121212121213,0.7878787878787878,0.19528619528619529,182.0,123.0,0.4065934065934066,0.5879120879120879,0.6703296703296703
107,0.5420875420875421,0.20202020202020202,0.03367003367003367,0.2222222222222222,0.7777777777777778,0.2356902356902357,189.0,133.0,0.38095238095238093,0.6455026455026455,0.6984126984126984
108,0.5892255892255892,0.15824915824915825,0.03367003367003367,0.21885521885521886,0.7811447811447811,0.1919191919191919,187.0,139.0,0.40641711229946526,0.6203208556149733,0.6737967914438503
109,0.5252525252525253,0.1750841750841751,0.05387205387205387,0.24579124579124578,0.7542087542087542,0.22895622895622897,197.0,148.0,0.3553299492385787,0.5685279187817259,0.6395939086294417
110,0.5824915824915825,0.15488215488215487,0.037037037037037035,0.2255892255892256,0.7744107744107744,0.1919191919191919,189.0,135.0,0.42857142857142855,0.6084656084656085,0.656084656084656
111,0.5016835016835017,0.19865319865319866,0.05387205387205387,0.24579124579124578,0.7542087542087542,0.25252525252525254,197.0,148.0,0.3299492385786802,0.5786802030456852,0.6395939086294417
112,0.5723905723905723,0.18518518518518517,0.04377104377104377,0.19865319865319866,0.8013468013468014,0.22895622895622897,186.0,134.0,0.3870967741935484,0.6397849462365591,0.6989247311827957
113,0.6060606060606061,0.13468013468013468,0.06060606060606061,0.19865319865319866,0.8013468013468014,0.19528619528619529,172.0,118.0,0.4069767441860465,0.6104651162790697,0.686046511627907
114,0.5791245791245792,0.16161616161616163,0.037037037037037035,0.2222222222222222,0.7777777777777778,0.19865319865319866,195.0,153.0,0.4205128205128205,0.6307692307692307,0.6820512820512821
115,0.48148148148148145,0.21885521885521886,0.06397306397306397,0.2356902356902357,0.7643097643097643,0.2828282828282828,199.0,143.0,0.3417085427135678,0.6030150753768844,0.678391959798995
116,0.6026936026936027,0.13468013468013468,0.04040404040404041,0.2222222222222222,0.7777777777777778,0.1750841750841751,185.0,135.0,0.41081081081081083,0.5891891891891892,0.6432432432432432
117,0.5521885521885522,0.1919191919191919,0.06734006734006734,0.18855218855218855,0.8114478114478114,0.25925925925925924,188.0,137.0,0.3882978723404255,0.6329787234042553,0.7180851063829787
118,0.5353535353535354,0.19528619528619529,0.06734006734006734,0.20202020202020202,0.797979797979798,0.26262626262626265,193.0,137.0,0.36787564766839376,0.6217616580310881,0.7150259067357513
119,0.5757575757575758,0.1750841750841751,0.06734006734006734,0.18181818181818182,0.8181818181818182,0.24242424242424243,186.0,132.0,0.3870967741935484,0.6236559139784946,0.7150537634408602
120,0.5252525252525253,0.1717171717171717,0.037037037037037035,0.265993265993266,0.734006734006734,0.20875420875420875,188.0,132.0,0.3617021276595745,0.5797872340425532,0.6329787234042553
121,0.6026936026936027,0.1414141414141414,0.05387205387205387,0.20202020202020202,0.797979797979798,0.19528619528619529,170.0,109.0,0.4,0.6235294117647059,0.6764705882352942
122,0.6060606060606061,0.11784511784511785,0.026936026936026935,0.24915824915824916,0.7508417508417509,0.1447811447811448,171.0,118.0,0.38596491228070173,0.5497076023391813,0.5964912280701754
123,0.5555555555555556,0.19528619528619529,0.06060606060606061,0.18855218855218855,0.8114478114478114,0.2558922558922559,182.0,126.0,0.3956043956043956,0.6318681318681318,0.6978021978021978
124,0.5656565656565656,0.17845117845117844,0.04377104377104377,0.21212121212121213,0.7878787878787878,0.2222222222222222,192.0,142.0,0.4010416666666667,0.625,0.6875
125,0.5757575757575758,0.1750841750841751,0.04040404040404041,0.20875420875420875,0.7912457912457912,0.21548821548821548,178.0,123.0,0.38764044943820225,0.6179775280898876,0.6853932584269663
126,0.5488215488215489,0.18181818181818182,0.04377104377104377,0.2255892255892256,0.7744107744107744,0.2255892255892256,186.0,131.0,0.3709677419354839,0.5860215053763441,0.6559139784946236
127,0.5521885521885522,0.15151515151515152,0.03367003367003367,0.26262626262626265,0.7373737373737373,0.18518518518518517,192.0,140.0,0.375,0.5833333333333334,0.6302083333333334
128,0.5723905723905723,0.13131313131313133,0.04377104377104377,0.25252525252525254,0.7474747474747475,0.1750841750841751,191.0,142.0,0.39790575916230364,0.5706806282722513,0.6282722513089005
129,0.6026936026936027,0.16498316498316498,0.03367003367003367,0.19865319865319866,0.8013468013468014,0.19865319865319866,178.0,122.0,0.42134831460674155,0.6292134831460674,0.6797752808988764
130,0.5589225589225589,0.16161616161616163,0.04040404040404041,0.23905723905723905,0.7609427609427609,0.20202020202020202,186.0,137.0,0.3602150537634409,0.5913978494623656,0.6451612903225806
131,0.49158249158249157,0.19865319865319866,0.04713804713804714,0.26262626262626265,0.7373737373737373,0.24579124579124578,194.0,146.0,0.3402061855670103,0.5567010309278351,0.6185567010309279
132,0.5555555555555556,0.16498316498316498,0.03367003367003367,0.24579124579124578,0.7542087542087542,0.19865319865319866,193.0,138.0,0.40932642487046633,0.6113989637305699,0.6528497409326425
133,0.5151515151515151,0.21548821548821548,0.03367003367003367,0.2356902356902357,0.7643097643097643,0.24915824915824916,191.0,135.0,0.3403141361256545,0.612565445026178,0.6492146596858639
134,0.5252525252525253,0.1750841750841751,0.050505050505050504,0.24915824915824916,0.7508417508417509,0.2255892255892256,201.0,151.0,0.373134328358209,0.5970149253731343,0.6567164179104478
135,0.5589225589225589,0.15824915824915825,0.04377104377104377,0.23905723905723905,0.7609427609427609,0.20202020202020202,185.0,132.0,0.3945945945945946,0.5945945945945946,0.6486486486486487
136,0.5925925925925926,0.15151515151515152,0.04377104377104377,0.21212121212121213,0.7878787878787878,0.19528619528619529,184.0,132.0,0.4076086956521739,0.6141304347826086,0.6630434782608695
137,0.531986531986532,0.1750841750841751,0.04713804713804714,0.24579124579124578,0.7542087542087542,0.2222222222222222,192.0,140.0,0.390625,0.6145833333333334,0.6666666666666666
138,0.569023569023569,0.15824915824915825,0.050505050505050504,0.2222222222222222,0.7777777777777778,0.20875420875420875,181.0,118.0,0.3867403314917127,0.585635359116022,0.6629834254143646
139,0.6363636363636364,0.13804713804713806,0.037037037037037035,0.18855218855218855,0.8114478114478114,0.1750841750841751,171.0,118.0,0.4269005847953216,0.6140350877192983,0.672514619883041
140,0.5723905723905723,0.13804713804713806,0.02356902356902357,0.265993265993266,0.734006734006734,0.16161616161616163,187.0,132.0,0.40106951871657753,0.5775401069518716,0.6149732620320856
141,0.5925925925925926,0.15151515151515152,0.04377104377104377,0.21212121212121213,0.7878787878787878,0.19528619528619529,174.0,119.0,0.41379310344827586,0.6206896551724138,0.6781609195402298
142,0.5185185185185185,0.1717171717171717,0.05723905723905724,0.25252525252525254,0.7474747474747475,0.22895622895622897,197.0,149.0,0.3553299492385787,0.5685279187817259,0.649746192893401
143,0.6094276094276094,0.17845117845117844,0.04713804713804714,0.16498316498316498,0.835016835016835,0.2255892255892256,171.0,112.0,0.391812865497076,0.6608187134502924,0.7368421052631579
144,0.6094276094276094,0.1717171717171717,0.030303030303030304,0.18855218855218855,0.8114478114478114,0.20202020202020202,173.0,117.0,0.42196531791907516,0.6416184971098265,0.6763005780346821
145,0.49158249158249157,0.20202020202020202,0.0707070707070707,0.2356902356902357,0.7643097643097643,0.2727272727272727,198.0,145.0,0.3686868686868687,0.6161616161616161,0.6868686868686869
146,0.5420875420875421,0.16835016835016836,0.04040404040404041,0.24915824915824916,0.7508417508417509,0.20875420875420875,187.0,131.0,0.37967914438502676,0.5989304812834224,0.6524064171122995
147,0.5454545454545454,0.16835016835016836,0.04377104377104377,0.24242424242424243,0.7575757575757576,0.21212121212121213,195.0,143.0,0.39487179487179486,0.6,0.6615384615384615
148,0.5589225589225589,0.15824915824915825,0.050505050505050504,0.23232323232323232,0.7676767676767676,0.20875420875420875,193.0,146.0,0.37823834196891193,0.5854922279792746,0.6580310880829016
149,0.5925925925925926,0.18181818181818182,0.04713804713804714,0.17845117845117844,0.8215488215488216,0.22895622895622897,177.0,120.0,0.4067796610169492,0.6666666666666666,0.7288135593220338
150,0.5252525252525253,0.18181818181818182,0.06060606060606061,0.23232323232323232,0.7676767676767676,0.24242424242424243,201.0,146.0,0.373134328358209,0.6019900497512438,0.6766169154228856
151,0.5757575757575758,0.18855218855218855,0.037037037037037035,0.19865319865319866,0.8013468013468014,0.2255892255892256,190.0,141.0,0.3894736842105263,0.6473684210526316,0.7
152,0.5353535353535354,0.17845117845117844,0.06397306397306397,0.2222222222222222,0.7777777777777778,0.24242424242424243,195.0,145.0,0.36923076923076925,0.6051282051282051,0.6871794871794872
153,0.5555555555555556,0.16498316498316498,0.04713804713804714,0.23232323232323232,0.7676767676767676,0.21212121212121213,186.0,134.0,0.3655913978494624,0.5967741935483871,0.6505376344086021
154,0.5420875420875421,0.1750841750841751,0.04040404040404041,0.24242424242424243,0.7575757575757576,0.21548821548821548,189.0,141.0,0.37566137566137564,0.582010582010582,0.6296296296296297
155,0.6094276094276094,0.16161616161616163,0.03367003367003367,0.19528619528619529,0.8047138047138047,0.19528619528619529,179.0,130.0,0.4301675977653631,0.6424581005586593,0.6871508379888268
156,0.5892255892255892,0.15151515151515152,0.04713804713804714,0.21212121212121213,0.7878787878787878,0.19865319865319866,178.0,128.0,0.39325842696629215,0.6123595505617978,0.6629213483146067
157,0.5454545454545454,0.18181818181818182,0.037037037037037035,0.2356902356902357,0.7643097643097643,0.21885521885521886,189.0,135.0,0.3862433862433862,0.6243386243386243,0.6772486772486772
158,0.5521885521885522,0.1447811447811448,0.04377104377104377,0.25925925925925924,0.7407407407407407,0.18855218855218855,185.0,133.0,0.3621621621621622,0.5513513513513514,0.6108108108108108
159,0.5185185185185185,0.20202020202020202,0.05387205387205387,0.2255892255892256,0.7744107744107744,0.2558922558922559,196.0,142.0,0.37755102040816324,0.6071428571428571,0.673469387755102
160,0.5622895622895623,0.17845117845117844,0.050505050505050504,0.20875420875420875,0.7912457912457912,0.22895622895622897,195.0,138.0,0.4,0.6256410256410256,0.6871794871794872
161,0.494949494949495,0.23905723905723905,0.050505050505050504,0.21548821548821548,0.7845117845117845,0.2895622895622896,195.0,132.0,0.36923076923076925,0.6307692307692307,0.6820512820512821
162,0.5555555555555556,0.16498316498316498,0.04713804713804714,0.23232323232323232,0.7676767676767676,0.21212121212121213,191.0,142.0,0.38219895287958117,0.5863874345549738,0.643979057591623
163,0.5117845117845118,0.1919191919191919,0.04713804713804714,0.24915824915824916,0.7508417508417509,0.23905723905723905,202.0,152.0,0.3613861386138614,0.594059405940594,0.6435643564356436
164,0.5420875420875421,0.21548821548821548,0.050505050505050504,0.1919191919191919,0.8080808080808081,0.265993265993266,191.0,136.0,0.387434554973822,0.643979057591623,0.7172774869109948
165,0.569023569023569,0.15824915824915825,0.04040404040404041,0.23232323232323232,0.7676767676767676,0.19865319865319866,188.0,135.0,0.39893617021276595,0.5957446808510638,0.6542553191489362
166,0.5622895622895623,0.15151515151515152,0.06060606060606061,0.2255892255892256,0.7744107744107744,0.21212121212121213,193.0,138.0,0.38341968911917096,0.5854922279792746,0.6683937823834197
167,0.5252525252525253,0.2255892255892256,0.05387205387205387,0.19528619528619529,0.8047138047138047,0.27946127946127947,191.0,138.0,0.3507853403141361,0.6387434554973822,0.7225130890052356
168,0.5286195286195287,0.2255892255892256,0.030303030303030304,0.21548821548821548,0.7845117845117845,0.2558922558922559,193.0,135.0,0.38341968911917096,0.6528497409326425,0.689119170984456
169,0.5892255892255892,0.14814814814814814,0.030303030303030304,0.23232323232323232,0.7676767676767676,0.17845117845117844,186.0,134.0,0.40860215053763443,0.6129032258064516,0.6505376344086021
170,0.5589225589225589,0.15151515151515152,0.050505050505050504,0.23905723905723905,0.7609427609427609,0.20202020202020202,184.0,135.0,0.3695652173913043,0.5652173913043478,0.6358695652173914
171,0.5353535353535354,0.19865319865319866,0.050505050505050504,0.21548821548821548,0.7845117845117845,0.24915824915824916,190.0,132.0,0.39473684210526316,0.6210526315789474,0.6842105263157895
172,0.5016835016835017,0.18518518518518517,0.06060606060606061,0.25252525252525254,0.7474747474747475,0.24579124579124578,207.0,157.0,0.33816425120772947,0.5603864734299517,0.6473429951690821
173,0.6060606060606061,0.14814814814814814,0.04040404040404041,0.2053872053872054,0.7946127946127947,0.18855218855218855,185.0,133.0,0.41081081081081083,0.6378378378378379,0.6918918918918919
174,0.5420875420875421,0.16835016835016836,0.05723905723905724,0.23232323232323232,0.7676767676767676,0.2255892255892256,189.0,139.0,0.36507936507936506,0.5925925925925926,0.671957671957672
175,0.5656565656565656,0.19865319865319866,0.026936026936026935,0.20875420875420875,0.7912457912457912,0.2255892255892256,191.0,143.0,0.39790575916230364,0.6544502617801047,0.6910994764397905
176,0.5892255892255892,0.16498316498316498,0.030303030303030304,0.21548821548821548,0.7845117845117845,0.19528619528619529,176.0,119.0,0.38636363636363635,0.6022727272727273,0.6534090909090909
177,0.48484848484848486,0.19865319865319866,0.037037037037037035,0.27946127946127947,0.7205387205387206,0.2356902356902357,196.0,145.0,0.33163265306122447,0.5561224489795918,0.6020408163265306
178,0.5757575757575758,0.15151515151515152,0.05387205387205387,0.21885521885521886,0.7811447811447811,0.2053872053872054,180.0,126.0,0.3888888888888889,0.6,0.6722222222222223
179,0.5892255892255892,0.17845117845117844,0.05387205387205387,0.17845117845117844,0.8215488215488216,0.23232323232323232,187.0,139.0,0.39037433155080214,0.6310160427807486,0.7165775401069518
180,0.5420875420875421,0.1750841750841751,0.04713804713804714,0.2356902356902357,0.7643097643097643,0.2222222222222222,176.0,121.0,0.3465909090909091,0.5681818181818182,0.6363636363636364
181,0.5622895622895623,0.16161616161616163,0.02356902356902357,0.25252525252525254,0.7474747474747475,0.18518518518518517,192.0,133.0,0.3958333333333333,0.609375,0.6458333333333334
182,0.5353535353535354,0.1717171717171717,0.05723905723905724,0.2356902356902357,0.7643097643097643,0.22895622895622897,194.0,142.0,0.3865979381443299,0.6185567010309279,0.6804123711340206
183,0.5555555555555556,0.18855218855218855,0.04713804713804714,0.20875420875420875,0.7912457912457912,0.2356902356902357,180.0,129.0,0.36666666666666664,0.6333333333333333,0.6944444444444444
184,0.5824915824915825,0.16498316498316498,0.037037037037037035,0.21548821548821548,0.7845117845117845,0.20202020202020202,175.0,116.0,0.3942857142857143,0.6114285714285714,0.6628571428571428
185,0.5589225589225589,0.18181818181818182,0.037037037037037035,0.2222222222222222,0.7777777777777778,0.21885521885521886,186.0,136.0,0.3870967741935484,0.6021505376344086,0.6559139784946236
186,0.5151515151515151,0.20202020202020202,0.04713804713804714,0.2356902356902357,0.7643097643097643,0.24915824915824916,196.0,144.0,0.37244897959183676,0.6122448979591837,0.6581632653061225
187,0.5589225589225589,0.15488215488215487,0.0707070707070707,0.21548821548821548,0.7845117845117845,0.2255892255892256,180.0,123.0,0.37222222222222223,0.5888888888888889,0.6722222222222223
188,0.4983164983164983,0.19528619528619529,0.04377104377104377,0.26262626262626265,0.7373737373737373,0.23905723905723905,205.0,163.0,0.33658536585365856,0.5853658536585366,0.6390243902439025
189,0.5521885521885522,0.1750841750841751,0.04377104377104377,0.22895622895622897,0.7710437710437711,0.21885521885521886,176.0,125.0,0.3693181818181818,0.5795454545454546,0.6363636363636364
190,0.531986531986532,0.15151515151515152,0.050505050505050504,0.265993265993266,0.734006734006734,0.20202020202020202,189.0,139.0,0.32275132275132273,0.5238095238095238,0.6031746031746031
191,0.569023569023569,0.1447811447811448,0.06734006734006734,0.21885521885521886,0.7811447811447811,0.21212121212121213,185.0,134.0,0.4,0.6,0.6972972972972973
192,0.5656565656565656,0.18855218855218855,0.04713804713804714,0.19865319865319866,0.8013468013468014,0.2356902356902357,193.0,140.0,0.39896373056994816,0.6321243523316062,0.7046632124352331
193,0.5252525252525253,0.18518518518518517,0.037037037037037035,0.25252525252525254,0.7474747474747475,0.2222222222222222,196.0,141.0,0.39285714285714285,0.5867346938775511,0.6275510204081632
194,0.5892255892255892,0.16498316498316498,0.037037037037037035,0.20875420875420875,0.7912457912457912,0.20202020202020202,179.0,128.0,0.39106145251396646,0.6312849162011173,0.664804469273743
195,0.5757575757575758,0.16161616161616163,0.03367003367003367,0.22895622895622897,0.7710437710437711,0.19528619528619529,182.0,123.0,0.4065934065934066,0.6098901098901099,0.6593406593406593
196,0.5622895622895623,0.16498316498316498,0.04040404040404041,0.23232323232323232,0.7676767676767676,0.2053872053872054,183.0,129.0,0.39344262295081966,0.6010928961748634,0.6557377049180327
197,0.5824915824915825,0.1750841750841751,0.04040404040404041,0.20202020202020202,0.797979797979798,0.21548821548821548,182.0,128.0,0.4010989010989011,0.6153846153846154,0.6758241758241759
198,0.5420875420875421,0.21548821548821548,0.05387205387205387,0.18855218855218855,0.8114478114478114,0.26936026936026936,180.0,124.0,0.38333333333333336,0.65,0.7222222222222222
199,0.5858585858585859,0.16835016835016836,0.06060606060606061,0.18518518518518517,0.8148148148148148,0.22895622895622897,190.0,137.0,0.4105263157894737,0.6421052631578947,0.7210526315789474
200,0.5387205387205387,0.2053872053872054,0.04713804713804714,0.20875420875420875,0.7912457912457912,0.25252525252525254,191.0,136.0,0.3769633507853403,0.6335078534031413,0.6963350785340314
201,0.5286195286195287,0.18855218855218855,0.04040404040404041,0.24242424242424243,0.7575757575757576,0.22895622895622897,195.0,142.0,0.3487179487179487,0.5948717948717949,0.6512820512820513
202,0.5824915824915825,0.15824915824915825,0.037037037037037035,0.2222222222222222,0.7777777777777778,0.19528619528619529,181.0,124.0,0.39779005524861877,0.6132596685082873,0.6629834254143646
203,0.5286195286195287,0.1414141414141414,0.05387205387205387,0.2760942760942761,0.7239057239057239,0.19528619528619529,196.0,144.0,0.37755102040816324,0.5714285714285714,0.6326530612244898
204,0.5084175084175084,0.20875420875420875,0.06060606060606061,0.2222222222222222,0.7777777777777778,0.26936026936026936,199.0,149.0,0.36683417085427134,0.6130653266331658,0.678391959798995
205,0.5656565656565656,0.18181818181818182,0.04713804713804714,0.2053872053872054,0.7946127946127947,0.22895622895622897,178.0,122.0,0.38764044943820225,0.6179775280898876,0.6741573033707865
206,0.5252525252525253,0.18518518518518517,0.030303030303030304,0.25925925925925924,0.7407407407407407,0.21548821548821548,191.0,138.0,0.35602094240837695,0.581151832460733,0.6282722513089005
207,0.5488215488215489,0.16498316498316498,0.04713804713804714,0.23905723905723905,0.7609427609427609,0.21212121212121213,191.0,142.0,0.3717277486910995,0.581151832460733,0.643979057591623
208,0.5387205387205387,0.1717171717171717,0.02356902356902357,0.265993265993266,0.734006734006734,0.19528619528619529,187.0,133.0,0.37433155080213903,0.5882352941176471,0.6203208556149733
209,0.6127946127946128,0.14814814814814814,0.04713804713804714,0.1919191919191919,0.8080808080808081,0.19528619528619529,179.0,127.0,0.41899441340782123,0.6480446927374302,0.7206703910614525
210,0.569023569023569,0.19865319865319866,0.030303030303030304,0.20202020202020202,0.797979797979798,0.22895622895622897,185.0,131.0,0.4,0.6486486486486487,0.6918918918918919
211,0.5892255892255892,0.18181818181818182,0.030303030303030304,0.19865319865319866,0.8013468013468014,0.21212121212121213,186.0,137.0,0.4032258064516129,0.6559139784946236,0.6989247311827957
212,0.5993265993265994,0.15824915824915825,0.03367003367003367,0.20875420875420875,0.7912457912457912,0.1919191919191919,188.0,140.0,0.40425531914893614,0.6329787234042553,0.6808510638297872
213,0.5488215488215489,0.16498316498316498,0.06734006734006734,0.21885521885521886,0.7811447811447811,0.23232323232323232,185.0,131.0,0.3891891891891892,0.572972972972973,0.6648648648648648
214,0.5723905723905723,0.17845117845117844,0.04377104377104377,0.2053872053872054,0.7946127946127947,0.2222222222222222,179.0,123.0,0.3743016759776536,0.6256983240223464,0.6871508379888268
215,0.5622895622895623,0.19528619528619529,0.05723905723905724,0.18518518518518517,0.8148148148148148,0.25252525252525254,191.0,133.0,0.41361256544502617,0.643979057591623,0.7225130890052356
216,0.569023569023569,0.17845117845117844,0.02356902356902357,0.22895622895622897,0.7710437710437711,0.20202020202020202,193.0,140.0,0.39896373056994816,0.6321243523316062,0.6580310880829016
217,0.5387205387205387,0.1717171717171717,0.04713804713804714,0.24242424242424243,0.7575757575757576,0.21885521885521886,201.0,147.0,0.3681592039800995,0.5870646766169154,0.6567164179104478
218,0.5521885521885522,0.19865319865319866,0.04377104377104377,0.2053872053872054,0.7946127946127947,0.24242424242424243,190.0,139.0,0.38421052631578945,0.6473684210526316,0.7052631578947368
219,0.5656565656565656,0.17845117845117844,0.03367003367003367,0.2222222222222222,0.7777777777777778,0.21212121212121213,184.0,123.0,0.3967391304347826,0.6086956521739131,0.657608695652174
220,0.5824915824915825,0.1750841750841751,0.04713804713804714,0.19528619528619529,0.8047138047138047,0.2222222222222222,177.0,121.0,0.4011299435028249,0.6384180790960452,0.6892655367231638
221,0.5656565656565656,0.16161616161616163,0.050505050505050504,0.2222222222222222,0.7777777777777778,0.21212121212121213,186.0,130.0,0.3978494623655914,0.6236559139784946,0.6827956989247311
222,0.5387205387205387,0.2053872053872054,0.04040404040404041,0.21548821548821548,0.7845117845117845,0.24579124579124578,189.0,140.0,0.3862433862433862,0.6243386243386243,0.6825396825396826
223,0.5420875420875421,0.23232323232323232,0.02356902356902357,0.20202020202020202,0.797979797979798,0.2558922558922559,185.0,126.0,0.3891891891891892,0.6918918918918919,0.7243243243243244
224,0.5723905723905723,0.1717171717171717,0.050505050505050504,0.2053872053872054,0.7946127946127947,0.2222222222222222,178.0,123.0,0.3651685393258427,0.6123595505617978,0.6853932584269663
225,0.5252525252525253,0.23232323232323232,0.05723905723905724,0.18518518518518517,0.8148148148148148,0.2895622895622896,181.0,121.0,0.35911602209944754,0.6353591160220995,0.712707182320442
226,0.569023569023569,0.16835016835016836,0.03367003367003367,0.22895622895622897,0.7710437710437711,0.20202020202020202,186.0,134.0,0.3709677419354839,0.6021505376344086,0.6505376344086021
227,0.5454545454545454,0.18181818181818182,0.04377104377104377,0.22895622895622897,0.7710437710437711,0.2255892255892256,184.0,129.0,0.3695652173913043,0.6086956521739131,0.6739130434782609
228,0.5858585858585859,0.15151515151515152,0.02356902356902357,0.23905723905723905,0.7609427609427609,0.1750841750841751,176.0,121.0,0.4034090909090909,0.6136363636363636,0.6534090909090909
229,0.5858585858585859,0.16161616161616163,0.037037037037037035,0.21548821548821548,0.7845117845117845,0.19865319865319866,182.0,126.0,0.41208791208791207,0.6318681318681318,0.6648351648351648
230,0.531986531986532,0.1717171717171717,0.06060606060606061,0.2356902356902357,0.7643097643097643,0.23232323232323232,198.0,144.0,0.398989898989899,0.5909090909090909,0.6616161616161617
231,0.5555555555555556,0.15488215488215487,0.06734006734006734,0.2222222222222222,0.7777777777777778,0.2222222222222222,197.0,146.0,0.4010152284263959,0.5989847715736041,0.6852791878172588
232,0.5151515151515151,0.19865319865319866,0.050505050505050504,0.2356902356902357,0.7643097643097643,0.24915824915824916,198.0,144.0,0.37373737373737376,0.6060606060606061,0.6616161616161617
233,0.622895622895623,0.12121212121212122,0.037037037037037035,0.21885521885521886,0.7811447811447811,0.15824915824915825,181.0,132.0,0.4198895027624309,0.5966850828729282,0.6519337016574586
234,0.5016835016835017,0.2053872053872054,0.04377104377104377,0.24915824915824916,0.7508417508417509,0.24915824915824916,195.0,145.0,0.3282051282051282,0.5846153846153846,0.6461538461538462
235,0.569023569023569,0.2053872053872054,0.04713804713804714,0.17845117845117844,0.8215488215488216,0.25252525252525254,186.0,135.0,0.4032258064516129,0.6666666666666666,0.7311827956989247
236,0.48148148148148145,0.21885521885521886,0.04377104377104377,0.2558922558922559,0.7441077441077442,0.26262626262626265,202.0,146.0,0.32673267326732675,0.5792079207920792,0.6386138613861386
237,0.5622895622895623,0.15824915824915825,0.050505050505050504,0.22895622895622897,0.7710437710437711,0.20875420875420875,182.0,130.0,0.3901098901098901,0.5934065934065934,0.6593406593406593
238,0.5757575757575758,0.16161616161616163,0.037037037037037035,0.2255892255892256,0.7744107744107744,0.19865319865319866,183.0,129.0,0.3879781420765027,0.5846994535519126,0.639344262295082
239,0.5589225589225589,0.1750841750841751,0.06734006734006734,0.19865319865319866,0.8013468013468014,0.24242424242424243,182.0,120.0,0.4010989010989011,0.6318681318681318,0.7197802197802198
240,0.5454545454545454,0.17845117845117844,0.04713804713804714,0.22895622895622897,0.7710437710437711,0.2255892255892256,188.0,131.0,0.3882978723404255,0.6117021276595744,0.675531914893617
241,0.5858585858585859,0.12457912457912458,0.06397306397306397,0.2255892255892256,0.7744107744107744,0.18855218855218855,181.0,133.0,0.39779005524861877,0.580110497237569,0.6574585635359116
242,0.5521885521885522,0.18855218855218855,0.03367003367003367,0.2255892255892256,0.7744107744107744,0.2222222222222222,189.0,136.0,0.38095238095238093,0.6349206349206349,0.6772486772486772
243,0.5151515151515151,0.17845117845117844,0.050505050505050504,0.2558922558922559,0.7441077441077442,0.22895622895622897,197.0,149.0,0.3401015228426396,0.5532994923857868,0.6243654822335025
244,0.5656565656565656,0.15824915824915825,0.04713804713804714,0.22895622895622897,0.7710437710437711,0.2053872053872054,187.0,141.0,0.39037433155080214,0.6042780748663101,0.6631016042780749
245,0.5656565656565656,0.17845117845117844,0.06060606060606061,0.19528619528619529,0.8047138047138047,0.23905723905723905,183.0,130.0,0.39344262295081966,0.6229508196721312,0.6939890710382514
246,0.569023569023569,0.18181818181818182,0.037037037037037035,0.21212121212121213,0.7878787878787878,0.21885521885521886,196.0,147.0,0.3877551020408163,0.6275510204081632,0.6836734693877551
247,0.5858585858585859,0.1447811447811448,0.06060606060606061,0.20875420875420875,0.7912457912457912,0.2053872053872054,184.0,134.0,0.3967391304347826,0.5869565217391305,0.6630434782608695
248,0.5656565656565656,0.18855218855218855,0.037037037037037035,0.20875420875420875,0.7912457912457912,0.2255892255892256,192.0,144.0,0.4010416666666667,0.640625,0.6927083333333334
249,0.5488215488215489,0.15824915824915825,0.06060606060606061,0.23232323232323232,0.7676767676767676,0.21885521885521886,193.0,150.0,0.3626943005181347,0.5595854922279793,0.6476683937823834
250,0.4983164983164983,0.19528619528619529,0.04377104377104377,0.26262626262626265,0.7373737373737373,0.23905723905723905,200.0,146.0,0.345,0.59,0.64
251,0.5420875420875421,0.2222222222222222,0.06397306397306397,0.1717171717171717,0.8282828282828283,0.28619528619528617,187.0,135.0,0.37967914438502676,0.6470588235294118,0.7272727272727273
252,0.5185185185185185,0.17845117845117844,0.05387205387205387,0.24915824915824916,0.7508417508417509,0.23232323232323232,188.0,133.0,0.3617021276595745,0.574468085106383,0.6382978723404256
253,0.5454545454545454,0.19528619528619529,0.05387205387205387,0.2053872053872054,0.7946127946127947,0.24915824915824916,185.0,136.0,0.3567567567567568,0.6054054054054054,0.6810810810810811
254,0.5892255892255892,0.13468013468013468,0.03367003367003367,0.24242424242424243,0.7575757575757576,0.16835016835016836,168.0,110.0,0.39285714285714285,0.5833333333333334,0.625
255,0.5521885521885522,0.1717171717171717,0.050505050505050504,0.2255892255892256,0.7744107744107744,0.2222222222222222,191.0,141.0,0.36649214659685864,0.5916230366492147,0.6544502617801047
256,0.5824915824915825,0.16835016835016836,0.04040404040404041,0.20875420875420875,0.7912457912457912,0.20875420875420875,184.0,136.0,0.391304347826087,0.6195652173913043,0.6793478260869565
257,0.5791245791245792,0.1750841750841751,0.04040404040404041,0.2053872053872054,0.7946127946127947,0.21548821548821548,190.0,134.0,0.4105263157894737,0.6473684210526316,0.7
258,0.569023569023569,0.15151515151515152,0.06060606060606061,0.21885521885521886,0.7811447811447811,0.21212121212121213,189.0,136.0,0.4021164021164021,0.5978835978835979,0.671957671957672
259,0.5757575757575758,0.1717171717171717,0.03367003367003367,0.21885521885521886,0.7811447811447811,0.2053872053872054,185.0,136.0,0.3891891891891892,0.6162162162162163,0.6594594594594595
260,0.5723905723905723,0.16835016835016836,0.037037037037037035,0.2222222222222222,0.7777777777777778,0.2053872053872054,189.0,141.0,0.3915343915343915,0.6137566137566137,0.6666666666666666
261,0.5488215488215489,0.14814814814814814,0.030303030303030304,0.2727272727272727,0.7272727272727273,0.17845117845117844,184.0,132.0,0.358695652173913,0.532608695652174,0.5815217391304348
262,0.5252525252525253,0.18518518518518517,0.037037037037037035,0.25252525252525254,0.7474747474747475,0.2222222222222222,199.0,148.0,0.3869346733668342,0.6130653266331658,0.6582914572864321
263,0.569023569023569,0.1919191919191919,0.037037037037037035,0.20202020202020202,0.797979797979798,0.22895622895622897,178.0,120.0,0.398876404494382,0.6404494382022472,0.6910112359550562
264,0.5723905723905723,0.1717171717171717,0.04040404040404041,0.21548821548821548,0.7845117845117845,0.21212121212121213,185.0,127.0,0.3891891891891892,0.6216216216216216,0.6810810810810811
265,0.5252525252525253,0.18518518518518517,0.05723905723905724,0.23232323232323232,0.7676767676767676,0.24242424242424243,190.0,141.0,0.3526315789473684,0.5684210526315789,0.6421052631578947
266,0.5454545454545454,0.18518518518518517,0.030303030303030304,0.23905723905723905,0.7609427609427609,0.21548821548821548,186.0,125.0,0.3978494623655914,0.6075268817204301,0.6451612903225806
267,0.5521885521885522,0.15824915824915825,0.04377104377104377,0.24579124579124578,0.7542087542087542,0.20202020202020202,190.0,141.0,0.3736842105263158,0.5842105263157895,0.6368421052631579
268,0.5488215488215489,0.15151515151515152,0.04713804713804714,0.25252525252525254,0.7474747474747475,0.19865319865319866,189.0,132.0,0.37566137566137564,0.5661375661375662,0.6402116402116402
269,0.5622895622895623,0.1414141414141414,0.037037037037037035,0.25925925925925924,0.7407407407407407,0.17845117845117844,185.0,131.0,0.3675675675675676,0.5459459459459459,0.6
270,0.531986531986532,0.2053872053872054,0.04377104377104377,0.21885521885521886,0.7811447811447811,0.24915824915824916,199.0,149.0,0.3768844221105528,0.628140703517588,0.678391959798995
271,0.5252525252525253,0.1919191919191919,0.050505050505050504,0.23232323232323232,0.7676767676767676,0.24242424242424243,192.0,136.0,0.359375,0.5989583333333334,0.6770833333333334
272,0.5521885521885522,0.15488215488215487,0.050505050505050504,0.24242424242424243,0.7575757575757576,0.2053872053872054,191.0,134.0,0.38219895287958117,0.6020942408376964,0.6544502617801047
273,0.6195286195286195,0.1447811447811448,0.030303030303030304,0.2053872053872054,0.7946127946127947,0.1750841750841751,170.0,106.0,0.4235294117647059,0.6058823529411764,0.6529411764705882
274,0.5824915824915825,0.15151515151515152,0.03367003367003367,0.23232323232323232,0.7676767676767676,0.18518518518518517,175.0,124.0,0.4,0.6057142857142858,0.6514285714285715
275,0.5858585858585859,0.11784511784511785,0.04713804713804714,0.24915824915824916,0.7508417508417509,0.16498316498316498,184.0,130.0,0.4076086956521739,0.5706521739130435,0.625
276,0.5656565656565656,0.1717171717171717,0.050505050505050504,0.21212121212121213,0.7878787878787878,0.2222222222222222,181.0,134.0,0.3867403314917127,0.6077348066298343,0.6685082872928176
277,0.5521885521885522,0.16835016835016836,0.026936026936026935,0.25252525252525254,0.7474747474747475,0.19528619528619529,193.0,140.0,0.39378238341968913,0.6062176165803109,0.6424870466321243
278,0.5589225589225589,0.15151515151515152,0.05387205387205387,0.2356902356902357,0.7643097643097643,0.2053872053872054,192.0,135.0,0.4010416666666667,0.5833333333333334,0.65625
279,0.5117845117845118,0.19865319865319866,0.0707070707070707,0.21885521885521886,0.7811447811447811,0.26936026936026936,197.0,146.0,0.3350253807106599,0.583756345177665,0.6802030456852792
280,0.494949494949495,0.21212121212121213,0.04040404040404041,0.25252525252525254,0.7474747474747475,0.25252525252525254,192.0,132.0,0.359375,0.5989583333333334,0.65625
281,0.5488215488215489,0.19528619528619529,0.026936026936026935,0.22895622895622897,0.7710437710437711,0.2222222222222222,188.0,133.0,0.39361702127659576,0.6382978723404256,0.675531914893617
282,0.5387205387205387,0.15488215488215487,0.05723905723905724,0.24915824915824916,0.7508417508417509,0.21212121212121213,199.0,142.0,0.4120603015075377,0.5879396984924623,0.6683417085427136
283,0.5353535353535354,0.14814814814814814,0.06060606060606061,0.2558922558922559,0.7441077441077442,0.20875420875420875,186.0,136.0,0.34408602150537637,0.5376344086021505,0.6182795698924731
284,0.531986531986532,0.20202020202020202,0.05723905723905724,0.20875420875420875,0.7912457912457912,0.25925925925925924,176.0,125.0,0.3522727272727273,0.6022727272727273,0.6590909090909091
285,0.5925925925925926,0.15151515151515152,0.050505050505050504,0.2053872053872054,0.7946127946127947,0.20202020202020202,184.0,131.0,0.41847826086956524,0.6304347826086957,0.6956521739130435
286,0.5387205387205387,0.18181818181818182,0.037037037037037035,0.24242424242424243,0.7575757575757576,0.21885521885521886,190.0,140.0,0.3736842105263158,0.6052631578947368,0.6526315789473685
287,0.5589225589225589,0.1717171717171717,0.07407407407407407,0.19528619528619529,0.8047138047138047,0.24579124579124578,178.0,125.0,0.3707865168539326,0.6235955056179775,0.7078651685393258
288,0.531986531986532,0.17845117845117844,0.04040404040404041,0.24915824915824916,0.7508417508417509,0.21885521885521886,193.0,148.0,0.37305699481865284,0.5906735751295337,0.6373056994818653
289,0.6060606060606061,0.1717171717171717,0.03367003367003367,0.18855218855218855,0.8114478114478114,0.2053872053872054,179.0,124.0,0.4134078212290503,0.6536312849162011,0.7094972067039106
290,0.5387205387205387,0.16498316498316498,0.04713804713804714,0.24915824915824916,0.7508417508417509,0.21212121212121213,196.0,143.0,0.3673469387755102,0.5816326530612245,0.6428571428571429
291,0.49158249158249157,0.18518518518518517,0.050505050505050504,0.2727272727272727,0.7272727272727273,0.2356902356902357,200.0,149.0,0.33,0.565,0.63
292,0.5555555555555556,0.18855218855218855,0.03367003367003367,0.2222222222222222,0.7777777777777778,0.2222222222222222,187.0,138.0,0.37433155080213903,0.6363636363636364,0.679144385026738
293,0.5555555555555556,0.13804713804713806,0.04377104377104377,0.26262626262626265,0.7373737373737373,0.18181818181818182,194.0,142.0,0.3865979381443299,0.5618556701030928,0.6237113402061856
294,0.5589225589225589,0.15824915824915825,0.04713804713804714,0.2356902356902357,0.7643097643097643,0.2053872053872054,187.0,146.0,0.37967914438502676,0.5828877005347594,0.6417112299465241
295,0.5656565656565656,0.1919191919191919,0.05723905723905724,0.18518518518518517,0.8148148148148148,0.24915824915824916,177.0,122.0,0.3898305084745763,0.6214689265536724,0.7005649717514124
296,0.5454545454545454,0.16498316498316498,0.037037037037037035,0.25252525252525254,0.7474747474747475,0.20202020202020202,192.0,139.0,0.3854166666666667,0.5989583333333334,0.6302083333333334
297,0.5252525252525253,0.1717171717171717,0.050505050505050504,0.25252525252525254,0.7474747474747475,0.2222222222222222,196.0,149.0,0.336734693877551,0.576530612244898,0.6377551020408163
298,0.5084175084175084,0.16835016835016836,0.05723905723905724,0.265993265993266,0.734006734006734,0.2255892255892256,206.0,158.0,0.36893203883495146,0.5631067961165048,0.6262135922330098
299,0.5420875420875421,0.21212121212121213,0.050505050505050504,0.19528619528619529,0.8047138047138047,0.26262626262626265,188.0,132.0,0.35638297872340424,0.6382978723404256,0.7127659574468085
300,0.5656565656565656,0.18181818181818182,0.03367003367003367,0.21885521885521886,0.7811447811447811,0.21548821548821548,192.0,142.0,0.359375,0.6197916666666666,0.6666666666666666
301,0.531986531986532,0.21885521885521886,0.05723905723905724,0.1919191919191919,0.8080808080808081,0.2760942760942761,185.0,133.0,0.35135135135135137,0.6216216216216216,0.7081081081081081
302,0.5151515151515151,0.1919191919191919,0.020202020202020204,0.2727272727272727,0.7272727272727273,0.21212121212121213,195.0,140.0,0.35384615384615387,0.5794871794871795,0.6051282051282051
303,0.5824915824915825,0.15151515151515152,0.05723905723905724,0.20875420875420875,0.7912457912457912,0.20875420875420875,187.0,135.0,0.4385026737967914,0.6310160427807486,0.7112299465240641
304,0.5252525252525253,0.21212121212121213,0.04040404040404041,0.2222222222222222,0.7777777777777778,0.25252525252525254,192.0,137.0,0.3697916666666667,0.6145833333333334,0.671875
305,0.5387205387205387,0.15824915824915825,0.04377104377104377,0.25925925925925924,0.7407407407407407,0.20202020202020202,198.0,150.0,0.35858585858585856,0.5707070707070707,0.6212121212121212
306,0.5723905723905723,0.16498316498316498,0.04377104377104377,0.21885521885521886,0.7811447811447811,0.20875420875420875,194.0,140.0,0.3865979381443299,0.6237113402061856,0.6804123711340206
307,0.569023569023569,0.16161616161616163,0.04377104377104377,0.2255892255892256,0.7744107744107744,0.2053872053872054,189.0,135.0,0.3968253968253968,0.5978835978835979,0.6613756613756614
308,0.569023569023569,0.16161616161616163,0.05387205387205387,0.21548821548821548,0.7845117845117845,0.21548821548821548,184.0,133.0,0.391304347826087,0.6141304347826086,0.6793478260869565
309,0.5252525252525253,0.18518518518518517,0.04377104377104377,0.24579124579124578,0.7542087542087542,0.22895622895622897,193.0,141.0,0.3471502590673575,0.5803108808290155,0.6424870466321243
310,0.5387205387205387,0.14814814814814814,0.04040404040404041,0.2727272727272727,0.7272727272727273,0.18855218855218855,189.0,134.0,0.36507936507936506,0.544973544973545,0.5978835978835979
311,0.5656565656565656,0.16498316498316498,0.04713804713804714,0.2222222222222222,0.7777777777777778,0.21212121212121213,183.0,131.0,0.3770491803278688,0.5956284153005464,0.6557377049180327
312,0.5252525252525253,0.18855218855218855,0.04377104377104377,0.24242424242424243,0.7575757575757576,0.23232323232323232,194.0,141.0,0.37628865979381443,0.6030927835051546,0.654639175257732
313,0.5420875420875421,0.1717171717171717,0.050505050505050504,0.2356902356902357,0.7643097643097643,0.2222222222222222,201.0,153.0,0.3880597014925373,0.6119402985074627,0.6766169154228856
314,0.5589225589225589,0.1717171717171717,0.04377104377104377,0.2255892255892256,0.7744107744107744,0.21548821548821548,191.0,138.0,0.38219895287958117,0.6073298429319371,0.6596858638743456
315,0.531986531986532,0.18855218855218855,0.050505050505050504,0.22895622895622897,0.7710437710437711,0.23905723905723905,195.0,142.0,0.358974358974359,0.6102564102564103,0.6820512820512821
316,0.5858585858585859,0.15488215488215487,0.0707070707070707,0.18855218855218855,0.8114478114478114,0.2255892255892256,178.0,123.0,0.398876404494382,0.6067415730337079,0.6910112359550562
317,0.569023569023569,0.14814814814814814,0.04713804713804714,0.2356902356902357,0.7643097643097643,0.19528619528619529,187.0,138.0,0.37967914438502676,0.5828877005347594,0.6470588235294118
318,0.5589225589225589,0.16498316498316498,0.06397306397306397,0.21212121212121213,0.7878787878787878,0.22895622895622897,180.0,125.0,0.38333333333333336,0.6,0.6833333333333333
319,0.5555555555555556,0.1717171717171717,0.04040404040404041,0.23232323232323232,0.7676767676767676,0.21212121212121213,186.0,134.0,0.3709677419354839,0.5967741935483871,0.6505376344086021
320,0.49158249158249157,0.2222222222222222,0.050505050505050504,0.2356902356902357,0.7643097643097643,0.2727272727272727,204.0,158.0,0.35294117647058826,0.5980392156862745,0.6666666666666666
321,0.5218855218855218,0.1750841750841751,0.050505050505050504,0.25252525252525254,0.7474747474747475,0.2255892255892256,186.0,133.0,0.3602150537634409,0.5698924731182796,0.6236559139784946
322,0.569023569023569,0.16835016835016836,0.04377104377104377,0.21885521885521886,0.7811447811447811,0.21212121212121213,188.0,140.0,0.3723404255319149,0.601063829787234,0.6595744680851063
323,0.5555555555555556,0.16498316498316498,0.037037037037037035,0.24242424242424243,0.7575757575757576,0.20202020202020202,202.0,150.0,0.4158415841584158,0.6039603960396039,0.6534653465346535
324,0.5622895622895623,0.20202020202020202,0.04377104377104377,0.1919191919191919,0.8080808080808081,0.24579124579124578,183.0,133.0,0.4098360655737705,0.6557377049180327,0.7158469945355191
325,0.5454545454545454,0.18181818181818182,0.04377104377104377,0.22895622895622897,0.7710437710437711,0.2255892255892256,189.0,137.0,0.37566137566137564,0.6031746031746031,0.6613756613756614
326,0.5286195286195287,0.15151515151515152,0.03367003367003367,0.28619528619528617,0.7138047138047138,0.18518518518518517,190.0,137.0,0.38421052631578945,0.5578947368421052,0.6052631578947368
327,0.5925925925925926,0.16161616161616163,0.037037037037037035,0.20875420875420875,0.7912457912457912,0.19865319865319866,188.0,136.0,0.425531914893617,0.6276595744680851,0.6861702127659575
328,0.5151515151515151,0.1919191919191919,0.04040404040404041,0.25252525252525254,0.7474747474747475,0.23232323232323232,204.0,159.0,0.3627450980392157,0.6029411764705882,0.6519607843137255
329,0.494949494949495,0.2053872053872054,0.05387205387205387,0.24579124579124578,0.7542087542087542,0.25925925925925924,195.0,140.0,0.3333333333333333,0.5641025641025641,0.6358974358974359
330,0.5488215488215489,0.1750841750841751,0.04713804713804714,0.22895622895622897,0.7710437710437711,0.2222222222222222,194.0,138.0,0.39690721649484534,0.6237113402061856,0.6855670103092784
331,0.5488215488215489,0.1717171717171717,0.050505050505050504,0.22895622895622897,0.7710437710437711,0.2222222222222222,181.0,131.0,0.3425414364640884,0.5580110497237569,0.6353591160220995
332,0.5286195286195287,0.21548821548821548,0.05387205387205387,0.20202020202020202,0.797979797979798,0.26936026936026936,193.0,139.0,0.37305699481865284,0.6424870466321243,0.6994818652849741
333,0.5420875420875421,0.21212121212121213,0.04713804713804714,0.19865319865319866,0.8013468013468014,0.25925925925925924,189.0,138.0,0.3862433862433862,0.6402116402116402,0.6984126984126984
334,0.6094276094276094,0.14814814814814814,0.037037037037037035,0.2053872053872054,0.7946127946127947,0.18518518518518517,169.0,118.0,0.40236686390532544,0.5976331360946746,0.650887573964497
335,0.5420875420875421,0.1750841750841751,0.05387205387205387,0.22895622895622897,0.7710437710437711,0.22895622895622897,180.0,121.0,0.35,0.5611111111111111,0.6444444444444445
336,0.5050505050505051,0.18855218855218855,0.06397306397306397,0.24242424242424243,0.7575757575757576,0.25252525252525254,186.0,127.0,0.3548387096774194,0.5698924731182796,0.6397849462365591
337,0.531986531986532,0.17845117845117844,0.0707070707070707,0.21885521885521886,0.7811447811447811,0.24915824915824916,190.0,143.0,0.3684210526315789,0.5789473684210527,0.6736842105263158
338,0.5387205387205387,0.18181818181818182,0.04377104377104377,0.2356902356902357,0.7643097643097643,0.2255892255892256,193.0,140.0,0.37823834196891193,0.5958549222797928,0.6632124352331606
339,0.5622895622895623,0.17845117845117844,0.06060606060606061,0.19865319865319866,0.8013468013468014,0.23905723905723905,185.0,133.0,0.3783783783783784,0.6108108108108108,0.6918918918918919
340,0.5589225589225589,0.17845117845117844,0.05723905723905724,0.2053872053872054,0.7946127946127947,0.2356902356902357,177.0,122.0,0.4067796610169492,0.6214689265536724,0.7005649717514124
341,0.5555555555555556,0.1717171717171717,0.04040404040404041,0.23232323232323232,0.7676767676767676,0.21212121212121213,193.0,135.0,0.40414507772020725,0.6217616580310881,0.6735751295336787
342,0.5589225589225589,0.16498316498316498,0.04713804713804714,0.22895622895622897,0.7710437710437711,0.21212121212121213,192.0,139.0,0.390625,0.5989583333333334,0.6666666666666666
343,0.5622895622895623,0.1447811447811448,0.04377104377104377,0.24915824915824916,0.7508417508417509,0.18855218855218855,185.0,134.0,0.3675675675675676,0.5675675675675675,0.6270270270270271
344,0.5589225589225589,0.13468013468013468,0.05387205387205387,0.25252525252525254,0.7474747474747475,0.18855218855218855,184.0,136.0,0.3532608695652174,0.532608695652174,0.5978260869565217
345,0.5420875420875421,0.2053872053872054,0.050505050505050504,0.20202020202020202,0.797979797979798,0.2558922558922559,184.0,129.0,0.3804347826086957,0.6413043478260869,0.6902173913043478
346,0.6127946127946128,0.1414141414141414,0.04713804713804714,0.19865319865319866,0.8013468013468014,0.18855218855218855,169.0,113.0,0.41420118343195267,0.5976331360946746,0.6686390532544378
347,0.5622895622895623,0.16498316498316498,0.06397306397306397,0.20875420875420875,0.7912457912457912,0.22895622895622897,181.0,122.0,0.39226519337016574,0.6077348066298343,0.6740331491712708
348,0.5589225589225589,0.16835016835016836,0.05723905723905724,0.21548821548821548,0.7845117845117845,0.2255892255892256,185.0,131.0,0.372972972972973,0.6054054054054054,0.6702702702702703
349,0.5084175084175084,0.18855218855218855,0.037037037037037035,0.265993265993266,0.734006734006734,0.2255892255892256,193.0,144.0,0.36787564766839376,0.6010362694300518,0.6373056994818653
350,0.5656565656565656,0.18181818181818182,0.037037037037037035,0.21548821548821548,0.7845117845117845,0.21885521885521886,193.0,144.0,0.39378238341968913,0.6269430051813472,0.6787564766839378
351,0.48148148148148145,0.2053872053872054,0.05723905723905724,0.2558922558922559,0.7441077441077442,0.26262626262626265,192.0,138.0,0.3333333333333333,0.5833333333333334,0.6458333333333334
352,0.5151515151515151,0.19528619528619529,0.04713804713804714,0.24242424242424243,0.7575757575757576,0.24242424242424243,201.0,147.0,0.3582089552238806,0.5970149253731343,0.6567164179104478
353,0.5858585858585859,0.1447811447811448,0.03367003367003367,0.2356902356902357,0.7643097643097643,0.17845117845117844,189.0,140.0,0.4074074074074074,0.6031746031746031,0.6455026455026455
354,0.5488215488215489,0.18518518518518517,0.03367003367003367,0.23232323232323232,0.7676767676767676,0.21885521885521886,189.0,139.0,0.37037037037037035,0.5925925925925926,0.6402116402116402
355,0.5353535353535354,0.17845117845117844,0.04377104377104377,0.24242424242424243,0.7575757575757576,0.2222222222222222,200.0,149.0,0.38,0.6,0.655
356,0.5757575757575758,0.18181818181818182,0.06397306397306397,0.17845117845117844,0.8215488215488216,0.24579124579124578,184.0,128.0,0.4076086956521739,0.6521739130434783,0.7228260869565217
357,0.5824915824915825,0.15151515151515152,0.05723905723905724,0.20875420875420875,0.7912457912457912,0.20875420875420875,184.0,127.0,0.40217391304347827,0.6032608695652174,0.6793478260869565
358,0.5589225589225589,0.1750841750841751,0.050505050505050504,0.21548821548821548,0.7845117845117845,0.2255892255892256,185.0,130.0,0.3783783783783784,0.6,0.6756756756756757
359,0.5723905723905723,0.17845117845117844,0.037037037037037035,0.21212121212121213,0.7878787878787878,0.21548821548821548,183.0,128.0,0.3879781420765027,0.6010928961748634,0.6612021857923497
360,0.5286195286195287,0.20202020202020202,0.05387205387205387,0.21548821548821548,0.7845117845117845,0.2558922558922559,185.0,134.0,0.34594594594594597,0.6108108108108108,0.6756756756756757
361,0.5252525252525253,0.16161616161616163,0.05723905723905724,0.2558922558922559,0.7441077441077442,0.21885521885521886,193.0,138.0,0.37823834196891193,0.5958549222797928,0.6476683937823834
362,0.5589225589225589,0.16498316498316498,0.05387205387205387,0.2222222222222222,0.7777777777777778,0.21885521885521886,181.0,123.0,0.3701657458563536,0.6132596685082873,0.6795580110497238
363,0.5757575757575758,0.1447811447811448,0.08080808080808081,0.19865319865319866,0.8013468013468014,0.2255892255892256,186.0,129.0,0.4032258064516129,0.6075268817204301,0.7150537634408602
364,0.5185185185185185,0.17845117845117844,0.06060606060606061,0.24242424242424243,0.7575757575757576,0.23905723905723905,200.0,155.0,0.355,0.59,0.65
365,0.5218855218855218,0.1717171717171717,0.06397306397306397,0.24242424242424243,0.7575757575757576,0.2356902356902357,194.0,143.0,0.3556701030927835,0.5721649484536082,0.6443298969072165
366,0.5622895622895623,0.16835016835016836,0.05723905723905724,0.21212121212121213,0.7878787878787878,0.2255892255892256,187.0,143.0,0.3850267379679144,0.5989304812834224,0.6737967914438503
367,0.5993265993265994,0.1717171717171717,0.04713804713804714,0.18181818181818182,0.8181818181818182,0.21885521885521886,170.0,116.0,0.40588235294117647,0.6294117647058823,0.7
368,0.5420875420875421,0.20875420875420875,0.050505050505050504,0.19865319865319866,0.8013468013468014,0.25925925925925924,187.0,131.0,0.3689839572192513,0.6363636363636364,0.7005347593582888
369,0.5050505050505051,0.15824915824915825,0.05387205387205387,0.2828282828282828,0.7171717171717171,0.21212121212121213,194.0,145.0,0.3402061855670103,0.5360824742268041,0.5927835051546392
370,0.5521885521885522,0.18181818181818182,0.05723905723905724,0.20875420875420875,0.7912457912457912,0.23905723905723905,191.0,141.0,0.387434554973822,0.6282722513089005,0.7015706806282722
371,0.5286195286195287,0.20875420875420875,0.06060606060606061,0.20202020202020202,0.797979797979798,0.26936026936026936,179.0,124.0,0.3407821229050279,0.5810055865921788,0.6759776536312849
372,0.5218855218855218,0.1717171717171717,0.05723905723905724,0.24915824915824916,0.7508417508417509,0.22895622895622897,196.0,139.0,0.3673469387755102,0.5918367346938775,0.6479591836734694
373,0.5791245791245792,0.16498316498316498,0.05387205387205387,0.20202020202020202,0.797979797979798,0.21885521885521886,177.0,116.0,0.4406779661016949,0.632768361581921,0.6892655367231638
374,0.5420875420875421,0.13804713804713806,0.050505050505050504,0.26936026936026936,0.7306397306397306,0.18855218855218855,194.0,140.0,0.37628865979381443,0.5567010309278351,0.6288659793814433
375,0.5892255892255892,0.16835016835016836,0.037037037037037035,0.2053872053872054,0.7946127946127947,0.2053872053872054,183.0,128.0,0.41530054644808745,0.6338797814207651,0.6885245901639344
376,0.5555555555555556,0.1919191919191919,0.04040404040404041,0.21212121212121213,0.7878787878787878,0.23232323232323232,195.0,142.0,0.38461538461538464,0.6410256410256411,0.6923076923076923
377,0.6094276094276094,0.13468013468013468,0.04040404040404041,0.21548821548821548,0.7845117845117845,0.1750841750841751,180.0,126.0,0.42777777777777776,0.6277777777777778,0.6833333333333333
378,0.531986531986532,0.18181818181818182,0.06397306397306397,0.2222222222222222,0.7777777777777778,0.24579124579124578,198.0,153.0,0.36363636363636365,0.5959595959595959,0.6717171717171717
379,0.5185185185185185,0.16835016835016836,0.04713804713804714,0.265993265993266,0.734006734006734,0.21548821548821548,189.0,137.0,0.3544973544973545,0.5502645502645502,0.6190476190476191
380,0.5387205387205387,0.18181818181818182,0.04377104377104377,0.2356902356902357,0.7643097643097643,0.2255892255892256,187.0,129.0,0.3689839572192513,0.5989304812834224,0.6577540106951871
381,0.5555555555555556,0.18181818181818182,0.02356902356902357,0.23905723905723905,0.7609427609427609,0.2053872053872054,181.0,128.0,0.3701657458563536,0.5966850828729282,0.6298342541436464
382,0.5353535353535354,0.19528619528619529,0.03367003367003367,0.2356902356902357,0.7643097643097643,0.22895622895622897,188.0,137.0,0.34574468085106386,0.5904255319148937,0.6382978723404256
383,0.5185185185185185,0.17845117845117844,0.03367003367003367,0.26936026936026936,0.7306397306397306,0.21212121212121213,192.0,140.0,0.3489583333333333,0.578125,0.6197916666666666
384,0.5824915824915825,0.12121212121212122,0.0707070707070707,0.2255892255892256,0.7744107744107744,0.1919191919191919,194.0,144.0,0.39690721649484534,0.5721649484536082,0.6649484536082474
385,0.5286195286195287,0.18181818181818182,0.05387205387205387,0.2356902356902357,0.7643097643097643,0.2356902356902357,189.0,131.0,0.36507936507936506,0.582010582010582,0.6613756613756614
386,0.5286195286195287,0.18518518518518517,0.02356902356902357,0.26262626262626265,0.7373737373737373,0.20875420875420875,190.0,140.0,0.35789473684210527,0.5789473684210527,0.6105263157894737
387,0.531986531986532,0.1919191919191919,0.030303030303030304,0.24579124579124578,0.7542087542087542,0.2222222222222222,196.0,142.0,0.37755102040816324,0.5969387755102041,0.6428571428571429
388,0.5420875420875421,0.18855218855218855,0.03367003367003367,0.2356902356902357,0.7643097643097643,0.2222222222222222,178.0,122.0,0.3539325842696629,0.5786516853932584,0.6235955056179775
389,0.5252525252525253,0.1750841750841751,0.06060606060606061,0.23905723905723905,0.7609427609427609,0.2356902356902357,187.0,135.0,0.3422459893048128,0.5614973262032086,0.6417112299465241
390,0.5016835016835017,0.20875420875420875,0.03367003367003367,0.2558922558922559,0.7441077441077442,0.24242424242424243,196.0,152.0,0.34183673469387754,0.5867346938775511,0.6326530612244898
391,0.5488215488215489,0.20875420875420875,0.04377104377104377,0.19865319865319866,0.8013468013468014,0.25252525252525254,186.0,134.0,0.3763440860215054,0.6451612903225806,0.7043010752688172
392,0.5454545454545454,0.19528619528619529,0.06397306397306397,0.19528619528619529,0.8047138047138047,0.25925925925925924,199.0,147.0,0.3768844221105528,0.628140703517588,0.7185929648241206
393,0.5454545454545454,0.2053872053872054,0.037037037037037035,0.21212121212121213,0.7878787878787878,0.24242424242424243,200.0,157.0,0.365,0.63,0.685
394,0.6127946127946128,0.15824915824915825,0.05723905723905724,0.1717171717171717,0.8282828282828283,0.21548821548821548,184.0,135.0,0.45652173913043476,0.6630434782608695,0.7336956521739131
395,0.5959595959595959,0.1919191919191919,0.026936026936026935,0.18518518518518517,0.8148148148148148,0.21885521885521886,179.0,126.0,0.41899441340782123,0.6703910614525139,0.6983240223463687
396,0.569023569023569,0.1919191919191919,0.06397306397306397,0.1750841750841751,0.8249158249158249,0.2558922558922559,191.0,132.0,0.39790575916230364,0.6544502617801047,0.7329842931937173
397,0.5723905723905723,0.1717171717171717,0.0707070707070707,0.18518518518518517,0.8148148148148148,0.24242424242424243,187.0,140.0,0.39037433155080214,0.6310160427807486,0.7165775401069518
398,0.5521885521885522,0.19528619528619529,0.03367003367003367,0.21885521885521886,0.7811447811447811,0.22895622895622897,183.0,128.0,0.3989071038251366,0.6174863387978142,0.6612021857923497
399,0.531986531986532,0.18181818181818182,0.050505050505050504,0.2356902356902357,0.7643097643097643,0.23232323232323232,199.0,147.0,0.3768844221105528,0.5879396984924623,0.6482412060301508
400,0.6094276094276094,0.16835016835016836,0.02356902356902357,0.19865319865319866,0.8013468013468014,0.1919191919191919,173.0,115.0,0.43352601156069365,0.6473988439306358,0.6878612716763006
401,0.6026936026936027,0.13804713804713806,0.04713804713804714,0.21212121212121213,0.7878787878787878,0.18518518518518517,186.0,134.0,0.41397849462365593,0.6075268817204301,0.6827956989247311
402,0.5117845117845118,0.18181818181818182,0.05723905723905724,0.24915824915824916,0.7508417508417509,0.23905723905723905,194.0,143.0,0.36082474226804123,0.5670103092783505,0.6391752577319587
403,0.5892255892255892,0.1750841750841751,0.04040404040404041,0.19528619528619529,0.8047138047138047,0.21548821548821548,185.0,129.0,0.42162162162162165,0.6486486486486487,0.7027027027027027
404,0.5420875420875421,0.16835016835016836,0.03367003367003367,0.2558922558922559,0.7441077441077442,0.20202020202020202,189.0,136.0,0.36507936507936506,0.5661375661375662,0.6137566137566137
405,0.5622895622895623,0.16835016835016836,0.0707070707070707,0.19865319865319866,0.8013468013468014,0.23905723905723905,196.0,146.0,0.413265306122449,0.6275510204081632,0.6989795918367347
406,0.5791245791245792,0.18518518518518517,0.030303030303030304,0.2053872053872054,0.7946127946127947,0.21548821548821548,190.0,136.0,0.41578947368421054,0.6578947368421053,0.7
407,0.531986531986532,0.20202020202020202,0.04713804713804714,0.21885521885521886,0.7811447811447811,0.24915824915824916,190.0,140.0,0.37894736842105264,0.6157894736842106,0.6789473684210526
408,0.5353535353535354,0.1919191919191919,0.037037037037037035,0.2356902356902357,0.7643097643097643,0.22895622895622897,187.0,130.0,0.37433155080213903,0.5989304812834224,0.6524064171122995
409,0.5286195286195287,0.1750841750841751,0.05723905723905724,0.23905723905723905,0.7609427609427609,0.23232323232323232,192.0,134.0,0.3541666666666667,0.5677083333333334,0.6354166666666666
410,0.5892255892255892,0.12794612794612795,0.037037037037037035,0.24579124579124578,0.7542087542087542,0.16498316498316498,186.0,131.0,0.3978494623655914,0.5860215053763441,0.6451612903225806
411,0.5555555555555556,0.16498316498316498,0.06060606060606061,0.21885521885521886,0.7811447811447811,0.2255892255892256,194.0,144.0,0.3711340206185567,0.5927835051546392,0.6701030927835051
412,0.569023569023569,0.16498316498316498,0.050505050505050504,0.21548821548821548,0.7845117845117845,0.21548821548821548,171.0,117.0,0.391812865497076,0.5964912280701754,0.6549707602339181
413,0.5993265993265994,0.15488215488215487,0.05723905723905724,0.18855218855218855,0.8114478114478114,0.21212121212121213,179.0,127.0,0.4134078212290503,0.6256983240223464,0.7039106145251397
414,0.48484848484848486,0.2053872053872054,0.03367003367003367,0.2760942760942761,0.7239057239057239,0.23905723905723905,202.0,151.0,0.3316831683168317,0.5693069306930693,0.6138613861386139
415,0.531986531986532,0.19528619528619529,0.06734006734006734,0.2053872053872054,0.7946127946127947,0.26262626262626265,184.0,131.0,0.3641304347826087,0.6086956521739131,0.6847826086956522
416,0.5622895622895623,0.19528619528619529,0.04040404040404041,0.20202020202020202,0.797979797979798,0.2356902356902357,187.0,140.0,0.37967914438502676,0.6310160427807486,0.6844919786096256
417,0.5925925925925926,0.16498316498316498,0.04377104377104377,0.19865319865319866,0.8013468013468014,0.20875420875420875,182.0,130.0,0.4010989010989011,0.6373626373626373,0.6978021978021978
418,0.5555555555555556,0.17845117845117844,0.04377104377104377,0.2222222222222222,0.7777777777777778,0.2222222222222222,190.0,135.0,0.3684210526315789,0.6052631578947368,0.6631578947368421
419,0.5555555555555556,0.18518518518518517,0.05387205387205387,0.2053872053872054,0.7946127946127947,0.23905723905723905,174.0,123.0,0.40229885057471265,0.6149425287356322,0.6839080459770115
420,0.49158249158249157,0.20875420875420875,0.050505050505050504,0.24915824915824916,0.7508417508417509,0.25925925925925924,198.0,143.0,0.32323232323232326,0.5909090909090909,0.6616161616161617
421,0.5723905723905723,0.17845117845117844,0.030303030303030304,0.21885521885521886,0.7811447811447811,0.20875420875420875,182.0,132.0,0.3901098901098901,0.6208791208791209,0.6648351648351648
422,0.5589225589225589,0.1919191919191919,0.030303030303030304,0.21885521885521886,0.7811447811447811,0.2222222222222222,187.0,133.0,0.39037433155080214,0.6310160427807486,0.6684491978609626
423,0.5656565656565656,0.1750841750841751,0.04040404040404041,0.21885521885521886,0.7811447811447811,0.21548821548821548,183.0,125.0,0.39344262295081966,0.6174863387978142,0.6775956284153005
424,0.494949494949495,0.2053872053872054,0.02356902356902357,0.2760942760942761,0.7239057239057239,0.22895622895622897,193.0,143.0,0.34196891191709844,0.5958549222797928,0.6321243523316062
425,0.5252525252525253,0.15824915824915825,0.04713804713804714,0.26936026936026936,0.7306397306397306,0.2053872053872054,201.0,153.0,0.35323383084577115,0.5472636815920398,0.6169154228855721
426,0.5622895622895623,0.1414141414141414,0.030303030303030304,0.265993265993266,0.734006734006734,0.1717171717171717,190.0,140.0,0.3631578947368421,0.5631578947368421,0.6105263157894737
427,0.5252525252525253,0.16498316498316498,0.04713804713804714,0.26262626262626265,0.7373737373737373,0.21212121212121213,191.0,139.0,0.36649214659685864,0.5706806282722513,0.6230366492146597
428,0.5218855218855218,0.17845117845117844,0.04377104377104377,0.2558922558922559,0.7441077441077442,0.2222222222222222,196.0,147.0,0.34183673469387754,0.5714285714285714,0.6377551020408163
429,0.5286195286195287,0.19528619528619529,0.06397306397306397,0.21212121212121213,0.7878787878787878,0.25925925925925924,194.0,144.0,0.38144329896907214,0.634020618556701,0.711340206185567
430,0.5050505050505051,0.1919191919191919,0.05723905723905724,0.24579124579124578,0.7542087542087542,0.24915824915824916,192.0,142.0,0.3489583333333333,0.5833333333333334,0.640625
431,0.5151515151515151,0.17845117845117844,0.03367003367003367,0.2727272727272727,0.7272727272727273,0.21212121212121213,197.0,148.0,0.3401015228426396,0.5685279187817259,0.6142131979695431
432,0.5521885521885522,0.1447811447811448,0.06734006734006734,0.2356902356902357,0.7643097643097643,0.21212121212121213,187.0,128.0,0.37967914438502676,0.5721925133689839,0.6684491978609626
433,0.5656565656565656,0.16498316498316498,0.04713804713804714,0.2222222222222222,0.7777777777777778,0.21212121212121213,190.0,144.0,0.38421052631578945,0.6,0.6578947368421053
434,0.5993265993265994,0.1447811447811448,0.04040404040404041,0.21548821548821548,0.7845117845117845,0.18518518518518517,184.0,131.0,0.391304347826087,0.6032608695652174,0.6630434782608695
435,0.5622895622895623,0.16835016835016836,0.06734006734006734,0.20202020202020202,0.797979797979798,0.2356902356902357,189.0,131.0,0.3915343915343915,0.6137566137566137,0.708994708994709
436,0.531986531986532,0.16835016835016836,0.05723905723905724,0.24242424242424243,0.7575757575757576,0.2255892255892256,196.0,148.0,0.3673469387755102,0.5867346938775511,0.6683673469387755
437,0.5521885521885522,0.18518518518518517,0.04040404040404041,0.2222222222222222,0.7777777777777778,0.2255892255892256,194.0,143.0,0.36597938144329895,0.6185567010309279,0.6804123711340206
438,0.5757575757575758,0.16498316498316498,0.050505050505050504,0.20875420875420875,0.7912457912457912,0.21548821548821548,188.0,137.0,0.4095744680851064,0.6170212765957447,0.6808510638297872
439,0.6026936026936027,0.16835016835016836,0.05723905723905724,0.1717171717171717,0.8282828282828283,0.2255892255892256,178.0,118.0,0.43258426966292135,0.6573033707865169,0.7303370786516854
440,0.5824915824915825,0.13468013468013468,0.04713804713804714,0.2356902356902357,0.7643097643097643,0.18181818181818182,189.0,130.0,0.4074074074074074,0.582010582010582,0.6507936507936508
441,0.5387205387205387,0.1750841750841751,0.05723905723905724,0.22895622895622897,0.7710437710437711,0.23232323232323232,186.0,126.0,0.3602150537634409,0.5752688172043011,0.6559139784946236
442,0.5185185185185185,0.20875420875420875,0.05387205387205387,0.21885521885521886,0.7811447811447811,0.26262626262626265,195.0,144.0,0.358974358974359,0.6153846153846154,0.6923076923076923
443,0.6094276094276094,0.18518518518518517,0.03367003367003367,0.1717171717171717,0.8282828282828283,0.21885521885521886,163.0,101.0,0.4110429447852761,0.6625766871165644,0.7116564417177914
444,0.6060606060606061,0.16161616161616163,0.04713804713804714,0.18518518518518517,0.8148148148148148,0.20875420875420875,174.0,116.0,0.42528735632183906,0.6436781609195402,0.7068965517241379
445,0.5387205387205387,0.18181818181818182,0.030303030303030304,0.24915824915824916,0.7508417508417509,0.21212121212121213,199.0,147.0,0.3768844221105528,0.6130653266331658,0.6482412060301508
446,0.5084175084175084,0.19865319865319866,0.04040404040404041,0.25252525252525254,0.7474747474747475,0.23905723905723905,196.0,150.0,0.35714285714285715,0.5867346938775511,0.6326530612244898
447,0.5521885521885522,0.1919191919191919,0.037037037037037035,0.21885521885521886,0.7811447811447811,0.22895622895622897,177.0,120.0,0.3785310734463277,0.615819209039548,0.6779661016949152
448,0.5723905723905723,0.18855218855218855,0.037037037037037035,0.20202020202020202,0.797979797979798,0.2255892255892256,176.0,120.0,0.3977272727272727,0.6477272727272727,0.6818181818181818
449,0.5589225589225589,0.15488215488215487,0.050505050505050504,0.2356902356902357,0.7643097643097643,0.2053872053872054,192.0,144.0,0.3697916666666667,0.5833333333333334,0.6510416666666666
450,0.5521885521885522,0.1717171717171717,0.04377104377104377,0.23232323232323232,0.7676767676767676,0.21548821548821548,188.0,134.0,0.3776595744680851,0.5797872340425532,0.648936170212766
451,0.5420875420875421,0.17845117845117844,0.03367003367003367,0.24579124579124578,0.7542087542087542,0.21212121212121213,186.0,129.0,0.3548387096774194,0.5913978494623656,0.6451612903225806
452,0.5488215488215489,0.17845117845117844,0.05723905723905724,0.21548821548821548,0.7845117845117845,0.2356902356902357,187.0,129.0,0.37967914438502676,0.5989304812834224,0.6737967914438503
453,0.5555555555555556,0.16498316498316498,0.04040404040404041,0.23905723905723905,0.7609427609427609,0.2053872053872054,184.0,132.0,0.3804347826086957,0.5869565217391305,0.6358695652173914
454,0.5555555555555556,0.16835016835016836,0.05387205387205387,0.2222222222222222,0.7777777777777778,0.2222222222222222,190.0,141.0,0.35789473684210527,0.5894736842105263,0.6631578947368421
455,0.569023569023569,0.18181818181818182,0.04713804713804714,0.20202020202020202,0.797979797979798,0.22895622895622897,187.0,137.0,0.39572192513368987,0.6310160427807486,0.6898395721925134
456,0.5589225589225589,0.1447811447811448,0.05387205387205387,0.24242424242424243,0.7575757575757576,0.19865319865319866,185.0,132.0,0.3675675675675676,0.5459459459459459,0.6162162162162163
457,0.5622895622895623,0.1919191919191919,0.03367003367003367,0.21212121212121213,0.7878787878787878,0.2255892255892256,184.0,124.0,0.3858695652173913,0.6141304347826086,0.6630434782608695
458,0.531986531986532,0.20202020202020202,0.06060606060606061,0.2053872053872054,0.7946127946127947,0.26262626262626265,196.0,137.0,0.39285714285714285,0.6326530612244898,0.7142857142857143
459,0.5656565656565656,0.1919191919191919,0.037037037037037035,0.2053872053872054,0.7946127946127947,0.22895622895622897,177.0,122.0,0.4011299435028249,0.615819209039548,0.672316384180791
460,0.5993265993265994,0.16498316498316498,0.03367003367003367,0.20202020202020202,0.797979797979798,0.19865319865319866,182.0,126.0,0.4230769230769231,0.6428571428571429,0.6868131868131868
461,0.5488215488215489,0.16498316498316498,0.04713804713804714,0.23905723905723905,0.7609427609427609,0.21212121212121213,194.0,143.0,0.37628865979381443,0.5824742268041238,0.6443298969072165
462,0.5454545454545454,0.15488215488215487,0.04713804713804714,0.25252525252525254,0.7474747474747475,0.20202020202020202,194.0,142.0,0.3556701030927835,0.5567010309278351,0.6237113402061856
463,0.5286195286195287,0.1717171717171717,0.04377104377104377,0.2558922558922559,0.7441077441077442,0.21548821548821548,195.0,146.0,0.36923076923076925,0.5794871794871795,0.6256410256410256
464,0.5622895622895623,0.18855218855218855,0.04377104377104377,0.2053872053872054,0.7946127946127947,0.23232323232323232,192.0,137.0,0.390625,0.625,0.6875
465,0.5454545454545454,0.18181818181818182,0.04713804713804714,0.2255892255892256,0.7744107744107744,0.22895622895622897,197.0,153.0,0.38578680203045684,0.6345177664974619,0.6751269035532995
466,0.6026936026936027,0.1447811447811448,0.05387205387205387,0.19865319865319866,0.8013468013468014,0.19865319865319866,177.0,124.0,0.4011299435028249,0.5988700564971752,0.672316384180791
467,0.6026936026936027,0.18518518518518517,0.020202020202020204,0.1919191919191919,0.8080808080808081,0.2053872053872054,175.0,120.0,0.4228571428571429,0.6685714285714286,0.7028571428571428
468,0.5791245791245792,0.14814814814814814,0.050505050505050504,0.2222222222222222,0.7777777777777778,0.19865319865319866,182.0,127.0,0.38461538461538464,0.5879120879120879,0.6648351648351648
469,0.569023569023569,0.17845117845117844,0.04377104377104377,0.20875420875420875,0.7912457912457912,0.2222222222222222,183.0,133.0,0.366120218579235,0.6174863387978142,0.6775956284153005
470,0.531986531986532,0.1447811447811448,0.07407407407407407,0.24915824915824916,0.7508417508417509,0.21885521885521886,193.0,143.0,0.35751295336787564,0.5647668393782384,0.6476683937823834
471,0.5589225589225589,0.19528619528619529,0.050505050505050504,0.19528619528619529,0.8047138047138047,0.24579124579124578,179.0,121.0,0.39106145251396646,0.6145251396648045,0.6871508379888268
472,0.5454545454545454,0.1750841750841751,0.04713804713804714,0.23232323232323232,0.7676767676767676,0.2222222222222222,190.0,139.0,0.39473684210526316,0.6210526315789474,0.6631578947368421
473,0.5286195286195287,0.17845117845117844,0.04377104377104377,0.24915824915824916,0.7508417508417509,0.2222222222222222,191.0,139.0,0.35602094240837695,0.5759162303664922,0.6282722513089005
474,0.569023569023569,0.17845117845117844,0.04040404040404041,0.21212121212121213,0.7878787878787878,0.21885521885521886,182.0,135.0,0.3626373626373626,0.6043956043956044,0.6593406593406593
475,0.5084175084175084,0.1919191919191919,0.037037037037037035,0.26262626262626265,0.7373737373737373,0.22895622895622897,192.0,144.0,0.3385416666666667,0.5833333333333334,0.6302083333333334
476,0.5454545454545454,0.14814814814814814,0.04713804713804714,0.25925925925925924,0.7407407407407407,0.19528619528619529,192.0,148.0,0.34375,0.546875,0.6145833333333334
477,0.5589225589225589,0.15151515151515152,0.050505050505050504,0.23905723905723905,0.7609427609427609,0.20202020202020202,189.0,142.0,0.38095238095238093,0.5767195767195767,0.6455026455026455
478,0.5387205387205387,0.19528619528619529,0.03367003367003367,0.23232323232323232,0.7676767676767676,0.22895622895622897,193.0,141.0,0.38860103626943004,0.616580310880829,0.6580310880829016
479,0.531986531986532,0.2222222222222222,0.04713804713804714,0.19865319865319866,0.8013468013468014,0.26936026936026936,189.0,132.0,0.36507936507936506,0.656084656084656,0.7195767195767195
480,0.5050505050505051,0.18518518518518517,0.07407407407407407,0.2356902356902357,0.7643097643097643,0.25925925925925924,195.0,144.0,0.3487179487179487,0.5743589743589743,0.6615384615384615
481,0.5387205387205387,0.19528619528619529,0.04040404040404041,0.2255892255892256,0.7744107744107744,0.2356902356902357,192.0,141.0,0.3854166666666667,0.6197916666666666,0.671875
482,0.5656565656565656,0.19865319865319866,0.04040404040404041,0.19528619528619529,0.8047138047138047,0.23905723905723905,187.0,132.0,0.40641711229946526,0.6524064171122995,0.7112299465240641
483,0.5521885521885522,0.1919191919191919,0.04040404040404041,0.21548821548821548,0.7845117845117845,0.23232323232323232,198.0,149.0,0.3939393939393939,0.6313131313131313,0.6868686868686869
484,0.5353535353535354,0.19865319865319866,0.030303030303030304,0.2356902356902357,0.7643097643097643,0.22895622895622897,189.0,137.0,0.3386243386243386,0.5978835978835979,0.6349206349206349
485,0.569023569023569,0.16498316498316498,0.026936026936026935,0.23905723905723905,0.7609427609427609,0.1919191919191919,191.0,139.0,0.387434554973822,0.6178010471204188,0.6596858638743456
486,0.5387205387205387,0.1919191919191919,0.026936026936026935,0.24242424242424243,0.7575757575757576,0.21885521885521886,195.0,149.0,0.36923076923076925,0.6358974358974359,0.6615384615384615
487,0.6060606060606061,0.13804713804713806,0.04040404040404041,0.21548821548821548,0.7845117845117845,0.17845117845117844,175.0,121.0,0.4342857142857143,0.6114285714285714,0.6628571428571428
488,0.6060606060606061,0.15151515151515152,0.06060606060606061,0.18181818181818182,0.8181818181818182,0.21212121212121213,186.0,135.0,0.41397849462365593,0.6344086021505376,0.7258064516129032
489,0.5521885521885522,0.19528619528619529,0.037037037037037035,0.21548821548821548,0.7845117845117845,0.23232323232323232,182.0,129.0,0.38461538461538464,0.6208791208791209,0.6813186813186813
490,0.5723905723905723,0.16835016835016836,0.04040404040404041,0.21885521885521886,0.7811447811447811,0.20875420875420875,188.0,138.0,0.3882978723404255,0.6223404255319149,0.6702127659574468
491,0.5016835016835017,0.21212121212121213,0.050505050505050504,0.2356902356902357,0.7643097643097643,0.26262626262626265,194.0,140.0,0.33505154639175255,0.5876288659793815,0.654639175257732
492,0.569023569023569,0.18518518518518517,0.05723905723905724,0.18855218855218855,0.8114478114478114,0.24242424242424243,187.0,131.0,0.39572192513368987,0.6363636363636364,0.7112299465240641
493,0.5016835016835017,0.18855218855218855,0.04040404040404041,0.26936026936026936,0.7306397306397306,0.22895622895622897,197.0,145.0,0.3401015228426396,0.5736040609137056,0.6345177664974619
494,0.5555555555555556,0.15151515151515152,0.06060606060606061,0.23232323232323232,0.7676767676767676,0.21212121212121213,190.0,143.0,0.3736842105263158,0.5736842105263158,0.6578947368421053
495,0.5488215488215489,0.13804713804713806,0.04040404040404041,0.2727272727272727,0.7272727272727273,0.17845117845117844,183.0,127.0,0.3825136612021858,0.5628415300546448,0.6065573770491803
496,0.5555555555555556,0.16498316498316498,0.06397306397306397,0.21548821548821548,0.7845117845117845,0.22895622895622897,192.0,138.0,0.375,0.5885416666666666,0.6770833333333334
497,0.5218855218855218,0.19865319865319866,0.04713804713804714,0.23232323232323232,0.7676767676767676,0.24579124579124578,202.0,155.0,0.3613861386138614,0.6089108910891089,0.6683168316831684
498,0.5185185185185185,0.2053872053872054,0.04713804713804714,0.22895622895622897,0.7710437710437711,0.25252525252525254,196.0,137.0,0.37755102040816324,0.6173469387755102,0.6836734693877551
499,0.5791245791245792,0.16161616161616163,0.030303030303030304,0.22895622895622897,0.7710437710437711,0.1919191919191919,185.0,140.0,0.3891891891891892,0.6108108108108108,0.6432432432432432
500,0.5723905723905723,0.1750841750841751,0.04713804713804714,0.2053872053872054,0.7946127946127947,0.2222222222222222,181.0,130.0,0.3867403314917127,0.6077348066298343,0.6795580110497238
501,0.5286195286195287,0.20202020202020202,0.02356902356902357,0.24579124579124578,0.7542087542087542,0.2255892255892256,189.0,141.0,0.3544973544973545,0.6190476190476191,0.6507936507936508
502,0.5791245791245792,0.16835016835016836,0.05387205387205387,0.19865319865319866,0.8013468013468014,0.2222222222222222,179.0,123.0,0.40782122905027934,0.6201117318435754,0.6871508379888268
503,0.5824915824915825,0.14814814814814814,0.04040404040404041,0.22895622895622897,0.7710437710437711,0.18855218855218855,190.0,143.0,0.39473684210526316,0.5894736842105263,0.6473684210526316
504,0.5656565656565656,0.1414141414141414,0.03367003367003367,0.25925925925925924,0.7407407407407407,0.1750841750841751,183.0,132.0,0.36065573770491804,0.5519125683060109,0.6065573770491803
505,0.5353535353535354,0.18855218855218855,0.050505050505050504,0.2255892255892256,0.7744107744107744,0.23905723905723905,196.0,146.0,0.3979591836734694,0.6224489795918368,0.6836734693877551
506,0.569023569023569,0.1750841750841751,0.05723905723905724,0.19865319865319866,0.8013468013468014,0.23232323232323232,192.0,139.0,0.4010416666666667,0.6302083333333334,0.6979166666666666
507,0.494949494949495,0.21885521885521886,0.05387205387205387,0.23232323232323232,0.7676767676767676,0.2727272727272727,189.0,133.0,0.36507936507936506,0.6137566137566137,0.6825396825396826
508,0.5353535353535354,0.1717171717171717,0.04377104377104377,0.24915824915824916,0.7508417508417509,0.21548821548821548,192.0,139.0,0.359375,0.5729166666666666,0.6302083333333334
509,0.5892255892255892,0.1717171717171717,0.04713804713804714,0.1919191919191919,0.8080808080808081,0.21885521885521886,187.0,130.0,0.4385026737967914,0.6470588235294118,0.7058823529411765
510,0.531986531986532,0.16498316498316498,0.04040404040404041,0.26262626262626265,0.7373737373737373,0.2053872053872054,201.0,155.0,0.3582089552238806,0.5671641791044776,0.6218905472636815
511,0.5185185185185185,0.20202020202020202,0.026936026936026935,0.25252525252525254,0.7474747474747475,0.22895622895622897,192.0,143.0,0.3229166666666667,0.578125,0.6145833333333334
512,0.5589225589225589,0.18181818181818182,0.06397306397306397,0.19528619528619529,0.8047138047138047,0.24579124579124578,197.0,149.0,0.39086294416243655,0.6294416243654822,0.7106598984771574
513,0.5218855218855218,0.16835016835016836,0.04377104377104377,0.265993265993266,0.734006734006734,0.21212121212121213,199.0,149.0,0.35175879396984927,0.5678391959798995,0.628140703517588
514,0.5488215488215489,0.1750841750841751,0.04377104377104377,0.23232323232323232,0.7676767676767676,0.21885521885521886,183.0,118.0,0.3825136612021858,0.6010928961748634,0.6666666666666666
515,0.5555555555555556,0.16835016835016836,0.04713804713804714,0.22895622895622897,0.7710437710437711,0.21548821548821548,172.0,114.0,0.36627906976744184,0.5697674418604651,0.627906976744186
516,0.5420875420875421,0.16161616161616163,0.04040404040404041,0.2558922558922559,0.7441077441077442,0.20202020202020202,194.0,146.0,0.36597938144329895,0.5618556701030928,0.6237113402061856
517,0.5286195286195287,0.16498316498316498,0.0707070707070707,0.2356902356902357,0.7643097643097643,0.2356902356902357,195.0,138.0,0.4,0.6102564102564103,0.6666666666666666
518,0.5218855218855218,0.15824915824915825,0.06397306397306397,0.2558922558922559,0.7441077441077442,0.2222222222222222,191.0,139.0,0.3507853403141361,0.5392670157068062,0.6178010471204188
519,0.5521885521885522,0.16161616161616163,0.03367003367003367,0.25252525252525254,0.7474747474747475,0.19528619528619529,180.0,126.0,0.36666666666666664,0.5666666666666667,0.6166666666666667
520,0.5757575757575758,0.16161616161616163,0.05387205387205387,0.20875420875420875,0.7912457912457912,0.21548821548821548,178.0,119.0,0.4044943820224719,0.6123595505617978,0.6853932584269663
521,0.5589225589225589,0.17845117845117844,0.04377104377104377,0.21885521885521886,0.7811447811447811,0.2222222222222222,193.0,146.0,0.38341968911917096,0.6062176165803109,0.6632124352331606
522,0.5420875420875421,0.20202020202020202,0.02356902356902357,0.23232323232323232,0.7676767676767676,0.2255892255892256,186.0,129.0,0.3817204301075269,0.6290322580645161,0.6666666666666666
523,0.5555555555555556,0.15151515151515152,0.04713804713804714,0.24579124579124578,0.7542087542087542,0.19865319865319866,179.0,119.0,0.36312849162011174,0.5698324022346368,0.6312849162011173
524,0.5286195286195287,0.17845117845117844,0.05723905723905724,0.2356902356902357,0.7643097643097643,0.2356902356902357,193.0,146.0,0.34196891191709844,0.5699481865284974,0.6528497409326425
525,0.5488215488215489,0.1717171717171717,0.04713804713804714,0.23232323232323232,0.7676767676767676,0.21885521885521886,194.0,141.0,0.3917525773195876,0.6030927835051546,0.6649484536082474
526,0.5757575757575758,0.15824915824915825,0.06397306397306397,0.20202020202020202,0.797979797979798,0.2222222222222222,184.0,136.0,0.41304347826086957,0.6032608695652174,0.6847826086956522
527,0.5824915824915825,0.17845117845117844,0.04713804713804714,0.1919191919191919,0.8080808080808081,0.2255892255892256,177.0,122.0,0.3898305084745763,0.632768361581921,0.7005649717514124
528,0.5488215488215489,0.19528619528619529,0.04040404040404041,0.21548821548821548,0.7845117845117845,0.2356902356902357,194.0,140.0,0.4020618556701031,0.6288659793814433,0.6855670103092784
529,0.5959595959595959,0.13131313131313133,0.037037037037037035,0.2356902356902357,0.7643097643097643,0.16835016835016836,179.0,124.0,0.4301675977653631,0.6201117318435754,0.6759776536312849
530,0.5589225589225589,0.18518518518518517,0.03367003367003367,0.2222222222222222,0.7777777777777778,0.21885521885521886,195.0,139.0,0.40512820512820513,0.6256410256410256,0.6717948717948717
531,0.4983164983164983,0.19865319865319866,0.05387205387205387,0.24915824915824916,0.7508417508417509,0.25252525252525254,202.0,154.0,0.3564356435643564,0.594059405940594,0.6534653465346535
532,0.4781144781144781,0.2255892255892256,0.037037037037037035,0.25925925925925924,0.7407407407407407,0.26262626262626265,194.0,135.0,0.31958762886597936,0.6082474226804123,0.654639175257732
533,0.5622895622895623,0.16161616161616163,0.06397306397306397,0.21212121212121213,0.7878787878787878,0.2255892255892256,190.0,138.0,0.37894736842105264,0.6052631578947368,0.6789473684210526
534,0.5555555555555556,0.16835016835016836,0.0707070707070707,0.2053872053872054,0.7946127946127947,0.23905723905723905,181.0,130.0,0.35911602209944754,0.5911602209944752,0.6795580110497238
535,0.5218855218855218,0.17845117845117844,0.050505050505050504,0.24915824915824916,0.7508417508417509,0.22895622895622897,199.0,147.0,0.36683417085427134,0.5879396984924623,0.6532663316582915
536,0.531986531986532,0.19528619528619529,0.05723905723905724,0.21548821548821548,0.7845117845117845,0.25252525252525254,183.0,134.0,0.3442622950819672,0.6065573770491803,0.6721311475409836
537,0.5252525252525253,0.18855218855218855,0.05723905723905724,0.22895622895622897,0.7710437710437711,0.24579124579124578,192.0,141.0,0.34375,0.578125,0.6614583333333334
538,0.5084175084175084,0.2222222222222222,0.04040404040404041,0.22895622895622897,0.7710437710437711,0.26262626262626265,201.0,153.0,0.38308457711442784,0.6318407960199005,0.6915422885572139
539,0.5959595959595959,0.1919191919191919,0.02356902356902357,0.18855218855218855,0.8114478114478114,0.21548821548821548,185.0,136.0,0.40540540540540543,0.6702702702702703,0.7081081081081081
540,0.5151515151515151,0.16835016835016836,0.06397306397306397,0.25252525252525254,0.7474747474747475,0.23232323232323232,194.0,142.0,0.3711340206185567,0.5876288659793815,0.6597938144329897
541,0.5252525252525253,0.1750841750841751,0.037037037037037035,0.26262626262626265,0.7373737373737373,0.21212121212121213,185.0,126.0,0.35135135135135137,0.5783783783783784,0.6162162162162163
542,0.5521885521885522,0.17845117845117844,0.030303030303030304,0.23905723905723905,0.7609427609427609,0.20875420875420875,180.0,124.0,0.37222222222222223,0.6055555555555555,0.65
543,0.5387205387205387,0.15824915824915825,0.03367003367003367,0.26936026936026936,0.7306397306397306,0.1919191919191919,193.0,140.0,0.38860103626943004,0.5699481865284974,0.6062176165803109
544,0.5050505050505051,0.1717171717171717,0.050505050505050504,0.2727272727272727,0.7272727272727273,0.2222222222222222,206.0,155.0,0.3592233009708738,0.5728155339805825,0.6359223300970874
545,0.5420875420875421,0.19528619528619529,0.02356902356902357,0.23905723905723905,0.7609427609427609,0.21885521885521886,192.0,139.0,0.3802083333333333,0.6145833333333334,0.6510416666666666
546,0.4983164983164983,0.18518518518518517,0.04377104377104377,0.2727272727272727,0.7272727272727273,0.22895622895622897,198.0,144.0,0.35353535353535354,0.5656565656565656,0.6161616161616161
547,0.5218855218855218,0.19528619528619529,0.05723905723905724,0.2255892255892256,0.7744107744107744,0.25252525252525254,189.0,139.0,0.35978835978835977,0.6031746031746031,0.6825396825396826
548,0.5218855218855218,0.16835016835016836,0.05723905723905724,0.25252525252525254,0.7474747474747475,0.2255892255892256,191.0,135.0,0.3612565445026178,0.5706806282722513,0.643979057591623
549,0.5286195286195287,0.16161616161616163,0.08080808080808081,0.22895622895622897,0.7710437710437711,0.24242424242424243,194.0,142.0,0.36597938144329895,0.5721649484536082,0.6649484536082474
550,0.531986531986532,0.19865319865319866,0.050505050505050504,0.21885521885521886,0.7811447811447811,0.24915824915824916,192.0,138.0,0.3697916666666667,0.625,0.6822916666666666
551,0.5185185185185185,0.21885521885521886,0.030303030303030304,0.23232323232323232,0.7676767676767676,0.24915824915824916,196.0,144.0,0.37755102040816324,0.6173469387755102,0.6632653061224489
552,0.5286195286195287,0.19528619528619529,0.02356902356902357,0.25252525252525254,0.7474747474747475,0.21885521885521886,195.0,150.0,0.3435897435897436,0.5948717948717949,0.6307692307692307
553,0.494949494949495,0.1717171717171717,0.06734006734006734,0.265993265993266,0.734006734006734,0.23905723905723905,196.0,145.0,0.32653061224489793,0.5306122448979592,0.6275510204081632
554,0.5353535353535354,0.17845117845117844,0.05723905723905724,0.22895622895622897,0.7710437710437711,0.2356902356902357,183.0,129.0,0.36065573770491804,0.5792349726775956,0.6557377049180327
555,0.5858585858585859,0.17845117845117844,0.030303030303030304,0.2053872053872054,0.7946127946127947,0.20875420875420875,175.0,121.0,0.4057142857142857,0.64,0.6857142857142857
556,0.5858585858585859,0.18855218855218855,0.04040404040404041,0.18518518518518517,0.8148148148148148,0.22895622895622897,180.0,118.0,0.40555555555555556,0.6666666666666666,0.7222222222222222
557,0.5858585858585859,0.13468013468013468,0.06060606060606061,0.21885521885521886,0.7811447811447811,0.19528619528619529,188.0,136.0,0.4148936170212766,0.6063829787234043,0.6861702127659575
558,0.5589225589225589,0.18181818181818182,0.06734006734006734,0.1919191919191919,0.8080808080808081,0.24915824915824916,192.0,142.0,0.3958333333333333,0.6354166666666666,0.7135416666666666
559,0.5521885521885522,0.19865319865319866,0.037037037037037035,0.21212121212121213,0.7878787878787878,0.2356902356902357,195.0,144.0,0.36923076923076925,0.6307692307692307,0.6820512820512821
560,0.5454545454545454,0.15824915824915825,0.06734006734006734,0.22895622895622897,0.7710437710437711,0.2255892255892256,188.0,138.0,0.3617021276595745,0.574468085106383,0.6648936170212766
561,0.5488215488215489,0.18855218855218855,0.04377104377104377,0.21885521885521886,0.7811447811447811,0.23232323232323232,190.0,136.0,0.4,0.6263157894736842,0.6894736842105263
562,0.5656565656565656,0.16835016835016836,0.04713804713804714,0.21885521885521886,0.7811447811447811,0.21548821548821548,195.0,145.0,0.41025641025641024,0.6256410256410256,0.6820512820512821
563,0.5286195286195287,0.15488215488215487,0.06397306397306397,0.25252525252525254,0.7474747474747475,0.21885521885521886,195.0,147.0,0.37948717948717947,0.5487179487179488,0.6358974358974359
564,0.531986531986532,0.18855218855218855,0.05723905723905724,0.2222222222222222,0.7777777777777778,0.24579124579124578,176.0,116.0,0.3977272727272727,0.5965909090909091,0.6534090909090909
565,0.5185185185185185,0.16835016835016836,0.04713804713804714,0.265993265993266,0.734006734006734,0.21548821548821548,205.0,157.0,0.37073170731707317,0.5804878048780487,0.6341463414634146
566,0.5286195286195287,0.19528619528619529,0.04377104377104377,0.23232323232323232,0.7676767676767676,0.23905723905723905,185.0,126.0,0.372972972972973,0.6216216216216216,0.6648648648648648
567,0.5016835016835017,0.2053872053872054,0.05387205387205387,0.23905723905723905,0.7609427609427609,0.25925925925925924,187.0,132.0,0.36363636363636365,0.5882352941176471,0.6470588235294118
568,0.5858585858585859,0.16498316498316498,0.04377104377104377,0.2053872053872054,0.7946127946127947,0.20875420875420875,187.0,138.0,0.40106951871657753,0.6256684491978609,0.6844919786096256
569,0.5723905723905723,0.12794612794612795,0.04377104377104377,0.2558922558922559,0.7441077441077442,0.1717171717171717,180.0,126.0,0.38333333333333336,0.5611111111111111,0.6333333333333333
570,0.5589225589225589,0.1414141414141414,0.04040404040404041,0.25925925925925924,0.7407407407407407,0.18181818181818182,190.0,135.0,0.3684210526315789,0.5736842105263158,0.6263157894736842
571,0.5420875420875421,0.17845117845117844,0.04040404040404041,0.23905723905723905,0.7609427609427609,0.21885521885521886,181.0,124.0,0.36464088397790057,0.574585635359116,0.6298342541436464
572,0.6127946127946128,0.14814814814814814,0.030303030303030304,0.20875420875420875,0.7912457912457912,0.17845117845117844,174.0,123.0,0.40229885057471265,0.6206896551724138,0.6551724137931034
573,0.5959595959595959,0.14814814814814814,0.06060606060606061,0.19528619528619529,0.8047138047138047,0.20875420875420875,177.0,123.0,0.3898305084745763,0.6045197740112994,0.6949152542372882
574,0.5757575757575758,0.15824915824915825,0.02356902356902357,0.24242424242424243,0.7575757575757576,0.18181818181818182,184.0,130.0,0.3967391304347826,0.5978260869565217,0.6304347826086957
575,0.5016835016835017,0.18518518518518517,0.04377104377104377,0.26936026936026936,0.7306397306397306,0.22895622895622897,206.0,159.0,0.33980582524271846,0.5776699029126213,0.6310679611650486
576,0.569023569023569,0.17845117845117844,0.04040404040404041,0.21212121212121213,0.7878787878787878,0.21885521885521886,177.0,127.0,0.384180790960452,0.615819209039548,0.6666666666666666
577,0.5993265993265994,0.16161616161616163,0.02356902356902357,0.21548821548821548,0.7845117845117845,0.18518518518518517,177.0,119.0,0.4350282485875706,0.6440677966101694,0.6779661016949152
578,0.5185185185185185,0.2053872053872054,0.026936026936026935,0.24915824915824916,0.7508417508417509,0.23232323232323232,197.0,145.0,0.36548223350253806,0.6142131979695431,0.6548223350253807
579,0.5488215488215489,0.1750841750841751,0.050505050505050504,0.2255892255892256,0.7744107744107744,0.2255892255892256,189.0,132.0,0.37566137566137564,0.6031746031746031,0.671957671957672
580,0.6060606060606061,0.15151515151515152,0.050505050505050504,0.1919191919191919,0.8080808080808081,0.20202020202020202,170.0,115.0,0.4,0.6235294117647059,0.6941176470588235
581,0.4983164983164983,0.18518518518518517,0.03367003367003367,0.2828282828282828,0.7171717171717171,0.21885521885521886,206.0,159.0,0.35436893203883496,0.5728155339805825,0.6213592233009708
582,0.5454545454545454,0.17845117845117844,0.05723905723905724,0.21885521885521886,0.7811447811447811,0.2356902356902357,181.0,124.0,0.36464088397790057,0.6022099447513812,0.6740331491712708
583,0.531986531986532,0.1919191919191919,0.05387205387205387,0.2222222222222222,0.7777777777777778,0.24579124579124578,186.0,128.0,0.3924731182795699,0.6290322580645161,0.6827956989247311
584,0.5555555555555556,0.1717171717171717,0.04713804713804714,0.2255892255892256,0.7744107744107744,0.21885521885521886,201.0,150.0,0.39303482587064675,0.6069651741293532,0.6716417910447762
585,0.5589225589225589,0.16161616161616163,0.026936026936026935,0.25252525252525254,0.7474747474747475,0.18855218855218855,192.0,141.0,0.40625,0.6145833333333334,0.65625
586,0.5252525252525253,0.19528619528619529,0.06734006734006734,0.21212121212121213,0.7878787878787878,0.26262626262626265,189.0,138.0,0.3492063492063492,0.6031746031746031,0.6825396825396826
587,0.5488215488215489,0.18518518518518517,0.037037037037037035,0.22895622895622897,0.7710437710437711,0.2222222222222222,190.0,136.0,0.3684210526315789,0.6105263157894737,0.6578947368421053
588,0.5488215488215489,0.16835016835016836,0.050505050505050504,0.23232323232323232,0.7676767676767676,0.21885521885521886,183.0,130.0,0.3825136612021858,0.6120218579234973,0.6666666666666666
589,0.5959595959595959,0.14814814814814814,0.026936026936026935,0.22895622895622897,0.7710437710437711,0.1750841750841751,172.0,121.0,0.38372093023255816,0.5755813953488372,0.6162790697674418
590,0.5622895622895623,0.15488215488215487,0.04377104377104377,0.23905723905723905,0.7609427609427609,0.19865319865319866,182.0,129.0,0.38461538461538464,0.6043956043956044,0.6593406593406593
591,0.5993265993265994,0.16161616161616163,0.04040404040404041,0.19865319865319866,0.8013468013468014,0.20202020202020202,187.0,135.0,0.40641711229946526,0.6310160427807486,0.6898395721925134
592,0.5959595959595959,0.13131313131313133,0.037037037037037035,0.2356902356902357,0.7643097643097643,0.16835016835016836,180.0,128.0,0.39444444444444443,0.5777777777777777,0.6277777777777778
593,0.5252525252525253,0.18181818181818182,0.05387205387205387,0.23905723905723905,0.7609427609427609,0.2356902356902357,187.0,135.0,0.3422459893048128,0.5775401069518716,0.6470588235294118
594,0.5387205387205387,0.1919191919191919,0.05723905723905724,0.21212121212121213,0.7878787878787878,0.24915824915824916,189.0,139.0,0.38095238095238093,0.6243386243386243,0.6984126984126984
595,0.5824915824915825,0.13468013468013468,0.030303030303030304,0.25252525252525254,0.7474747474747475,0.16498316498316498,189.0,138.0,0.3968253968253968,0.5714285714285714,0.6190476190476191
596,0.48484848484848486,0.19865319865319866,0.050505050505050504,0.265993265993266,0.734006734006734,0.24915824915824916,197.0,143.0,0.3401015228426396,0.5634517766497462,0.6294416243654822
597,0.5589225589225589,0.16161616161616163,0.050505050505050504,0.22895622895622897,0.7710437710437711,0.21212121212121213,187.0,132.0,0.37433155080213903,0.5882352941176471,0.6577540106951871
598,0.5521885521885522,0.16835016835016836,0.05723905723905724,0.2222222222222222,0.7777777777777778,0.2255892255892256,187.0,134.0,0.37967914438502676,0.5989304812834224,0.6684491978609626
599,0.531986531986532,0.15488215488215487,0.037037037037037035,0.2760942760942761,0.7239057239057239,0.1919191919191919,191.0,144.0,0.35602094240837695,0.5497382198952879,0.5968586387434555
600,0.5589225589225589,0.16161616161616163,0.03367003367003367,0.24579124579124578,0.7542087542087542,0.19528619528619529,190.0,134.0,0.39473684210526316,0.5947368421052631,0.6421052631578947
601,0.569023569023569,0.1717171717171717,0.05723905723905724,0.20202020202020202,0.797979797979798,0.22895622895622897,185.0,131.0,0.40540540540540543,0.6108108108108108,0.6972972972972973
602,0.5959595959595959,0.15151515151515152,0.04377104377104377,0.20875420875420875,0.7912457912457912,0.19528619528619529,181.0,133.0,0.39779005524861877,0.6187845303867403,0.6740331491712708
603,0.5656565656565656,0.1447811447811448,0.04713804713804714,0.24242424242424243,0.7575757575757576,0.1919191919191919,175.0,124.0,0.3657142857142857,0.5542857142857143,0.6171428571428571
604,0.5521885521885522,0.15151515151515152,0.050505050505050504,0.24579124579124578,0.7542087542087542,0.20202020202020202,183.0,127.0,0.39344262295081966,0.5846994535519126,0.644808743169399
605,0.5993265993265994,0.1447811447811448,0.06397306397306397,0.1919191919191919,0.8080808080808081,0.20875420875420875,190.0,143.0,0.4105263157894737,0.6105263157894737,0.7
606,0.5488215488215489,0.13804713804713806,0.050505050505050504,0.26262626262626265,0.7373737373737373,0.18855218855218855,196.0,149.0,0.37244897959183676,0.5612244897959183,0.6326530612244898
607,0.5151515151515151,0.1750841750841751,0.06060606060606061,0.24915824915824916,0.7508417508417509,0.2356902356902357,196.0,148.0,0.3469387755102041,0.5612244897959183,0.6377551020408163
608,0.5488215488215489,0.1750841750841751,0.0707070707070707,0.2053872053872054,0.7946127946127947,0.24579124579124578,187.0,131.0,0.4117647058823529,0.6363636363636364,0.7165775401069518
609,0.5387205387205387,0.20202020202020202,0.04713804713804714,0.21212121212121213,0.7878787878787878,0.24915824915824916,178.0,123.0,0.37640449438202245,0.6123595505617978,0.6741573033707865
610,0.5656565656565656,0.1717171717171717,0.030303030303030304,0.23232323232323232,0.7676767676767676,0.20202020202020202,185.0,133.0,0.3837837837837838,0.6054054054054054,0.6486486486486487
611,0.5757575757575758,0.16498316498316498,0.026936026936026935,0.23232323232323232,0.7676767676767676,0.1919191919191919,180.0,130.0,0.36666666666666664,0.6,0.6388888888888888
612,0.5454545454545454,0.15488215488215487,0.06397306397306397,0.2356902356902357,0.7643097643097643,0.21885521885521886,182.0,136.0,0.37362637362637363,0.5714285714285714,0.6428571428571429
613,0.5656565656565656,0.1919191919191919,0.037037037037037035,0.2053872053872054,0.7946127946127947,0.22895622895622897,187.0,137.0,0.3850267379679144,0.6256684491978609,0.679144385026738
614,0.5454545454545454,0.1717171717171717,0.06060606060606061,0.2222222222222222,0.7777777777777778,0.23232323232323232,188.0,143.0,0.34574468085106386,0.574468085106383,0.6542553191489362
615,0.5353535353535354,0.1750841750841751,0.06397306397306397,0.2255892255892256,0.7744107744107744,0.23905723905723905,194.0,148.0,0.36597938144329895,0.5670103092783505,0.6649484536082474
616,0.5420875420875421,0.13131313131313133,0.04713804713804714,0.27946127946127947,0.7205387205387206,0.17845117845117844,190.0,140.0,0.3473684210526316,0.5157894736842106,0.5842105263157895
617,0.5050505050505051,0.18855218855218855,0.05387205387205387,0.25252525252525254,0.7474747474747475,0.24242424242424243,196.0,146.0,0.35714285714285715,0.576530612244898,0.6479591836734694
618,0.5420875420875421,0.1717171717171717,0.05387205387205387,0.23232323232323232,0.7676767676767676,0.2255892255892256,194.0,141.0,0.38144329896907214,0.5979381443298969,0.6597938144329897
619,0.5286195286195287,0.20875420875420875,0.04040404040404041,0.2222222222222222,0.7777777777777778,0.24915824915824916,197.0,145.0,0.3756345177664975,0.6192893401015228,0.6751269035532995
620,0.5555555555555556,0.16835016835016836,0.04377104377104377,0.23232323232323232,0.7676767676767676,0.21212121212121213,193.0,144.0,0.37823834196891193,0.5906735751295337,0.6528497409326425
621,0.5723905723905723,0.18181818181818182,0.03367003367003367,0.21212121212121213,0.7878787878787878,0.21548821548821548,191.0,138.0,0.4031413612565445,0.6282722513089005,0.675392670157068
622,0.5892255892255892,0.14814814814814814,0.04377104377104377,0.21885521885521886,0.7811447811447811,0.1919191919191919,181.0,131.0,0.40331491712707185,0.6022099447513812,0.6629834254143646
623,0.5218855218855218,0.21885521885521886,0.04713804713804714,0.21212121212121213,0.7878787878787878,0.265993265993266,203.0,146.0,0.3645320197044335,0.6403940886699507,0.6995073891625616
624,0.5050505050505051,0.16498316498316498,0.03367003367003367,0.2962962962962963,0.7037037037037037,0.19865319865319866,191.0,137.0,0.34554973821989526,0.5287958115183246,0.5759162303664922
625,0.531986531986532,0.16835016835016836,0.05723905723905724,0.24242424242424243,0.7575757575757576,0.2255892255892256,192.0,145.0,0.34375,0.5625,0.640625
626,0.569023569023569,0.16835016835016836,0.04377104377104377,0.21885521885521886,0.7811447811447811,0.21212121212121213,180.0,125.0,0.40555555555555556,0.6111111111111112,0.6777777777777778
627,0.5218855218855218,0.20875420875420875,0.04713804713804714,0.2222222222222222,0.7777777777777778,0.2558922558922559,192.0,145.0,0.3333333333333333,0.59375,0.6614583333333334
628,0.5286195286195287,0.18518518518518517,0.06734006734006734,0.21885521885521886,0.7811447811447811,0.25252525252525254,195.0,151.0,0.3384615384615385,0.5897435897435898,0.6820512820512821
629,0.5218855218855218,0.15824915824915825,0.030303030303030304,0.2895622895622896,0.7104377104377104,0.18855218855218855,196.0,145.0,0.3469387755102041,0.5357142857142857,0.576530612244898
630,0.5454545454545454,0.16835016835016836,0.04040404040404041,0.24579124579124578,0.7542087542087542,0.20875420875420875,197.0,143.0,0.37055837563451777,0.5939086294416244,0.6446700507614214
631,0.5420875420875421,0.14814814814814814,0.04377104377104377,0.265993265993266,0.734006734006734,0.1919191919191919,190.0,144.0,0.3736842105263158,0.5631578947368421,0.6210526315789474
632,0.5589225589225589,0.21548821548821548,0.037037037037037035,0.18855218855218855,0.8114478114478114,0.25252525252525254,179.0,126.0,0.3575418994413408,0.6424581005586593,0.6983240223463687
633,0.5723905723905723,0.16835016835016836,0.04040404040404041,0.21885521885521886,0.7811447811447811,0.20875420875420875,182.0,129.0,0.4065934065934066,0.6263736263736264,0.6758241758241759
634,0.5387205387205387,0.16835016835016836,0.030303030303030304,0.26262626262626265,0.7373737373737373,0.19865319865319866,195.0,145.0,0.37435897435897436,0.6,0.6307692307692307
635,0.5791245791245792,0.1414141414141414,0.037037037037037035,0.24242424242424243,0.7575757575757576,0.17845117845117844,186.0,127.0,0.40860215053763443,0.5860215053763441,0.6344086021505376
636,0.5824915824915825,0.16161616161616163,0.026936026936026935,0.22895622895622897,0.7710437710437711,0.18855218855218855,186.0,134.0,0.40860215053763443,0.6182795698924731,0.6612903225806451
637,0.569023569023569,0.17845117845117844,0.05723905723905724,0.19528619528619529,0.8047138047138047,0.2356902356902357,174.0,115.0,0.39655172413793105,0.6149425287356322,0.6839080459770115
638,0.5252525252525253,0.1750841750841751,0.04040404040404041,0.25925925925925924,0.7407407407407407,0.21548821548821548,197.0,153.0,0.350253807106599,0.5634517766497462,0.6192893401015228
639,0.48148148148148145,0.18518518518518517,0.037037037037037035,0.2962962962962963,0.7037037037037037,0.2222222222222222,201.0,149.0,0.32338308457711445,0.5522388059701493,0.5970149253731343
640,0.5151515151515151,0.21212121212121213,0.05723905723905724,0.21548821548821548,0.7845117845117845,0.26936026936026936,198.0,147.0,0.35858585858585856,0.6161616161616161,0.6919191919191919
641,0.5488215488215489,0.17845117845117844,0.04377104377104377,0.22895622895622897,0.7710437710437711,0.2222222222222222,196.0,146.0,0.3877551020408163,0.6173469387755102,0.673469387755102
642,0.5656565656565656,0.16835016835016836,0.050505050505050504,0.21548821548821548,0.7845117845117845,0.21885521885521886,187.0,132.0,0.3850267379679144,0.5989304812834224,0.6631016042780749
643,0.569023569023569,0.16835016835016836,0.030303030303030304,0.23232323232323232,0.7676767676767676,0.19865319865319866,188.0,133.0,0.4095744680851064,0.6117021276595744,0.6542553191489362
644,0.5555555555555556,0.18181818181818182,0.04040404040404041,0.2222222222222222,0.7777777777777778,0.2222222222222222,196.0,148.0,0.3826530612244898,0.6326530612244898,0.6887755102040817
645,0.5622895622895623,0.1717171717171717,0.05387205387205387,0.21212121212121213,0.7878787878787878,0.2255892255892256,180.0,132.0,0.36666666666666664,0.6111111111111112,0.6666666666666666
646,0.5555555555555556,0.1717171717171717,0.03367003367003367,0.23905723905723905,0.7609427609427609,0.2053872053872054,187.0,134.0,0.3850267379679144,0.6042780748663101,0.6417112299465241
647,0.5218855218855218,0.20875420875420875,0.050505050505050504,0.21885521885521886,0.7811447811447811,0.25925925925925924,192.0,146.0,0.3385416666666667,0.609375,0.6770833333333334
648,0.5488215488215489,0.16498316498316498,0.037037037037037035,0.24915824915824916,0.7508417508417509,0.20202020202020202,186.0,141.0,0.3602150537634409,0.5591397849462365,0.6182795698924731
649,0.5218855218855218,0.18518518518518517,0.04377104377104377,0.24915824915824916,0.7508417508417509,0.22895622895622897,193.0,141.0,0.34196891191709844,0.5906735751295337,0.6476683937823834
650,0.5488215488215489,0.21212121212121213,0.026936026936026935,0.21212121212121213,0.7878787878787878,0.23905723905723905,184.0,130.0,0.358695652173913,0.6467391304347826,0.6793478260869565
651,0.5555555555555556,0.14814814814814814,0.04377104377104377,0.25252525252525254,0.7474747474747475,0.1919191919191919,190.0,140.0,0.38421052631578945,0.5894736842105263,0.6473684210526316
652,0.5622895622895623,0.1750841750841751,0.03367003367003367,0.22895622895622897,0.7710437710437711,0.20875420875420875,182.0,129.0,0.37362637362637363,0.6098901098901099,0.6593406593406593
653,0.5622895622895623,0.17845117845117844,0.06397306397306397,0.19528619528619529,0.8047138047138047,0.24242424242424243,197.0,148.0,0.39086294416243655,0.6294416243654822,0.7208121827411168
654,0.569023569023569,0.17845117845117844,0.04377104377104377,0.20875420875420875,0.7912457912457912,0.2222222222222222,187.0,133.0,0.3850267379679144,0.6363636363636364,0.7058823529411765
655,0.5589225589225589,0.15488215488215487,0.04713804713804714,0.23905723905723905,0.7609427609427609,0.20202020202020202,190.0,141.0,0.38421052631578945,0.5894736842105263,0.6473684210526316
656,0.5117845117845118,0.21548821548821548,0.03367003367003367,0.23905723905723905,0.7609427609427609,0.24915824915824916,198.0,147.0,0.3434343434343434,0.601010101010101,0.6515151515151515
657,0.5824915824915825,0.15824915824915825,0.050505050505050504,0.20875420875420875,0.7912457912457912,0.20875420875420875,173.0,114.0,0.4046242774566474,0.6127167630057804,0.6705202312138728
658,0.531986531986532,0.18181818181818182,0.020202020202020204,0.265993265993266,0.734006734006734,0.20202020202020202,193.0,139.0,0.37305699481865284,0.6062176165803109,0.6321243523316062
659,0.5757575757575758,0.1414141414141414,0.04713804713804714,0.2356902356902357,0.7643097643097643,0.18855218855218855,185.0,137.0,0.3837837837837838,0.5837837837837838,0.6378378378378379
660,0.5353535353535354,0.18855218855218855,0.05387205387205387,0.2222222222222222,0.7777777777777778,0.24242424242424243,194.0,146.0,0.36082474226804123,0.5927835051546392,0.6701030927835051
661,0.4983164983164983,0.19528619528619529,0.04713804713804714,0.25925925925925924,0.7407407407407407,0.24242424242424243,195.0,145.0,0.3384615384615385,0.5641025641025641,0.6256410256410256
662,0.48148148148148145,0.2222222222222222,0.030303030303030304,0.265993265993266,0.734006734006734,0.25252525252525254,203.0,155.0,0.3103448275862069,0.5763546798029556,0.6206896551724138
663,0.4612794612794613,0.20875420875420875,0.08754208754208755,0.24242424242424243,0.7575757575757576,0.2962962962962963,192.0,136.0,0.3177083333333333,0.5572916666666666,0.65625
664,0.5656565656565656,0.18855218855218855,0.04713804713804714,0.19865319865319866,0.8013468013468014,0.2356902356902357,178.0,127.0,0.38202247191011235,0.6348314606741573,0.6910112359550562
665,0.531986531986532,0.2053872053872054,0.037037037037037035,0.2255892255892256,0.7744107744107744,0.24242424242424243,187.0,133.0,0.3689839572192513,0.6256684491978609,0.6737967914438503
666,0.6195286195286195,0.12794612794612795,0.06397306397306397,0.18855218855218855,0.8114478114478114,0.1919191919191919,181.0,126.0,0.4419889502762431,0.6132596685082873,0.6961325966850829
667,0.5185185185185185,0.1750841750841751,0.07407407407407407,0.23232323232323232,0.7676767676767676,0.24915824915824916,191.0,137.0,0.3507853403141361,0.5549738219895288,0.6492146596858639
668,0.569023569023569,0.15151515151515152,0.04040404040404041,0.23905723905723905,0.7609427609427609,0.1919191919191919,179.0,132.0,0.36312849162011174,0.5754189944134078,0.6256983240223464
669,0.5252525252525253,0.19865319865319866,0.04040404040404041,0.2356902356902357,0.7643097643097643,0.23905723905723905,191.0,141.0,0.3403141361256545,0.6073298429319371,0.6596858638743456
670,0.531986531986532,0.16161616161616163,0.037037037037037035,0.26936026936026936,0.7306397306397306,0.19865319865319866,185.0,137.0,0.34054054054054056,0.5459459459459459,0.6
671,0.5555555555555556,0.15824915824915825,0.03367003367003367,0.25252525252525254,0.7474747474747475,0.1919191919191919,190.0,142.0,0.3684210526315789,0.5578947368421052,0.6105263157894737
672,0.5723905723905723,0.18855218855218855,0.04377104377104377,0.19528619528619529,0.8047138047138047,0.23232323232323232,186.0,133.0,0.3978494623655914,0.6397849462365591,0.6989247311827957
673,0.5353535353535354,0.16498316498316498,0.050505050505050504,0.24915824915824916,0.7508417508417509,0.21548821548821548,193.0,152.0,0.36787564766839376,0.5751295336787565,0.6373056994818653
674,0.5488215488215489,0.1414141414141414,0.0707070707070707,0.23905723905723905,0.7609427609427609,0.21212121212121213,197.0,148.0,0.36548223350253806,0.5532994923857868,0.6548223350253807
675,0.5286195286195287,0.1919191919191919,0.05387205387205387,0.2255892255892256,0.7744107744107744,0.24579124579124578,194.0,141.0,0.36597938144329895,0.5927835051546392,0.6701030927835051
676,0.5353535353535354,0.18855218855218855,0.04040404040404041,0.2356902356902357,0.7643097643097643,0.22895622895622897,197.0,147.0,0.3756345177664975,0.6091370558375635,0.6649746192893401
677,0.5387205387205387,0.18855218855218855,0.02356902356902357,0.24915824915824916,0.7508417508417509,0.21212121212121213,189.0,137.0,0.35978835978835977,0.582010582010582,0.6190476190476191
678,0.5622895622895623,0.15151515151515152,0.037037037037037035,0.24915824915824916,0.7508417508417509,0.18855218855218855,179.0,128.0,0.39664804469273746,0.5921787709497207,0.6368715083798883
679,0.5858585858585859,0.16161616161616163,0.04713804713804714,0.2053872053872054,0.7946127946127947,0.20875420875420875,187.0,137.0,0.39572192513368987,0.6203208556149733,0.6844919786096256
680,0.5791245791245792,0.18518518518518517,0.037037037037037035,0.19865319865319866,0.8013468013468014,0.2222222222222222,187.0,130.0,0.43315508021390375,0.6524064171122995,0.7112299465240641
681,0.5589225589225589,0.16835016835016836,0.04713804713804714,0.2255892255892256,0.7744107744107744,0.21548821548821548,185.0,133.0,0.3837837837837838,0.5891891891891892,0.6594594594594595
682,0.5521885521885522,0.18855218855218855,0.04713804713804714,0.21212121212121213,0.7878787878787878,0.2356902356902357,193.0,143.0,0.38341968911917096,0.616580310880829,0.6839378238341969
683,0.5353535353535354,0.18181818181818182,0.05723905723905724,0.2255892255892256,0.7744107744107744,0.23905723905723905,190.0,139.0,0.37894736842105264,0.5894736842105263,0.6631578947368421
684,0.5016835016835017,0.15824915824915825,0.030303030303030304,0.30976430976430974,0.6902356902356902,0.18855218855218855,198.0,142.0,0.3333333333333333,0.5404040404040404,0.5707070707070707
685,0.5824915824915825,0.15824915824915825,0.04713804713804714,0.21212121212121213,0.7878787878787878,0.2053872053872054,185.0,128.0,0.42162162162162165,0.6324324324324324,0.6864864864864865
686,0.5218855218855218,0.1750841750841751,0.0707070707070707,0.23232323232323232,0.7676767676767676,0.24579124579124578,199.0,142.0,0.38190954773869346,0.5879396984924623,0.6733668341708543
687,0.531986531986532,0.16161616161616163,0.04377104377104377,0.26262626262626265,0.7373737373737373,0.2053872053872054,195.0,147.0,0.358974358974359,0.5743589743589743,0.6205128205128205
688,0.5218855218855218,0.18518518518518517,0.04377104377104377,0.24915824915824916,0.7508417508417509,0.22895622895622897,193.0,141.0,0.35751295336787564,0.5958549222797928,0.6476683937823834
689,0.5892255892255892,0.16161616161616163,0.026936026936026935,0.2222222222222222,0.7777777777777778,0.18855218855218855,185.0,137.0,0.3891891891891892,0.6270270270270271,0.6702702702702703
690,0.5622895622895623,0.1750841750841751,0.037037037037037035,0.2255892255892256,0.7744107744107744,0.21212121212121213,185.0,134.0,0.35135135135135137,0.6,0.654054054054054
691,0.5791245791245792,0.15824915824915825,0.04713804713804714,0.21548821548821548,0.7845117845117845,0.2053872053872054,185.0,136.0,0.3945945945945946,0.6108108108108108,0.6702702702702703
692,0.5420875420875421,0.15151515151515152,0.06060606060606061,0.24579124579124578,0.7542087542087542,0.21212121212121213,192.0,137.0,0.375,0.578125,0.6614583333333334
693,0.569023569023569,0.15824915824915825,0.04040404040404041,0.23232323232323232,0.7676767676767676,0.19865319865319866,188.0,140.0,0.3882978723404255,0.5904255319148937,0.6382978723404256
694,0.5050505050505051,0.18181818181818182,0.05387205387205387,0.25925925925925924,0.7407407407407407,0.2356902356902357,195.0,139.0,0.3435897435897436,0.5692307692307692,0.6410256410256411
695,0.5387205387205387,0.19528619528619529,0.030303030303030304,0.2356902356902357,0.7643097643097643,0.2255892255892256,183.0,128.0,0.36065573770491804,0.6065573770491803,0.6557377049180327
696,0.5723905723905723,0.19528619528619529,0.04713804713804714,0.18518518518518517,0.8148148148148148,0.24242424242424243,172.0,121.0,0.4186046511627907,0.6569767441860465,0.7209302325581395
697,0.5185185185185185,0.2053872053872054,0.06060606060606061,0.21548821548821548,0.7845117845117845,0.265993265993266,198.0,151.0,0.35858585858585856,0.5959595959595959,0.6868686868686869
698,0.5117845117845118,0.19528619528619529,0.04713804713804714,0.24579124579124578,0.7542087542087542,0.24242424242424243,189.0,135.0,0.37037037037037035,0.5714285714285714,0.6243386243386243
699,0.5656565656565656,0.16161616161616163,0.04040404040404041,0.23232323232323232,0.7676767676767676,0.20202020202020202,188.0,136.0,0.40425531914893614,0.5904255319148937,0.6542553191489362
700,0.5723905723905723,0.16835016835016836,0.05723905723905724,0.20202020202020202,0.797979797979798,0.2255892255892256,178.0,123.0,0.38202247191011235,0.6067415730337079,0.6853932584269663
701,0.5488215488215489,0.1447811447811448,0.06060606060606061,0.24579124579124578,0.7542087542087542,0.2053872053872054,198.0,147.0,0.3838383838383838,0.5656565656565656,0.6414141414141414
702,0.569023569023569,0.18181818181818182,0.04713804713804714,0.20202020202020202,0.797979797979798,0.22895622895622897,187.0,136.0,0.3850267379679144,0.6256684491978609,0.679144385026738
703,0.5353535353535354,0.18181818181818182,0.03367003367003367,0.24915824915824916,0.7508417508417509,0.21548821548821548,194.0,143.0,0.3556701030927835,0.5876288659793815,0.6391752577319587
704,0.6060606060606061,0.15151515151515152,0.026936026936026935,0.21548821548821548,0.7845117845117845,0.17845117845117844,180.0,126.0,0.4111111111111111,0.6222222222222222,0.6555555555555556
705,0.5488215488215489,0.16835016835016836,0.06397306397306397,0.21885521885521886,0.7811447811447811,0.23232323232323232,177.0,126.0,0.3615819209039548,0.576271186440678,0.6497175141242938
706,0.5589225589225589,0.1717171717171717,0.050505050505050504,0.21885521885521886,0.7811447811447811,0.2222222222222222,181.0,132.0,0.35911602209944754,0.5966850828729282,0.6629834254143646
707,0.5387205387205387,0.1919191919191919,0.05723905723905724,0.21212121212121213,0.7878787878787878,0.24915824915824916,187.0,133.0,0.3422459893048128,0.5935828877005348,0.6737967914438503
708,0.5185185185185185,0.22895622895622897,0.05387205387205387,0.19865319865319866,0.8013468013468014,0.2828282828282828,198.0,148.0,0.3686868686868687,0.6565656565656566,0.7222222222222222
709,0.6060606060606061,0.14814814814814814,0.037037037037037035,0.20875420875420875,0.7912457912457912,0.18518518518518517,188.0,137.0,0.425531914893617,0.6223404255319149,0.675531914893617
710,0.5723905723905723,0.16161616161616163,0.06060606060606061,0.2053872053872054,0.7946127946127947,0.2222222222222222,188.0,131.0,0.3829787234042553,0.6117021276595744,0.6968085106382979
711,0.5656565656565656,0.1919191919191919,0.04040404040404041,0.20202020202020202,0.797979797979798,0.23232323232323232,197.0,151.0,0.39086294416243655,0.6548223350253807,0.7055837563451777
712,0.5218855218855218,0.19865319865319866,0.04713804713804714,0.23232323232323232,0.7676767676767676,0.24579124579124578,198.0,149.0,0.35353535353535354,0.601010101010101,0.6616161616161617
713,0.494949494949495,0.15151515151515152,0.037037037037037035,0.3164983164983165,0.6835016835016835,0.18855218855218855,201.0,152.0,0.32338308457711445,0.5174129353233831,0.572139303482587
714,0.5723905723905723,0.1717171717171717,0.026936026936026935,0.22895622895622897,0.7710437710437711,0.19865319865319866,174.0,120.0,0.39080459770114945,0.603448275862069,0.632183908045977
715,0.5286195286195287,0.16835016835016836,0.04377104377104377,0.25925925925925924,0.7407407407407407,0.21212121212121213,189.0,136.0,0.35978835978835977,0.5714285714285714,0.6243386243386243
716,0.5993265993265994,0.15488215488215487,0.050505050505050504,0.19528619528619529,0.8047138047138047,0.2053872053872054,175.0,120.0,0.41714285714285715,0.6228571428571429,0.6971428571428572
717,0.5488215488215489,0.1750841750841751,0.04377104377104377,0.23232323232323232,0.7676767676767676,0.21885521885521886,190.0,138.0,0.3894736842105263,0.6052631578947368,0.6578947368421053
718,0.5656565656565656,0.1717171717171717,0.037037037037037035,0.2255892255892256,0.7744107744107744,0.20875420875420875,183.0,126.0,0.39344262295081966,0.5956284153005464,0.6557377049180327
719,0.5555555555555556,0.18518518518518517,0.04377104377104377,0.21548821548821548,0.7845117845117845,0.22895622895622897,186.0,132.0,0.41935483870967744,0.6290322580645161,0.6827956989247311
720,0.5824915824915825,0.15824915824915825,0.06734006734006734,0.1919191919191919,0.8080808080808081,0.2255892255892256,189.0,133.0,0.4021164021164021,0.6190476190476191,0.708994708994709
721,0.5454545454545454,0.18518518518518517,0.05723905723905724,0.21212121212121213,0.7878787878787878,0.24242424242424243,193.0,146.0,0.36787564766839376,0.616580310880829,0.694300518134715
722,0.49158249158249157,0.2053872053872054,0.026936026936026935,0.2760942760942761,0.7239057239057239,0.23232323232323232,203.0,152.0,0.35960591133004927,0.5763546798029556,0.6108374384236454
723,0.5353535353535354,0.16498316498316498,0.050505050505050504,0.24915824915824916,0.7508417508417509,0.21548821548821548,196.0,147.0,0.35714285714285715,0.5612244897959183,0.6326530612244898
724,0.5387205387205387,0.15824915824915825,0.06060606060606061,0.24242424242424243,0.7575757575757576,0.21885521885521886,191.0,144.0,0.34554973821989526,0.5549738219895288,0.6335078534031413
725,0.5488215488215489,0.16835016835016836,0.05387205387205387,0.22895622895622897,0.7710437710437711,0.2222222222222222,188.0,134.0,0.3882978723404255,0.6170212765957447,0.675531914893617
726,0.5757575757575758,0.15824915824915825,0.05387205387205387,0.21212121212121213,0.7878787878787878,0.21212121212121213,186.0,134.0,0.3817204301075269,0.6021505376344086,0.6720430107526881
727,0.5454545454545454,0.1717171717171717,0.04377104377104377,0.23905723905723905,0.7609427609427609,0.21548821548821548,198.0,145.0,0.3838383838383838,0.6111111111111112,0.6666666666666666
728,0.5589225589225589,0.18855218855218855,0.030303030303030304,0.2222222222222222,0.7777777777777778,0.21885521885521886,183.0,123.0,0.3879781420765027,0.639344262295082,0.6830601092896175
729,0.5420875420875421,0.15488215488215487,0.06060606060606061,0.24242424242424243,0.7575757575757576,0.21548821548821548,191.0,141.0,0.35602094240837695,0.5654450261780105,0.6492146596858639
730,0.5117845117845118,0.1919191919191919,0.03367003367003367,0.26262626262626265,0.7373737373737373,0.2255892255892256,193.0,139.0,0.35233160621761656,0.5854922279792746,0.6269430051813472
731,0.5589225589225589,0.18518518518518517,0.04040404040404041,0.21548821548821548,0.7845117845117845,0.2255892255892256,193.0,143.0,0.38860103626943004,0.6321243523316062,0.694300518134715
732,0.5656565656565656,0.16161616161616163,0.04377104377104377,0.22895622895622897,0.7710437710437711,0.2053872053872054,189.0,136.0,0.4021164021164021,0.6031746031746031,0.6666666666666666
733,0.5555555555555556,0.1750841750841751,0.04713804713804714,0.2222222222222222,0.7777777777777778,0.2222222222222222,181.0,130.0,0.36464088397790057,0.580110497237569,0.6464088397790055
734,0.531986531986532,0.20202020202020202,0.04040404040404041,0.2255892255892256,0.7744107744107744,0.24242424242424243,190.0,134.0,0.3526315789473684,0.6052631578947368,0.6578947368421053
735,0.5286195286195287,0.19528619528619529,0.050505050505050504,0.2255892255892256,0.7744107744107744,0.24579124579124578,196.0,148.0,0.3520408163265306,0.6020408163265306,0.673469387755102
736,0.5555555555555556,0.16161616161616163,0.04040404040404041,0.24242424242424243,0.7575757575757576,0.20202020202020202,192.0,144.0,0.3697916666666667,0.5833333333333334,0.6302083333333334
737,0.49158249158249157,0.20875420875420875,0.06734006734006734,0.23232323232323232,0.7676767676767676,0.2760942760942761,202.0,152.0,0.33663366336633666,0.5693069306930693,0.6584158415841584
738,0.5622895622895623,0.1414141414141414,0.06060606060606061,0.2356902356902357,0.7643097643097643,0.20202020202020202,185.0,130.0,0.3945945945945946,0.5837837837837838,0.6486486486486487
739,0.494949494949495,0.19528619528619529,0.04377104377104377,0.265993265993266,0.734006734006734,0.23905723905723905,197.0,149.0,0.3248730964467005,0.5583756345177665,0.6192893401015228
740,0.5959595959595959,0.15488215488215487,0.037037037037037035,0.21212121212121213,0.7878787878787878,0.1919191919191919,180.0,131.0,0.3888888888888889,0.6,0.6555555555555556
741,0.5420875420875421,0.15824915824915825,0.04377104377104377,0.2558922558922559,0.7441077441077442,0.20202020202020202,194.0,145.0,0.3917525773195876,0.5979381443298969,0.6597938144329897
742,0.5454545454545454,0.1414141414141414,0.06397306397306397,0.24915824915824916,0.7508417508417509,0.2053872053872054,193.0,147.0,0.3471502590673575,0.5544041450777202,0.6269430051813472
743,0.5387205387205387,0.19528619528619529,0.06397306397306397,0.20202020202020202,0.797979797979798,0.25925925925925924,186.0,132.0,0.3763440860215054,0.6129032258064516,0.6989247311827957
744,0.5117845117845118,0.1919191919191919,0.04377104377104377,0.25252525252525254,0.7474747474747475,0.2356902356902357,192.0,142.0,0.3333333333333333,0.578125,0.6302083333333334
745,0.5555555555555556,0.18181818181818182,0.050505050505050504,0.21212121212121213,0.7878787878787878,0.23232323232323232,181.0,124.0,0.35911602209944754,0.6077348066298343,0.6685082872928176
746,0.5488215488215489,0.19865319865319866,0.05387205387205387,0.19865319865319866,0.8013468013468014,0.25252525252525254,194.0,137.0,0.4072164948453608,0.6443298969072165,0.711340206185567
747,0.6026936026936027,0.16835016835016836,0.04377104377104377,0.18518518518518517,0.8148148148148148,0.21212121212121213,178.0,127.0,0.4157303370786517,0.6348314606741573,0.6966292134831461
748,0.5892255892255892,0.15824915824915825,0.02356902356902357,0.22895622895622897,0.7710437710437711,0.18181818181818182,185.0,134.0,0.41081081081081083,0.6216216216216216,0.654054054054054
749,0.5656565656565656,0.18518518518518517,0.026936026936026935,0.2222222222222222,0.7777777777777778,0.21212121212121213,189.0,140.0,0.37566137566137564,0.6084656084656085,0.6507936507936508
750,0.5589225589225589,0.19865319865319866,0.037037037037037035,0.2053872053872054,0.7946127946127947,0.2356902356902357,188.0,132.0,0.39361702127659576,0.648936170212766,0.6914893617021277
751,0.5387205387205387,0.1750841750841751,0.04040404040404041,0.24579124579124578,0.7542087542087542,0.21548821548821548,192.0,137.0,0.3645833333333333,0.6041666666666666,0.6458333333333334
752,0.5723905723905723,0.16498316498316498,0.04040404040404041,0.2222222222222222,0.7777777777777778,0.2053872053872054,188.0,136.0,0.39893617021276595,0.6063829787234043,0.6702127659574468
753,0.5420875420875421,0.17845117845117844,0.037037037037037035,0.24242424242424243,0.7575757575757576,0.21548821548821548,195.0,143.0,0.3641025641025641,0.5897435897435898,0.6358974358974359
754,0.5521885521885522,0.15824915824915825,0.04377104377104377,0.24579124579124578,0.7542087542087542,0.20202020202020202,188.0,138.0,0.35638297872340424,0.5691489361702128,0.6276595744680851
755,0.5757575757575758,0.1750841750841751,0.05387205387205387,0.19528619528619529,0.8047138047138047,0.22895622895622897,188.0,134.0,0.4308510638297872,0.6648936170212766,0.723404255319149
756,0.5286195286195287,0.2053872053872054,0.06060606060606061,0.2053872053872054,0.7946127946127947,0.265993265993266,202.0,145.0,0.38613861386138615,0.6287128712871287,0.7029702970297029
757,0.531986531986532,0.1919191919191919,0.050505050505050504,0.2255892255892256,0.7744107744107744,0.24242424242424243,198.0,145.0,0.3939393939393939,0.6262626262626263,0.6919191919191919
758,0.5420875420875421,0.1717171717171717,0.030303030303030304,0.2558922558922559,0.7441077441077442,0.20202020202020202,193.0,137.0,0.38860103626943004,0.5906735751295337,0.6321243523316062
759,0.5892255892255892,0.15824915824915825,0.04040404040404041,0.21212121212121213,0.7878787878787878,0.19865319865319866,183.0,122.0,0.4207650273224044,0.6229508196721312,0.6830601092896175
760,0.531986531986532,0.16498316498316498,0.03367003367003367,0.26936026936026936,0.7306397306397306,0.19865319865319866,188.0,138.0,0.3617021276595745,0.5531914893617021,0.5957446808510638
761,0.5387205387205387,0.16835016835016836,0.04713804713804714,0.24579124579124578,0.7542087542087542,0.21548821548821548,186.0,131.0,0.3763440860215054,0.5860215053763441,0.6505376344086021
762,0.5387205387205387,0.17845117845117844,0.05723905723905724,0.2255892255892256,0.7744107744107744,0.2356902356902357,187.0,135.0,0.36363636363636365,0.5882352941176471,0.6577540106951871
763,0.5454545454545454,0.16835016835016836,0.030303030303030304,0.2558922558922559,0.7441077441077442,0.19865319865319866,191.0,138.0,0.34554973821989526,0.5759162303664922,0.6178010471204188
764,0.5589225589225589,0.18855218855218855,0.04040404040404041,0.21212121212121213,0.7878787878787878,0.22895622895622897,188.0,139.0,0.3776595744680851,0.6170212765957447,0.675531914893617
765,0.5252525252525253,0.20202020202020202,0.04040404040404041,0.23232323232323232,0.7676767676767676,0.24242424242424243,188.0,140.0,0.32978723404255317,0.5851063829787234,0.6382978723404256
766,0.569023569023569,0.1414141414141414,0.05387205387205387,0.2356902356902357,0.7643097643097643,0.19528619528619529,186.0,134.0,0.3870967741935484,0.5806451612903226,0.6451612903225806
767,0.5824915824915825,0.15488215488215487,0.050505050505050504,0.21212121212121213,0.7878787878787878,0.2053872053872054,178.0,120.0,0.4157303370786517,0.5955056179775281,0.6685393258426966
768,0.5589225589225589,0.18518518518518517,0.04713804713804714,0.20875420875420875,0.7912457912457912,0.23232323232323232,183.0,125.0,0.40437158469945356,0.6338797814207651,0.6830601092896175
769,0.4882154882154882,0.21212121212121213,0.050505050505050504,0.24915824915824916,0.7508417508417509,0.26262626262626265,188.0,133.0,0.324468085106383,0.5638297872340425,0.6276595744680851
770,0.4983164983164983,0.18855218855218855,0.037037037037037035,0.2760942760942761,0.7239057239057239,0.2255892255892256,201.0,156.0,0.3383084577114428,0.5870646766169154,0.6318407960199005
771,0.5521885521885522,0.1717171717171717,0.05723905723905724,0.21885521885521886,0.7811447811447811,0.22895622895622897,191.0,136.0,0.3717277486910995,0.6020942408376964,0.680628272251309
772,0.5151515151515151,0.18855218855218855,0.04713804713804714,0.24915824915824916,0.7508417508417509,0.2356902356902357,199.0,147.0,0.33668341708542715,0.5778894472361809,0.6482412060301508
773,0.5521885521885522,0.1919191919191919,0.04713804713804714,0.20875420875420875,0.7912457912457912,0.23905723905723905,183.0,123.0,0.3879781420765027,0.6338797814207651,0.7049180327868853
774,0.5555555555555556,0.1750841750841751,0.05387205387205387,0.21548821548821548,0.7845117845117845,0.22895622895622897,178.0,125.0,0.3651685393258427,0.601123595505618,0.6573033707865169
775,0.4983164983164983,0.1919191919191919,0.05723905723905724,0.25252525252525254,0.7474747474747475,0.24915824915824916,202.0,153.0,0.3415841584158416,0.5693069306930693,0.6336633663366337
776,0.5622895622895623,0.15151515151515152,0.03367003367003367,0.25252525252525254,0.7474747474747475,0.18518518518518517,188.0,131.0,0.39893617021276595,0.5851063829787234,0.6329787234042553
777,0.5656565656565656,0.15488215488215487,0.04713804713804714,0.23232323232323232,0.7676767676767676,0.20202020202020202,188.0,139.0,0.40425531914893614,0.6117021276595744,0.6702127659574468
778,0.5488215488215489,0.16161616161616163,0.03367003367003367,0.2558922558922559,0.7441077441077442,0.19528619528619529,184.0,136.0,0.3641304347826087,0.5815217391304348,0.6358695652173914
779,0.5858585858585859,0.16835016835016836,0.05387205387205387,0.1919191919191919,0.8080808080808081,0.2222222222222222,177.0,124.0,0.384180790960452,0.6271186440677966,0.6949152542372882
780,0.5286195286195287,0.21212121212121213,0.050505050505050504,0.20875420875420875,0.7912457912457912,0.26262626262626265,196.0,144.0,0.3673469387755102,0.6377551020408163,0.7091836734693877
781,0.5286195286195287,0.18518518518518517,0.050505050505050504,0.2356902356902357,0.7643097643097643,0.2356902356902357,183.0,128.0,0.36065573770491804,0.6010928961748634,0.6666666666666666
782,0.5185185185185185,0.16161616161616163,0.06734006734006734,0.25252525252525254,0.7474747474747475,0.22895622895622897,196.0,142.0,0.3622448979591837,0.576530612244898,0.6530612244897959
783,0.5656565656565656,0.18855218855218855,0.05387205387205387,0.1919191919191919,0.8080808080808081,0.24242424242424243,191.0,139.0,0.42408376963350786,0.6596858638743456,0.7225130890052356
784,0.5117845117845118,0.16835016835016836,0.050505050505050504,0.26936026936026936,0.7306397306397306,0.21885521885521886,205.0,162.0,0.35609756097560974,0.5609756097560976,0.624390243902439
785,0.531986531986532,0.16498316498316498,0.026936026936026935,0.2760942760942761,0.7239057239057239,0.1919191919191919,181.0,128.0,0.39779005524861877,0.5911602209944752,0.6243093922651933
786,0.5151515151515151,0.2053872053872054,0.05387205387205387,0.2255892255892256,0.7744107744107744,0.25925925925925924,196.0,141.0,0.3673469387755102,0.6122448979591837,0.6785714285714286
787,0.569023569023569,0.21212121212121213,0.04040404040404041,0.17845117845117844,0.8215488215488216,0.25252525252525254,183.0,130.0,0.3770491803278688,0.6666666666666666,0.726775956284153
788,0.5892255892255892,0.16161616161616163,0.06397306397306397,0.18518518518518517,0.8148148148148148,0.2255892255892256,190.0,141.0,0.4052631578947368,0.6368421052631579,0.7157894736842105
789,0.5622895622895623,0.19528619528619529,0.03367003367003367,0.20875420875420875,0.7912457912457912,0.22895622895622897,185.0,132.0,0.3837837837837838,0.6324324324324324,0.6756756756756757
790,0.5488215488215489,0.15488215488215487,0.05723905723905724,0.23905723905723905,0.7609427609427609,0.21212121212121213,188.0,132.0,0.3829787234042553,0.5851063829787234,0.6542553191489362
791,0.5387205387205387,0.18181818181818182,0.04040404040404041,0.23905723905723905,0.7609427609427609,0.2222222222222222,195.0,148.0,0.3641025641025641,0.5897435897435898,0.6461538461538462
792,0.5858585858585859,0.15151515151515152,0.05387205387205387,0.20875420875420875,0.7912457912457912,0.2053872053872054,189.0,132.0,0.42328042328042326,0.6349206349206349,0.6984126984126984
793,0.5925925925925926,0.18181818181818182,0.037037037037037035,0.18855218855218855,0.8114478114478114,0.21885521885521886,184.0,128.0,0.41847826086956524,0.6630434782608695,0.717391304347826
794,0.5993265993265994,0.15151515151515152,0.030303030303030304,0.21885521885521886,0.7811447811447811,0.18181818181818182,186.0,139.0,0.43010752688172044,0.6236559139784946,0.6612903225806451
795,0.5622895622895623,0.18181818181818182,0.03367003367003367,0.2222222222222222,0.7777777777777778,0.21548821548821548,184.0,126.0,0.40217391304347827,0.6358695652173914,0.6793478260869565
796,0.5555555555555556,0.19528619528619529,0.013468013468013467,0.2356902356902357,0.7643097643097643,0.20875420875420875,197.0,143.0,0.4263959390862944,0.6598984771573604,0.6802030456852792
797,0.5353535353535354,0.17845117845117844,0.05387205387205387,0.23232323232323232,0.7676767676767676,0.23232323232323232,195.0,147.0,0.37435897435897436,0.5794871794871795,0.6615384615384615
798,0.5622895622895623,0.16835016835016836,0.030303030303030304,0.23905723905723905,0.7609427609427609,0.19865319865319866,185.0,138.0,0.3567567567567568,0.5945945945945946,0.6378378378378379
799,0.5286195286195287,0.18518518518518517,0.02356902356902357,0.26262626262626265,0.7373737373737373,0.20875420875420875,192.0,138.0,0.3697916666666667,0.6041666666666666,0.6354166666666666
800,0.47474747474747475,0.21885521885521886,0.06060606060606061,0.24579124579124578,0.7542087542087542,0.27946127946127947,200.0,157.0,0.34,0.59,0.655
801,0.5420875420875421,0.13131313131313133,0.026936026936026935,0.2996632996632997,0.7003367003367004,0.15824915824915825,194.0,149.0,0.38144329896907214,0.5412371134020618,0.5773195876288659
802,0.5286195286195287,0.1750841750841751,0.04713804713804714,0.24915824915824916,0.7508417508417509,0.2222222222222222,191.0,137.0,0.34554973821989526,0.581151832460733,0.6544502617801047
803,0.6127946127946128,0.1414141414141414,0.026936026936026935,0.21885521885521886,0.7811447811447811,0.16835016835016836,171.0,120.0,0.3742690058479532,0.5906432748538012,0.6374269005847953
804,0.569023569023569,0.15824915824915825,0.05723905723905724,0.21548821548821548,0.7845117845117845,0.21548821548821548,184.0,132.0,0.3804347826086957,0.5978260869565217,0.6847826086956522
805,0.5454545454545454,0.19528619528619529,0.026936026936026935,0.23232323232323232,0.7676767676767676,0.2222222222222222,193.0,136.0,0.38860103626943004,0.6321243523316062,0.6632124352331606
806,0.5589225589225589,0.16161616161616163,0.04713804713804714,0.23232323232323232,0.7676767676767676,0.20875420875420875,182.0,127.0,0.3791208791208791,0.5879120879120879,0.6538461538461539
807,0.5454545454545454,0.18855218855218855,0.04040404040404041,0.2255892255892256,0.7744107744107744,0.22895622895622897,190.0,138.0,0.37894736842105264,0.6,0.6578947368421053
808,0.5185185185185185,0.20202020202020202,0.02356902356902357,0.2558922558922559,0.7441077441077442,0.2255892255892256,180.0,127.0,0.3111111111111111,0.5722222222222222,0.6055555555555555
809,0.5286195286195287,0.21548821548821548,0.04713804713804714,0.20875420875420875,0.7912457912457912,0.26262626262626265,190.0,136.0,0.3631578947368421,0.6210526315789474,0.6842105263157895
810,0.5185185185185185,0.16498316498316498,0.06734006734006734,0.24915824915824916,0.7508417508417509,0.23232323232323232,204.0,156.0,0.3627450980392157,0.5833333333333334,0.6519607843137255
811,0.5656565656565656,0.1447811447811448,0.04040404040404041,0.24915824915824916,0.7508417508417509,0.18518518518518517,176.0,122.0,0.3806818181818182,0.5909090909090909,0.6420454545454546
812,0.5521885521885522,0.1750841750841751,0.05387205387205387,0.21885521885521886,0.7811447811447811,0.22895622895622897,182.0,126.0,0.36813186813186816,0.6098901098901099,0.6758241758241759
813,0.5791245791245792,0.16161616161616163,0.026936026936026935,0.23232323232323232,0.7676767676767676,0.18855218855218855,197.0,144.0,0.41624365482233505,0.6243654822335025,0.6649746192893401
814,0.5218855218855218,0.22895622895622897,0.04040404040404041,0.20875420875420875,0.7912457912457912,0.26936026936026936,190.0,140.0,0.35789473684210527,0.6368421052631579,0.6894736842105263
815,0.5454545454545454,0.18181818181818182,0.05723905723905724,0.21548821548821548,0.7845117845117845,0.23905723905723905,186.0,138.0,0.3924731182795699,0.6021505376344086,0.6720430107526881
816,0.5050505050505051,0.21548821548821548,0.04713804713804714,0.23232323232323232,0.7676767676767676,0.26262626262626265,203.0,159.0,0.3497536945812808,0.6305418719211823,0.6798029556650246
817,0.5555555555555556,0.12121212121212122,0.06060606060606061,0.26262626262626265,0.7373737373737373,0.18181818181818182,184.0,128.0,0.3858695652173913,0.5380434782608695,0.6195652173913043
818,0.5286195286195287,0.18181818181818182,0.050505050505050504,0.23905723905723905,0.7609427609427609,0.23232323232323232,190.0,140.0,0.3473684210526316,0.5947368421052631,0.6578947368421053
819,0.531986531986532,0.17845117845117844,0.026936026936026935,0.26262626262626265,0.7373737373737373,0.2053872053872054,191.0,136.0,0.35602094240837695,0.5654450261780105,0.6073298429319371
820,0.5555555555555556,0.15488215488215487,0.05723905723905724,0.23232323232323232,0.7676767676767676,0.21212121212121213,196.0,144.0,0.3826530612244898,0.5969387755102041,0.6683673469387755
821,0.5993265993265994,0.1447811447811448,0.030303030303030304,0.2255892255892256,0.7744107744107744,0.1750841750841751,189.0,141.0,0.42857142857142855,0.6296296296296297,0.6772486772486772
822,0.5218855218855218,0.16498316498316498,0.05387205387205387,0.25925925925925924,0.7407407407407407,0.21885521885521886,196.0,143.0,0.3469387755102041,0.5561224489795918,0.6275510204081632
823,0.5622895622895623,0.17845117845117844,0.05387205387205387,0.2053872053872054,0.7946127946127947,0.23232323232323232,184.0,132.0,0.3695652173913043,0.6032608695652174,0.6847826086956522
824,0.5622895622895623,0.1717171717171717,0.037037037037037035,0.22895622895622897,0.7710437710437711,0.20875420875420875,181.0,133.0,0.3701657458563536,0.585635359116022,0.6298342541436464
825,0.5555555555555556,0.14814814814814814,0.0707070707070707,0.2255892255892256,0.7744107744107744,0.21885521885521886,181.0,128.0,0.3756906077348066,0.56353591160221,0.6408839779005525
826,0.5488215488215489,0.15151515151515152,0.06060606060606061,0.23905723905723905,0.7609427609427609,0.21212121212121213,191.0,146.0,0.3612565445026178,0.5654450261780105,0.6387434554973822
827,0.5622895622895623,0.1717171717171717,0.06060606060606061,0.2053872053872054,0.7946127946127947,0.23232323232323232,191.0,140.0,0.3769633507853403,0.612565445026178,0.6858638743455497
828,0.4983164983164983,0.1717171717171717,0.030303030303030304,0.2996632996632997,0.7003367003367004,0.20202020202020202,198.0,149.0,0.3282828282828283,0.5252525252525253,0.5707070707070707
829,0.5858585858585859,0.16835016835016836,0.04040404040404041,0.2053872053872054,0.7946127946127947,0.20875420875420875,185.0,136.0,0.3945945945945946,0.6216216216216216,0.6810810810810811
830,0.5555555555555556,0.15824915824915825,0.05387205387205387,0.23232323232323232,0.7676767676767676,0.21212121212121213,196.0,142.0,0.40816326530612246,0.6020408163265306,0.673469387755102
831,0.47474747474747475,0.1919191919191919,0.050505050505050504,0.2828282828282828,0.7171717171717171,0.24242424242424243,209.0,157.0,0.36363636363636365,0.5741626794258373,0.6411483253588517
832,0.5420875420875421,0.17845117845117844,0.03367003367003367,0.24579124579124578,0.7542087542087542,0.21212121212121213,188.0,127.0,0.3723404255319149,0.5957446808510638,0.6436170212765957
833,0.5454545454545454,0.18181818181818182,0.0707070707070707,0.20202020202020202,0.797979797979798,0.25252525252525254,190.0,140.0,0.3736842105263158,0.6052631578947368,0.6947368421052632
834,0.5589225589225589,0.14814814814814814,0.05387205387205387,0.23905723905723905,0.7609427609427609,0.20202020202020202,196.0,152.0,0.3622448979591837,0.5714285714285714,0.6428571428571429
835,0.5521885521885522,0.17845117845117844,0.050505050505050504,0.21885521885521886,0.7811447811447811,0.22895622895622897,180.0,123.0,0.38333333333333336,0.6111111111111112,0.6666666666666666
836,0.5555555555555556,0.2053872053872054,0.04040404040404041,0.19865319865319866,0.8013468013468014,0.24579124579124578,182.0,128.0,0.3791208791208791,0.6318681318681318,0.6923076923076923
837,0.5555555555555556,0.17845117845117844,0.05387205387205387,0.21212121212121213,0.7878787878787878,0.23232323232323232,190.0,141.0,0.38421052631578945,0.6052631578947368,0.6842105263157895
838,0.5959595959595959,0.15824915824915825,0.04040404040404041,0.2053872053872054,0.7946127946127947,0.19865319865319866,179.0,116.0,0.4134078212290503,0.6201117318435754,0.6759776536312849
839,0.5488215488215489,0.1717171717171717,0.04040404040404041,0.23905723905723905,0.7609427609427609,0.21212121212121213,192.0,139.0,0.3802083333333333,0.5885416666666666,0.6458333333333334
840,0.5824915824915825,0.15151515151515152,0.037037037037037035,0.22895622895622897,0.7710437710437711,0.18855218855218855,184.0,133.0,0.4076086956521739,0.6086956521739131,0.6521739130434783
841,0.5521885521885522,0.16835016835016836,0.04040404040404041,0.23905723905723905,0.7609427609427609,0.20875420875420875,179.0,126.0,0.3743016759776536,0.5810055865921788,0.6368715083798883
842,0.5286195286195287,0.18518518518518517,0.04040404040404041,0.24579124579124578,0.7542087542087542,0.2255892255892256,200.0,149.0,0.37,0.605,0.665
843,0.6060606060606061,0.13804713804713806,0.06397306397306397,0.1919191919191919,0.8080808080808081,0.20202020202020202,182.0,132.0,0.42857142857142855,0.6153846153846154,0.6978021978021978
844,0.5656565656565656,0.16161616161616163,0.03367003367003367,0.23905723905723905,0.7609427609427609,0.19528619528619529,192.0,142.0,0.3802083333333333,0.5989583333333334,0.6458333333333334
845,0.5589225589225589,0.18181818181818182,0.026936026936026935,0.23232323232323232,0.7676767676767676,0.20875420875420875,184.0,123.0,0.3858695652173913,0.6086956521739131,0.6521739130434783
846,0.569023569023569,0.15151515151515152,0.04040404040404041,0.23905723905723905,0.7609427609427609,0.1919191919191919,193.0,146.0,0.38341968911917096,0.5854922279792746,0.6476683937823834
847,0.5084175084175084,0.19865319865319866,0.03367003367003367,0.25925925925925924,0.7407407407407407,0.23232323232323232,196.0,145.0,0.3469387755102041,0.5867346938775511,0.6326530612244898
848,0.5488215488215489,0.1750841750841751,0.037037037037037035,0.23905723905723905,0.7609427609427609,0.21212121212121213,190.0,138.0,0.3894736842105263,0.6052631578947368,0.6631578947368421
849,0.5084175084175084,0.18181818181818182,0.050505050505050504,0.25925925925925924,0.7407407407407407,0.23232323232323232,191.0,142.0,0.3403141361256545,0.5706806282722513,0.6335078534031413
850,0.5555555555555556,0.18181818181818182,0.04713804713804714,0.21548821548821548,0.7845117845117845,0.22895622895622897,169.0,114.0,0.3609467455621302,0.6094674556213018,0.6804733727810651
851,0.5252525252525253,0.23232323232323232,0.016835016835016835,0.2255892255892256,0.7744107744107744,0.24915824915824916,187.0,132.0,0.3850267379679144,0.6631016042780749,0.6898395721925134
852,0.5084175084175084,0.20875420875420875,0.037037037037037035,0.24579124579124578,0.7542087542087542,0.24579124579124578,196.0,149.0,0.37244897959183676,0.6071428571428571,0.6530612244897959
853,0.5959595959595959,0.18181818181818182,0.05387205387205387,0.16835016835016836,0.8316498316498316,0.2356902356902357,177.0,117.0,0.4180790960451977,0.655367231638418,0.7401129943502824
854,0.5892255892255892,0.15488215488215487,0.04377104377104377,0.21212121212121213,0.7878787878787878,0.19865319865319866,182.0,127.0,0.4230769230769231,0.6263736263736264,0.6648351648351648
855,0.5555555555555556,0.15488215488215487,0.0707070707070707,0.21885521885521886,0.7811447811447811,0.2255892255892256,191.0,134.0,0.4083769633507853,0.6073298429319371,0.6910994764397905
856,0.5757575757575758,0.18181818181818182,0.050505050505050504,0.1919191919191919,0.8080808080808081,0.23232323232323232,184.0,133.0,0.4076086956521739,0.625,0.6956521739130435
857,0.5892255892255892,0.1717171717171717,0.04040404040404041,0.19865319865319866,0.8013468013468014,0.21212121212121213,178.0,122.0,0.4157303370786517,0.6460674157303371,0.6966292134831461
858,0.494949494949495,0.23905723905723905,0.037037037037037035,0.22895622895622897,0.7710437710437711,0.2760942760942761,190.0,139.0,0.33157894736842103,0.6157894736842106,0.6684210526315789
859,0.5185185185185185,0.14814814814814814,0.07744107744107744,0.2558922558922559,0.7441077441077442,0.2255892255892256,197.0,152.0,0.3401015228426396,0.5228426395939086,0.6294416243654822
860,0.5993265993265994,0.16835016835016836,0.04713804713804714,0.18518518518518517,0.8148148148148148,0.21548821548821548,187.0,134.0,0.43315508021390375,0.6524064171122995,0.7219251336898396
861,0.5892255892255892,0.18855218855218855,0.04040404040404041,0.18181818181818182,0.8181818181818182,0.22895622895622897,187.0,135.0,0.43315508021390375,0.6684491978609626,0.7112299465240641
862,0.5218855218855218,0.15824915824915825,0.030303030303030304,0.2895622895622896,0.7104377104377104,0.18855218855218855,198.0,149.0,0.35858585858585856,0.5606060606060606,0.5959595959595959
863,0.5387205387205387,0.16498316498316498,0.06060606060606061,0.2356902356902357,0.7643097643097643,0.2255892255892256,200.0,150.0,0.385,0.595,0.67
864,0.5488215488215489,0.18518518518518517,0.050505050505050504,0.21548821548821548,0.7845117845117845,0.2356902356902357,183.0,125.0,0.366120218579235,0.6010928961748634,0.6721311475409836
865,0.5521885521885522,0.16835016835016836,0.04040404040404041,0.23905723905723905,0.7609427609427609,0.20875420875420875,186.0,135.0,0.34408602150537637,0.5752688172043011,0.6344086021505376
866,0.5757575757575758,0.1919191919191919,0.06060606060606061,0.1717171717171717,0.8282828282828283,0.25252525252525254,181.0,123.0,0.4143646408839779,0.6519337016574586,0.7292817679558011
867,0.5286195286195287,0.1919191919191919,0.04377104377104377,0.2356902356902357,0.7643097643097643,0.2356902356902357,188.0,139.0,0.35638297872340424,0.5904255319148937,0.6542553191489362
868,0.5185185185185185,0.18855218855218855,0.037037037037037035,0.2558922558922559,0.7441077441077442,0.2255892255892256,196.0,145.0,0.35714285714285715,0.5816326530612245,0.6326530612244898
869,0.569023569023569,0.15824915824915825,0.03367003367003367,0.23905723905723905,0.7609427609427609,0.1919191919191919,190.0,133.0,0.41578947368421054,0.6105263157894737,0.6631578947368421
870,0.5622895622895623,0.1717171717171717,0.037037037037037035,0.22895622895622897,0.7710437710437711,0.20875420875420875,184.0,134.0,0.358695652173913,0.5978260869565217,0.6521739130434783
871,0.5488215488215489,0.20202020202020202,0.050505050505050504,0.19865319865319866,0.8013468013468014,0.25252525252525254,191.0,135.0,0.42408376963350786,0.6596858638743456,0.7120418848167539
872,0.5892255892255892,0.16835016835016836,0.037037037037037035,0.2053872053872054,0.7946127946127947,0.2053872053872054,186.0,133.0,0.3870967741935484,0.6290322580645161,0.6827956989247311
873,0.5656565656565656,0.14814814814814814,0.05387205387205387,0.23232323232323232,0.7676767676767676,0.20202020202020202,191.0,143.0,0.3769633507853403,0.5654450261780105,0.643979057591623
874,0.5521885521885522,0.17845117845117844,0.03367003367003367,0.2356902356902357,0.7643097643097643,0.21212121212121213,191.0,133.0,0.38219895287958117,0.6073298429319371,0.6596858638743456
875,0.5420875420875421,0.1750841750841751,0.04040404040404041,0.24242424242424243,0.7575757575757576,0.21548821548821548,188.0,137.0,0.35106382978723405,0.5691489361702128,0.6276595744680851
876,0.6195286195286195,0.15488215488215487,0.030303030303030304,0.19528619528619529,0.8047138047138047,0.18518518518518517,174.0,119.0,0.4425287356321839,0.6436781609195402,0.6896551724137931
877,0.5218855218855218,0.2255892255892256,0.050505050505050504,0.20202020202020202,0.797979797979798,0.2760942760942761,190.0,136.0,0.3684210526315789,0.6263157894736842,0.6947368421052632
878,0.5723905723905723,0.14814814814814814,0.04040404040404041,0.23905723905723905,0.7609427609427609,0.18855218855218855,181.0,128.0,0.40331491712707185,0.580110497237569,0.6464088397790055
879,0.5454545454545454,0.18181818181818182,0.06734006734006734,0.2053872053872054,0.7946127946127947,0.24915824915824916,189.0,131.0,0.38095238095238093,0.5978835978835979,0.6931216931216931
880,0.49158249158249157,0.21212121212121213,0.037037037037037035,0.25925925925925924,0.7407407407407407,0.24915824915824916,203.0,152.0,0.35960591133004927,0.5862068965517241,0.6354679802955665
881,0.5286195286195287,0.16161616161616163,0.026936026936026935,0.2828282828282828,0.7171717171717171,0.18855218855218855,194.0,140.0,0.3402061855670103,0.5515463917525774,0.5927835051546392
882,0.5622895622895623,0.18855218855218855,0.037037037037037035,0.21212121212121213,0.7878787878787878,0.2255892255892256,185.0,125.0,0.3945945945945946,0.6270270270270271,0.6756756756756757
883,0.5589225589225589,0.16161616161616163,0.04713804713804714,0.23232323232323232,0.7676767676767676,0.20875420875420875,189.0,136.0,0.38095238095238093,0.5925925925925926,0.6613756613756614
884,0.5589225589225589,0.13804713804713806,0.05387205387205387,0.24915824915824916,0.7508417508417509,0.1919191919191919,182.0,134.0,0.34615384615384615,0.5384615384615384,0.6153846153846154
885,0.5252525252525253,0.1919191919191919,0.030303030303030304,0.25252525252525254,0.7474747474747475,0.2222222222222222,197.0,144.0,0.36548223350253806,0.6040609137055838,0.649746192893401
886,0.5656565656565656,0.1750841750841751,0.037037037037037035,0.2222222222222222,0.7777777777777778,0.21212121212121213,175.0,125.0,0.38857142857142857,0.6228571428571429,0.6742857142857143
887,0.5555555555555556,0.14814814814814814,0.05387205387205387,0.24242424242424243,0.7575757575757576,0.20202020202020202,187.0,130.0,0.39572192513368987,0.5828877005347594,0.6524064171122995
888,0.5286195286195287,0.18181818181818182,0.04377104377104377,0.24579124579124578,0.7542087542087542,0.2255892255892256,202.0,153.0,0.3613861386138614,0.5891089108910891,0.6435643564356436
889,0.531986531986532,0.1919191919191919,0.04377104377104377,0.23232323232323232,0.7676767676767676,0.2356902356902357,188.0,129.0,0.35638297872340424,0.5797872340425532,0.6436170212765957
890,0.5521885521885522,0.18181818181818182,0.037037037037037035,0.22895622895622897,0.7710437710437711,0.21885521885521886,191.0,140.0,0.3769633507853403,0.6387434554973822,0.6858638743455497
891,0.5488215488215489,0.1717171717171717,0.04713804713804714,0.23232323232323232,0.7676767676767676,0.21885521885521886,179.0,123.0,0.3687150837988827,0.5810055865921788,0.6480446927374302
892,0.5791245791245792,0.15824915824915825,0.04713804713804714,0.21548821548821548,0.7845117845117845,0.2053872053872054,182.0,132.0,0.41208791208791207,0.6208791208791209,0.6868131868131868
893,0.5454545454545454,0.19528619528619529,0.030303030303030304,0.22895622895622897,0.7710437710437711,0.2255892255892256,191.0,138.0,0.39267015706806285,0.6387434554973822,0.675392670157068
894,0.5656565656565656,0.1750841750841751,0.05723905723905724,0.20202020202020202,0.797979797979798,0.23232323232323232,177.0,120.0,0.3728813559322034,0.5875706214689266,0.6779661016949152
895,0.5723905723905723,0.1447811447811448,0.05387205387205387,0.22895622895622897,0.7710437710437711,0.19865319865319866,189.0,142.0,0.3915343915343915,0.5873015873015873,0.656084656084656
896,0.5858585858585859,0.18181818181818182,0.037037037037037035,0.19528619528619529,0.8047138047138047,0.21885521885521886,178.0,126.0,0.4044943820224719,0.6460674157303371,0.7078651685393258
897,0.5488215488215489,0.13804713804713806,0.04040404040404041,0.2727272727272727,0.7272727272727273,0.17845117845117844,196.0,142.0,0.37244897959183676,0.5561224489795918,0.6071428571428571
898,0.531986531986532,0.20202020202020202,0.030303030303030304,0.2356902356902357,0.7643097643097643,0.23232323232323232,185.0,126.0,0.3783783783783784,0.6324324324324324,0.6648648648648648
899,0.5387205387205387,0.16835016835016836,0.030303030303030304,0.26262626262626265,0.7373737373737373,0.19865319865319866,185.0,140.0,0.32972972972972975,0.5513513513513514,0.6
900,0.5286195286195287,0.18181818181818182,0.04377104377104377,0.24579124579124578,0.7542087542087542,0.2255892255892256,194.0,145.0,0.36082474226804123,0.5773195876288659,0.6443298969072165
901,0.5185185185185185,0.18855218855218855,0.04040404040404041,0.25252525252525254,0.7474747474747475,0.22895622895622897,190.0,141.0,0.3473684210526316,0.5842105263157895,0.631578947368421
902,0.569023569023569,0.1414141414141414,0.050505050505050504,0.23905723905723905,0.7609427609427609,0.1919191919191919,188.0,137.0,0.3776595744680851,0.5691489361702128,0.6436170212765957
903,0.569023569023569,0.13804713804713806,0.06060606060606061,0.23232323232323232,0.7676767676767676,0.19865319865319866,181.0,134.0,0.36464088397790057,0.5580110497237569,0.6464088397790055
904,0.5521885521885522,0.1750841750841751,0.04713804713804714,0.2255892255892256,0.7744107744107744,0.2222222222222222,194.0,141.0,0.36082474226804123,0.6030927835051546,0.6752577319587629
905,0.5757575757575758,0.17845117845117844,0.020202020202020204,0.2255892255892256,0.7744107744107744,0.19865319865319866,187.0,134.0,0.40641711229946526,0.6417112299465241,0.6684491978609626
906,0.5723905723905723,0.16498316498316498,0.05723905723905724,0.2053872053872054,0.7946127946127947,0.2222222222222222,184.0,130.0,0.3858695652173913,0.6141304347826086,0.6902173913043478
907,0.5757575757575758,0.18181818181818182,0.026936026936026935,0.21548821548821548,0.7845117845117845,0.20875420875420875,184.0,135.0,0.3967391304347826,0.6358695652173914,0.6793478260869565
908,0.6262626262626263,0.12121212121212122,0.03367003367003367,0.21885521885521886,0.7811447811447811,0.15488215488215487,174.0,125.0,0.40229885057471265,0.5977011494252874,0.6494252873563219
909,0.5286195286195287,0.15488215488215487,0.050505050505050504,0.265993265993266,0.734006734006734,0.2053872053872054,196.0,147.0,0.37244897959183676,0.5612244897959183,0.6224489795918368
910,0.5387205387205387,0.16498316498316498,0.05723905723905724,0.23905723905723905,0.7609427609427609,0.2222222222222222,187.0,133.0,0.35294117647058826,0.5721925133689839,0.6363636363636364
911,0.4983164983164983,0.1750841750841751,0.04713804713804714,0.27946127946127947,0.7205387205387206,0.2222222222222222,193.0,148.0,0.30569948186528495,0.5284974093264249,0.5958549222797928
912,0.5555555555555556,0.13804713804713806,0.050505050505050504,0.2558922558922559,0.7441077441077442,0.18855218855218855,198.0,151.0,0.3888888888888889,0.5757575757575758,0.6363636363636364
913,0.5185185185185185,0.18855218855218855,0.04713804713804714,0.24579124579124578,0.7542087542087542,0.2356902356902357,192.0,137.0,0.3802083333333333,0.5833333333333334,0.6354166666666666
914,0.5252525252525253,0.15151515151515152,0.05387205387205387,0.26936026936026936,0.7306397306397306,0.2053872053872054,197.0,152.0,0.3604060913705584,0.5532994923857868,0.6192893401015228
915,0.569023569023569,0.18181818181818182,0.04377104377104377,0.2053872053872054,0.7946127946127947,0.2255892255892256,190.0,137.0,0.3736842105263158,0.6210526315789474,0.6842105263157895
916,0.5757575757575758,0.21548821548821548,0.030303030303030304,0.17845117845117844,0.8215488215488216,0.24579124579124578,179.0,128.0,0.3854748603351955,0.659217877094972,0.7094972067039106
917,0.5757575757575758,0.1750841750841751,0.04713804713804714,0.20202020202020202,0.797979797979798,0.2222222222222222,189.0,139.0,0.4074074074074074,0.6296296296296297,0.6825396825396826
918,0.5656565656565656,0.15151515151515152,0.04713804713804714,0.2356902356902357,0.7643097643097643,0.19865319865319866,181.0,124.0,0.3812154696132597,0.580110497237569,0.6519337016574586
919,0.5218855218855218,0.16498316498316498,0.037037037037037035,0.2760942760942761,0.7239057239057239,0.20202020202020202,188.0,134.0,0.35638297872340424,0.5585106382978723,0.601063829787234
920,0.5521885521885522,0.16835016835016836,0.013468013468013467,0.265993265993266,0.734006734006734,0.18181818181818182,186.0,134.0,0.3763440860215054,0.5806451612903226,0.6021505376344086
921,0.6195286195286195,0.15151515151515152,0.03367003367003367,0.19528619528619529,0.8047138047138047,0.18518518518518517,187.0,135.0,0.44385026737967914,0.6470588235294118,0.6951871657754011
922,0.5723905723905723,0.18181818181818182,0.04377104377104377,0.20202020202020202,0.797979797979798,0.2255892255892256,184.0,130.0,0.3858695652173913,0.6413043478260869,0.6956521739130435
923,0.5589225589225589,0.19528619528619529,0.037037037037037035,0.20875420875420875,0.7912457912457912,0.23232323232323232,183.0,126.0,0.39344262295081966,0.639344262295082,0.6830601092896175
924,0.5656565656565656,0.13131313131313133,0.05387205387205387,0.24915824915824916,0.7508417508417509,0.18518518518518517,194.0,145.0,0.3865979381443299,0.5721649484536082,0.6443298969072165
925,0.5488215488215489,0.18518518518518517,0.05387205387205387,0.21212121212121213,0.7878787878787878,0.23905723905723905,186.0,131.0,0.40860215053763443,0.6290322580645161,0.6881720430107527
926,0.5252525252525253,0.18181818181818182,0.04377104377104377,0.24915824915824916,0.7508417508417509,0.2255892255892256,193.0,142.0,0.35751295336787564,0.5803108808290155,0.6321243523316062
927,0.5488215488215489,0.19528619528619529,0.037037037037037035,0.21885521885521886,0.7811447811447811,0.23232323232323232,186.0,129.0,0.3763440860215054,0.6182795698924731,0.6666666666666666
928,0.5016835016835017,0.19865319865319866,0.03367003367003367,0.265993265993266,0.734006734006734,0.23232323232323232,202.0,153.0,0.3564356435643564,0.5792079207920792,0.6237623762376238
929,0.5791245791245792,0.1919191919191919,0.06060606060606061,0.16835016835016836,0.8316498316498316,0.25252525252525254,177.0,124.0,0.4011299435028249,0.6440677966101694,0.7344632768361582
930,0.5252525252525253,0.1717171717171717,0.06397306397306397,0.23905723905723905,0.7609427609427609,0.2356902356902357,194.0,143.0,0.3556701030927835,0.5824742268041238,0.6494845360824743
931,0.5521885521885522,0.18518518518518517,0.06734006734006734,0.19528619528619529,0.8047138047138047,0.25252525252525254,189.0,138.0,0.4021164021164021,0.6190476190476191,0.7037037037037037
932,0.5420875420875421,0.19528619528619529,0.03367003367003367,0.22895622895622897,0.7710437710437711,0.22895622895622897,192.0,141.0,0.390625,0.609375,0.65625
933,0.494949494949495,0.23905723905723905,0.04713804713804714,0.21885521885521886,0.7811447811447811,0.28619528619528617,193.0,140.0,0.36787564766839376,0.6373056994818653,0.6994818652849741
934,0.5555555555555556,0.17845117845117844,0.05387205387205387,0.21212121212121213,0.7878787878787878,0.23232323232323232,193.0,145.0,0.38860103626943004,0.616580310880829,0.689119170984456
935,0.531986531986532,0.18855218855218855,0.04377104377104377,0.2356902356902357,0.7643097643097643,0.23232323232323232,195.0,145.0,0.358974358974359,0.6102564102564103,0.6564102564102564
936,0.5858585858585859,0.13131313131313133,0.037037037037037035,0.24579124579124578,0.7542087542087542,0.16835016835016836,178.0,122.0,0.4157303370786517,0.5842696629213483,0.6292134831460674
937,0.5387205387205387,0.16835016835016836,0.07407407407407407,0.21885521885521886,0.7811447811447811,0.24242424242424243,185.0,129.0,0.3945945945945946,0.6,0.6702702702702703
938,0.5757575757575758,0.15824915824915825,0.04040404040404041,0.2255892255892256,0.7744107744107744,0.19865319865319866,185.0,137.0,0.3837837837837838,0.5837837837837838,0.6432432432432432
939,0.5050505050505051,0.1919191919191919,0.04713804713804714,0.2558922558922559,0.7441077441077442,0.23905723905723905,201.0,152.0,0.3383084577114428,0.5920398009950248,0.6467661691542289
940,0.5286195286195287,0.16835016835016836,0.04713804713804714,0.2558922558922559,0.7441077441077442,0.21548821548821548,194.0,144.0,0.3711340206185567,0.5721649484536082,0.6288659793814433
941,0.5723905723905723,0.13804713804713806,0.050505050505050504,0.23905723905723905,0.7609427609427609,0.18855218855218855,192.0,148.0,0.3802083333333333,0.5677083333333334,0.6354166666666666
942,0.5656565656565656,0.15488215488215487,0.06060606060606061,0.21885521885521886,0.7811447811447811,0.21548821548821548,193.0,147.0,0.39378238341968913,0.6113989637305699,0.6735751295336787
943,0.5521885521885522,0.16498316498316498,0.04040404040404041,0.24242424242424243,0.7575757575757576,0.2053872053872054,191.0,143.0,0.3769633507853403,0.6073298429319371,0.6544502617801047
944,0.5824915824915825,0.18181818181818182,0.016835016835016835,0.21885521885521886,0.7811447811447811,0.19865319865319866,173.0,119.0,0.3815028901734104,0.6184971098265896,0.6473988439306358
945,0.6161616161616161,0.12457912457912458,0.06060606060606061,0.19865319865319866,0.8013468013468014,0.18518518518518517,169.0,114.0,0.42011834319526625,0.621301775147929,0.6982248520710059
946,0.569023569023569,0.16498316498316498,0.04377104377104377,0.2222222222222222,0.7777777777777778,0.20875420875420875,183.0,125.0,0.4098360655737705,0.6174863387978142,0.6830601092896175
947,0.569023569023569,0.19528619528619529,0.030303030303030304,0.2053872053872054,0.7946127946127947,0.2255892255892256,187.0,137.0,0.40106951871657753,0.6417112299465241,0.6844919786096256
948,0.5791245791245792,0.12121212121212122,0.06060606060606061,0.23905723905723905,0.7609427609427609,0.18181818181818182,187.0,139.0,0.3850267379679144,0.5721925133689839,0.6417112299465241
949,0.5555555555555556,0.16498316498316498,0.04713804713804714,0.23232323232323232,0.7676767676767676,0.21212121212121213,183.0,132.0,0.3770491803278688,0.5901639344262295,0.6557377049180327
950,0.5656565656565656,0.19528619528619529,0.04377104377104377,0.19528619528619529,0.8047138047138047,0.23905723905723905,181.0,123.0,0.39779005524861877,0.6408839779005525,0.7016574585635359
951,0.5892255892255892,0.1414141414141414,0.050505050505050504,0.21885521885521886,0.7811447811447811,0.1919191919191919,182.0,124.0,0.41208791208791207,0.5934065934065934,0.6648351648351648
952,0.5824915824915825,0.1717171717171717,0.037037037037037035,0.20875420875420875,0.7912457912457912,0.20875420875420875,179.0,125.0,0.39664804469273746,0.6201117318435754,0.6759776536312849
953,0.5454545454545454,0.15151515151515152,0.05387205387205387,0.24915824915824916,0.7508417508417509,0.2053872053872054,196.0,146.0,0.3826530612244898,0.5663265306122449,0.6326530612244898
954,0.5993265993265994,0.1717171717171717,0.04377104377104377,0.18518518518518517,0.8148148148148148,0.21548821548821548,185.0,134.0,0.42162162162162165,0.6432432432432432,0.7081081081081081
955,0.5387205387205387,0.1717171717171717,0.04040404040404041,0.24915824915824916,0.7508417508417509,0.21212121212121213,194.0,146.0,0.3711340206185567,0.5979381443298969,0.6443298969072165
956,0.5286195286195287,0.18518518518518517,0.04713804713804714,0.23905723905723905,0.7609427609427609,0.23232323232323232,201.0,152.0,0.3781094527363184,0.6119402985074627,0.6616915422885572
957,0.5521885521885522,0.18181818181818182,0.050505050505050504,0.21548821548821548,0.7845117845117845,0.23232323232323232,186.0,129.0,0.3924731182795699,0.6021505376344086,0.6720430107526881
958,0.5723905723905723,0.16835016835016836,0.04040404040404041,0.21885521885521886,0.7811447811447811,0.20875420875420875,188.0,133.0,0.42021276595744683,0.6436170212765957,0.6861702127659575
959,0.5454545454545454,0.15824915824915825,0.037037037037037035,0.25925925925925924,0.7407407407407407,0.19528619528619529,197.0,153.0,0.37055837563451777,0.5685279187817259,0.6192893401015228
960,0.5589225589225589,0.1750841750841751,0.037037037037037035,0.22895622895622897,0.7710437710437711,0.21212121212121213,187.0,132.0,0.39037433155080214,0.5882352941176471,0.6470588235294118
961,0.5353535353535354,0.18518518518518517,0.06060606060606061,0.21885521885521886,0.7811447811447811,0.24579124579124578,188.0,134.0,0.3670212765957447,0.5904255319148937,0.6702127659574468
962,0.5488215488215489,0.16161616161616163,0.04713804713804714,0.24242424242424243,0.7575757575757576,0.20875420875420875,190.0,137.0,0.4052631578947368,0.6105263157894737,0.6684210526315789
963,0.5286195286195287,0.2053872053872054,0.05723905723905724,0.20875420875420875,0.7912457912457912,0.26262626262626265,205.0,160.0,0.3853658536585366,0.6292682926829268,0.697560975609756
964,0.5252525252525253,0.1750841750841751,0.050505050505050504,0.24915824915824916,0.7508417508417509,0.2255892255892256,202.0,158.0,0.36633663366336633,0.5891089108910891,0.6485148514851485
965,0.5521885521885522,0.19528619528619529,0.04713804713804714,0.2053872053872054,0.7946127946127947,0.24242424242424243,189.0,140.0,0.36507936507936506,0.6243386243386243,0.6878306878306878
966,0.5622895622895623,0.15151515151515152,0.05723905723905724,0.22895622895622897,0.7710437710437711,0.20875420875420875,188.0,135.0,0.3776595744680851,0.5904255319148937,0.6595744680851063
967,0.5521885521885522,0.1717171717171717,0.037037037037037035,0.23905723905723905,0.7609427609427609,0.20875420875420875,188.0,130.0,0.3723404255319149,0.5957446808510638,0.648936170212766
968,0.5925925925925926,0.16498316498316498,0.04713804713804714,0.19528619528619529,0.8047138047138047,0.21212121212121213,178.0,123.0,0.4157303370786517,0.651685393258427,0.6966292134831461
969,0.5993265993265994,0.15488215488215487,0.037037037037037035,0.20875420875420875,0.7912457912457912,0.1919191919191919,186.0,133.0,0.43548387096774194,0.6344086021505376,0.6827956989247311
970,0.5488215488215489,0.18181818181818182,0.04377104377104377,0.2255892255892256,0.7744107744107744,0.2255892255892256,195.0,146.0,0.39487179487179486,0.6205128205128205,0.6820512820512821
971,0.5454545454545454,0.17845117845117844,0.050505050505050504,0.2255892255892256,0.7744107744107744,0.22895622895622897,193.0,141.0,0.38341968911917096,0.6113989637305699,0.6839378238341969
972,0.5117845117845118,0.19528619528619529,0.050505050505050504,0.24242424242424243,0.7575757575757576,0.24579124579124578,190.0,138.0,0.33157894736842103,0.5736842105263158,0.6421052631578947
973,0.5454545454545454,0.1750841750841751,0.02356902356902357,0.2558922558922559,0.7441077441077442,0.19865319865319866,194.0,141.0,0.38144329896907214,0.5927835051546392,0.6237113402061856
974,0.531986531986532,0.18181818181818182,0.05387205387205387,0.23232323232323232,0.7676767676767676,0.2356902356902357,190.0,138.0,0.3473684210526316,0.5684210526315789,0.6421052631578947
975,0.5993265993265994,0.15151515151515152,0.06060606060606061,0.18855218855218855,0.8114478114478114,0.21212121212121213,180.0,121.0,0.4222222222222222,0.6388888888888888,0.7333333333333333
976,0.5656565656565656,0.18181818181818182,0.05387205387205387,0.19865319865319866,0.8013468013468014,0.2356902356902357,188.0,134.0,0.40425531914893614,0.6382978723404256,0.723404255319149
977,0.5420875420875421,0.13804713804713806,0.06060606060606061,0.25925925925925924,0.7407407407407407,0.19865319865319866,193.0,143.0,0.3471502590673575,0.538860103626943,0.6113989637305699
978,0.5589225589225589,0.20202020202020202,0.050505050505050504,0.18855218855218855,0.8114478114478114,0.25252525252525254,190.0,139.0,0.38421052631578945,0.6473684210526316,0.7210526315789474
979,0.5353535353535354,0.1750841750841751,0.03367003367003367,0.2558922558922559,0.7441077441077442,0.20875420875420875,195.0,134.0,0.37948717948717947,0.6,0.6512820512820513
980,0.5454545454545454,0.19528619528619529,0.05723905723905724,0.20202020202020202,0.797979797979798,0.25252525252525254,186.0,135.0,0.3870967741935484,0.6182795698924731,0.6935483870967742
981,0.5454545454545454,0.17845117845117844,0.050505050505050504,0.2255892255892256,0.7744107744107744,0.22895622895622897,192.0,143.0,0.390625,0.6145833333333334,0.6770833333333334
982,0.5589225589225589,0.19865319865319866,0.05387205387205387,0.18855218855218855,0.8114478114478114,0.25252525252525254,178.0,124.0,0.38764044943820225,0.6348314606741573,0.7078651685393258
983,0.5622895622895623,0.16498316498316498,0.026936026936026935,0.24579124579124578,0.7542087542087542,0.1919191919191919,189.0,136.0,0.3968253968253968,0.5925925925925926,0.6349206349206349
984,0.5353535353535354,0.20875420875420875,0.03367003367003367,0.2222222222222222,0.7777777777777778,0.24242424242424243,184.0,132.0,0.3641304347826087,0.6141304347826086,0.6630434782608695
985,0.5387205387205387,0.19528619528619529,0.050505050505050504,0.21548821548821548,0.7845117845117845,0.24579124579124578,181.0,125.0,0.3701657458563536,0.6353591160220995,0.6795580110497238
986,0.5353535353535354,0.15488215488215487,0.0707070707070707,0.23905723905723905,0.7609427609427609,0.2255892255892256,196.0,149.0,0.37244897959183676,0.576530612244898,0.6683673469387755
987,0.531986531986532,0.18518518518518517,0.026936026936026935,0.2558922558922559,0.7441077441077442,0.21212121212121213,196.0,151.0,0.3826530612244898,0.6020408163265306,0.6428571428571429
988,0.531986531986532,0.15488215488215487,0.06734006734006734,0.24579124579124578,0.7542087542087542,0.2222222222222222,194.0,142.0,0.37628865979381443,0.5670103092783505,0.654639175257732
989,0.5656565656565656,0.18181818181818182,0.050505050505050504,0.20202020202020202,0.797979797979798,0.23232323232323232,183.0,126.0,0.3825136612021858,0.6338797814207651,0.6885245901639344
990,0.5521885521885522,0.1919191919191919,0.030303030303030304,0.2255892255892256,0.7744107744107744,0.2222222222222222,192.0,144.0,0.3802083333333333,0.625,0.6666666666666666
991,0.5757575757575758,0.19528619528619529,0.04713804713804714,0.18181818181818182,0.8181818181818182,0.24242424242424243,180.0,130.0,0.40555555555555556,0.65,0.7111111111111111
992,0.5420875420875421,0.15488215488215487,0.06397306397306397,0.23905723905723905,0.7609427609427609,0.21885521885521886,193.0,141.0,0.35751295336787564,0.5699481865284974,0.6580310880829016
993,0.494949494949495,0.18855218855218855,0.05387205387205387,0.26262626262626265,0.7373737373737373,0.24242424242424243,198.0,140.0,0.35858585858585856,0.5808080808080808,0.6464646464646465
994,0.5387205387205387,0.18518518518518517,0.04377104377104377,0.23232323232323232,0.7676767676767676,0.22895622895622897,188.0,139.0,0.3617021276595745,0.601063829787234,0.6542553191489362
995,0.5420875420875421,0.16498316498316498,0.05723905723905724,0.2356902356902357,0.7643097643097643,0.2222222222222222,188.0,136.0,0.39893617021276595,0.5904255319148937,0.6648936170212766
996,0.5555555555555556,0.16835016835016836,0.037037037037037035,0.23905723905723905,0.7609427609427609,0.2053872053872054,184.0,130.0,0.3967391304347826,0.5978260869565217,0.6413043478260869
997,0.5454545454545454,0.1750841750841751,0.037037037037037035,0.24242424242424243,0.7575757575757576,0.21212121212121213,186.0,128.0,0.3602150537634409,0.5913978494623656,0.6451612903225806
998,0.5454545454545454,0.18181818181818182,0.04713804713804714,0.2255892255892256,0.7744107744107744,0.22895622895622897,193.0,143.0,0.3626943005181347,0.6010362694300518,0.6683937823834197
999,0.5723905723905723,0.18518518518518517,0.04377104377104377,0.19865319865319866,0.8013468013468014,0.22895622895622897,178.0,116.0,0.42696629213483145,0.6348314606741573,0.6966292134831461
1000,0.5488215488215489,0.1717171717171717,0.05387205387205387,0.2255892255892256,0.7744107744107744,0.2255892255892256,190.0,136.0,0.3631578947368421,0.5947368421052631,0.6736842105263158
1001,0.5117845117845118,0.20202020202020202,0.06397306397306397,0.2222222222222222,0.7777777777777778,0.265993265993266,193.0,140.0,0.3471502590673575,0.5854922279792746,0.6735751295336787
1002,0.5723905723905723,0.13131313131313133,0.05387205387205387,0.24242424242424243,0.7575757575757576,0.18518518518518517,187.0,146.0,0.3689839572192513,0.5668449197860963,0.6417112299465241
1003,0.5353535353535354,0.18855218855218855,0.037037037037037035,0.23905723905723905,0.7609427609427609,0.2255892255892256,195.0,150.0,0.3384615384615385,0.5897435897435898,0.6410256410256411
1004,0.5555555555555556,0.15488215488215487,0.04713804713804714,0.24242424242424243,0.7575757575757576,0.20202020202020202,194.0,142.0,0.37628865979381443,0.5876288659793815,0.6443298969072165
1005,0.5185185185185185,0.14814814814814814,0.06734006734006734,0.265993265993266,0.734006734006734,0.21548821548821548,202.0,151.0,0.3613861386138614,0.5594059405940595,0.6386138613861386
1006,0.5791245791245792,0.2053872053872054,0.03367003367003367,0.18181818181818182,0.8181818181818182,0.23905723905723905,184.0,128.0,0.42934782608695654,0.6847826086956522,0.7282608695652174
1007,0.5723905723905723,0.1750841750841751,0.037037037037037035,0.21548821548821548,0.7845117845117845,0.21212121212121213,187.0,136.0,0.39037433155080214,0.6363636363636364,0.6844919786096256
1008,0.5117845117845118,0.16498316498316498,0.06734006734006734,0.2558922558922559,0.7441077441077442,0.23232323232323232,198.0,150.0,0.3333333333333333,0.5454545454545454,0.6363636363636364
1009,0.5757575757575758,0.2053872053872054,0.04040404040404041,0.17845117845117844,0.8215488215488216,0.24579124579124578,187.0,133.0,0.39572192513368987,0.6631016042780749,0.7165775401069518
1010,0.5723905723905723,0.15151515151515152,0.04713804713804714,0.22895622895622897,0.7710437710437711,0.19865319865319866,185.0,138.0,0.3945945945945946,0.5837837837837838,0.654054054054054
1011,0.5488215488215489,0.18181818181818182,0.03367003367003367,0.2356902356902357,0.7643097643097643,0.21548821548821548,199.0,141.0,0.38190954773869346,0.6231155778894473,0.6733668341708543
1012,0.5420875420875421,0.16498316498316498,0.026936026936026935,0.265993265993266,0.734006734006734,0.1919191919191919,197.0,148.0,0.38071065989847713,0.5939086294416244,0.6294416243654822
1013,0.5454545454545454,0.20875420875420875,0.04377104377104377,0.20202020202020202,0.797979797979798,0.25252525252525254,195.0,142.0,0.37435897435897436,0.6358974358974359,0.6974358974358974
1014,0.5454545454545454,0.16498316498316498,0.06734006734006734,0.2222222222222222,0.7777777777777778,0.23232323232323232,185.0,140.0,0.3837837837837838,0.6,0.6756756756756757
1015,0.5622895622895623,0.1717171717171717,0.06060606060606061,0.2053872053872054,0.7946127946127947,0.23232323232323232,189.0,142.0,0.3915343915343915,0.6190476190476191,0.6878306878306878
1016,0.48148148148148145,0.2222222222222222,0.037037037037037035,0.25925925925925924,0.7407407407407407,0.25925925925925924,198.0,144.0,0.3434343434343434,0.5959595959595959,0.6464646464646465
1017,0.531986531986532,0.18518518518518517,0.04377104377104377,0.23905723905723905,0.7609427609427609,0.22895622895622897,191.0,140.0,0.39790575916230364,0.612565445026178,0.6701570680628273
1018,0.5420875420875421,0.17845117845117844,0.037037037037037035,0.24242424242424243,0.7575757575757576,0.21548821548821548,188.0,132.0,0.3723404255319149,0.5957446808510638,0.6436170212765957
1019,0.5589225589225589,0.16835016835016836,0.04713804713804714,0.2255892255892256,0.7744107744107744,0.21548821548821548,192.0,142.0,0.3645833333333333,0.59375,0.6510416666666666
1020,0.5555555555555556,0.1717171717171717,0.05723905723905724,0.21548821548821548,0.7845117845117845,0.22895622895622897,193.0,139.0,0.40414507772020725,0.616580310880829,0.6839378238341969
1021,0.5286195286195287,0.2053872053872054,0.06060606060606061,0.2053872053872054,0.7946127946127947,0.265993265993266,197.0,143.0,0.38071065989847713,0.6395939086294417,0.7208121827411168
1022,0.5589225589225589,0.18855218855218855,0.05387205387205387,0.19865319865319866,0.8013468013468014,0.24242424242424243,179.0,125.0,0.3687150837988827,0.6089385474860335,0.6871508379888268
1023,0.5622895622895623,0.13804713804713806,0.06060606060606061,0.23905723905723905,0.7609427609427609,0.19865319865319866,197.0,146.0,0.3756345177664975,0.5685279187817259,0.649746192893401
1024,0.5959595959595959,0.16161616161616163,0.026936026936026935,0.21548821548821548,0.7845117845117845,0.18855218855218855,184.0,130.0,0.391304347826087,0.625,0.6630434782608695
1025,0.531986531986532,0.2053872053872054,0.04713804713804714,0.21548821548821548,0.7845117845117845,0.25252525252525254,191.0,141.0,0.3507853403141361,0.6073298429319371,0.675392670157068
1026,0.494949494949495,0.16161616161616163,0.05387205387205387,0.2895622895622896,0.7104377104377104,0.21548821548821548,197.0,143.0,0.350253807106599,0.5228426395939086,0.5989847715736041
1027,0.5488215488215489,0.16835016835016836,0.050505050505050504,0.23232323232323232,0.7676767676767676,0.21885521885521886,191.0,142.0,0.36649214659685864,0.5863874345549738,0.6544502617801047
1028,0.5387205387205387,0.16835016835016836,0.06060606060606061,0.23232323232323232,0.7676767676767676,0.22895622895622897,201.0,152.0,0.373134328358209,0.5920398009950248,0.6666666666666666
1029,0.6262626262626263,0.15824915824915825,0.04040404040404041,0.1750841750841751,0.8249158249158249,0.19865319865319866,170.0,115.0,0.4235294117647059,0.6411764705882353,0.7
1030,0.5185185185185185,0.15151515151515152,0.05723905723905724,0.2727272727272727,0.7272727272727273,0.20875420875420875,201.0,155.0,0.34328358208955223,0.5373134328358209,0.6119402985074627
1031,0.5218855218855218,0.1717171717171717,0.030303030303030304,0.2760942760942761,0.7239057239057239,0.20202020202020202,188.0,132.0,0.3617021276595745,0.5531914893617021,0.5957446808510638
1032,0.5555555555555556,0.2222222222222222,0.037037037037037035,0.18518518518518517,0.8148148148148148,0.25925925925925924,185.0,128.0,0.3891891891891892,0.6648648648648648,0.7081081081081081
1033,0.5656565656565656,0.16835016835016836,0.04377104377104377,0.2222222222222222,0.7777777777777778,0.21212121212121213,185.0,130.0,0.3891891891891892,0.6216216216216216,0.6810810810810811
1034,0.5791245791245792,0.19528619528619529,0.04040404040404041,0.18518518518518517,0.8148148148148148,0.2356902356902357,183.0,137.0,0.3770491803278688,0.644808743169399,0.6994535519125683
1035,0.5723905723905723,0.16161616161616163,0.037037037037037035,0.22895622895622897,0.7710437710437711,0.19865319865319866,190.0,142.0,0.3684210526315789,0.5947368421052631,0.6473684210526316
1036,0.5622895622895623,0.15488215488215487,0.07407407407407407,0.20875420875420875,0.7912457912457912,0.22895622895622897,190.0,140.0,0.4052631578947368,0.5894736842105263,0.6894736842105263
1037,0.5252525252525253,0.13131313131313133,0.04040404040404041,0.30303030303030304,0.696969696969697,0.1717171717171717,189.0,140.0,0.3492063492063492,0.5132275132275133,0.5714285714285714
1038,0.5757575757575758,0.18518518518518517,0.04713804713804714,0.1919191919191919,0.8080808080808081,0.23232323232323232,179.0,125.0,0.37988826815642457,0.6089385474860335,0.6871508379888268
1039,0.5420875420875421,0.15151515151515152,0.04377104377104377,0.26262626262626265,0.7373737373737373,0.19528619528619529,191.0,145.0,0.36649214659685864,0.5602094240837696,0.6230366492146597
1040,0.5723905723905723,0.16498316498316498,0.030303030303030304,0.23232323232323232,0.7676767676767676,0.19528619528619529,185.0,132.0,0.40540540540540543,0.6054054054054054,0.6486486486486487
1041,0.5084175084175084,0.1919191919191919,0.05723905723905724,0.24242424242424243,0.7575757575757576,0.24915824915824916,193.0,142.0,0.3471502590673575,0.5699481865284974,0.6476683937823834
1042,0.5117845117845118,0.2255892255892256,0.04040404040404041,0.2222222222222222,0.7777777777777778,0.265993265993266,194.0,141.0,0.36597938144329895,0.634020618556701,0.6907216494845361
1043,0.5521885521885522,0.16835016835016836,0.03367003367003367,0.24579124579124578,0.7542087542087542,0.20202020202020202,193.0,140.0,0.38341968911917096,0.6010362694300518,0.6476683937823834
1044,0.5824915824915825,0.17845117845117844,0.04040404040404041,0.19865319865319866,0.8013468013468014,0.21885521885521886,176.0,113.0,0.4034090909090909,0.6363636363636364,0.6931818181818182
1045,0.531986531986532,0.13804713804713806,0.05723905723905724,0.2727272727272727,0.7272727272727273,0.19528619528619529,200.0,152.0,0.36,0.54,0.615
1046,0.5286195286195287,0.1919191919191919,0.05387205387205387,0.2255892255892256,0.7744107744107744,0.24579124579124578,196.0,143.0,0.41836734693877553,0.6326530612244898,0.6989795918367347
1047,0.5286195286195287,0.18181818181818182,0.04377104377104377,0.24579124579124578,0.7542087542087542,0.2255892255892256,189.0,133.0,0.36507936507936506,0.5767195767195767,0.6296296296296297
1048,0.5151515151515151,0.18518518518518517,0.050505050505050504,0.24915824915824916,0.7508417508417509,0.2356902356902357,183.0,129.0,0.3770491803278688,0.5901639344262295,0.639344262295082
1049,0.5656565656565656,0.16161616161616163,0.05387205387205387,0.21885521885521886,0.7811447811447811,0.21548821548821548,182.0,129.0,0.4010989010989011,0.5824175824175825,0.6703296703296703
1050,0.531986531986532,0.1919191919191919,0.04713804713804714,0.22895622895622897,0.7710437710437711,0.23905723905723905,193.0,146.0,0.36787564766839376,0.6062176165803109,0.6683937823834197
1051,0.5791245791245792,0.16835016835016836,0.026936026936026935,0.2255892255892256,0.7744107744107744,0.19528619528619529,179.0,128.0,0.39106145251396646,0.6033519553072626,0.6480446927374302
1052,0.5084175084175084,0.16835016835016836,0.04713804713804714,0.2760942760942761,0.7239057239057239,0.21548821548821548,195.0,139.0,0.3487179487179487,0.5538461538461539,0.6102564102564103
1053,0.5151515151515151,0.16161616161616163,0.04713804713804714,0.2760942760942761,0.7239057239057239,0.20875420875420875,199.0,141.0,0.38190954773869346,0.5728643216080402,0.6381909547738693
1054,0.5454545454545454,0.18181818181818182,0.04040404040404041,0.23232323232323232,0.7676767676767676,0.2222222222222222,190.0,144.0,0.37894736842105264,0.6052631578947368,0.6578947368421053
1055,0.5959595959595959,0.16161616161616163,0.04040404040404041,0.20202020202020202,0.797979797979798,0.20202020202020202,178.0,123.0,0.4101123595505618,0.6179775280898876,0.6797752808988764
1056,0.5252525252525253,0.1750841750841751,0.050505050505050504,0.24915824915824916,0.7508417508417509,0.2255892255892256,184.0,125.0,0.3695652173913043,0.5652173913043478,0.6413043478260869
1057,0.5521885521885522,0.1447811447811448,0.03367003367003367,0.26936026936026936,0.7306397306397306,0.17845117845117844,186.0,136.0,0.3709677419354839,0.553763440860215,0.6021505376344086
1058,0.5252525252525253,0.19528619528619529,0.04040404040404041,0.23905723905723905,0.7609427609427609,0.2356902356902357,196.0,147.0,0.35714285714285715,0.6071428571428571,0.6581632653061225
1059,0.5488215488215489,0.2053872053872054,0.037037037037037035,0.20875420875420875,0.7912457912457912,0.24242424242424243,195.0,141.0,0.38461538461538464,0.6512820512820513,0.7076923076923077
1060,0.5387205387205387,0.1717171717171717,0.04377104377104377,0.24579124579124578,0.7542087542087542,0.21548821548821548,192.0,134.0,0.3645833333333333,0.5885416666666666,0.640625
1061,0.5218855218855218,0.19528619528619529,0.04040404040404041,0.24242424242424243,0.7575757575757576,0.2356902356902357,199.0,144.0,0.34673366834170855,0.6130653266331658,0.6733668341708543
1062,0.5925925925925926,0.16498316498316498,0.04040404040404041,0.20202020202020202,0.797979797979798,0.2053872053872054,181.0,129.0,0.39226519337016574,0.6408839779005525,0.7016574585635359
1063,0.5286195286195287,0.19528619528619529,0.04713804713804714,0.22895622895622897,0.7710437710437711,0.24242424242424243,193.0,141.0,0.3626943005181347,0.6113989637305699,0.6528497409326425
1064,0.6094276094276094,0.1919191919191919,0.03367003367003367,0.16498316498316498,0.835016835016835,0.2255892255892256,185.0,134.0,0.4540540540540541,0.7027027027027027,0.7405405405405405
1065,0.5353535353535354,0.15488215488215487,0.06734006734006734,0.24242424242424243,0.7575757575757576,0.2222222222222222,196.0,149.0,0.3673469387755102,0.5816326530612245,0.6479591836734694
1066,0.569023569023569,0.17845117845117844,0.05387205387205387,0.19865319865319866,0.8013468013468014,0.23232323232323232,187.0,138.0,0.39037433155080214,0.6096256684491979,0.6898395721925134
1067,0.5252525252525253,0.18855218855218855,0.050505050505050504,0.2356902356902357,0.7643097643097643,0.23905723905723905,191.0,134.0,0.3717277486910995,0.6020942408376964,0.6649214659685864
1068,0.5589225589225589,0.15488215488215487,0.04377104377104377,0.24242424242424243,0.7575757575757576,0.19865319865319866,197.0,147.0,0.38071065989847713,0.5888324873096447,0.649746192893401
1069,0.5387205387205387,0.19865319865319866,0.0707070707070707,0.1919191919191919,0.8080808080808081,0.26936026936026936,180.0,123.0,0.36666666666666664,0.6277777777777778,0.7111111111111111
1070,0.5185185185185185,0.17845117845117844,0.050505050505050504,0.25252525252525254,0.7474747474747475,0.22895622895622897,197.0,148.0,0.3248730964467005,0.5634517766497462,0.6395939086294417
1071,0.5454545454545454,0.16835016835016836,0.04040404040404041,0.24579124579124578,0.7542087542087542,0.20875420875420875,186.0,130.0,0.3709677419354839,0.5698924731182796,0.6290322580645161
1072,0.5016835016835017,0.2255892255892256,0.030303030303030304,0.24242424242424243,0.7575757575757576,0.2558922558922559,200.0,146.0,0.37,0.625,0.67
1073,0.4983164983164983,0.19528619528619529,0.05387205387205387,0.25252525252525254,0.7474747474747475,0.24915824915824916,202.0,151.0,0.36633663366336633,0.5841584158415841,0.6485148514851485
1074,0.5420875420875421,0.19528619528619529,0.04040404040404041,0.2222222222222222,0.7777777777777778,0.2356902356902357,183.0,127.0,0.36065573770491804,0.5956284153005464,0.6612021857923497
1075,0.569023569023569,0.1717171717171717,0.05387205387205387,0.2053872053872054,0.7946127946127947,0.2255892255892256,191.0,140.0,0.39790575916230364,0.6178010471204188,0.6963350785340314
1076,0.5387205387205387,0.1717171717171717,0.05387205387205387,0.2356902356902357,0.7643097643097643,0.2255892255892256,184.0,128.0,0.358695652173913,0.5597826086956522,0.625
1077,0.5488215488215489,0.16835016835016836,0.04713804713804714,0.2356902356902357,0.7643097643097643,0.21548821548821548,182.0,131.0,0.3791208791208791,0.5879120879120879,0.6538461538461539
1078,0.5723905723905723,0.16835016835016836,0.04040404040404041,0.21885521885521886,0.7811447811447811,0.20875420875420875,190.0,139.0,0.4,0.6157894736842106,0.6736842105263158
1079,0.5521885521885522,0.19528619528619529,0.04377104377104377,0.20875420875420875,0.7912457912457912,0.23905723905723905,181.0,126.0,0.39226519337016574,0.6243093922651933,0.6740331491712708
1080,0.5218855218855218,0.20202020202020202,0.06397306397306397,0.21212121212121213,0.7878787878787878,0.265993265993266,197.0,148.0,0.36548223350253806,0.6040609137055838,0.6903553299492385
1081,0.5925925925925926,0.15151515151515152,0.030303030303030304,0.2255892255892256,0.7744107744107744,0.18181818181818182,171.0,116.0,0.391812865497076,0.5906432748538012,0.6374269005847953
1082,0.5555555555555556,0.18181818181818182,0.04713804713804714,0.21548821548821548,0.7845117845117845,0.22895622895622897,186.0,134.0,0.3870967741935484,0.6182795698924731,0.6774193548387096
1083,0.569023569023569,0.18181818181818182,0.04713804713804714,0.20202020202020202,0.797979797979798,0.22895622895622897,190.0,138.0,0.3894736842105263,0.6263157894736842,0.6947368421052632
1084,0.5488215488215489,0.16498316498316498,0.04040404040404041,0.24579124579124578,0.7542087542087542,0.2053872053872054,189.0,136.0,0.38095238095238093,0.5767195767195767,0.6402116402116402
1085,0.5286195286195287,0.15151515151515152,0.05387205387205387,0.265993265993266,0.734006734006734,0.2053872053872054,188.0,133.0,0.34574468085106386,0.5531914893617021,0.6170212765957447
1086,0.5723905723905723,0.1447811447811448,0.05387205387205387,0.22895622895622897,0.7710437710437711,0.19865319865319866,182.0,122.0,0.38461538461538464,0.5714285714285714,0.6373626373626373
1087,0.5824915824915825,0.16835016835016836,0.03367003367003367,0.21548821548821548,0.7845117845117845,0.20202020202020202,183.0,128.0,0.3825136612021858,0.6338797814207651,0.6775956284153005
1088,0.531986531986532,0.19865319865319866,0.050505050505050504,0.21885521885521886,0.7811447811447811,0.24915824915824916,200.0,148.0,0.39,0.625,0.69
1089,0.5185185185185185,0.1919191919191919,0.04040404040404041,0.24915824915824916,0.7508417508417509,0.23232323232323232,195.0,146.0,0.3435897435897436,0.6,0.6564102564102564
1090,0.5622895622895623,0.15824915824915825,0.04040404040404041,0.23905723905723905,0.7609427609427609,0.19865319865319866,189.0,132.0,0.3968253968253968,0.582010582010582,0.6402116402116402
1091,0.5622895622895623,0.15151515151515152,0.04713804713804714,0.23905723905723905,0.7609427609427609,0.19865319865319866,180.0,131.0,0.37777777777777777,0.5722222222222222,0.6388888888888888
1092,0.5521885521885522,0.14814814814814814,0.026936026936026935,0.2727272727272727,0.7272727272727273,0.1750841750841751,189.0,138.0,0.37566137566137564,0.5714285714285714,0.6084656084656085
1093,0.5589225589225589,0.1717171717171717,0.04713804713804714,0.2222222222222222,0.7777777777777778,0.21885521885521886,189.0,135.0,0.41798941798941797,0.6243386243386243,0.671957671957672
1094,0.6531986531986532,0.13468013468013468,0.03367003367003367,0.17845117845117844,0.8215488215488216,0.16835016835016836,168.0,107.0,0.4583333333333333,0.6607142857142857,0.7083333333333334
1095,0.5488215488215489,0.14814814814814814,0.05387205387205387,0.24915824915824916,0.7508417508417509,0.20202020202020202,186.0,133.0,0.3817204301075269,0.5698924731182796,0.6344086021505376
1096,0.5353535353535354,0.1919191919191919,0.026936026936026935,0.24579124579124578,0.7542087542087542,0.21885521885521886,182.0,134.0,0.34065934065934067,0.5989010989010989,0.6428571428571429
1097,0.5521885521885522,0.18181818181818182,0.04713804713804714,0.21885521885521886,0.7811447811447811,0.22895622895622897,188.0,136.0,0.3776595744680851,0.6117021276595744,0.6808510638297872
1098,0.5925925925925926,0.13804713804713806,0.050505050505050504,0.21885521885521886,0.7811447811447811,0.18855218855218855,178.0,123.0,0.38764044943820225,0.5786516853932584,0.6460674157303371
1099,0.5925925925925926,0.16835016835016836,0.02356902356902357,0.21548821548821548,0.7845117845117845,0.1919191919191919,174.0,127.0,0.3735632183908046,0.6149425287356322,0.6436781609195402
1100,0.5622895622895623,0.2053872053872054,0.04040404040404041,0.1919191919191919,0.8080808080808081,0.24579124579124578,178.0,120.0,0.39325842696629215,0.6573033707865169,0.702247191011236
1101,0.5420875420875421,0.15824915824915825,0.037037037037037035,0.26262626262626265,0.7373737373737373,0.19528619528619529,183.0,132.0,0.366120218579235,0.5683060109289617,0.6174863387978142
1102,0.5218855218855218,0.17845117845117844,0.03367003367003367,0.265993265993266,0.734006734006734,0.21212121212121213,189.0,135.0,0.36507936507936506,0.5767195767195767,0.6296296296296297
1103,0.5286195286195287,0.21548821548821548,0.04377104377104377,0.21212121212121213,0.7878787878787878,0.25925925925925924,189.0,127.0,0.37566137566137564,0.6190476190476191,0.6772486772486772
1104,0.5084175084175084,0.18855218855218855,0.05387205387205387,0.24915824915824916,0.7508417508417509,0.24242424242424243,201.0,154.0,0.3283582089552239,0.5671641791044776,0.6467661691542289
1105,0.5757575757575758,0.16835016835016836,0.03367003367003367,0.2222222222222222,0.7777777777777778,0.20202020202020202,189.0,133.0,0.38095238095238093,0.6137566137566137,0.6666666666666666
1106,0.5016835016835017,0.1919191919191919,0.06060606060606061,0.24579124579124578,0.7542087542087542,0.25252525252525254,207.0,164.0,0.34299516908212563,0.5700483091787439,0.6521739130434783
1107,0.4882154882154882,0.2222222222222222,0.04040404040404041,0.24915824915824916,0.7508417508417509,0.26262626262626265,194.0,144.0,0.33505154639175255,0.5876288659793815,0.6443298969072165
1108,0.5420875420875421,0.16498316498316498,0.05387205387205387,0.23905723905723905,0.7609427609427609,0.21885521885521886,186.0,138.0,0.3548387096774194,0.5698924731182796,0.6397849462365591
1109,0.5353535353535354,0.19528619528619529,0.04377104377104377,0.2255892255892256,0.7744107744107744,0.23905723905723905,193.0,141.0,0.3626943005181347,0.6113989637305699,0.6787564766839378
1110,0.569023569023569,0.16498316498316498,0.030303030303030304,0.2356902356902357,0.7643097643097643,0.19528619528619529,192.0,136.0,0.40625,0.6145833333333334,0.6510416666666666
1111,0.5218855218855218,0.1750841750841751,0.037037037037037035,0.265993265993266,0.734006734006734,0.21212121212121213,199.0,151.0,0.37185929648241206,0.5829145728643216,0.6130653266331658
1112,0.5050505050505051,0.19528619528619529,0.050505050505050504,0.24915824915824916,0.7508417508417509,0.24579124579124578,191.0,140.0,0.3298429319371728,0.5916230366492147,0.6544502617801047
1113,0.5892255892255892,0.12794612794612795,0.04377104377104377,0.23905723905723905,0.7609427609427609,0.1717171717171717,181.0,130.0,0.4088397790055249,0.585635359116022,0.6519337016574586
1114,0.5622895622895623,0.17845117845117844,0.03367003367003367,0.2255892255892256,0.7744107744107744,0.21212121212121213,187.0,136.0,0.40106951871657753,0.6256684491978609,0.6577540106951871
1115,0.5252525252525253,0.21212121212121213,0.04040404040404041,0.2222222222222222,0.7777777777777778,0.25252525252525254,187.0,134.0,0.34759358288770054,0.6310160427807486,0.679144385026738
1116,0.5117845117845118,0.18181818181818182,0.06397306397306397,0.24242424242424243,0.7575757575757576,0.24579124579124578,202.0,150.0,0.3811881188118812,0.5841584158415841,0.6584158415841584
1117,0.5185185185185185,0.21885521885521886,0.06397306397306397,0.19865319865319866,0.8013468013468014,0.2828282828282828,189.0,135.0,0.3544973544973545,0.6190476190476191,0.708994708994709
1118,0.5488215488215489,0.20202020202020202,0.05387205387205387,0.19528619528619529,0.8047138047138047,0.2558922558922559,183.0,126.0,0.3879781420765027,0.6612021857923497,0.7158469945355191
1119,0.5622895622895623,0.1750841750841751,0.050505050505050504,0.21212121212121213,0.7878787878787878,0.2255892255892256,183.0,133.0,0.3770491803278688,0.6120218579234973,0.6775956284153005
1120,0.5353535353535354,0.1750841750841751,0.04713804713804714,0.24242424242424243,0.7575757575757576,0.2222222222222222,189.0,135.0,0.3544973544973545,0.5767195767195767,0.6349206349206349
1121,0.5824915824915825,0.15151515151515152,0.06734006734006734,0.19865319865319866,0.8013468013468014,0.21885521885521886,183.0,134.0,0.4098360655737705,0.6229508196721312,0.7103825136612022
1122,0.5993265993265994,0.17845117845117844,0.037037037037037035,0.18518518518518517,0.8148148148148148,0.21548821548821548,177.0,124.0,0.4124293785310734,0.6497175141242938,0.7062146892655368
1123,0.5824915824915825,0.15151515151515152,0.05723905723905724,0.20875420875420875,0.7912457912457912,0.20875420875420875,188.0,134.0,0.4308510638297872,0.6329787234042553,0.6968085106382979
1124,0.5892255892255892,0.17845117845117844,0.016835016835016835,0.21548821548821548,0.7845117845117845,0.19528619528619529,179.0,124.0,0.4022346368715084,0.6424581005586593,0.664804469273743
1125,0.5858585858585859,0.15488215488215487,0.04040404040404041,0.21885521885521886,0.7811447811447811,0.19528619528619529,191.0,141.0,0.43455497382198954,0.6230366492146597,0.6701570680628273
1126,0.5791245791245792,0.15151515151515152,0.06060606060606061,0.20875420875420875,0.7912457912457912,0.21212121212121213,182.0,127.0,0.3791208791208791,0.5989010989010989,0.6868131868131868
1127,0.5521885521885522,0.1447811447811448,0.04377104377104377,0.25925925925925924,0.7407407407407407,0.18855218855218855,192.0,144.0,0.3802083333333333,0.5729166666666666,0.6302083333333334
1128,0.5589225589225589,0.1750841750841751,0.050505050505050504,0.21548821548821548,0.7845117845117845,0.2255892255892256,193.0,142.0,0.39896373056994816,0.616580310880829,0.6787564766839378
1129,0.5387205387205387,0.16161616161616163,0.050505050505050504,0.24915824915824916,0.7508417508417509,0.21212121212121213,191.0,135.0,0.3769633507853403,0.5968586387434555,0.6649214659685864
1130,0.5420875420875421,0.1750841750841751,0.05387205387205387,0.22895622895622897,0.7710437710437711,0.22895622895622897,184.0,131.0,0.3532608695652174,0.5760869565217391,0.6467391304347826
1131,0.5454545454545454,0.19865319865319866,0.03367003367003367,0.2222222222222222,0.7777777777777778,0.23232323232323232,188.0,133.0,0.3776595744680851,0.6329787234042553,0.675531914893617
1132,0.5387205387205387,0.17845117845117844,0.050505050505050504,0.23232323232323232,0.7676767676767676,0.22895622895622897,194.0,148.0,0.35051546391752575,0.5876288659793815,0.6597938144329897
1133,0.494949494949495,0.2053872053872054,0.03367003367003367,0.265993265993266,0.734006734006734,0.23905723905723905,201.0,147.0,0.35323383084577115,0.5870646766169154,0.6268656716417911
1134,0.5555555555555556,0.16835016835016836,0.037037037037037035,0.23905723905723905,0.7609427609427609,0.2053872053872054,183.0,128.0,0.39344262295081966,0.6010928961748634,0.644808743169399
1135,0.6094276094276094,0.15824915824915825,0.003367003367003367,0.22895622895622897,0.7710437710437711,0.16161616161616163,176.0,121.0,0.4034090909090909,0.6306818181818182,0.6363636363636364
1136,0.5488215488215489,0.16835016835016836,0.04377104377104377,0.23905723905723905,0.7609427609427609,0.21212121212121213,189.0,143.0,0.38095238095238093,0.5978835978835979,0.6666666666666666
1137,0.5387205387205387,0.1717171717171717,0.0707070707070707,0.21885521885521886,0.7811447811447811,0.24242424242424243,187.0,131.0,0.36363636363636365,0.5935828877005348,0.6737967914438503
1138,0.5622895622895623,0.18181818181818182,0.04377104377104377,0.21212121212121213,0.7878787878787878,0.2255892255892256,197.0,141.0,0.38071065989847713,0.6345177664974619,0.6903553299492385
1139,0.6094276094276094,0.1750841750841751,0.037037037037037035,0.17845117845117844,0.8215488215488216,0.21212121212121213,181.0,132.0,0.425414364640884,0.6519337016574586,0.7071823204419889
1140,0.569023569023569,0.1717171717171717,0.04713804713804714,0.21212121212121213,0.7878787878787878,0.21885521885521886,188.0,139.0,0.3829787234042553,0.6117021276595744,0.675531914893617
1141,0.5622895622895623,0.18855218855218855,0.04713804713804714,0.20202020202020202,0.797979797979798,0.2356902356902357,193.0,143.0,0.38860103626943004,0.6424870466321243,0.7098445595854922
1142,0.5454545454545454,0.20202020202020202,0.06060606060606061,0.1919191919191919,0.8080808080808081,0.26262626262626265,185.0,130.0,0.3945945945945946,0.654054054054054,0.7297297297297297
1143,0.5589225589225589,0.16161616161616163,0.04377104377104377,0.2356902356902357,0.7643097643097643,0.2053872053872054,184.0,134.0,0.3641304347826087,0.5760869565217391,0.6304347826086957
1144,0.569023569023569,0.1919191919191919,0.02356902356902357,0.21548821548821548,0.7845117845117845,0.21548821548821548,184.0,130.0,0.3967391304347826,0.6413043478260869,0.6793478260869565
1145,0.5791245791245792,0.15824915824915825,0.06060606060606061,0.20202020202020202,0.797979797979798,0.21885521885521886,185.0,137.0,0.3837837837837838,0.6108108108108108,0.7027027027027027
1146,0.5656565656565656,0.1717171717171717,0.04040404040404041,0.2222222222222222,0.7777777777777778,0.21212121212121213,185.0,129.0,0.3675675675675676,0.5945945945945946,0.654054054054054
1147,0.5521885521885522,0.16835016835016836,0.03367003367003367,0.24579124579124578,0.7542087542087542,0.20202020202020202,179.0,124.0,0.39664804469273746,0.6089385474860335,0.6536312849162011
1148,0.5387205387205387,0.16161616161616163,0.06734006734006734,0.23232323232323232,0.7676767676767676,0.22895622895622897,195.0,142.0,0.38461538461538464,0.5897435897435898,0.6717948717948717
1149,0.5555555555555556,0.16161616161616163,0.05387205387205387,0.22895622895622897,0.7710437710437711,0.21548821548821548,190.0,137.0,0.3736842105263158,0.5894736842105263,0.6684210526315789
1150,0.5521885521885522,0.1414141414141414,0.04713804713804714,0.25925925925925924,0.7407407407407407,0.18855218855218855,194.0,143.0,0.3556701030927835,0.5463917525773195,0.6185567010309279
1151,0.5656565656565656,0.1447811447811448,0.037037037037037035,0.25252525252525254,0.7474747474747475,0.18181818181818182,187.0,131.0,0.40641711229946526,0.5775401069518716,0.6310160427807486
1152,0.5791245791245792,0.14814814814814814,0.04377104377104377,0.22895622895622897,0.7710437710437711,0.1919191919191919,185.0,131.0,0.41081081081081083,0.6,0.6486486486486487
1153,0.6127946127946128,0.14814814814814814,0.03367003367003367,0.2053872053872054,0.7946127946127947,0.18181818181818182,178.0,128.0,0.43820224719101125,0.6235955056179775,0.6741573033707865
1154,0.4983164983164983,0.21212121212121213,0.04040404040404041,0.24915824915824916,0.7508417508417509,0.25252525252525254,197.0,143.0,0.3401015228426396,0.5939086294416244,0.6446700507614214
1155,0.5589225589225589,0.15151515151515152,0.03367003367003367,0.2558922558922559,0.7441077441077442,0.18518518518518517,184.0,127.0,0.3804347826086957,0.5597826086956522,0.6141304347826086
1156,0.5555555555555556,0.17845117845117844,0.03367003367003367,0.23232323232323232,0.7676767676767676,0.21212121212121213,180.0,124.0,0.37777777777777777,0.6166666666666667,0.6611111111111111
1157,0.5555555555555556,0.19528619528619529,0.05387205387205387,0.19528619528619529,0.8047138047138047,0.24915824915824916,198.0,155.0,0.3939393939393939,0.6414141414141414,0.7070707070707071
1158,0.5016835016835017,0.1919191919191919,0.050505050505050504,0.2558922558922559,0.7441077441077442,0.24242424242424243,201.0,153.0,0.3482587064676617,0.5771144278606966,0.6417910447761194
1159,0.5555555555555556,0.16835016835016836,0.04713804713804714,0.22895622895622897,0.7710437710437711,0.21548821548821548,191.0,140.0,0.39790575916230364,0.6020942408376964,0.6701570680628273
1160,0.5959595959595959,0.12457912457912458,0.04713804713804714,0.23232323232323232,0.7676767676767676,0.1717171717171717,187.0,138.0,0.43315508021390375,0.6096256684491979,0.6684491978609626
1161,0.531986531986532,0.18181818181818182,0.030303030303030304,0.2558922558922559,0.7441077441077442,0.21212121212121213,193.0,138.0,0.35751295336787564,0.5803108808290155,0.6217616580310881
1162,0.5218855218855218,0.22895622895622897,0.05387205387205387,0.19528619528619529,0.8047138047138047,0.2828282828282828,184.0,133.0,0.3423913043478261,0.6195652173913043,0.7010869565217391
1163,0.5723905723905723,0.1717171717171717,0.04377104377104377,0.21212121212121213,0.7878787878787878,0.21548821548821548,188.0,134.0,0.39893617021276595,0.6223404255319149,0.6861702127659575
1164,0.5723905723905723,0.15488215488215487,0.050505050505050504,0.2222222222222222,0.7777777777777778,0.2053872053872054,187.0,131.0,0.41711229946524064,0.6203208556149733,0.679144385026738
1165,0.5993265993265994,0.16498316498316498,0.050505050505050504,0.18518518518518517,0.8148148148148148,0.21548821548821548,175.0,118.0,0.4228571428571429,0.6457142857142857,0.7028571428571428
1166,0.5420875420875421,0.15824915824915825,0.06397306397306397,0.2356902356902357,0.7643097643097643,0.2222222222222222,184.0,128.0,0.3804347826086957,0.5978260869565217,0.6630434782608695
1167,0.5252525252525253,0.20202020202020202,0.03367003367003367,0.23905723905723905,0.7609427609427609,0.2356902356902357,184.0,126.0,0.34782608695652173,0.6086956521739131,0.6521739130434783
1168,0.5589225589225589,0.19528619528619529,0.037037037037037035,0.20875420875420875,0.7912457912457912,0.23232323232323232,182.0,124.0,0.41208791208791207,0.6208791208791209,0.6703296703296703
1169,0.5387205387205387,0.16835016835016836,0.0707070707070707,0.2222222222222222,0.7777777777777778,0.23905723905723905,190.0,133.0,0.3684210526315789,0.6,0.6894736842105263
1170,0.5387205387205387,0.16498316498316498,0.05387205387205387,0.24242424242424243,0.7575757575757576,0.21885521885521886,194.0,141.0,0.37628865979381443,0.5721649484536082,0.6391752577319587
1171,0.5420875420875421,0.16161616161616163,0.04713804713804714,0.24915824915824916,0.7508417508417509,0.20875420875420875,191.0,147.0,0.3717277486910995,0.5863874345549738,0.643979057591623
1172,0.531986531986532,0.15824915824915825,0.06734006734006734,0.24242424242424243,0.7575757575757576,0.2255892255892256,194.0,138.0,0.3917525773195876,0.5824742268041238,0.654639175257732
1173,0.5993265993265994,0.1717171717171717,0.04377104377104377,0.18518518518518517,0.8148148148148148,0.21548821548821548,175.0,124.0,0.38285714285714284,0.6342857142857142,0.6971428571428572
1174,0.5757575757575758,0.2053872053872054,0.037037037037037035,0.18181818181818182,0.8181818181818182,0.24242424242424243,178.0,125.0,0.37640449438202245,0.6348314606741573,0.6966292134831461
1175,0.531986531986532,0.18181818181818182,0.04377104377104377,0.24242424242424243,0.7575757575757576,0.2255892255892256,195.0,145.0,0.358974358974359,0.5948717948717949,0.6512820512820513
1176,0.5622895622895623,0.15824915824915825,0.050505050505050504,0.22895622895622897,0.7710437710437711,0.20875420875420875,186.0,132.0,0.3978494623655914,0.6021505376344086,0.6451612903225806
1177,0.5151515151515151,0.2255892255892256,0.026936026936026935,0.23232323232323232,0.7676767676767676,0.25252525252525254,194.0,143.0,0.36597938144329895,0.6134020618556701,0.6443298969072165
1178,0.5622895622895623,0.13804713804713806,0.06734006734006734,0.23232323232323232,0.7676767676767676,0.2053872053872054,190.0,146.0,0.3894736842105263,0.5684210526315789,0.6526315789473685
1179,0.5723905723905723,0.1447811447811448,0.037037037037037035,0.24579124579124578,0.7542087542087542,0.18181818181818182,184.0,138.0,0.3858695652173913,0.592391304347826,0.6467391304347826
1180,0.6026936026936027,0.13131313131313133,0.04040404040404041,0.2255892255892256,0.7744107744107744,0.1717171717171717,184.0,131.0,0.40217391304347827,0.5869565217391305,0.6521739130434783
1181,0.5622895622895623,0.15151515151515152,0.06734006734006734,0.21885521885521886,0.7811447811447811,0.21885521885521886,182.0,130.0,0.3791208791208791,0.5879120879120879,0.6648351648351648
1182,0.5252525252525253,0.15824915824915825,0.037037037037037035,0.27946127946127947,0.7205387205387206,0.19528619528619529,195.0,139.0,0.3435897435897436,0.5435897435897435,0.5948717948717949
1183,0.49158249158249157,0.2255892255892256,0.050505050505050504,0.23232323232323232,0.7676767676767676,0.2760942760942761,198.0,148.0,0.3383838383838384,0.5808080808080808,0.6515151515151515
1184,0.5117845117845118,0.2053872053872054,0.06397306397306397,0.21885521885521886,0.7811447811447811,0.26936026936026936,199.0,148.0,0.3768844221105528,0.6130653266331658,0.6834170854271356
1185,0.5185185185185185,0.2053872053872054,0.030303030303030304,0.24579124579124578,0.7542087542087542,0.2356902356902357,194.0,140.0,0.36082474226804123,0.5979381443298969,0.6391752577319587
1186,0.5488215488215489,0.15824915824915825,0.030303030303030304,0.26262626262626265,0.7373737373737373,0.18855218855218855,189.0,137.0,0.3492063492063492,0.5608465608465608,0.6084656084656085
1187,0.5555555555555556,0.1919191919191919,0.050505050505050504,0.20202020202020202,0.797979797979798,0.24242424242424243,192.0,143.0,0.3854166666666667,0.6302083333333334,0.703125
1188,0.5824915824915825,0.20202020202020202,0.026936026936026935,0.18855218855218855,0.8114478114478114,0.22895622895622897,186.0,135.0,0.40860215053763443,0.6774193548387096,0.7150537634408602
1189,0.5488215488215489,0.1919191919191919,0.06060606060606061,0.19865319865319866,0.8013468013468014,0.25252525252525254,184.0,127.0,0.3641304347826087,0.6141304347826086,0.6902173913043478
1190,0.5858585858585859,0.18518518518518517,0.03367003367003367,0.19528619528619529,0.8047138047138047,0.21885521885521886,177.0,125.0,0.3954802259887006,0.6497175141242938,0.7005649717514124
1191,0.5656565656565656,0.13804713804713806,0.02356902356902357,0.2727272727272727,0.7272727272727273,0.16161616161616163,191.0,146.0,0.39790575916230364,0.5549738219895288,0.581151832460733
1192,0.5353535353535354,0.16835016835016836,0.04377104377104377,0.25252525252525254,0.7474747474747475,0.21212121212121213,191.0,134.0,0.3507853403141361,0.5602094240837696,0.6282722513089005
1193,0.5218855218855218,0.16498316498316498,0.06397306397306397,0.24915824915824916,0.7508417508417509,0.22895622895622897,195.0,141.0,0.38974358974358975,0.5692307692307692,0.6461538461538462
1194,0.531986531986532,0.18855218855218855,0.04713804713804714,0.23232323232323232,0.7676767676767676,0.2356902356902357,192.0,137.0,0.3645833333333333,0.6041666666666666,0.6770833333333334
1195,0.5555555555555556,0.1750841750841751,0.04713804713804714,0.2222222222222222,0.7777777777777778,0.2222222222222222,193.0,141.0,0.39378238341968913,0.616580310880829,0.6839378238341969
1196,0.6127946127946128,0.1447811447811448,0.037037037037037035,0.2053872053872054,0.7946127946127947,0.18181818181818182,189.0,134.0,0.4497354497354497,0.6507936507936508,0.7037037037037037
1197,0.5892255892255892,0.14814814814814814,0.05387205387205387,0.20875420875420875,0.7912457912457912,0.20202020202020202,176.0,125.0,0.4034090909090909,0.5909090909090909,0.6761363636363636
1198,0.569023569023569,0.16498316498316498,0.04040404040404041,0.2255892255892256,0.7744107744107744,0.2053872053872054,173.0,120.0,0.4161849710982659,0.5838150289017341,0.6473988439306358
1199,0.5488215488215489,0.1919191919191919,0.037037037037037035,0.2222222222222222,0.7777777777777778,0.22895622895622897,184.0,134.0,0.3641304347826087,0.5978260869565217,0.6521739130434783
1200,0.6430976430976431,0.12457912457912458,0.037037037037037035,0.19528619528619529,0.8047138047138047,0.16161616161616163,165.0,109.0,0.4484848484848485,0.6424242424242425,0.6909090909090909
1201,0.5757575757575758,0.16835016835016836,0.04713804713804714,0.20875420875420875,0.7912457912457912,0.21548821548821548,192.0,141.0,0.421875,0.6458333333333334,0.6927083333333334
1202,0.5218855218855218,0.19865319865319866,0.04040404040404041,0.23905723905723905,0.7609427609427609,0.23905723905723905,196.0,141.0,0.3877551020408163,0.6224489795918368,0.673469387755102
1203,0.5117845117845118,0.16835016835016836,0.05723905723905724,0.26262626262626265,0.7373737373737373,0.2255892255892256,196.0,141.0,0.34183673469387754,0.5561224489795918,0.6275510204081632
1204,0.5185185185185185,0.1717171717171717,0.0707070707070707,0.23905723905723905,0.7609427609427609,0.24242424242424243,197.0,148.0,0.3604060913705584,0.5786802030456852,0.6598984771573604
1205,0.5858585858585859,0.1447811447811448,0.050505050505050504,0.21885521885521886,0.7811447811447811,0.19528619528619529,184.0,131.0,0.3967391304347826,0.592391304347826,0.6630434782608695
1206,0.5454545454545454,0.17845117845117844,0.04040404040404041,0.2356902356902357,0.7643097643097643,0.21885521885521886,180.0,129.0,0.38333333333333336,0.5777777777777777,0.6444444444444445
1207,0.5521885521885522,0.16161616161616163,0.05723905723905724,0.22895622895622897,0.7710437710437711,0.21885521885521886,183.0,130.0,0.3770491803278688,0.5901639344262295,0.6502732240437158
1208,0.5353535353535354,0.15151515151515152,0.05723905723905724,0.2558922558922559,0.7441077441077442,0.20875420875420875,200.0,154.0,0.36,0.56,0.63
1209,0.5858585858585859,0.16498316498316498,0.04040404040404041,0.20875420875420875,0.7912457912457912,0.2053872053872054,179.0,124.0,0.41899441340782123,0.6368715083798883,0.6871508379888268
1210,0.5387205387205387,0.15824915824915825,0.04713804713804714,0.2558922558922559,0.7441077441077442,0.2053872053872054,183.0,134.0,0.34972677595628415,0.5519125683060109,0.6174863387978142
1211,0.569023569023569,0.17845117845117844,0.04377104377104377,0.20875420875420875,0.7912457912457912,0.2222222222222222,183.0,132.0,0.3989071038251366,0.6284153005464481,0.6830601092896175
1212,0.5757575757575758,0.1717171717171717,0.026936026936026935,0.2255892255892256,0.7744107744107744,0.19865319865319866,188.0,138.0,0.3829787234042553,0.6063829787234043,0.648936170212766
1213,0.5521885521885522,0.16161616161616163,0.04040404040404041,0.24579124579124578,0.7542087542087542,0.20202020202020202,182.0,125.0,0.36813186813186816,0.5714285714285714,0.6318681318681318
1214,0.5555555555555556,0.15488215488215487,0.037037037037037035,0.25252525252525254,0.7474747474747475,0.1919191919191919,186.0,127.0,0.3978494623655914,0.5860215053763441,0.6344086021505376
1215,0.5488215488215489,0.18518518518518517,0.04713804713804714,0.21885521885521886,0.7811447811447811,0.23232323232323232,185.0,126.0,0.3783783783783784,0.6054054054054054,0.6702702702702703
1216,0.6060606060606061,0.15824915824915825,0.03367003367003367,0.20202020202020202,0.797979797979798,0.1919191919191919,176.0,124.0,0.3977272727272727,0.6193181818181818,0.6704545454545454
1217,0.5387205387205387,0.13804713804713806,0.05723905723905724,0.265993265993266,0.734006734006734,0.19528619528619529,184.0,133.0,0.358695652173913,0.5271739130434783,0.592391304347826
1218,0.5555555555555556,0.1750841750841751,0.050505050505050504,0.21885521885521886,0.7811447811447811,0.2255892255892256,179.0,122.0,0.36312849162011174,0.5977653631284916,0.659217877094972
1219,0.5420875420875421,0.1750841750841751,0.04713804713804714,0.2356902356902357,0.7643097643097643,0.2222222222222222,192.0,143.0,0.3645833333333333,0.59375,0.6614583333333334
1220,0.5824915824915825,0.16161616161616163,0.037037037037037035,0.21885521885521886,0.7811447811447811,0.19865319865319866,181.0,129.0,0.4143646408839779,0.6132596685082873,0.6740331491712708
1221,0.5454545454545454,0.12457912457912458,0.03367003367003367,0.2962962962962963,0.7037037037037037,0.15824915824915825,182.0,118.0,0.37362637362637363,0.5274725274725275,0.5769230769230769
1222,0.4983164983164983,0.20875420875420875,0.07407407407407407,0.21885521885521886,0.7811447811447811,0.2828282828282828,196.0,145.0,0.37244897959183676,0.6122448979591837,0.6785714285714286
1223,0.5656565656565656,0.1717171717171717,0.06060606060606061,0.20202020202020202,0.797979797979798,0.23232323232323232,188.0,136.0,0.40425531914893614,0.6223404255319149,0.6914893617021277
1224,0.5353535353535354,0.1717171717171717,0.026936026936026935,0.265993265993266,0.734006734006734,0.19865319865319866,194.0,140.0,0.36082474226804123,0.5824742268041238,0.6185567010309279
1225,0.5757575757575758,0.15824915824915825,0.04713804713804714,0.21885521885521886,0.7811447811447811,0.2053872053872054,172.0,117.0,0.3546511627906977,0.5813953488372093,0.6453488372093024
1226,0.5353535353535354,0.18855218855218855,0.04377104377104377,0.23232323232323232,0.7676767676767676,0.23232323232323232,190.0,141.0,0.33157894736842103,0.5894736842105263,0.6526315789473685
1227,0.5185185185185185,0.1919191919191919,0.06060606060606061,0.22895622895622897,0.7710437710437711,0.25252525252525254,182.0,127.0,0.34615384615384615,0.5659340659340659,0.6373626373626373
1228,0.5791245791245792,0.1447811447811448,0.050505050505050504,0.2255892255892256,0.7744107744107744,0.19528619528619529,183.0,134.0,0.3825136612021858,0.5628415300546448,0.639344262295082
1229,0.5521885521885522,0.1750841750841751,0.05387205387205387,0.21885521885521886,0.7811447811447811,0.22895622895622897,192.0,140.0,0.3854166666666667,0.609375,0.6770833333333334
1230,0.5824915824915825,0.15824915824915825,0.04377104377104377,0.21548821548821548,0.7845117845117845,0.20202020202020202,183.0,131.0,0.37158469945355194,0.5956284153005464,0.6557377049180327
1231,0.5387205387205387,0.16835016835016836,0.04040404040404041,0.25252525252525254,0.7474747474747475,0.20875420875420875,190.0,142.0,0.3526315789473684,0.5684210526315789,0.6210526315789474
1232,0.5622895622895623,0.12121212121212122,0.02356902356902357,0.29292929292929293,0.7070707070707071,0.1447811447811448,194.0,146.0,0.37628865979381443,0.5463917525773195,0.5824742268041238
1233,0.5791245791245792,0.1919191919191919,0.02356902356902357,0.2053872053872054,0.7946127946127947,0.21548821548821548,191.0,134.0,0.41361256544502617,0.6596858638743456,0.6910994764397905
1234,0.5454545454545454,0.16498316498316498,0.06397306397306397,0.2255892255892256,0.7744107744107744,0.22895622895622897,189.0,138.0,0.3544973544973545,0.5661375661375662,0.6455026455026455
1235,0.5757575757575758,0.15151515151515152,0.037037037037037035,0.2356902356902357,0.7643097643097643,0.18855218855218855,180.0,126.0,0.4111111111111111,0.5944444444444444,0.6333333333333333
1236,0.5858585858585859,0.15488215488215487,0.08080808080808081,0.17845117845117844,0.8215488215488216,0.2356902356902357,182.0,124.0,0.4010989010989011,0.6208791208791209,0.7252747252747253
1237,0.5723905723905723,0.1414141414141414,0.037037037037037035,0.24915824915824916,0.7508417508417509,0.17845117845117844,181.0,125.0,0.40331491712707185,0.585635359116022,0.6353591160220995
1238,0.49158249158249157,0.20202020202020202,0.04040404040404041,0.265993265993266,0.734006734006734,0.24242424242424243,196.0,143.0,0.3163265306122449,0.5612244897959183,0.6173469387755102
1239,0.5824915824915825,0.14814814814814814,0.04377104377104377,0.2255892255892256,0.7744107744107744,0.1919191919191919,184.0,134.0,0.3858695652173913,0.5760869565217391,0.6467391304347826
1240,0.5555555555555556,0.1717171717171717,0.026936026936026935,0.24579124579124578,0.7542087542087542,0.19865319865319866,172.0,114.0,0.36046511627906974,0.5872093023255814,0.627906976744186
1241,0.5185185185185185,0.1919191919191919,0.050505050505050504,0.23905723905723905,0.7609427609427609,0.24242424242424243,186.0,128.0,0.3655913978494624,0.5860215053763441,0.6505376344086021
1242,0.5555555555555556,0.19865319865319866,0.05723905723905724,0.18855218855218855,0.8114478114478114,0.2558922558922559,184.0,132.0,0.4076086956521739,0.6413043478260869,0.717391304347826
1243,0.5420875420875421,0.18855218855218855,0.04713804713804714,0.2222222222222222,0.7777777777777778,0.2356902356902357,185.0,142.0,0.32972972972972975,0.5837837837837838,0.6486486486486487
1244,0.5286195286195287,0.1717171717171717,0.06734006734006734,0.23232323232323232,0.7676767676767676,0.23905723905723905,200.0,149.0,0.395,0.595,0.68
1245,0.5521885521885522,0.21548821548821548,0.050505050505050504,0.18181818181818182,0.8181818181818182,0.265993265993266,181.0,122.0,0.39779005524861877,0.6519337016574586,0.712707182320442
1246,0.5555555555555556,0.1750841750841751,0.050505050505050504,0.21885521885521886,0.7811447811447811,0.2255892255892256,189.0,136.0,0.38095238095238093,0.6137566137566137,0.6825396825396826
1247,0.5791245791245792,0.13468013468013468,0.05723905723905724,0.22895622895622897,0.7710437710437711,0.1919191919191919,188.0,136.0,0.4148936170212766,0.601063829787234,0.675531914893617
1248,0.531986531986532,0.21548821548821548,0.04377104377104377,0.20875420875420875,0.7912457912457912,0.25925925925925924,189.0,131.0,0.3439153439153439,0.6243386243386243,0.6878306878306878
1249,0.5286195286195287,0.1717171717171717,0.050505050505050504,0.24915824915824916,0.7508417508417509,0.2222222222222222,193.0,141.0,0.35233160621761656,0.5751295336787565,0.6424870466321243
1250,0.5589225589225589,0.1717171717171717,0.05387205387205387,0.21548821548821548,0.7845117845117845,0.2255892255892256,194.0,146.0,0.39690721649484534,0.6185567010309279,0.6804123711340206
1251,0.5521885521885522,0.17845117845117844,0.04713804713804714,0.2222222222222222,0.7777777777777778,0.2255892255892256,181.0,128.0,0.3701657458563536,0.5966850828729282,0.6629834254143646
1252,0.5454545454545454,0.18855218855218855,0.050505050505050504,0.21548821548821548,0.7845117845117845,0.23905723905723905,182.0,127.0,0.3791208791208791,0.6153846153846154,0.6758241758241759
1253,0.5723905723905723,0.13131313131313133,0.07407407407407407,0.2222222222222222,0.7777777777777778,0.2053872053872054,190.0,134.0,0.37894736842105264,0.5684210526315789,0.6684210526315789
1254,0.5454545454545454,0.1717171717171717,0.03367003367003367,0.24915824915824916,0.7508417508417509,0.2053872053872054,198.0,146.0,0.3888888888888889,0.5858585858585859,0.6363636363636364
1255,0.531986531986532,0.2053872053872054,0.037037037037037035,0.2255892255892256,0.7744107744107744,0.24242424242424243,187.0,133.0,0.37967914438502676,0.6310160427807486,0.6844919786096256
1256,0.5084175084175084,0.19865319865319866,0.05387205387205387,0.23905723905723905,0.7609427609427609,0.25252525252525254,199.0,147.0,0.34673366834170855,0.592964824120603,0.6582914572864321
1257,0.5791245791245792,0.16161616161616163,0.016835016835016835,0.24242424242424243,0.7575757575757576,0.17845117845117844,185.0,129.0,0.3891891891891892,0.6054054054054054,0.6324324324324324
1258,0.5622895622895623,0.18518518518518517,0.030303030303030304,0.2222222222222222,0.7777777777777778,0.21548821548821548,189.0,140.0,0.3862433862433862,0.6190476190476191,0.6666666666666666
1259,0.5420875420875421,0.17845117845117844,0.0707070707070707,0.20875420875420875,0.7912457912457912,0.24915824915824916,178.0,124.0,0.37640449438202245,0.6179775280898876,0.702247191011236
1260,0.5656565656565656,0.18855218855218855,0.05723905723905724,0.18855218855218855,0.8114478114478114,0.24579124579124578,192.0,138.0,0.3958333333333333,0.6302083333333334,0.7083333333333334
1261,0.6026936026936027,0.17845117845117844,0.03367003367003367,0.18518518518518517,0.8148148148148148,0.21212121212121213,175.0,117.0,0.4114285714285714,0.6514285714285715,0.6914285714285714
1262,0.5589225589225589,0.1447811447811448,0.037037037037037035,0.25925925925925924,0.7407407407407407,0.18181818181818182,193.0,146.0,0.37305699481865284,0.5751295336787565,0.6269430051813472
1263,0.5555555555555556,0.14814814814814814,0.037037037037037035,0.25925925925925924,0.7407407407407407,0.18518518518518517,193.0,143.0,0.36787564766839376,0.5595854922279793,0.6113989637305699
1264,0.5117845117845118,0.20875420875420875,0.016835016835016835,0.26262626262626265,0.7373737373737373,0.2255892255892256,189.0,134.0,0.3544973544973545,0.5925925925925926,0.6190476190476191
1265,0.5252525252525253,0.16835016835016836,0.05387205387205387,0.25252525252525254,0.7474747474747475,0.2222222222222222,192.0,136.0,0.3697916666666667,0.578125,0.6458333333333334
1266,0.48148148148148145,0.20875420875420875,0.05723905723905724,0.25252525252525254,0.7474747474747475,0.265993265993266,208.0,159.0,0.34134615384615385,0.5817307692307693,0.6538461538461539
1267,0.5454545454545454,0.2053872053872054,0.04713804713804714,0.20202020202020202,0.797979797979798,0.25252525252525254,187.0,131.0,0.3850267379679144,0.6203208556149733,0.6898395721925134
1268,0.5824915824915825,0.14814814814814814,0.04713804713804714,0.2222222222222222,0.7777777777777778,0.19528619528619529,185.0,135.0,0.3837837837837838,0.5783783783783784,0.6432432432432432
1269,0.5084175084175084,0.1447811447811448,0.07407407407407407,0.2727272727272727,0.7272727272727273,0.21885521885521886,189.0,140.0,0.30687830687830686,0.5132275132275133,0.6190476190476191
1270,0.5252525252525253,0.1750841750841751,0.016835016835016835,0.2828282828282828,0.7171717171717171,0.1919191919191919,199.0,145.0,0.35175879396984927,0.5778894472361809,0.5979899497487438
1271,0.5387205387205387,0.19528619528619529,0.037037037037037035,0.22895622895622897,0.7710437710437711,0.23232323232323232,193.0,135.0,0.38341968911917096,0.6321243523316062,0.6839378238341969
1272,0.5286195286195287,0.15824915824915825,0.04713804713804714,0.265993265993266,0.734006734006734,0.2053872053872054,187.0,136.0,0.34759358288770054,0.5454545454545454,0.6042780748663101
1273,0.5589225589225589,0.18181818181818182,0.04040404040404041,0.21885521885521886,0.7811447811447811,0.2222222222222222,184.0,128.0,0.3695652173913043,0.6086956521739131,0.6684782608695652
1274,0.5622895622895623,0.15151515151515152,0.04040404040404041,0.24579124579124578,0.7542087542087542,0.1919191919191919,189.0,138.0,0.3968253968253968,0.582010582010582,0.6296296296296297
1275,0.5925925925925926,0.1447811447811448,0.05387205387205387,0.20875420875420875,0.7912457912457912,0.19865319865319866,185.0,131.0,0.3945945945945946,0.6108108108108108,0.6864864864864865
1276,0.5892255892255892,0.20202020202020202,0.04713804713804714,0.16161616161616163,0.8383838383838383,0.24915824915824916,171.0,117.0,0.391812865497076,0.6491228070175439,0.7192982456140351
1277,0.5656565656565656,0.16835016835016836,0.04713804713804714,0.21885521885521886,0.7811447811447811,0.21548821548821548,193.0,137.0,0.40414507772020725,0.6113989637305699,0.6839378238341969
1278,0.5622895622895623,0.15824915824915825,0.04713804713804714,0.23232323232323232,0.7676767676767676,0.2053872053872054,185.0,133.0,0.3891891891891892,0.6,0.6486486486486487
1279,0.5286195286195287,0.16161616161616163,0.04377104377104377,0.265993265993266,0.734006734006734,0.2053872053872054,195.0,147.0,0.3487179487179487,0.5538461538461539,0.6153846153846154
1280,0.5521885521885522,0.1750841750841751,0.05387205387205387,0.21885521885521886,0.7811447811447811,0.22895622895622897,191.0,140.0,0.3717277486910995,0.6073298429319371,0.6701570680628273
1281,0.5589225589225589,0.20875420875420875,0.04377104377104377,0.18855218855218855,0.8114478114478114,0.25252525252525254,191.0,143.0,0.39790575916230364,0.6544502617801047,0.7172774869109948
1282,0.5622895622895623,0.15488215488215487,0.037037037037037035,0.24579124579124578,0.7542087542087542,0.1919191919191919,190.0,136.0,0.39473684210526316,0.5947368421052631,0.6421052631578947
1283,0.5555555555555556,0.15488215488215487,0.04713804713804714,0.24242424242424243,0.7575757575757576,0.20202020202020202,184.0,128.0,0.391304347826087,0.5760869565217391,0.6413043478260869
1284,0.5387205387205387,0.16161616161616163,0.04040404040404041,0.25925925925925924,0.7407407407407407,0.20202020202020202,194.0,145.0,0.36082474226804123,0.5670103092783505,0.6185567010309279
1285,0.5555555555555556,0.15824915824915825,0.06397306397306397,0.2222222222222222,0.7777777777777778,0.2222222222222222,193.0,145.0,0.37823834196891193,0.5958549222797928,0.6735751295336787
1286,0.6060606060606061,0.14814814814814814,0.04713804713804714,0.19865319865319866,0.8013468013468014,0.19528619528619529,174.0,123.0,0.3735632183908046,0.5862068965517241,0.6666666666666666
1287,0.5218855218855218,0.18855218855218855,0.04377104377104377,0.24579124579124578,0.7542087542087542,0.23232323232323232,188.0,132.0,0.3617021276595745,0.5797872340425532,0.6382978723404256
1288,0.5420875420875421,0.20202020202020202,0.06734006734006734,0.18855218855218855,0.8114478114478114,0.26936026936026936,183.0,129.0,0.3551912568306011,0.6065573770491803,0.7049180327868853
1289,0.5117845117845118,0.19528619528619529,0.026936026936026935,0.265993265993266,0.734006734006734,0.2222222222222222,195.0,141.0,0.35384615384615387,0.5948717948717949,0.6307692307692307
1290,0.6262626262626263,0.16161616161616163,0.037037037037037035,0.1750841750841751,0.8249158249158249,0.19865319865319866,177.0,130.0,0.4293785310734463,0.6610169491525424,0.7231638418079096
1291,0.5892255892255892,0.1750841750841751,0.06734006734006734,0.16835016835016836,0.8316498316498316,0.24242424242424243,170.0,115.0,0.4117647058823529,0.6705882352941176,0.7529411764705882
1292,0.5353535353535354,0.1750841750841751,0.04377104377104377,0.24579124579124578,0.7542087542087542,0.21885521885521886,192.0,136.0,0.3697916666666667,0.5885416666666666,0.6458333333333334
1293,0.4983164983164983,0.19528619528619529,0.04040404040404041,0.265993265993266,0.734006734006734,0.2356902356902357,197.0,148.0,0.3299492385786802,0.5532994923857868,0.6091370558375635
1294,0.5858585858585859,0.13468013468013468,0.030303030303030304,0.24915824915824916,0.7508417508417509,0.16498316498316498,182.0,128.0,0.4010989010989011,0.5714285714285714,0.6153846153846154
1295,0.5656565656565656,0.1414141414141414,0.02356902356902357,0.26936026936026936,0.7306397306397306,0.16498316498316498,190.0,141.0,0.38421052631578945,0.5684210526315789,0.6
1296,0.5622895622895623,0.18518518518518517,0.037037037037037035,0.21548821548821548,0.7845117845117845,0.2222222222222222,185.0,129.0,0.3567567567567568,0.6108108108108108,0.6648648648648648
1297,0.5084175084175084,0.18181818181818182,0.020202020202020204,0.2895622895622896,0.7104377104377104,0.20202020202020202,194.0,136.0,0.3711340206185567,0.5773195876288659,0.6082474226804123
1298,0.5286195286195287,0.16161616161616163,0.050505050505050504,0.25925925925925924,0.7407407407407407,0.21212121212121213,190.0,143.0,0.39473684210526316,0.5578947368421052,0.6210526315789474
1299,0.5353535353535354,0.1750841750841751,0.05723905723905724,0.23232323232323232,0.7676767676767676,0.23232323232323232,192.0,132.0,0.3802083333333333,0.578125,0.6614583333333334
1300,0.5117845117845118,0.17845117845117844,0.04040404040404041,0.26936026936026936,0.7306397306397306,0.21885521885521886,191.0,141.0,0.3507853403141361,0.5863874345549738,0.6387434554973822
1301,0.5656565656565656,0.18855218855218855,0.037037037037037035,0.20875420875420875,0.7912457912457912,0.2255892255892256,177.0,130.0,0.384180790960452,0.6214689265536724,0.672316384180791
1302,0.5555555555555556,0.1919191919191919,0.05387205387205387,0.19865319865319866,0.8013468013468014,0.24579124579124578,181.0,121.0,0.3812154696132597,0.6132596685082873,0.6906077348066298
1303,0.5723905723905723,0.16161616161616163,0.0707070707070707,0.19528619528619529,0.8047138047138047,0.23232323232323232,188.0,138.0,0.3776595744680851,0.6063829787234043,0.7021276595744681
1304,0.5420875420875421,0.17845117845117844,0.06060606060606061,0.21885521885521886,0.7811447811447811,0.23905723905723905,191.0,141.0,0.38219895287958117,0.5968586387434555,0.675392670157068
1305,0.5151515151515151,0.1919191919191919,0.06397306397306397,0.22895622895622897,0.7710437710437711,0.2558922558922559,197.0,152.0,0.34517766497461927,0.6040609137055838,0.6802030456852792
1306,0.5622895622895623,0.15824915824915825,0.026936026936026935,0.25252525252525254,0.7474747474747475,0.18518518518518517,195.0,149.0,0.38461538461538464,0.6,0.6256410256410256
1307,0.5218855218855218,0.16161616161616163,0.04377104377104377,0.2727272727272727,0.7272727272727273,0.2053872053872054,193.0,143.0,0.35233160621761656,0.5595854922279793,0.6113989637305699
1308,0.5353535353535354,0.1717171717171717,0.06397306397306397,0.22895622895622897,0.7710437710437711,0.2356902356902357,180.0,117.0,0.38333333333333336,0.5666666666666667,0.65
1309,0.5420875420875421,0.1717171717171717,0.03367003367003367,0.25252525252525254,0.7474747474747475,0.2053872053872054,188.0,141.0,0.3617021276595745,0.5638297872340425,0.6117021276595744
1310,0.5117845117845118,0.2255892255892256,0.03367003367003367,0.22895622895622897,0.7710437710437711,0.25925925925925924,192.0,137.0,0.3645833333333333,0.6354166666666666,0.6770833333333334
1311,0.5656565656565656,0.20875420875420875,0.016835016835016835,0.20875420875420875,0.7912457912457912,0.2255892255892256,181.0,126.0,0.39226519337016574,0.6574585635359116,0.6795580110497238
1312,0.5286195286195287,0.16498316498316498,0.05387205387205387,0.25252525252525254,0.7474747474747475,0.21885521885521886,193.0,145.0,0.3626943005181347,0.5647668393782384,0.6424870466321243
1313,0.5353535353535354,0.17845117845117844,0.04377104377104377,0.24242424242424243,0.7575757575757576,0.2222222222222222,180.0,130.0,0.35,0.5722222222222222,0.6388888888888888
1314,0.5454545454545454,0.20202020202020202,0.04040404040404041,0.21212121212121213,0.7878787878787878,0.24242424242424243,190.0,142.0,0.37894736842105264,0.6210526315789474,0.6842105263157895
1315,0.5757575757575758,0.18855218855218855,0.037037037037037035,0.19865319865319866,0.8013468013468014,0.2255892255892256,185.0,132.0,0.3891891891891892,0.6432432432432432,0.6918918918918919
1316,0.5656565656565656,0.17845117845117844,0.04713804713804714,0.20875420875420875,0.7912457912457912,0.2255892255892256,187.0,141.0,0.3850267379679144,0.6149732620320856,0.6844919786096256
1317,0.5858585858585859,0.16835016835016836,0.04040404040404041,0.2053872053872054,0.7946127946127947,0.20875420875420875,175.0,121.0,0.4057142857142857,0.6114285714285714,0.6571428571428571
1318,0.5252525252525253,0.18518518518518517,0.04040404040404041,0.24915824915824916,0.7508417508417509,0.2255892255892256,192.0,138.0,0.359375,0.578125,0.625
1319,0.5488215488215489,0.16835016835016836,0.04713804713804714,0.2356902356902357,0.7643097643097643,0.21548821548821548,184.0,134.0,0.358695652173913,0.5815217391304348,0.6521739130434783
1320,0.5488215488215489,0.1414141414141414,0.05387205387205387,0.2558922558922559,0.7441077441077442,0.19528619528619529,176.0,124.0,0.375,0.5454545454545454,0.6079545454545454
1321,0.5723905723905723,0.16498316498316498,0.050505050505050504,0.21212121212121213,0.7878787878787878,0.21548821548821548,183.0,127.0,0.3879781420765027,0.5956284153005464,0.6721311475409836
1322,0.5454545454545454,0.15824915824915825,0.050505050505050504,0.24579124579124578,0.7542087542087542,0.20875420875420875,188.0,137.0,0.35106382978723405,0.5797872340425532,0.6436170212765957
1323,0.5925925925925926,0.1750841750841751,0.03367003367003367,0.19865319865319866,0.8013468013468014,0.20875420875420875,183.0,126.0,0.4098360655737705,0.639344262295082,0.6885245901639344
1324,0.5185185185185185,0.17845117845117844,0.037037037037037035,0.265993265993266,0.734006734006734,0.21548821548821548,205.0,160.0,0.3463414634146341,0.5756097560975609,0.6292682926829268
1325,0.5521885521885522,0.18855218855218855,0.03367003367003367,0.2255892255892256,0.7744107744107744,0.2222222222222222,183.0,131.0,0.3879781420765027,0.6174863387978142,0.6612021857923497
1326,0.5521885521885522,0.1717171717171717,0.05387205387205387,0.2222222222222222,0.7777777777777778,0.2255892255892256,183.0,129.0,0.36065573770491804,0.5901639344262295,0.6721311475409836
1327,0.5723905723905723,0.2053872053872054,0.026936026936026935,0.19528619528619529,0.8047138047138047,0.23232323232323232,179.0,129.0,0.4022346368715084,0.6536312849162011,0.6983240223463687
1328,0.5353535353535354,0.15824915824915825,0.04040404040404041,0.265993265993266,0.734006734006734,0.19865319865319866,194.0,139.0,0.38144329896907214,0.5824742268041238,0.6237113402061856
1329,0.5555555555555556,0.15488215488215487,0.06734006734006734,0.2222222222222222,0.7777777777777778,0.2222222222222222,200.0,151.0,0.395,0.605,0.7
1330,0.5387205387205387,0.18855218855218855,0.030303030303030304,0.24242424242424243,0.7575757575757576,0.21885521885521886,189.0,131.0,0.37037037037037035,0.6031746031746031,0.6402116402116402
1331,0.5286195286195287,0.18518518518518517,0.06060606060606061,0.2255892255892256,0.7744107744107744,0.24579124579124578,193.0,138.0,0.3626943005181347,0.6010362694300518,0.6787564766839378
1332,0.5016835016835017,0.19865319865319866,0.04040404040404041,0.25925925925925924,0.7407407407407407,0.23905723905723905,189.0,133.0,0.3862433862433862,0.5925925925925926,0.6507936507936508
1333,0.569023569023569,0.16835016835016836,0.04377104377104377,0.21885521885521886,0.7811447811447811,0.21212121212121213,181.0,126.0,0.39226519337016574,0.6022099447513812,0.6574585635359116
1334,0.5353535353535354,0.15488215488215487,0.037037037037037035,0.2727272727272727,0.7272727272727273,0.1919191919191919,195.0,149.0,0.3435897435897436,0.5435897435897435,0.6
1335,0.5454545454545454,0.1750841750841751,0.06397306397306397,0.21548821548821548,0.7845117845117845,0.23905723905723905,186.0,134.0,0.3978494623655914,0.6397849462365591,0.6827956989247311
1336,0.6127946127946128,0.13468013468013468,0.030303030303030304,0.2222222222222222,0.7777777777777778,0.16498316498316498,176.0,128.0,0.3977272727272727,0.6079545454545454,0.6477272727272727
1337,0.5521885521885522,0.16498316498316498,0.06060606060606061,0.2222222222222222,0.7777777777777778,0.2255892255892256,190.0,133.0,0.37894736842105264,0.5894736842105263,0.6684210526315789
1338,0.5353535353535354,0.17845117845117844,0.04713804713804714,0.23905723905723905,0.7609427609427609,0.2255892255892256,187.0,129.0,0.37967914438502676,0.6042780748663101,0.6524064171122995
1339,0.5589225589225589,0.19528619528619529,0.050505050505050504,0.19528619528619529,0.8047138047138047,0.24579124579124578,187.0,127.0,0.40106951871657753,0.6417112299465241,0.7058823529411765
1340,0.5622895622895623,0.1447811447811448,0.05387205387205387,0.23905723905723905,0.7609427609427609,0.19865319865319866,186.0,135.0,0.3817204301075269,0.5645161290322581,0.6290322580645161
1341,0.5521885521885522,0.17845117845117844,0.037037037037037035,0.23232323232323232,0.7676767676767676,0.21548821548821548,191.0,137.0,0.3769633507853403,0.6178010471204188,0.6596858638743456
1342,0.5757575757575758,0.15824915824915825,0.04713804713804714,0.21885521885521886,0.7811447811447811,0.2053872053872054,191.0,148.0,0.3769633507853403,0.6073298429319371,0.6701570680628273
1343,0.5622895622895623,0.15151515151515152,0.037037037037037035,0.24915824915824916,0.7508417508417509,0.18855218855218855,188.0,144.0,0.3882978723404255,0.5797872340425532,0.6382978723404256
1344,0.5117845117845118,0.17845117845117844,0.04713804713804714,0.26262626262626265,0.7373737373737373,0.2255892255892256,192.0,142.0,0.359375,0.578125,0.625
1345,0.5286195286195287,0.15488215488215487,0.06060606060606061,0.2558922558922559,0.7441077441077442,0.21548821548821548,184.0,136.0,0.3532608695652174,0.5597826086956522,0.6195652173913043
1346,0.5521885521885522,0.1717171717171717,0.04040404040404041,0.2356902356902357,0.7643097643097643,0.21212121212121213,196.0,152.0,0.37755102040816324,0.6122448979591837,0.6581632653061225
1347,0.5151515151515151,0.20202020202020202,0.04040404040404041,0.24242424242424243,0.7575757575757576,0.24242424242424243,194.0,148.0,0.3711340206185567,0.6185567010309279,0.6597938144329897
1348,0.5387205387205387,0.19865319865319866,0.05723905723905724,0.2053872053872054,0.7946127946127947,0.2558922558922559,185.0,127.0,0.3567567567567568,0.6162162162162163,0.6972972972972973
1349,0.5353535353535354,0.1717171717171717,0.04713804713804714,0.24579124579124578,0.7542087542087542,0.21885521885521886,191.0,145.0,0.3403141361256545,0.5549738219895288,0.6230366492146597
1350,0.5757575757575758,0.15824915824915825,0.026936026936026935,0.23905723905723905,0.7609427609427609,0.18518518518518517,188.0,135.0,0.39893617021276595,0.6117021276595744,0.648936170212766
1351,0.5084175084175084,0.2053872053872054,0.04377104377104377,0.24242424242424243,0.7575757575757576,0.24915824915824916,198.0,148.0,0.35858585858585856,0.5909090909090909,0.6565656565656566
1352,0.531986531986532,0.17845117845117844,0.037037037037037035,0.25252525252525254,0.7474747474747475,0.21548821548821548,185.0,133.0,0.3567567567567568,0.5567567567567567,0.6108108108108108
1353,0.5589225589225589,0.20875420875420875,0.03367003367003367,0.19865319865319866,0.8013468013468014,0.24242424242424243,181.0,127.0,0.3701657458563536,0.6408839779005525,0.6850828729281768
1354,0.5656565656565656,0.17845117845117844,0.037037037037037035,0.21885521885521886,0.7811447811447811,0.21548821548821548,183.0,125.0,0.3770491803278688,0.6065573770491803,0.6666666666666666
1355,0.5218855218855218,0.1717171717171717,0.03367003367003367,0.2727272727272727,0.7272727272727273,0.2053872053872054,200.0,155.0,0.345,0.565,0.615
1356,0.5420875420875421,0.19865319865319866,0.04377104377104377,0.21548821548821548,0.7845117845117845,0.24242424242424243,190.0,135.0,0.38421052631578945,0.6368421052631579,0.6894736842105263
1357,0.5993265993265994,0.16161616161616163,0.030303030303030304,0.20875420875420875,0.7912457912457912,0.1919191919191919,185.0,134.0,0.42702702702702705,0.6378378378378379,0.6864864864864865
1358,0.5521885521885522,0.15488215488215487,0.050505050505050504,0.24242424242424243,0.7575757575757576,0.2053872053872054,190.0,137.0,0.3894736842105263,0.5631578947368421,0.631578947368421
1359,0.6195286195286195,0.11447811447811448,0.04713804713804714,0.21885521885521886,0.7811447811447811,0.16161616161616163,180.0,132.0,0.4111111111111111,0.5777777777777777,0.65
1360,0.5387205387205387,0.15151515151515152,0.0707070707070707,0.23905723905723905,0.7609427609427609,0.2222222222222222,192.0,137.0,0.3802083333333333,0.5729166666666666,0.6614583333333334
1361,0.5488215488215489,0.18518518518518517,0.037037037037037035,0.22895622895622897,0.7710437710437711,0.2222222222222222,192.0,138.0,0.390625,0.609375,0.6614583333333334
1362,0.5420875420875421,0.1919191919191919,0.04040404040404041,0.2255892255892256,0.7744107744107744,0.23232323232323232,200.0,146.0,0.385,0.64,0.685
1363,0.5589225589225589,0.19528619528619529,0.04040404040404041,0.2053872053872054,0.7946127946127947,0.2356902356902357,192.0,141.0,0.3958333333333333,0.625,0.6875
1364,0.5420875420875421,0.19528619528619529,0.05723905723905724,0.2053872053872054,0.7946127946127947,0.25252525252525254,188.0,136.0,0.3829787234042553,0.6382978723404256,0.7021276595744681
1365,0.5521885521885522,0.18181818181818182,0.04713804713804714,0.21885521885521886,0.7811447811447811,0.22895622895622897,192.0,142.0,0.4010416666666667,0.609375,0.6666666666666666
1366,0.5488215488215489,0.15151515151515152,0.037037037037037035,0.26262626262626265,0.7373737373737373,0.18855218855218855,188.0,136.0,0.3723404255319149,0.574468085106383,0.6223404255319149
1367,0.5353535353535354,0.15151515151515152,0.026936026936026935,0.28619528619528617,0.7138047138047138,0.17845117845117844,188.0,139.0,0.34574468085106386,0.5372340425531915,0.5797872340425532
1368,0.5353535353535354,0.18518518518518517,0.06060606060606061,0.21885521885521886,0.7811447811447811,0.24579124579124578,176.0,121.0,0.3977272727272727,0.625,0.6704545454545454
1369,0.531986531986532,0.20202020202020202,0.05387205387205387,0.21212121212121213,0.7878787878787878,0.2558922558922559,195.0,140.0,0.38461538461538464,0.6358974358974359,0.7025641025641025
1370,0.5824915824915825,0.13468013468013468,0.04377104377104377,0.23905723905723905,0.7609427609427609,0.17845117845117844,188.0,130.0,0.4148936170212766,0.5797872340425532,0.6436170212765957
1371,0.5555555555555556,0.16161616161616163,0.10101010101010101,0.18181818181818182,0.8181818181818182,0.26262626262626265,185.0,134.0,0.3945945945945946,0.5837837837837838,0.7135135135135136
1372,0.6060606060606061,0.21212121212121213,0.03367003367003367,0.14814814814814814,0.8518518518518519,0.24579124579124578,177.0,119.0,0.423728813559322,0.711864406779661,0.751412429378531
1373,0.5521885521885522,0.15488215488215487,0.04040404040404041,0.25252525252525254,0.7474747474747475,0.19528619528619529,189.0,128.0,0.3968253968253968,0.5873015873015873,0.6507936507936508
1374,0.5286195286195287,0.17845117845117844,0.03367003367003367,0.25925925925925924,0.7407407407407407,0.21212121212121213,198.0,146.0,0.3686868686868687,0.5959595959595959,0.6414141414141414
1375,0.4882154882154882,0.2053872053872054,0.02356902356902357,0.2828282828282828,0.7171717171717171,0.22895622895622897,199.0,146.0,0.35678391959798994,0.5829145728643216,0.6130653266331658
1376,0.5488215488215489,0.15488215488215487,0.06060606060606061,0.2356902356902357,0.7643097643097643,0.21548821548821548,189.0,137.0,0.3915343915343915,0.5767195767195767,0.656084656084656
1377,0.5286195286195287,0.15824915824915825,0.03367003367003367,0.27946127946127947,0.7205387205387206,0.1919191919191919,204.0,156.0,0.37254901960784315,0.5882352941176471,0.6274509803921569
1378,0.5925925925925926,0.16161616161616163,0.04713804713804714,0.19865319865319866,0.8013468013468014,0.20875420875420875,177.0,121.0,0.3898305084745763,0.6101694915254238,0.6779661016949152
1379,0.5993265993265994,0.17845117845117844,0.03367003367003367,0.18855218855218855,0.8114478114478114,0.21212121212121213,184.0,133.0,0.41304347826086957,0.657608695652174,0.7119565217391305
1380,0.5420875420875421,0.16161616161616163,0.0707070707070707,0.2255892255892256,0.7744107744107744,0.23232323232323232,190.0,138.0,0.3736842105263158,0.5894736842105263,0.6736842105263158
1381,0.5622895622895623,0.18181818181818182,0.050505050505050504,0.2053872053872054,0.7946127946127947,0.23232323232323232,194.0,139.0,0.39690721649484534,0.634020618556701,0.7010309278350515
1382,0.5757575757575758,0.14814814814814814,0.04713804713804714,0.22895622895622897,0.7710437710437711,0.19528619528619529,186.0,139.0,0.3817204301075269,0.5967741935483871,0.6451612903225806
1383,0.5286195286195287,0.2053872053872054,0.030303030303030304,0.2356902356902357,0.7643097643097643,0.2356902356902357,191.0,142.0,0.35602094240837695,0.6073298429319371,0.6544502617801047
1384,0.5488215488215489,0.18181818181818182,0.04377104377104377,0.2255892255892256,0.7744107744107744,0.2255892255892256,189.0,131.0,0.3862433862433862,0.6084656084656085,0.6666666666666666
1385,0.5656565656565656,0.13468013468013468,0.030303030303030304,0.26936026936026936,0.7306397306397306,0.16498316498316498,190.0,142.0,0.39473684210526316,0.5684210526315789,0.6105263157894737
1386,0.5050505050505051,0.1919191919191919,0.04040404040404041,0.26262626262626265,0.7373737373737373,0.23232323232323232,198.0,149.0,0.3383838383838384,0.5606060606060606,0.6212121212121212
1387,0.531986531986532,0.16498316498316498,0.05723905723905724,0.24579124579124578,0.7542087542087542,0.2222222222222222,205.0,154.0,0.3902439024390244,0.5951219512195122,0.6634146341463415
1388,0.5656565656565656,0.20202020202020202,0.04040404040404041,0.1919191919191919,0.8080808080808081,0.24242424242424243,183.0,124.0,0.40437158469945356,0.644808743169399,0.7049180327868853
1389,0.5387205387205387,0.18518518518518517,0.04040404040404041,0.2356902356902357,0.7643097643097643,0.2255892255892256,189.0,133.0,0.37037037037037035,0.6031746031746031,0.656084656084656
1390,0.5286195286195287,0.19528619528619529,0.030303030303030304,0.24579124579124578,0.7542087542087542,0.2255892255892256,185.0,137.0,0.3783783783783784,0.5945945945945946,0.6378378378378379
1391,0.5387205387205387,0.16835016835016836,0.04377104377104377,0.24915824915824916,0.7508417508417509,0.21212121212121213,203.0,148.0,0.4039408866995074,0.6009852216748769,0.6551724137931034
1392,0.531986531986532,0.17845117845117844,0.04713804713804714,0.24242424242424243,0.7575757575757576,0.2255892255892256,186.0,129.0,0.3709677419354839,0.5913978494623656,0.6451612903225806
1393,0.5454545454545454,0.20202020202020202,0.04713804713804714,0.2053872053872054,0.7946127946127947,0.24915824915824916,195.0,144.0,0.40512820512820513,0.6512820512820513,0.7128205128205128
1394,0.6296296296296297,0.1447811447811448,0.04713804713804714,0.17845117845117844,0.8215488215488216,0.1919191919191919,179.0,122.0,0.441340782122905,0.6480446927374302,0.7206703910614525
1395,0.5488215488215489,0.19528619528619529,0.030303030303030304,0.2255892255892256,0.7744107744107744,0.2255892255892256,197.0,152.0,0.39593908629441626,0.6243654822335025,0.6700507614213198
1396,0.6060606060606061,0.1414141414141414,0.037037037037037035,0.21548821548821548,0.7845117845117845,0.17845117845117844,174.0,127.0,0.41379310344827586,0.603448275862069,0.6609195402298851
1397,0.5353535353535354,0.1717171717171717,0.05723905723905724,0.2356902356902357,0.7643097643097643,0.22895622895622897,188.0,138.0,0.3723404255319149,0.5691489361702128,0.6382978723404256
1398,0.5521885521885522,0.16161616161616163,0.04713804713804714,0.23905723905723905,0.7609427609427609,0.20875420875420875,189.0,138.0,0.38095238095238093,0.582010582010582,0.6455026455026455
1399,0.5925925925925926,0.18855218855218855,0.03367003367003367,0.18518518518518517,0.8148148148148148,0.2222222222222222,181.0,125.0,0.4088397790055249,0.6685082872928176,0.7237569060773481
1400,0.5824915824915825,0.15824915824915825,0.02356902356902357,0.2356902356902357,0.7643097643097643,0.18181818181818182,191.0,140.0,0.41361256544502617,0.612565445026178,0.6492146596858639
1401,0.5286195286195287,0.1717171717171717,0.050505050505050504,0.24915824915824916,0.7508417508417509,0.2222222222222222,188.0,136.0,0.35106382978723405,0.574468085106383,0.6382978723404256
1402,0.5185185185185185,0.18181818181818182,0.04713804713804714,0.25252525252525254,0.7474747474747475,0.22895622895622897,192.0,138.0,0.3541666666666667,0.5885416666666666,0.6302083333333334
1403,0.5218855218855218,0.1750841750841751,0.06397306397306397,0.23905723905723905,0.7609427609427609,0.23905723905723905,193.0,144.0,0.37305699481865284,0.5854922279792746,0.6580310880829016
1404,0.5420875420875421,0.2053872053872054,0.037037037037037035,0.21548821548821548,0.7845117845117845,0.24242424242424243,190.0,136.0,0.38421052631578945,0.6421052631578947,0.6947368421052632
1405,0.47474747474747475,0.20202020202020202,0.04713804713804714,0.2760942760942761,0.7239057239057239,0.24915824915824916,194.0,140.0,0.33505154639175255,0.5515463917525774,0.6082474226804123
1406,0.5454545454545454,0.18181818181818182,0.030303030303030304,0.24242424242424243,0.7575757575757576,0.21212121212121213,186.0,139.0,0.34946236559139787,0.5860215053763441,0.6182795698924731
1407,0.5723905723905723,0.19865319865319866,0.04040404040404041,0.18855218855218855,0.8114478114478114,0.23905723905723905,172.0,115.0,0.4127906976744186,0.6569767441860465,0.7093023255813954
1408,0.494949494949495,0.1919191919191919,0.06397306397306397,0.24915824915824916,0.7508417508417509,0.2558922558922559,194.0,141.0,0.33505154639175255,0.5721649484536082,0.6443298969072165
1409,0.5252525252525253,0.16498316498316498,0.04713804713804714,0.26262626262626265,0.7373737373737373,0.21212121212121213,185.0,136.0,0.3621621621621622,0.5837837837837838,0.6486486486486487
1410,0.5185185185185185,0.16835016835016836,0.04040404040404041,0.2727272727272727,0.7272727272727273,0.20875420875420875,203.0,158.0,0.3497536945812808,0.5714285714285714,0.6206896551724138
1411,0.5353535353535354,0.20202020202020202,0.04713804713804714,0.21548821548821548,0.7845117845117845,0.24915824915824916,192.0,138.0,0.3802083333333333,0.6197916666666666,0.6875
1412,0.5218855218855218,0.18518518518518517,0.05723905723905724,0.2356902356902357,0.7643097643097643,0.24242424242424243,202.0,148.0,0.37623762376237624,0.5841584158415841,0.6584158415841584
1413,0.5387205387205387,0.1717171717171717,0.050505050505050504,0.23905723905723905,0.7609427609427609,0.2222222222222222,191.0,140.0,0.39267015706806285,0.6073298429319371,0.680628272251309
1414,0.569023569023569,0.1447811447811448,0.04713804713804714,0.23905723905723905,0.7609427609427609,0.1919191919191919,183.0,129.0,0.3879781420765027,0.5846994535519126,0.644808743169399
1415,0.5622895622895623,0.16161616161616163,0.05387205387205387,0.2222222222222222,0.7777777777777778,0.21548821548821548,185.0,134.0,0.3675675675675676,0.5891891891891892,0.6648648648648648
1416,0.5218855218855218,0.16498316498316498,0.050505050505050504,0.26262626262626265,0.7373737373737373,0.21548821548821548,188.0,133.0,0.3617021276595745,0.5531914893617021,0.6117021276595744
1417,0.5218855218855218,0.14814814814814814,0.04377104377104377,0.28619528619528617,0.7138047138047138,0.1919191919191919,206.0,160.0,0.3592233009708738,0.5533980582524272,0.5970873786407767
1418,0.5387205387205387,0.20875420875420875,0.03367003367003367,0.21885521885521886,0.7811447811447811,0.24242424242424243,194.0,151.0,0.36597938144329895,0.6185567010309279,0.6701030927835051
1419,0.5218855218855218,0.18855218855218855,0.05723905723905724,0.23232323232323232,0.7676767676767676,0.24579124579124578,185.0,135.0,0.35135135135135137,0.5783783783783784,0.6594594594594595
1420,0.5252525252525253,0.21885521885521886,0.03367003367003367,0.2222222222222222,0.7777777777777778,0.25252525252525254,190.0,136.0,0.3736842105263158,0.631578947368421,0.6736842105263158
1421,0.5151515151515151,0.2053872053872054,0.02356902356902357,0.2558922558922559,0.7441077441077442,0.22895622895622897,196.0,142.0,0.3622448979591837,0.6020408163265306,0.6377551020408163
1422,0.5791245791245792,0.15824915824915825,0.06734006734006734,0.19528619528619529,0.8047138047138047,0.2255892255892256,175.0,115.0,0.42857142857142855,0.6514285714285715,0.7314285714285714
1423,0.4781144781144781,0.16498316498316498,0.05723905723905724,0.2996632996632997,0.7003367003367004,0.2222222222222222,206.0,159.0,0.32524271844660196,0.5242718446601942,0.587378640776699
1424,0.5420875420875421,0.16498316498316498,0.037037037037037035,0.2558922558922559,0.7441077441077442,0.20202020202020202,194.0,139.0,0.4020618556701031,0.6082474226804123,0.654639175257732
1425,0.5286195286195287,0.16498316498316498,0.04713804713804714,0.25925925925925924,0.7407407407407407,0.21212121212121213,198.0,150.0,0.35858585858585856,0.5808080808080808,0.6313131313131313
1426,0.5084175084175084,0.2222222222222222,0.04377104377104377,0.2255892255892256,0.7744107744107744,0.265993265993266,189.0,131.0,0.3386243386243386,0.5978835978835979,0.6613756613756614
1427,0.531986531986532,0.19528619528619529,0.04713804713804714,0.2255892255892256,0.7744107744107744,0.24242424242424243,192.0,141.0,0.359375,0.59375,0.6666666666666666
1428,0.5757575757575758,0.16835016835016836,0.04713804713804714,0.20875420875420875,0.7912457912457912,0.21548821548821548,186.0,134.0,0.3978494623655914,0.6236559139784946,0.6827956989247311
1429,0.5454545454545454,0.17845117845117844,0.030303030303030304,0.24579124579124578,0.7542087542087542,0.20875420875420875,192.0,142.0,0.3645833333333333,0.5833333333333334,0.6302083333333334
1430,0.5353535353535354,0.20202020202020202,0.050505050505050504,0.21212121212121213,0.7878787878787878,0.25252525252525254,197.0,140.0,0.38071065989847713,0.6243654822335025,0.6954314720812182
1431,0.5892255892255892,0.1750841750841751,0.04040404040404041,0.19528619528619529,0.8047138047138047,0.21548821548821548,177.0,123.0,0.3785310734463277,0.6101694915254238,0.672316384180791
1432,0.5286195286195287,0.18181818181818182,0.050505050505050504,0.23905723905723905,0.7609427609427609,0.23232323232323232,187.0,131.0,0.3422459893048128,0.5668449197860963,0.6417112299465241
1433,0.5892255892255892,0.1750841750841751,0.037037037037037035,0.19865319865319866,0.8013468013468014,0.21212121212121213,168.0,112.0,0.4107142857142857,0.6369047619047619,0.6904761904761905
1434,0.5589225589225589,0.21212121212121213,0.03367003367003367,0.19528619528619529,0.8047138047138047,0.24579124579124578,173.0,109.0,0.3930635838150289,0.6358381502890174,0.6936416184971098
1435,0.5050505050505051,0.19865319865319866,0.05723905723905724,0.23905723905723905,0.7609427609427609,0.2558922558922559,187.0,132.0,0.33689839572192515,0.5668449197860963,0.6417112299465241
1436,0.531986531986532,0.1750841750841751,0.05723905723905724,0.2356902356902357,0.7643097643097643,0.23232323232323232,200.0,152.0,0.375,0.6,0.665
1437,0.569023569023569,0.1750841750841751,0.03367003367003367,0.2222222222222222,0.7777777777777778,0.20875420875420875,190.0,139.0,0.42105263157894735,0.6526315789473685,0.6894736842105263
1438,0.5656565656565656,0.18518518518518517,0.026936026936026935,0.2222222222222222,0.7777777777777778,0.21212121212121213,188.0,137.0,0.3882978723404255,0.6276595744680851,0.6702127659574468
1439,0.4983164983164983,0.19528619528619529,0.05387205387205387,0.25252525252525254,0.7474747474747475,0.24915824915824916,197.0,148.0,0.350253807106599,0.5736040609137056,0.6446700507614214
1440,0.6094276094276094,0.1717171717171717,0.04713804713804714,0.1717171717171717,0.8282828282828283,0.21885521885521886,186.0,137.0,0.41935483870967744,0.6666666666666666,0.7311827956989247
1441,0.5858585858585859,0.13804713804713806,0.04713804713804714,0.22895622895622897,0.7710437710437711,0.18518518518518517,177.0,130.0,0.3615819209039548,0.5819209039548022,0.632768361581921
1442,0.531986531986532,0.1717171717171717,0.05723905723905724,0.23905723905723905,0.7609427609427609,0.22895622895622897,194.0,144.0,0.3556701030927835,0.5670103092783505,0.6494845360824743
1443,0.5420875420875421,0.20875420875420875,0.016835016835016835,0.23232323232323232,0.7676767676767676,0.2255892255892256,187.0,134.0,0.3689839572192513,0.6470588235294118,0.6737967914438503
1444,0.5824915824915825,0.14814814814814814,0.02356902356902357,0.24579124579124578,0.7542087542087542,0.1717171717171717,186.0,136.0,0.3870967741935484,0.5806451612903226,0.6182795698924731
1445,0.5993265993265994,0.13804713804713806,0.05723905723905724,0.2053872053872054,0.7946127946127947,0.19528619528619529,170.0,115.0,0.4,0.5823529411764706,0.6647058823529411
1446,0.5488215488215489,0.19865319865319866,0.04040404040404041,0.21212121212121213,0.7878787878787878,0.23905723905723905,190.0,133.0,0.38421052631578945,0.631578947368421,0.6842105263157895
1447,0.5387205387205387,0.18181818181818182,0.04713804713804714,0.23232323232323232,0.7676767676767676,0.22895622895622897,193.0,148.0,0.35233160621761656,0.5854922279792746,0.6476683937823834
1448,0.5387205387205387,0.21548821548821548,0.06734006734006734,0.17845117845117844,0.8215488215488216,0.2828282828282828,186.0,135.0,0.3978494623655914,0.6397849462365591,0.7150537634408602
1449,0.5589225589225589,0.1447811447811448,0.04040404040404041,0.2558922558922559,0.7441077441077442,0.18518518518518517,189.0,140.0,0.35978835978835977,0.5714285714285714,0.6296296296296297
1450,0.5218855218855218,0.1919191919191919,0.030303030303030304,0.2558922558922559,0.7441077441077442,0.2222222222222222,188.0,131.0,0.35638297872340424,0.5957446808510638,0.6382978723404256
1451,0.5656565656565656,0.16835016835016836,0.037037037037037035,0.22895622895622897,0.7710437710437711,0.2053872053872054,187.0,134.0,0.3850267379679144,0.6042780748663101,0.6524064171122995
1452,0.569023569023569,0.16835016835016836,0.037037037037037035,0.2255892255892256,0.7744107744107744,0.2053872053872054,191.0,139.0,0.39267015706806285,0.6020942408376964,0.6596858638743456
1453,0.5151515151515151,0.1717171717171717,0.050505050505050504,0.26262626262626265,0.7373737373737373,0.2222222222222222,202.0,153.0,0.35148514851485146,0.5643564356435643,0.6386138613861386
1454,0.5521885521885522,0.18855218855218855,0.03367003367003367,0.2255892255892256,0.7744107744107744,0.2222222222222222,198.0,147.0,0.3939393939393939,0.6262626262626263,0.6717171717171717
1455,0.5622895622895623,0.19528619528619529,0.03367003367003367,0.20875420875420875,0.7912457912457912,0.22895622895622897,188.0,133.0,0.4095744680851064,0.648936170212766,0.6914893617021277
1456,0.531986531986532,0.18181818181818182,0.04713804713804714,0.23905723905723905,0.7609427609427609,0.22895622895622897,181.0,131.0,0.34806629834254144,0.574585635359116,0.6408839779005525
1457,0.5757575757575758,0.15824915824915825,0.037037037037037035,0.22895622895622897,0.7710437710437711,0.19528619528619529,182.0,130.0,0.41208791208791207,0.6043956043956044,0.6648351648351648
1458,0.5925925925925926,0.15824915824915825,0.04377104377104377,0.2053872053872054,0.7946127946127947,0.20202020202020202,188.0,138.0,0.42021276595744683,0.6436170212765957,0.7021276595744681
1459,0.4882154882154882,0.19528619528619529,0.04377104377104377,0.2727272727272727,0.7272727272727273,0.23905723905723905,199.0,149.0,0.33668341708542715,0.5728643216080402,0.628140703517588
1460,0.5252525252525253,0.1750841750841751,0.04040404040404041,0.25925925925925924,0.7407407407407407,0.21548821548821548,185.0,142.0,0.3081081081081081,0.5459459459459459,0.5945945945945946
1461,0.5589225589225589,0.14814814814814814,0.04377104377104377,0.24915824915824916,0.7508417508417509,0.1919191919191919,187.0,133.0,0.3850267379679144,0.5882352941176471,0.6363636363636364
1462,0.5824915824915825,0.16498316498316498,0.07744107744107744,0.1750841750841751,0.8249158249158249,0.24242424242424243,184.0,138.0,0.40217391304347827,0.6413043478260869,0.7282608695652174
1463,0.6094276094276094,0.16835016835016836,0.04713804713804714,0.1750841750841751,0.8249158249158249,0.21548821548821548,174.0,122.0,0.40804597701149425,0.6609195402298851,0.7241379310344828
1464,0.6060606060606061,0.15151515151515152,0.04377104377104377,0.19865319865319866,0.8013468013468014,0.19528619528619529,180.0,121.0,0.4111111111111111,0.6111111111111112,0.6777777777777778
1465,0.5622895622895623,0.13468013468013468,0.037037037037037035,0.265993265993266,0.734006734006734,0.1717171717171717,193.0,147.0,0.37305699481865284,0.5544041450777202,0.6113989637305699
1466,0.5420875420875421,0.1447811447811448,0.06060606060606061,0.25252525252525254,0.7474747474747475,0.2053872053872054,192.0,141.0,0.375,0.5520833333333334,0.6302083333333334
1467,0.5656565656565656,0.1447811447811448,0.06060606060606061,0.22895622895622897,0.7710437710437711,0.2053872053872054,186.0,133.0,0.3817204301075269,0.5752688172043011,0.6666666666666666
1468,0.5387205387205387,0.15824915824915825,0.06060606060606061,0.24242424242424243,0.7575757575757576,0.21885521885521886,199.0,151.0,0.36683417085427134,0.5728643216080402,0.6532663316582915
1469,0.5589225589225589,0.15824915824915825,0.037037037037037035,0.24579124579124578,0.7542087542087542,0.19528619528619529,193.0,140.0,0.39896373056994816,0.6010362694300518,0.6528497409326425
1470,0.5555555555555556,0.1717171717171717,0.04040404040404041,0.23232323232323232,0.7676767676767676,0.21212121212121213,186.0,137.0,0.3709677419354839,0.6075268817204301,0.6505376344086021
1471,0.5488215488215489,0.1717171717171717,0.05723905723905724,0.2222222222222222,0.7777777777777778,0.22895622895622897,189.0,136.0,0.37037037037037035,0.5767195767195767,0.6613756613756614
1472,0.48148148148148145,0.20875420875420875,0.050505050505050504,0.25925925925925924,0.7407407407407407,0.25925925925925924,191.0,136.0,0.34554973821989526,0.5759162303664922,0.6282722513089005
1473,0.5723905723905723,0.15824915824915825,0.030303030303030304,0.23905723905723905,0.7609427609427609,0.18855218855218855,193.0,137.0,0.39896373056994816,0.5958549222797928,0.6424870466321243
1474,0.5420875420875421,0.1717171717171717,0.04040404040404041,0.24579124579124578,0.7542087542087542,0.21212121212121213,196.0,150.0,0.3826530612244898,0.5867346938775511,0.6428571428571429
1475,0.5589225589225589,0.15824915824915825,0.050505050505050504,0.23232323232323232,0.7676767676767676,0.20875420875420875,189.0,141.0,0.37037037037037035,0.5978835978835979,0.6507936507936508
1476,0.5488215488215489,0.1717171717171717,0.05723905723905724,0.2222222222222222,0.7777777777777778,0.22895622895622897,185.0,130.0,0.3837837837837838,0.5945945945945946,0.6810810810810811
1477,0.6127946127946128,0.1414141414141414,0.03367003367003367,0.21212121212121213,0.7878787878787878,0.1750841750841751,170.0,117.0,0.40588235294117647,0.6058823529411764,0.6470588235294118
1478,0.5387205387205387,0.18855218855218855,0.04713804713804714,0.2255892255892256,0.7744107744107744,0.2356902356902357,191.0,141.0,0.36649214659685864,0.5968586387434555,0.6649214659685864
1479,0.622895622895623,0.17845117845117844,0.04040404040404041,0.15824915824915825,0.8417508417508418,0.21885521885521886,170.0,118.0,0.40588235294117647,0.6647058823529411,0.7294117647058823
1480,0.48484848484848486,0.18181818181818182,0.06734006734006734,0.265993265993266,0.734006734006734,0.24915824915824916,203.0,150.0,0.3399014778325123,0.541871921182266,0.6206896551724138
1481,0.5151515151515151,0.18855218855218855,0.037037037037037035,0.25925925925925924,0.7407407407407407,0.2255892255892256,209.0,162.0,0.3588516746411483,0.5933014354066986,0.645933014354067
1482,0.5589225589225589,0.16498316498316498,0.04040404040404041,0.2356902356902357,0.7643097643097643,0.2053872053872054,199.0,148.0,0.3969849246231156,0.6080402010050251,0.6633165829145728
1483,0.4983164983164983,0.1750841750841751,0.050505050505050504,0.2760942760942761,0.7239057239057239,0.2255892255892256,201.0,154.0,0.3383084577114428,0.5621890547263682,0.6368159203980099
1484,0.5555555555555556,0.1414141414141414,0.037037037037037035,0.265993265993266,0.734006734006734,0.17845117845117844,192.0,137.0,0.3854166666666667,0.59375,0.640625
1485,0.5387205387205387,0.15824915824915825,0.050505050505050504,0.25252525252525254,0.7474747474747475,0.20875420875420875,196.0,139.0,0.37755102040816324,0.6020408163265306,0.673469387755102
1486,0.5454545454545454,0.16835016835016836,0.05723905723905724,0.22895622895622897,0.7710437710437711,0.2255892255892256,194.0,139.0,0.3917525773195876,0.6030927835051546,0.6804123711340206
1487,0.531986531986532,0.20875420875420875,0.016835016835016835,0.24242424242424243,0.7575757575757576,0.2255892255892256,195.0,145.0,0.36923076923076925,0.6102564102564103,0.6307692307692307
1488,0.5286195286195287,0.17845117845117844,0.050505050505050504,0.24242424242424243,0.7575757575757576,0.22895622895622897,200.0,146.0,0.38,0.59,0.655
1489,0.5420875420875421,0.15151515151515152,0.050505050505050504,0.2558922558922559,0.7441077441077442,0.20202020202020202,193.0,144.0,0.37305699481865284,0.5751295336787565,0.6373056994818653
1490,0.5521885521885522,0.16498316498316498,0.050505050505050504,0.23232323232323232,0.7676767676767676,0.21548821548821548,185.0,136.0,0.34594594594594597,0.572972972972973,0.6432432432432432
1491,0.5488215488215489,0.1750841750841751,0.04713804713804714,0.22895622895622897,0.7710437710437711,0.2222222222222222,189.0,133.0,0.3915343915343915,0.6031746031746031,0.656084656084656
1492,0.5824915824915825,0.19528619528619529,0.037037037037037035,0.18518518518518517,0.8148148148148148,0.23232323232323232,182.0,124.0,0.41208791208791207,0.6593406593406593,0.7087912087912088
1493,0.5892255892255892,0.1717171717171717,0.04040404040404041,0.19865319865319866,0.8013468013468014,0.21212121212121213,184.0,137.0,0.40217391304347827,0.625,0.6902173913043478
1494,0.5622895622895623,0.15488215488215487,0.04713804713804714,0.2356902356902357,0.7643097643097643,0.20202020202020202,186.0,136.0,0.3763440860215054,0.5967741935483871,0.6612903225806451
1495,0.5151515151515151,0.17845117845117844,0.05723905723905724,0.24915824915824916,0.7508417508417509,0.2356902356902357,201.0,150.0,0.35323383084577115,0.5920398009950248,0.6517412935323383
1496,0.5993265993265994,0.14814814814814814,0.037037037037037035,0.21548821548821548,0.7845117845117845,0.18518518518518517,186.0,133.0,0.41935483870967744,0.6129032258064516,0.6612903225806451
1497,0.5353535353535354,0.18518518518518517,0.04713804713804714,0.23232323232323232,0.7676767676767676,0.23232323232323232,182.0,122.0,0.36813186813186816,0.5934065934065934,0.6593406593406593
1498,0.5286195286195287,0.18855218855218855,0.037037037037037035,0.24579124579124578,0.7542087542087542,0.2255892255892256,191.0,141.0,0.36649214659685864,0.5968586387434555,0.6387434554973822
1499,0.5218855218855218,0.1919191919191919,0.04040404040404041,0.24579124579124578,0.7542087542087542,0.23232323232323232,185.0,131.0,0.3675675675675676,0.5783783783783784,0.6378378378378379
1500,0.5858585858585859,0.16161616161616163,0.03367003367003367,0.21885521885521886,0.7811447811447811,0.19528619528619529,193.0,143.0,0.40932642487046633,0.6217616580310881,0.6735751295336787
1501,0.569023569023569,0.15824915824915825,0.06060606060606061,0.21212121212121213,0.7878787878787878,0.21885521885521886,188.0,135.0,0.39361702127659576,0.6170212765957447,0.6968085106382979
1502,0.6094276094276094,0.15151515151515152,0.030303030303030304,0.20875420875420875,0.7912457912457912,0.18181818181818182,180.0,128.0,0.43333333333333335,0.6444444444444445,0.6944444444444444
1503,0.5387205387205387,0.18855218855218855,0.06397306397306397,0.20875420875420875,0.7912457912457912,0.25252525252525254,177.0,121.0,0.3502824858757062,0.5988700564971752,0.6610169491525424
1504,0.6060606060606061,0.16498316498316498,0.050505050505050504,0.17845117845117844,0.8215488215488216,0.21548821548821548,181.0,129.0,0.4143646408839779,0.6464088397790055,0.7182320441988951
1505,0.5353535353535354,0.16498316498316498,0.05723905723905724,0.24242424242424243,0.7575757575757576,0.2222222222222222,193.0,146.0,0.35751295336787564,0.5647668393782384,0.6476683937823834
1506,0.5286195286195287,0.16161616161616163,0.04377104377104377,0.265993265993266,0.734006734006734,0.2053872053872054,194.0,147.0,0.34536082474226804,0.5515463917525774,0.6082474226804123
1507,0.5622895622895623,0.16835016835016836,0.05723905723905724,0.21212121212121213,0.7878787878787878,0.2255892255892256,191.0,138.0,0.39790575916230364,0.6073298429319371,0.680628272251309
1508,0.569023569023569,0.16835016835016836,0.050505050505050504,0.21212121212121213,0.7878787878787878,0.21885521885521886,193.0,143.0,0.41450777202072536,0.6217616580310881,0.6839378238341969
1509,0.5218855218855218,0.18518518518518517,0.05387205387205387,0.23905723905723905,0.7609427609427609,0.23905723905723905,188.0,139.0,0.3829787234042553,0.6063829787234043,0.6648936170212766
1510,0.5521885521885522,0.16835016835016836,0.03367003367003367,0.24579124579124578,0.7542087542087542,0.20202020202020202,188.0,133.0,0.3670212765957447,0.5904255319148937,0.6329787234042553
1511,0.6026936026936027,0.15151515151515152,0.02356902356902357,0.2222222222222222,0.7777777777777778,0.1750841750841751,184.0,126.0,0.44565217391304346,0.6358695652173914,0.6739130434782609
1512,0.5252525252525253,0.1750841750841751,0.05723905723905724,0.24242424242424243,0.7575757575757576,0.23232323232323232,193.0,143.0,0.35751295336787564,0.5699481865284974,0.6528497409326425
1513,0.5723905723905723,0.1750841750841751,0.05387205387205387,0.19865319865319866,0.8013468013468014,0.22895622895622897,186.0,137.0,0.3978494623655914,0.6236559139784946,0.6935483870967742
1514,0.5791245791245792,0.18181818181818182,0.04713804713804714,0.1919191919191919,0.8080808080808081,0.22895622895622897,183.0,136.0,0.3825136612021858,0.6338797814207651,0.6939890710382514
1515,0.531986531986532,0.19528619528619529,0.050505050505050504,0.2222222222222222,0.7777777777777778,0.24579124579124578,192.0,138.0,0.359375,0.609375,0.6822916666666666
1516,0.5993265993265994,0.1447811447811448,0.04377104377104377,0.21212121212121213,0.7878787878787878,0.18855218855218855,177.0,123.0,0.4293785310734463,0.6214689265536724,0.6836158192090396
1517,0.5555555555555556,0.15824915824915825,0.04377104377104377,0.24242424242424243,0.7575757575757576,0.20202020202020202,189.0,139.0,0.37566137566137564,0.582010582010582,0.6402116402116402
1518,0.5791245791245792,0.16498316498316498,0.026936026936026935,0.22895622895622897,0.7710437710437711,0.1919191919191919,185.0,127.0,0.3945945945945946,0.6216216216216216,0.654054054054054
1519,0.5858585858585859,0.17845117845117844,0.020202020202020204,0.21548821548821548,0.7845117845117845,0.19865319865319866,192.0,144.0,0.4270833333333333,0.6354166666666666,0.6666666666666666
1520,0.5656565656565656,0.16835016835016836,0.05723905723905724,0.20875420875420875,0.7912457912457912,0.2255892255892256,191.0,140.0,0.39790575916230364,0.6073298429319371,0.6910994764397905
1521,0.5791245791245792,0.11784511784511785,0.05723905723905724,0.24579124579124578,0.7542087542087542,0.1750841750841751,188.0,130.0,0.40425531914893614,0.5691489361702128,0.6382978723404256
1522,0.5622895622895623,0.15151515151515152,0.04377104377104377,0.24242424242424243,0.7575757575757576,0.19528619528619529,188.0,143.0,0.3776595744680851,0.5904255319148937,0.6542553191489362
1523,0.48484848484848486,0.2053872053872054,0.050505050505050504,0.25925925925925924,0.7407407407407407,0.2558922558922559,199.0,147.0,0.3165829145728643,0.5829145728643216,0.6432160804020101
1524,0.5286195286195287,0.17845117845117844,0.0707070707070707,0.2222222222222222,0.7777777777777778,0.24915824915824916,193.0,144.0,0.3316062176165803,0.5699481865284974,0.6632124352331606
1525,0.4983164983164983,0.19865319865319866,0.037037037037037035,0.265993265993266,0.734006734006734,0.2356902356902357,192.0,139.0,0.3229166666666667,0.5677083333333334,0.6145833333333334
1526,0.6195286195286195,0.14814814814814814,0.037037037037037035,0.19528619528619529,0.8047138047138047,0.18518518518518517,174.0,117.0,0.4425287356321839,0.6436781609195402,0.6839080459770115
1527,0.5622895622895623,0.13468013468013468,0.05723905723905724,0.24579124579124578,0.7542087542087542,0.1919191919191919,185.0,129.0,0.372972972972973,0.5675675675675675,0.6378378378378379
1528,0.5084175084175084,0.21548821548821548,0.037037037037037035,0.23905723905723905,0.7609427609427609,0.25252525252525254,192.0,136.0,0.3385416666666667,0.5833333333333334,0.640625
1529,0.5993265993265994,0.15151515151515152,0.03367003367003367,0.21548821548821548,0.7845117845117845,0.18518518518518517,179.0,127.0,0.40782122905027934,0.6145251396648045,0.659217877094972
1530,0.5723905723905723,0.17845117845117844,0.04377104377104377,0.2053872053872054,0.7946127946127947,0.2222222222222222,188.0,131.0,0.39893617021276595,0.6329787234042553,0.6968085106382979
1531,0.5050505050505051,0.16161616161616163,0.050505050505050504,0.2828282828282828,0.7171717171717171,0.21212121212121213,201.0,153.0,0.3383084577114428,0.5373134328358209,0.6069651741293532
1532,0.5185185185185185,0.18181818181818182,0.05723905723905724,0.24242424242424243,0.7575757575757576,0.23905723905723905,198.0,149.0,0.3787878787878788,0.5959595959595959,0.6565656565656566
1533,0.5824915824915825,0.18518518518518517,0.04377104377104377,0.18855218855218855,0.8114478114478114,0.22895622895622897,185.0,128.0,0.42702702702702705,0.654054054054054,0.7081081081081081
1534,0.4983164983164983,0.1919191919191919,0.06397306397306397,0.24579124579124578,0.7542087542087542,0.2558922558922559,206.0,157.0,0.36893203883495146,0.587378640776699,0.6699029126213593
1535,0.5252525252525253,0.18855218855218855,0.05723905723905724,0.22895622895622897,0.7710437710437711,0.24579124579124578,184.0,129.0,0.34782608695652173,0.5815217391304348,0.6521739130434783
1536,0.5252525252525253,0.19528619528619529,0.050505050505050504,0.22895622895622897,0.7710437710437711,0.24579124579124578,194.0,138.0,0.37628865979381443,0.5927835051546392,0.6597938144329897
1537,0.5117845117845118,0.19865319865319866,0.06734006734006734,0.2222222222222222,0.7777777777777778,0.265993265993266,190.0,134.0,0.3684210526315789,0.5842105263157895,0.6684210526315789
1538,0.5589225589225589,0.19528619528619529,0.037037037037037035,0.20875420875420875,0.7912457912457912,0.23232323232323232,176.0,122.0,0.35795454545454547,0.6022727272727273,0.6534090909090909
1539,0.5791245791245792,0.1717171717171717,0.037037037037037035,0.21212121212121213,0.7878787878787878,0.20875420875420875,179.0,128.0,0.39106145251396646,0.6089385474860335,0.664804469273743
1540,0.5084175084175084,0.16498316498316498,0.05387205387205387,0.2727272727272727,0.7272727272727273,0.21885521885521886,200.0,143.0,0.36,0.56,0.63
1541,0.5723905723905723,0.17845117845117844,0.06397306397306397,0.18518518518518517,0.8148148148148148,0.24242424242424243,190.0,135.0,0.4052631578947368,0.6421052631578947,0.7263157894736842
1542,0.5218855218855218,0.1919191919191919,0.05387205387205387,0.23232323232323232,0.7676767676767676,0.24579124579124578,200.0,153.0,0.365,0.59,0.655
1543,0.5286195286195287,0.20202020202020202,0.04713804713804714,0.2222222222222222,0.7777777777777778,0.24915824915824916,191.0,142.0,0.35602094240837695,0.612565445026178,0.680628272251309
1544,0.531986531986532,0.1717171717171717,0.06397306397306397,0.23232323232323232,0.7676767676767676,0.2356902356902357,181.0,124.0,0.36464088397790057,0.580110497237569,0.6519337016574586
1545,0.5117845117845118,0.21885521885521886,0.050505050505050504,0.21885521885521886,0.7811447811447811,0.26936026936026936,190.0,136.0,0.35789473684210527,0.6210526315789474,0.6842105263157895
1546,0.5252525252525253,0.20202020202020202,0.04713804713804714,0.2255892255892256,0.7744107744107744,0.24915824915824916,190.0,135.0,0.3894736842105263,0.6210526315789474,0.6789473684210526
1547,0.4983164983164983,0.1750841750841751,0.06734006734006734,0.25925925925925924,0.7407407407407407,0.24242424242424243,188.0,139.0,0.324468085106383,0.5212765957446809,0.6117021276595744
1548,0.5757575757575758,0.17845117845117844,0.04713804713804714,0.19865319865319866,0.8013468013468014,0.2255892255892256,183.0,129.0,0.43169398907103823,0.6502732240437158,0.7049180327868853
1549,0.5117845117845118,0.20202020202020202,0.050505050505050504,0.2356902356902357,0.7643097643097643,0.25252525252525254,190.0,136.0,0.34210526315789475,0.5842105263157895,0.6578947368421053
1550,0.5353535353535354,0.18855218855218855,0.030303030303030304,0.24579124579124578,0.7542087542087542,0.21885521885521886,188.0,129.0,0.3829787234042553,0.5957446808510638,0.6436170212765957
1551,0.5521885521885522,0.1717171717171717,0.037037037037037035,0.23905723905723905,0.7609427609427609,0.20875420875420875,203.0,155.0,0.39901477832512317,0.6108374384236454,0.6600985221674877
1552,0.5420875420875421,0.18518518518518517,0.013468013468013467,0.25925925925925924,0.7407407407407407,0.19865319865319866,191.0,140.0,0.3769633507853403,0.6178010471204188,0.6387434554973822
1553,0.5555555555555556,0.14814814814814814,0.06060606060606061,0.2356902356902357,0.7643097643097643,0.20875420875420875,189.0,134.0,0.37566137566137564,0.5661375661375662,0.6507936507936508
1554,0.5757575757575758,0.16498316498316498,0.04040404040404041,0.21885521885521886,0.7811447811447811,0.2053872053872054,185.0,134.0,0.4,0.6108108108108108,0.6702702702702703
1555,0.5151515151515151,0.15488215488215487,0.10101010101010101,0.22895622895622897,0.7710437710437711,0.2558922558922559,195.0,139.0,0.36923076923076925,0.5487179487179488,0.6615384615384615
1556,0.5420875420875421,0.18855218855218855,0.03367003367003367,0.2356902356902357,0.7643097643097643,0.2222222222222222,196.0,148.0,0.3826530612244898,0.6122448979591837,0.6632653061224489
1557,0.5555555555555556,0.1750841750841751,0.04713804713804714,0.2222222222222222,0.7777777777777778,0.2222222222222222,192.0,140.0,0.3958333333333333,0.6354166666666666,0.6979166666666666
1558,0.5555555555555556,0.18518518518518517,0.04377104377104377,0.21548821548821548,0.7845117845117845,0.22895622895622897,192.0,140.0,0.3802083333333333,0.609375,0.6666666666666666
1559,0.5858585858585859,0.15488215488215487,0.02356902356902357,0.2356902356902357,0.7643097643097643,0.17845117845117844,186.0,141.0,0.3870967741935484,0.6075268817204301,0.6397849462365591
1560,0.531986531986532,0.16161616161616163,0.04040404040404041,0.265993265993266,0.734006734006734,0.20202020202020202,191.0,134.0,0.3717277486910995,0.5706806282722513,0.6282722513089005
1561,0.5252525252525253,0.16498316498316498,0.026936026936026935,0.2828282828282828,0.7171717171717171,0.1919191919191919,191.0,134.0,0.3612565445026178,0.5602094240837696,0.6020942408376964
1562,0.5084175084175084,0.19528619528619529,0.0707070707070707,0.2255892255892256,0.7744107744107744,0.265993265993266,191.0,143.0,0.35602094240837695,0.5863874345549738,0.675392670157068
1563,0.5589225589225589,0.15824915824915825,0.06397306397306397,0.21885521885521886,0.7811447811447811,0.2222222222222222,186.0,134.0,0.34946236559139787,0.5698924731182796,0.6612903225806451
1564,0.5454545454545454,0.1750841750841751,0.04377104377104377,0.2356902356902357,0.7643097643097643,0.21885521885521886,186.0,135.0,0.3548387096774194,0.5860215053763441,0.6397849462365591
1565,0.569023569023569,0.15488215488215487,0.06060606060606061,0.21548821548821548,0.7845117845117845,0.21548821548821548,185.0,132.0,0.3891891891891892,0.572972972972973,0.654054054054054
1566,0.5454545454545454,0.15824915824915825,0.05387205387205387,0.24242424242424243,0.7575757575757576,0.21212121212121213,180.0,128.0,0.36666666666666664,0.5722222222222222,0.6166666666666667
1567,0.5151515151515151,0.18181818181818182,0.030303030303030304,0.2727272727272727,0.7272727272727273,0.21212121212121213,197.0,150.0,0.3553299492385787,0.5888324873096447,0.6345177664974619
1568,0.5387205387205387,0.15151515151515152,0.0707070707070707,0.23905723905723905,0.7609427609427609,0.2222222222222222,179.0,126.0,0.33519553072625696,0.5418994413407822,0.6312849162011173
1569,0.5723905723905723,0.15824915824915825,0.037037037037037035,0.23232323232323232,0.7676767676767676,0.19528619528619529,185.0,131.0,0.40540540540540543,0.6162162162162163,0.6594594594594595
1570,0.5488215488215489,0.15151515151515152,0.04713804713804714,0.25252525252525254,0.7474747474747475,0.19865319865319866,194.0,146.0,0.36082474226804123,0.5567010309278351,0.6288659793814433
1571,0.49158249158249157,0.1919191919191919,0.04377104377104377,0.2727272727272727,0.7272727272727273,0.2356902356902357,209.0,168.0,0.3397129186602871,0.5550239234449761,0.6172248803827751
1572,0.5555555555555556,0.19865319865319866,0.037037037037037035,0.20875420875420875,0.7912457912457912,0.2356902356902357,184.0,134.0,0.375,0.625,0.6793478260869565
1573,0.5488215488215489,0.15824915824915825,0.04377104377104377,0.24915824915824916,0.7508417508417509,0.20202020202020202,191.0,142.0,0.38219895287958117,0.5863874345549738,0.6335078534031413
1574,0.531986531986532,0.15488215488215487,0.04377104377104377,0.26936026936026936,0.7306397306397306,0.19865319865319866,194.0,138.0,0.38144329896907214,0.5721649484536082,0.6237113402061856
1575,0.569023569023569,0.15488215488215487,0.04377104377104377,0.23232323232323232,0.7676767676767676,0.19865319865319866,179.0,123.0,0.39664804469273746,0.5921787709497207,0.6424581005586593
1576,0.5252525252525253,0.16161616161616163,0.04040404040404041,0.2727272727272727,0.7272727272727273,0.20202020202020202,189.0,140.0,0.35978835978835977,0.5555555555555556,0.6137566137566137
1577,0.5387205387205387,0.19865319865319866,0.05723905723905724,0.2053872053872054,0.7946127946127947,0.2558922558922559,185.0,135.0,0.35135135135135137,0.6270270270270271,0.7027027027027027
1578,0.5185185185185185,0.21212121212121213,0.04377104377104377,0.2255892255892256,0.7744107744107744,0.2558922558922559,191.0,136.0,0.39790575916230364,0.6492146596858639,0.6963350785340314
1579,0.5420875420875421,0.16498316498316498,0.04713804713804714,0.24579124579124578,0.7542087542087542,0.21212121212121213,193.0,143.0,0.3626943005181347,0.5751295336787565,0.6424870466321243
1580,0.5589225589225589,0.18181818181818182,0.04377104377104377,0.21548821548821548,0.7845117845117845,0.2255892255892256,183.0,124.0,0.39344262295081966,0.6120218579234973,0.6775956284153005
1581,0.5218855218855218,0.17845117845117844,0.050505050505050504,0.24915824915824916,0.7508417508417509,0.22895622895622897,189.0,136.0,0.3492063492063492,0.5608465608465608,0.6349206349206349
1582,0.4781144781144781,0.19528619528619529,0.05387205387205387,0.2727272727272727,0.7272727272727273,0.24915824915824916,199.0,151.0,0.34673366834170855,0.5577889447236181,0.6130653266331658
1583,0.5858585858585859,0.15488215488215487,0.04713804713804714,0.21212121212121213,0.7878787878787878,0.20202020202020202,183.0,128.0,0.44808743169398907,0.6120218579234973,0.6721311475409836
1584,0.5488215488215489,0.18855218855218855,0.04713804713804714,0.21548821548821548,0.7845117845117845,0.2356902356902357,185.0,133.0,0.3675675675675676,0.5945945945945946,0.6648648648648648
1585,0.5555555555555556,0.16161616161616163,0.06060606060606061,0.2222222222222222,0.7777777777777778,0.2222222222222222,193.0,147.0,0.38341968911917096,0.6010362694300518,0.6839378238341969
1586,0.5353535353535354,0.1750841750841751,0.06060606060606061,0.22895622895622897,0.7710437710437711,0.2356902356902357,192.0,135.0,0.359375,0.5833333333333334,0.6666666666666666
1587,0.5353535353535354,0.19528619528619529,0.05387205387205387,0.21548821548821548,0.7845117845117845,0.24915824915824916,193.0,141.0,0.38341968911917096,0.6269430051813472,0.694300518134715
1588,0.5589225589225589,0.18855218855218855,0.026936026936026935,0.2255892255892256,0.7744107744107744,0.21548821548821548,181.0,131.0,0.35911602209944754,0.6077348066298343,0.6464088397790055
1589,0.5656565656565656,0.18181818181818182,0.04040404040404041,0.21212121212121213,0.7878787878787878,0.2222222222222222,180.0,125.0,0.38333333333333336,0.6055555555555555,0.6611111111111111
1590,0.5555555555555556,0.18518518518518517,0.04377104377104377,0.21548821548821548,0.7845117845117845,0.22895622895622897,188.0,136.0,0.3882978723404255,0.6223404255319149,0.6808510638297872
1591,0.5286195286195287,0.15824915824915825,0.06060606060606061,0.25252525252525254,0.7474747474747475,0.21885521885521886,202.0,153.0,0.3712871287128713,0.5792079207920792,0.6386138613861386
1592,0.5353535353535354,0.18855218855218855,0.05387205387205387,0.2222222222222222,0.7777777777777778,0.24242424242424243,191.0,133.0,0.387434554973822,0.6020942408376964,0.6596858638743456
1593,0.531986531986532,0.15488215488215487,0.05723905723905724,0.2558922558922559,0.7441077441077442,0.21212121212121213,199.0,149.0,0.36180904522613067,0.5527638190954773,0.6381909547738693
1594,0.5454545454545454,0.15824915824915825,0.06060606060606061,0.2356902356902357,0.7643097643097643,0.21885521885521886,201.0,148.0,0.39800995024875624,0.6119402985074627,0.6865671641791045
1595,0.5117845117845118,0.19865319865319866,0.050505050505050504,0.23905723905723905,0.7609427609427609,0.24915824915824916,189.0,136.0,0.3333333333333333,0.5873015873015873,0.6455026455026455
1596,0.5723905723905723,0.16835016835016836,0.03367003367003367,0.2255892255892256,0.7744107744107744,0.20202020202020202,182.0,130.0,0.3791208791208791,0.6098901098901099,0.6538461538461539
1597,0.5656565656565656,0.17845117845117844,0.037037037037037035,0.21885521885521886,0.7811447811447811,0.21548821548821548,199.0,152.0,0.40703517587939697,0.6381909547738693,0.6884422110552764
1598,0.5791245791245792,0.16498316498316498,0.026936026936026935,0.22895622895622897,0.7710437710437711,0.1919191919191919,185.0,131.0,0.372972972972973,0.6054054054054054,0.6432432432432432
1599,0.5521885521885522,0.16161616161616163,0.030303030303030304,0.2558922558922559,0.7441077441077442,0.1919191919191919,189.0,131.0,0.38095238095238093,0.5925925925925926,0.6296296296296297
1600,0.5791245791245792,0.1717171717171717,0.05387205387205387,0.19528619528619529,0.8047138047138047,0.2255892255892256,184.0,131.0,0.41304347826086957,0.6195652173913043,0.7010869565217391
1601,0.5589225589225589,0.2053872053872054,0.04713804713804714,0.18855218855218855,0.8114478114478114,0.25252525252525254,191.0,134.0,0.39267015706806285,0.6649214659685864,0.7120418848167539
1602,0.5488215488215489,0.16835016835016836,0.026936026936026935,0.2558922558922559,0.7441077441077442,0.19528619528619529,192.0,143.0,0.375,0.6041666666666666,0.6458333333333334
1603,0.494949494949495,0.21548821548821548,0.05723905723905724,0.23232323232323232,0.7676767676767676,0.2727272727272727,196.0,139.0,0.3673469387755102,0.6071428571428571,0.6683673469387755
1604,0.5959595959595959,0.14814814814814814,0.03367003367003367,0.2222222222222222,0.7777777777777778,0.18181818181818182,180.0,133.0,0.3888888888888889,0.5944444444444444,0.65
1605,0.5555555555555556,0.18181818181818182,0.03367003367003367,0.22895622895622897,0.7710437710437711,0.21548821548821548,191.0,137.0,0.39790575916230364,0.6387434554973822,0.680628272251309
1606,0.5521885521885522,0.19865319865319866,0.06397306397306397,0.18518518518518517,0.8148148148148148,0.26262626262626265,186.0,128.0,0.3924731182795699,0.6344086021505376,0.7204301075268817
1607,0.5252525252525253,0.1919191919191919,0.030303030303030304,0.25252525252525254,0.7474747474747475,0.2222222222222222,196.0,144.0,0.37244897959183676,0.6071428571428571,0.6530612244897959
1608,0.5723905723905723,0.1717171717171717,0.06060606060606061,0.19528619528619529,0.8047138047138047,0.23232323232323232,188.0,138.0,0.39361702127659576,0.6223404255319149,0.7021276595744681
1609,0.5218855218855218,0.15488215488215487,0.04040404040404041,0.2828282828282828,0.7171717171717171,0.19528619528619529,185.0,127.0,0.35135135135135137,0.5459459459459459,0.6
1610,0.5286195286195287,0.1750841750841751,0.0707070707070707,0.2255892255892256,0.7744107744107744,0.24579124579124578,193.0,142.0,0.37823834196891193,0.5906735751295337,0.6632124352331606
1611,0.5218855218855218,0.2222222222222222,0.05387205387205387,0.20202020202020202,0.797979797979798,0.2760942760942761,192.0,132.0,0.3697916666666667,0.65625,0.7291666666666666
1612,0.5286195286195287,0.19528619528619529,0.05387205387205387,0.2222222222222222,0.7777777777777778,0.24915824915824916,188.0,137.0,0.35638297872340424,0.6063829787234043,0.675531914893617
1613,0.5521885521885522,0.1447811447811448,0.030303030303030304,0.2727272727272727,0.7272727272727273,0.1750841750841751,188.0,137.0,0.3670212765957447,0.5585106382978723,0.601063829787234
1614,0.5757575757575758,0.12457912457912458,0.06060606060606061,0.23905723905723905,0.7609427609427609,0.18518518518518517,185.0,139.0,0.3621621621621622,0.5405405405405406,0.6216216216216216
1615,0.5723905723905723,0.16498316498316498,0.04713804713804714,0.21548821548821548,0.7845117845117845,0.21212121212121213,188.0,136.0,0.3829787234042553,0.6063829787234043,0.6702127659574468
1616,0.5723905723905723,0.18181818181818182,0.037037037037037035,0.20875420875420875,0.7912457912457912,0.21885521885521886,177.0,119.0,0.384180790960452,0.6271186440677966,0.6779661016949152
1617,0.5555555555555556,0.1717171717171717,0.050505050505050504,0.2222222222222222,0.7777777777777778,0.2222222222222222,191.0,138.0,0.3717277486910995,0.612565445026178,0.6858638743455497
1618,0.5757575757575758,0.18181818181818182,0.04040404040404041,0.20202020202020202,0.797979797979798,0.2222222222222222,179.0,118.0,0.40782122905027934,0.6256983240223464,0.6815642458100558
1619,0.6127946127946128,0.16498316498316498,0.03367003367003367,0.18855218855218855,0.8114478114478114,0.19865319865319866,175.0,120.0,0.4228571428571429,0.6457142857142857,0.6857142857142857
1620,0.5824915824915825,0.14814814814814814,0.03367003367003367,0.2356902356902357,0.7643097643097643,0.18181818181818182,185.0,137.0,0.3945945945945946,0.5837837837837838,0.6378378378378379
1621,0.5791245791245792,0.16498316498316498,0.050505050505050504,0.2053872053872054,0.7946127946127947,0.21548821548821548,190.0,138.0,0.4105263157894737,0.6263157894736842,0.6947368421052632
1622,0.5387205387205387,0.16498316498316498,0.050505050505050504,0.24579124579124578,0.7542087542087542,0.21548821548821548,177.0,123.0,0.3672316384180791,0.5706214689265536,0.6384180790960452
1623,0.5050505050505051,0.18518518518518517,0.06734006734006734,0.24242424242424243,0.7575757575757576,0.25252525252525254,192.0,144.0,0.3333333333333333,0.5677083333333334,0.6354166666666666
1624,0.5589225589225589,0.1919191919191919,0.06734006734006734,0.18181818181818182,0.8181818181818182,0.25925925925925924,185.0,134.0,0.3945945945945946,0.6432432432432432,0.7243243243243244
1625,0.5791245791245792,0.16161616161616163,0.04713804713804714,0.21212121212121213,0.7878787878787878,0.20875420875420875,182.0,130.0,0.41208791208791207,0.6373626373626373,0.6923076923076923
1626,0.5723905723905723,0.15488215488215487,0.050505050505050504,0.2222222222222222,0.7777777777777778,0.2053872053872054,182.0,127.0,0.41208791208791207,0.6098901098901099,0.6593406593406593
1627,0.5420875420875421,0.17845117845117844,0.04713804713804714,0.23232323232323232,0.7676767676767676,0.2255892255892256,197.0,141.0,0.4010152284263959,0.6091370558375635,0.6751269035532995
1628,0.5892255892255892,0.15488215488215487,0.04713804713804714,0.20875420875420875,0.7912457912457912,0.20202020202020202,186.0,135.0,0.40860215053763443,0.6290322580645161,0.6827956989247311
1629,0.5387205387205387,0.1750841750841751,0.06060606060606061,0.2255892255892256,0.7744107744107744,0.2356902356902357,186.0,128.0,0.3870967741935484,0.5913978494623656,0.6720430107526881
1630,0.5757575757575758,0.16498316498316498,0.05387205387205387,0.2053872053872054,0.7946127946127947,0.21885521885521886,187.0,128.0,0.40641711229946526,0.6256684491978609,0.6898395721925134
1631,0.5622895622895623,0.16161616161616163,0.04377104377104377,0.23232323232323232,0.7676767676767676,0.2053872053872054,189.0,147.0,0.37566137566137564,0.6084656084656085,0.671957671957672
1632,0.5757575757575758,0.1919191919191919,0.04040404040404041,0.1919191919191919,0.8080808080808081,0.23232323232323232,180.0,120.0,0.4111111111111111,0.6722222222222223,0.7166666666666667
1633,0.5757575757575758,0.16498316498316498,0.030303030303030304,0.22895622895622897,0.7710437710437711,0.19528619528619529,189.0,134.0,0.4074074074074074,0.6137566137566137,0.6507936507936508
1634,0.5723905723905723,0.15151515151515152,0.037037037037037035,0.23905723905723905,0.7609427609427609,0.18855218855218855,184.0,132.0,0.3695652173913043,0.5760869565217391,0.6195652173913043
1635,0.5589225589225589,0.19865319865319866,0.04040404040404041,0.20202020202020202,0.797979797979798,0.23905723905723905,183.0,128.0,0.37158469945355194,0.6284153005464481,0.6885245901639344
1636,0.5622895622895623,0.20202020202020202,0.030303030303030304,0.2053872053872054,0.7946127946127947,0.23232323232323232,190.0,131.0,0.4105263157894737,0.6631578947368421,0.7
1637,0.5420875420875421,0.18181818181818182,0.04377104377104377,0.23232323232323232,0.7676767676767676,0.2255892255892256,193.0,142.0,0.36787564766839376,0.5958549222797928,0.6528497409326425
1638,0.6464646464646465,0.13468013468013468,0.030303030303030304,0.18855218855218855,0.8114478114478114,0.16498316498316498,164.0,103.0,0.45121951219512196,0.6524390243902439,0.7012195121951219
1639,0.5084175084175084,0.20875420875420875,0.037037037037037035,0.24579124579124578,0.7542087542087542,0.24579124579124578,206.0,160.0,0.34951456310679613,0.6116504854368932,0.6601941747572816
1640,0.5286195286195287,0.15824915824915825,0.04040404040404041,0.2727272727272727,0.7272727272727273,0.19865319865319866,191.0,135.0,0.35602094240837695,0.5445026178010471,0.6073298429319371
1641,0.5420875420875421,0.15488215488215487,0.04377104377104377,0.25925925925925924,0.7407407407407407,0.19865319865319866,205.0,158.0,0.3853658536585366,0.5853658536585366,0.6341463414634146
1642,0.5555555555555556,0.1447811447811448,0.05387205387205387,0.24579124579124578,0.7542087542087542,0.19865319865319866,184.0,137.0,0.3695652173913043,0.5815217391304348,0.6304347826086957
1643,0.5656565656565656,0.18181818181818182,0.03367003367003367,0.21885521885521886,0.7811447811447811,0.21548821548821548,188.0,139.0,0.3776595744680851,0.6170212765957447,0.6702127659574468
1644,0.5420875420875421,0.17845117845117844,0.037037037037037035,0.24242424242424243,0.7575757575757576,0.21548821548821548,195.0,142.0,0.37435897435897436,0.6153846153846154,0.6512820512820513
1645,0.5252525252525253,0.2222222222222222,0.050505050505050504,0.20202020202020202,0.797979797979798,0.2727272727272727,190.0,136.0,0.37894736842105264,0.6473684210526316,0.7052631578947368
1646,0.5016835016835017,0.1750841750841751,0.05723905723905724,0.265993265993266,0.734006734006734,0.23232323232323232,209.0,155.0,0.3684210526315789,0.5598086124401914,0.6267942583732058
1647,0.5454545454545454,0.22895622895622897,0.037037037037037035,0.18855218855218855,0.8114478114478114,0.265993265993266,191.0,130.0,0.39790575916230364,0.675392670157068,0.7329842931937173
1648,0.5589225589225589,0.2053872053872054,0.04713804713804714,0.18855218855218855,0.8114478114478114,0.25252525252525254,190.0,140.0,0.38421052631578945,0.6473684210526316,0.7105263157894737
1649,0.5286195286195287,0.1414141414141414,0.0707070707070707,0.25925925925925924,0.7407407407407407,0.21212121212121213,190.0,136.0,0.3684210526315789,0.5473684210526316,0.6263157894736842
1650,0.5353535353535354,0.23232323232323232,0.03367003367003367,0.19865319865319866,0.8013468013468014,0.265993265993266,189.0,140.0,0.36507936507936506,0.6613756613756614,0.7037037037037037
1651,0.569023569023569,0.1717171717171717,0.037037037037037035,0.2222222222222222,0.7777777777777778,0.20875420875420875,187.0,136.0,0.36363636363636365,0.6096256684491979,0.6684491978609626
1652,0.5387205387205387,0.16498316498316498,0.037037037037037035,0.25925925925925924,0.7407407407407407,0.20202020202020202,187.0,136.0,0.3689839572192513,0.5614973262032086,0.6096256684491979
1653,0.5454545454545454,0.18181818181818182,0.04713804713804714,0.2255892255892256,0.7744107744107744,0.22895622895622897,188.0,133.0,0.35638297872340424,0.601063829787234,0.6648936170212766
1654,0.5252525252525253,0.1919191919191919,0.04713804713804714,0.2356902356902357,0.7643097643097643,0.23905723905723905,199.0,145.0,0.37185929648241206,0.6080402010050251,0.6733668341708543
1655,0.5791245791245792,0.17845117845117844,0.03367003367003367,0.20875420875420875,0.7912457912457912,0.21212121212121213,190.0,134.0,0.4052631578947368,0.6473684210526316,0.6947368421052632
1656,0.5084175084175084,0.23232323232323232,0.050505050505050504,0.20875420875420875,0.7912457912457912,0.2828282828282828,196.0,153.0,0.3673469387755102,0.6122448979591837,0.6836734693877551
1657,0.5757575757575758,0.13804713804713806,0.04377104377104377,0.24242424242424243,0.7575757575757576,0.18181818181818182,182.0,131.0,0.36813186813186816,0.5659340659340659,0.6263736263736264
1658,0.5387205387205387,0.18518518518518517,0.04040404040404041,0.2356902356902357,0.7643097643097643,0.2255892255892256,193.0,145.0,0.35233160621761656,0.5906735751295337,0.6476683937823834
1659,0.5084175084175084,0.19528619528619529,0.037037037037037035,0.25925925925925924,0.7407407407407407,0.23232323232323232,185.0,131.0,0.33513513513513515,0.5675675675675675,0.6054054054054054
1660,0.6094276094276094,0.19528619528619529,0.026936026936026935,0.16835016835016836,0.8316498316498316,0.2222222222222222,175.0,119.0,0.4114285714285714,0.68,0.72
1661,0.5521885521885522,0.1919191919191919,0.03367003367003367,0.2222222222222222,0.7777777777777778,0.2255892255892256,185.0,141.0,0.3621621621621622,0.6216216216216216,0.6648648648648648
1662,0.5656565656565656,0.15151515151515152,0.04713804713804714,0.2356902356902357,0.7643097643097643,0.19865319865319866,188.0,135.0,0.40425531914893614,0.6063829787234043,0.6702127659574468
1663,0.5353535353535354,0.20202020202020202,0.030303030303030304,0.23232323232323232,0.7676767676767676,0.23232323232323232,183.0,131.0,0.34972677595628415,0.6229508196721312,0.6666666666666666
1664,0.569023569023569,0.15151515151515152,0.05387205387205387,0.2255892255892256,0.7744107744107744,0.2053872053872054,186.0,132.0,0.3978494623655914,0.6021505376344086,0.6612903225806451
1665,0.531986531986532,0.1717171717171717,0.06060606060606061,0.2356902356902357,0.7643097643097643,0.23232323232323232,195.0,148.0,0.37435897435897436,0.5846153846153846,0.6717948717948717
1666,0.5117845117845118,0.18518518518518517,0.04377104377104377,0.25925925925925924,0.7407407407407407,0.22895622895622897,198.0,143.0,0.36363636363636365,0.5757575757575758,0.6313131313131313
1667,0.5488215488215489,0.18181818181818182,0.05723905723905724,0.21212121212121213,0.7878787878787878,0.23905723905723905,187.0,132.0,0.3850267379679144,0.6363636363636364,0.7005347593582888
1668,0.5824915824915825,0.15824915824915825,0.050505050505050504,0.20875420875420875,0.7912457912457912,0.20875420875420875,181.0,123.0,0.4198895027624309,0.6353591160220995,0.6961325966850829
1669,0.5656565656565656,0.16498316498316498,0.06060606060606061,0.20875420875420875,0.7912457912457912,0.2255892255892256,176.0,117.0,0.35795454545454547,0.5909090909090909,0.6704545454545454
1670,0.5723905723905723,0.16835016835016836,0.037037037037037035,0.2222222222222222,0.7777777777777778,0.2053872053872054,178.0,127.0,0.38764044943820225,0.6123595505617978,0.6741573033707865
1671,0.5656565656565656,0.17845117845117844,0.050505050505050504,0.2053872053872054,0.7946127946127947,0.22895622895622897,179.0,122.0,0.3743016759776536,0.6201117318435754,0.7039106145251397
1672,0.5151515151515151,0.19528619528619529,0.050505050505050504,0.23905723905723905,0.7609427609427609,0.24579124579124578,194.0,142.0,0.36597938144329895,0.6030927835051546,0.6494845360824743
1673,0.5286195286195287,0.13131313131313133,0.04377104377104377,0.2962962962962963,0.7037037037037037,0.1750841750841751,197.0,153.0,0.36548223350253806,0.5279187817258884,0.583756345177665
1674,0.569023569023569,0.16498316498316498,0.04377104377104377,0.2222222222222222,0.7777777777777778,0.20875420875420875,185.0,128.0,0.40540540540540543,0.6162162162162163,0.6756756756756757
1675,0.5454545454545454,0.21212121212121213,0.026936026936026935,0.21548821548821548,0.7845117845117845,0.23905723905723905,188.0,135.0,0.3829787234042553,0.6382978723404256,0.6808510638297872
1676,0.531986531986532,0.20202020202020202,0.03367003367003367,0.23232323232323232,0.7676767676767676,0.2356902356902357,204.0,153.0,0.3872549019607843,0.6274509803921569,0.6715686274509803
1677,0.5656565656565656,0.16835016835016836,0.04377104377104377,0.2222222222222222,0.7777777777777778,0.21212121212121213,177.0,118.0,0.4011299435028249,0.615819209039548,0.6610169491525424
1678,0.5993265993265994,0.1414141414141414,0.04713804713804714,0.21212121212121213,0.7878787878787878,0.18855218855218855,191.0,137.0,0.4397905759162304,0.6335078534031413,0.6963350785340314
1679,0.5454545454545454,0.18181818181818182,0.037037037037037035,0.2356902356902357,0.7643097643097643,0.21885521885521886,185.0,138.0,0.372972972972973,0.5945945945945946,0.654054054054054
1680,0.5387205387205387,0.18855218855218855,0.04713804713804714,0.2255892255892256,0.7744107744107744,0.2356902356902357,181.0,134.0,0.35359116022099446,0.580110497237569,0.6298342541436464
1681,0.6060606060606061,0.13131313131313133,0.037037037037037035,0.2255892255892256,0.7744107744107744,0.16835016835016836,177.0,128.0,0.3785310734463277,0.5875706214689266,0.6440677966101694
1682,0.5723905723905723,0.13131313131313133,0.05387205387205387,0.24242424242424243,0.7575757575757576,0.18518518518518517,180.0,130.0,0.38333333333333336,0.5777777777777777,0.6444444444444445
1683,0.5353535353535354,0.17845117845117844,0.03367003367003367,0.25252525252525254,0.7474747474747475,0.21212121212121213,193.0,139.0,0.37823834196891193,0.5854922279792746,0.6269430051813472
1684,0.5387205387205387,0.1717171717171717,0.026936026936026935,0.26262626262626265,0.7373737373737373,0.19865319865319866,186.0,134.0,0.3279569892473118,0.5645161290322581,0.6021505376344086
1685,0.5757575757575758,0.1717171717171717,0.050505050505050504,0.20202020202020202,0.797979797979798,0.2222222222222222,182.0,130.0,0.3956043956043956,0.6263736263736264,0.6813186813186813
1686,0.569023569023569,0.15488215488215487,0.037037037037037035,0.23905723905723905,0.7609427609427609,0.1919191919191919,181.0,133.0,0.3756906077348066,0.580110497237569,0.6408839779005525
1687,0.5353535353535354,0.19528619528619529,0.04713804713804714,0.2222222222222222,0.7777777777777778,0.24242424242424243,190.0,132.0,0.4,0.6105263157894737,0.6631578947368421
1688,0.569023569023569,0.1919191919191919,0.04713804713804714,0.1919191919191919,0.8080808080808081,0.23905723905723905,182.0,128.0,0.3791208791208791,0.6373626373626373,0.6978021978021978
1689,0.5656565656565656,0.1717171717171717,0.04377104377104377,0.21885521885521886,0.7811447811447811,0.21548821548821548,188.0,133.0,0.42021276595744683,0.6117021276595744,0.675531914893617
1690,0.5252525252525253,0.21885521885521886,0.026936026936026935,0.22895622895622897,0.7710437710437711,0.24579124579124578,193.0,141.0,0.38860103626943004,0.6580310880829016,0.694300518134715
1691,0.5454545454545454,0.1919191919191919,0.037037037037037035,0.2255892255892256,0.7744107744107744,0.22895622895622897,185.0,134.0,0.3621621621621622,0.5891891891891892,0.6432432432432432
1692,0.5622895622895623,0.1919191919191919,0.04377104377104377,0.20202020202020202,0.797979797979798,0.2356902356902357,184.0,130.0,0.391304347826087,0.6521739130434783,0.7065217391304348
1693,0.5387205387205387,0.20202020202020202,0.03367003367003367,0.2255892255892256,0.7744107744107744,0.2356902356902357,188.0,132.0,0.39361702127659576,0.6436170212765957,0.6968085106382979
1694,0.5050505050505051,0.23232323232323232,0.04040404040404041,0.2222222222222222,0.7777777777777778,0.2727272727272727,198.0,145.0,0.3484848484848485,0.6363636363636364,0.6818181818181818
1695,0.5622895622895623,0.17845117845117844,0.026936026936026935,0.23232323232323232,0.7676767676767676,0.2053872053872054,196.0,151.0,0.3877551020408163,0.6275510204081632,0.6683673469387755
1696,0.5993265993265994,0.14814814814814814,0.050505050505050504,0.20202020202020202,0.797979797979798,0.19865319865319866,179.0,125.0,0.40782122905027934,0.6201117318435754,0.6983240223463687
1697,0.6026936026936027,0.1414141414141414,0.037037037037037035,0.21885521885521886,0.7811447811447811,0.17845117845117844,176.0,123.0,0.4090909090909091,0.6022727272727273,0.6477272727272727
1698,0.5218855218855218,0.2053872053872054,0.050505050505050504,0.2222222222222222,0.7777777777777778,0.2558922558922559,194.0,143.0,0.3556701030927835,0.6030927835051546,0.6804123711340206
1699,0.5521885521885522,0.19865319865319866,0.050505050505050504,0.19865319865319866,0.8013468013468014,0.24915824915824916,183.0,127.0,0.37158469945355194,0.6338797814207651,0.6994535519125683
1700,0.5858585858585859,0.18181818181818182,0.02356902356902357,0.20875420875420875,0.7912457912457912,0.2053872053872054,175.0,118.0,0.38285714285714284,0.64,0.6742857142857143
1701,0.5824915824915825,0.15488215488215487,0.030303030303030304,0.23232323232323232,0.7676767676767676,0.18518518518518517,185.0,130.0,0.3945945945945946,0.6054054054054054,0.654054054054054
1702,0.6127946127946128,0.16835016835016836,0.04377104377104377,0.1750841750841751,0.8249158249158249,0.21212121212121213,171.0,121.0,0.4269005847953216,0.6432748538011696,0.695906432748538
1703,0.5521885521885522,0.16498316498316498,0.050505050505050504,0.23232323232323232,0.7676767676767676,0.21548821548821548,186.0,132.0,0.3655913978494624,0.5913978494623656,0.6559139784946236
1704,0.5420875420875421,0.1919191919191919,0.02356902356902357,0.24242424242424243,0.7575757575757576,0.21548821548821548,191.0,137.0,0.38219895287958117,0.612565445026178,0.643979057591623
1705,0.5555555555555556,0.1919191919191919,0.037037037037037035,0.21548821548821548,0.7845117845117845,0.22895622895622897,183.0,136.0,0.3879781420765027,0.6229508196721312,0.6721311475409836
1706,0.5589225589225589,0.1717171717171717,0.03367003367003367,0.2356902356902357,0.7643097643097643,0.2053872053872054,189.0,136.0,0.36507936507936506,0.5978835978835979,0.6455026455026455
1707,0.5555555555555556,0.18855218855218855,0.04377104377104377,0.21212121212121213,0.7878787878787878,0.23232323232323232,180.0,117.0,0.3888888888888889,0.6166666666666667,0.6777777777777778
1708,0.5488215488215489,0.17845117845117844,0.04377104377104377,0.22895622895622897,0.7710437710437711,0.2222222222222222,193.0,143.0,0.38341968911917096,0.616580310880829,0.6787564766839378
1709,0.5521885521885522,0.13804713804713806,0.03367003367003367,0.2760942760942761,0.7239057239057239,0.1717171717171717,186.0,139.0,0.3763440860215054,0.553763440860215,0.6021505376344086
1710,0.5286195286195287,0.2053872053872054,0.06060606060606061,0.2053872053872054,0.7946127946127947,0.265993265993266,193.0,139.0,0.35751295336787564,0.616580310880829,0.6994818652849741
1711,0.5824915824915825,0.1717171717171717,0.06060606060606061,0.18518518518518517,0.8148148148148148,0.23232323232323232,180.0,121.0,0.4166666666666667,0.6333333333333333,0.7055555555555556
1712,0.5151515151515151,0.18181818181818182,0.06734006734006734,0.2356902356902357,0.7643097643097643,0.24915824915824916,206.0,160.0,0.3592233009708738,0.587378640776699,0.6699029126213593
1713,0.5387205387205387,0.1750841750841751,0.050505050505050504,0.2356902356902357,0.7643097643097643,0.2255892255892256,193.0,145.0,0.35233160621761656,0.5854922279792746,0.6580310880829016
1714,0.5589225589225589,0.18518518518518517,0.02356902356902357,0.23232323232323232,0.7676767676767676,0.20875420875420875,187.0,132.0,0.36363636363636365,0.6203208556149733,0.6577540106951871
1715,0.5252525252525253,0.1717171717171717,0.06060606060606061,0.24242424242424243,0.7575757575757576,0.23232323232323232,191.0,145.0,0.3612565445026178,0.5759162303664922,0.6492146596858639
1716,0.5050505050505051,0.19528619528619529,0.050505050505050504,0.24915824915824916,0.7508417508417509,0.24579124579124578,191.0,138.0,0.33507853403141363,0.5706806282722513,0.6335078534031413
1717,0.531986531986532,0.17845117845117844,0.050505050505050504,0.23905723905723905,0.7609427609427609,0.22895622895622897,196.0,145.0,0.37244897959183676,0.5918367346938775,0.6632653061224489
1718,0.5084175084175084,0.1717171717171717,0.050505050505050504,0.26936026936026936,0.7306397306397306,0.2222222222222222,194.0,140.0,0.36597938144329895,0.5670103092783505,0.6288659793814433
1719,0.5521885521885522,0.18181818181818182,0.05387205387205387,0.21212121212121213,0.7878787878787878,0.2356902356902357,190.0,140.0,0.3736842105263158,0.6052631578947368,0.6789473684210526
1720,0.5454545454545454,0.18181818181818182,0.05723905723905724,0.21548821548821548,0.7845117845117845,0.23905723905723905,186.0,133.0,0.3709677419354839,0.6129032258064516,0.6720430107526881
1721,0.5286195286195287,0.22895622895622897,0.05387205387205387,0.18855218855218855,0.8114478114478114,0.2828282828282828,197.0,144.0,0.3756345177664975,0.649746192893401,0.7208121827411168
1722,0.5723905723905723,0.1750841750841751,0.026936026936026935,0.2255892255892256,0.7744107744107744,0.20202020202020202,182.0,129.0,0.3791208791208791,0.6153846153846154,0.6538461538461539
1723,0.5656565656565656,0.15151515151515152,0.02356902356902357,0.25925925925925924,0.7407407407407407,0.1750841750841751,194.0,147.0,0.38144329896907214,0.5773195876288659,0.6134020618556701
1724,0.5387205387205387,0.1919191919191919,0.030303030303030304,0.23905723905723905,0.7609427609427609,0.2222222222222222,185.0,134.0,0.3621621621621622,0.6,0.6432432432432432
1725,0.5353535353535354,0.16835016835016836,0.037037037037037035,0.25925925925925924,0.7407407407407407,0.2053872053872054,188.0,133.0,0.34574468085106386,0.5585106382978723,0.6170212765957447
1726,0.5656565656565656,0.17845117845117844,0.04040404040404041,0.21548821548821548,0.7845117845117845,0.21885521885521886,188.0,135.0,0.39361702127659576,0.6170212765957447,0.6808510638297872
1727,0.5555555555555556,0.1919191919191919,0.037037037037037035,0.21548821548821548,0.7845117845117845,0.22895622895622897,178.0,120.0,0.37640449438202245,0.6348314606741573,0.6910112359550562
1728,0.5387205387205387,0.17845117845117844,0.0707070707070707,0.21212121212121213,0.7878787878787878,0.24915824915824916,184.0,127.0,0.391304347826087,0.6141304347826086,0.6847826086956522
1729,0.5353535353535354,0.1447811447811448,0.05387205387205387,0.265993265993266,0.734006734006734,0.19865319865319866,195.0,147.0,0.358974358974359,0.5487179487179488,0.6102564102564103
1730,0.5387205387205387,0.17845117845117844,0.050505050505050504,0.23232323232323232,0.7676767676767676,0.22895622895622897,185.0,124.0,0.3891891891891892,0.6216216216216216,0.6756756756756757
1731,0.48148148148148145,0.265993265993266,0.04040404040404041,0.21212121212121213,0.7878787878787878,0.3063973063973064,194.0,138.0,0.36597938144329895,0.6391752577319587,0.6907216494845361
1732,0.5757575757575758,0.18855218855218855,0.050505050505050504,0.18518518518518517,0.8148148148148148,0.23905723905723905,184.0,124.0,0.4076086956521739,0.6467391304347826,0.7119565217391305
1733,0.5521885521885522,0.18181818181818182,0.04377104377104377,0.2222222222222222,0.7777777777777778,0.2255892255892256,187.0,132.0,0.40106951871657753,0.5989304812834224,0.6577540106951871
1734,0.5252525252525253,0.19865319865319866,0.05387205387205387,0.2222222222222222,0.7777777777777778,0.25252525252525254,191.0,139.0,0.34554973821989526,0.5863874345549738,0.6649214659685864
1735,0.4983164983164983,0.18181818181818182,0.050505050505050504,0.26936026936026936,0.7306397306397306,0.23232323232323232,191.0,134.0,0.3507853403141361,0.5654450261780105,0.6230366492146597
1736,0.569023569023569,0.1919191919191919,0.026936026936026935,0.21212121212121213,0.7878787878787878,0.21885521885521886,176.0,125.0,0.38636363636363635,0.6193181818181818,0.6647727272727273
1737,0.49158249158249157,0.21548821548821548,0.03367003367003367,0.25925925925925924,0.7407407407407407,0.24915824915824916,193.0,148.0,0.3005181347150259,0.5751295336787565,0.616580310880829
1738,0.5723905723905723,0.1750841750841751,0.04713804713804714,0.2053872053872054,0.7946127946127947,0.2222222222222222,179.0,125.0,0.3854748603351955,0.6033519553072626,0.6703910614525139
1739,0.5420875420875421,0.1717171717171717,0.06734006734006734,0.21885521885521886,0.7811447811447811,0.23905723905723905,192.0,134.0,0.3697916666666667,0.6041666666666666,0.6822916666666666
1740,0.531986531986532,0.16498316498316498,0.050505050505050504,0.25252525252525254,0.7474747474747475,0.21548821548821548,194.0,148.0,0.3556701030927835,0.5721649484536082,0.6288659793814433
1741,0.49158249158249157,0.1919191919191919,0.04377104377104377,0.2727272727272727,0.7272727272727273,0.2356902356902357,193.0,147.0,0.33678756476683935,0.5699481865284974,0.6217616580310881
1742,0.5622895622895623,0.2053872053872054,0.04713804713804714,0.18518518518518517,0.8148148148148148,0.25252525252525254,176.0,120.0,0.4090909090909091,0.6477272727272727,0.7159090909090909
1743,0.5858585858585859,0.15824915824915825,0.037037037037037035,0.21885521885521886,0.7811447811447811,0.19528619528619529,185.0,130.0,0.40540540540540543,0.6054054054054054,0.6594594594594595
1744,0.5656565656565656,0.1717171717171717,0.03367003367003367,0.22895622895622897,0.7710437710437711,0.2053872053872054,187.0,131.0,0.3850267379679144,0.6096256684491979,0.6577540106951871
1745,0.5117845117845118,0.21885521885521886,0.037037037037037035,0.23232323232323232,0.7676767676767676,0.2558922558922559,200.0,147.0,0.365,0.63,0.685
1746,0.569023569023569,0.16498316498316498,0.037037037037037035,0.22895622895622897,0.7710437710437711,0.20202020202020202,190.0,137.0,0.38421052631578945,0.6,0.6473684210526316
1747,0.5151515151515151,0.1717171717171717,0.03367003367003367,0.27946127946127947,0.7205387205387206,0.2053872053872054,197.0,148.0,0.350253807106599,0.5634517766497462,0.6040609137055838
1748,0.5218855218855218,0.18855218855218855,0.050505050505050504,0.23905723905723905,0.7609427609427609,0.23905723905723905,189.0,132.0,0.35978835978835977,0.5714285714285714,0.6296296296296297
1749,0.5656565656565656,0.19865319865319866,0.026936026936026935,0.20875420875420875,0.7912457912457912,0.2255892255892256,188.0,138.0,0.40425531914893614,0.648936170212766,0.6808510638297872
1750,0.5723905723905723,0.14814814814814814,0.04377104377104377,0.2356902356902357,0.7643097643097643,0.1919191919191919,182.0,127.0,0.4065934065934066,0.6043956043956044,0.6593406593406593
1751,0.5622895622895623,0.17845117845117844,0.04713804713804714,0.21212121212121213,0.7878787878787878,0.2255892255892256,177.0,120.0,0.3785310734463277,0.5988700564971752,0.655367231638418
1752,0.5050505050505051,0.21212121212121213,0.050505050505050504,0.23232323232323232,0.7676767676767676,0.26262626262626265,195.0,143.0,0.3487179487179487,0.5897435897435898,0.6564102564102564
1753,0.5420875420875421,0.1717171717171717,0.06397306397306397,0.2222222222222222,0.7777777777777778,0.2356902356902357,185.0,132.0,0.4,0.6054054054054054,0.6594594594594595
1754,0.5286195286195287,0.19528619528619529,0.037037037037037035,0.23905723905723905,0.7609427609427609,0.23232323232323232,191.0,139.0,0.36649214659685864,0.6020942408376964,0.6492146596858639
1755,0.5353535353535354,0.18855218855218855,0.04377104377104377,0.23232323232323232,0.7676767676767676,0.23232323232323232,188.0,135.0,0.3670212765957447,0.5957446808510638,0.648936170212766
1756,0.5420875420875421,0.18181818181818182,0.03367003367003367,0.24242424242424243,0.7575757575757576,0.21548821548821548,184.0,133.0,0.3695652173913043,0.592391304347826,0.6467391304347826
1757,0.5656565656565656,0.1717171717171717,0.04040404040404041,0.2222222222222222,0.7777777777777778,0.21212121212121213,189.0,139.0,0.38095238095238093,0.6137566137566137,0.6613756613756614
1758,0.5218855218855218,0.20875420875420875,0.05723905723905724,0.21212121212121213,0.7878787878787878,0.265993265993266,183.0,129.0,0.366120218579235,0.6174863387978142,0.6885245901639344
1759,0.5286195286195287,0.18181818181818182,0.03367003367003367,0.2558922558922559,0.7441077441077442,0.21548821548821548,203.0,156.0,0.37438423645320196,0.5960591133004927,0.645320197044335
1760,0.5420875420875421,0.1919191919191919,0.04713804713804714,0.21885521885521886,0.7811447811447811,0.23905723905723905,200.0,148.0,0.38,0.625,0.685
1761,0.5892255892255892,0.14814814814814814,0.026936026936026935,0.2356902356902357,0.7643097643097643,0.1750841750841751,187.0,136.0,0.41711229946524064,0.6096256684491979,0.6417112299465241
1762,0.5824915824915825,0.13131313131313133,0.03367003367003367,0.25252525252525254,0.7474747474747475,0.16498316498316498,186.0,129.0,0.41935483870967744,0.6021505376344086,0.6505376344086021
1763,0.5589225589225589,0.18181818181818182,0.04377104377104377,0.21548821548821548,0.7845117845117845,0.2255892255892256,195.0,147.0,0.39487179487179486,0.6256410256410256,0.6871794871794872
1764,0.5656565656565656,0.18518518518518517,0.04040404040404041,0.20875420875420875,0.7912457912457912,0.2255892255892256,191.0,143.0,0.4083769633507853,0.6387434554973822,0.6963350785340314
1765,0.531986531986532,0.1919191919191919,0.04377104377104377,0.23232323232323232,0.7676767676767676,0.2356902356902357,193.0,144.0,0.3471502590673575,0.6062176165803109,0.6580310880829016
1766,0.5622895622895623,0.15151515151515152,0.037037037037037035,0.24915824915824916,0.7508417508417509,0.18855218855218855,174.0,122.0,0.3563218390804598,0.5632183908045977,0.6206896551724138
1767,0.5555555555555556,0.1717171717171717,0.06060606060606061,0.21212121212121213,0.7878787878787878,0.23232323232323232,186.0,132.0,0.3870967741935484,0.5967741935483871,0.6827956989247311
1768,0.48148148148148145,0.21885521885521886,0.05387205387205387,0.24579124579124578,0.7542087542087542,0.2727272727272727,188.0,132.0,0.3351063829787234,0.6063829787234043,0.6595744680851063
1769,0.5387205387205387,0.16498316498316498,0.04713804713804714,0.24915824915824916,0.7508417508417509,0.21212121212121213,196.0,143.0,0.3622448979591837,0.576530612244898,0.6428571428571429
1770,0.5622895622895623,0.18518518518518517,0.037037037037037035,0.21548821548821548,0.7845117845117845,0.2222222222222222,190.0,147.0,0.4052631578947368,0.6473684210526316,0.6894736842105263
1771,0.5420875420875421,0.18855218855218855,0.04713804713804714,0.2222222222222222,0.7777777777777778,0.2356902356902357,188.0,135.0,0.3670212765957447,0.6170212765957447,0.675531914893617
1772,0.5387205387205387,0.16835016835016836,0.04377104377104377,0.24915824915824916,0.7508417508417509,0.21212121212121213,193.0,139.0,0.3626943005181347,0.5751295336787565,0.6373056994818653
1773,0.569023569023569,0.16498316498316498,0.037037037037037035,0.22895622895622897,0.7710437710437711,0.20202020202020202,181.0,130.0,0.3812154696132597,0.6077348066298343,0.6574585635359116
1774,0.6060606060606061,0.16835016835016836,0.030303030303030304,0.19528619528619529,0.8047138047138047,0.19865319865319866,171.0,119.0,0.38596491228070173,0.6374269005847953,0.6842105263157895
1775,0.5252525252525253,0.18181818181818182,0.03367003367003367,0.25925925925925924,0.7407407407407407,0.21548821548821548,193.0,139.0,0.36787564766839376,0.5906735751295337,0.6373056994818653
1776,0.5555555555555556,0.18518518518518517,0.050505050505050504,0.20875420875420875,0.7912457912457912,0.2356902356902357,200.0,151.0,0.405,0.64,0.705
1777,0.5791245791245792,0.16498316498316498,0.02356902356902357,0.23232323232323232,0.7676767676767676,0.18855218855218855,181.0,128.0,0.3867403314917127,0.6077348066298343,0.6408839779005525
1778,0.6060606060606061,0.1447811447811448,0.04377104377104377,0.2053872053872054,0.7946127946127947,0.18855218855218855,181.0,132.0,0.43646408839779005,0.6187845303867403,0.6795580110497238
1779,0.5757575757575758,0.16161616161616163,0.050505050505050504,0.21212121212121213,0.7878787878787878,0.21212121212121213,178.0,125.0,0.3707865168539326,0.601123595505618,0.6685393258426966
1780,0.5286195286195287,0.18855218855218855,0.030303030303030304,0.25252525252525254,0.7474747474747475,0.21885521885521886,199.0,156.0,0.35175879396984927,0.592964824120603,0.6331658291457286
1781,0.5488215488215489,0.17845117845117844,0.037037037037037035,0.2356902356902357,0.7643097643097643,0.21548821548821548,187.0,136.0,0.39572192513368987,0.6096256684491979,0.6470588235294118
1782,0.5218855218855218,0.2053872053872054,0.04377104377104377,0.22895622895622897,0.7710437710437711,0.24915824915824916,190.0,143.0,0.35789473684210527,0.6263157894736842,0.6631578947368421
1783,0.5723905723905723,0.16835016835016836,0.020202020202020204,0.23905723905723905,0.7609427609427609,0.18855218855218855,184.0,136.0,0.40217391304347827,0.6032608695652174,0.6358695652173914
1784,0.5218855218855218,0.18518518518518517,0.05723905723905724,0.2356902356902357,0.7643097643097643,0.24242424242424243,200.0,148.0,0.365,0.585,0.665
1785,0.5387205387205387,0.19528619528619529,0.037037037037037035,0.22895622895622897,0.7710437710437711,0.23232323232323232,201.0,147.0,0.4079601990049751,0.6417910447761194,0.6915422885572139
1786,0.5656565656565656,0.1447811447811448,0.030303030303030304,0.25925925925925924,0.7407407407407407,0.1750841750841751,185.0,135.0,0.3945945945945946,0.5891891891891892,0.6378378378378379
1787,0.5117845117845118,0.2053872053872054,0.026936026936026935,0.2558922558922559,0.7441077441077442,0.23232323232323232,190.0,143.0,0.3631578947368421,0.5947368421052631,0.6368421052631579
1788,0.5791245791245792,0.1750841750841751,0.04377104377104377,0.20202020202020202,0.797979797979798,0.21885521885521886,184.0,134.0,0.375,0.6086956521739131,0.6739130434782609
1789,0.5791245791245792,0.1750841750841751,0.04040404040404041,0.2053872053872054,0.7946127946127947,0.21548821548821548,181.0,127.0,0.4088397790055249,0.6408839779005525,0.6906077348066298
1790,0.5252525252525253,0.16835016835016836,0.05387205387205387,0.25252525252525254,0.7474747474747475,0.2222222222222222,198.0,152.0,0.3484848484848485,0.5606060606060606,0.6363636363636364
1791,0.5589225589225589,0.18518518518518517,0.04040404040404041,0.21548821548821548,0.7845117845117845,0.2255892255892256,187.0,135.0,0.40106951871657753,0.6256684491978609,0.6844919786096256
1792,0.5656565656565656,0.15824915824915825,0.050505050505050504,0.2255892255892256,0.7744107744107744,0.20875420875420875,173.0,113.0,0.3583815028901734,0.6011560693641619,0.6647398843930635
1793,0.6127946127946128,0.1447811447811448,0.04713804713804714,0.19528619528619529,0.8047138047138047,0.1919191919191919,178.0,127.0,0.42696629213483145,0.6179775280898876,0.6741573033707865
1794,0.5420875420875421,0.21548821548821548,0.04040404040404041,0.20202020202020202,0.797979797979798,0.2558922558922559,189.0,135.0,0.37037037037037035,0.6455026455026455,0.6931216931216931
1795,0.5016835016835017,0.19528619528619529,0.037037037037037035,0.265993265993266,0.734006734006734,0.23232323232323232,204.0,158.0,0.3382352941176471,0.5784313725490197,0.6274509803921569
1796,0.5521885521885522,0.18518518518518517,0.04040404040404041,0.2222222222222222,0.7777777777777778,0.2255892255892256,185.0,133.0,0.3567567567567568,0.6108108108108108,0.6756756756756757
1797,0.5555555555555556,0.1717171717171717,0.05723905723905724,0.21548821548821548,0.7845117845117845,0.22895622895622897,184.0,134.0,0.3695652173913043,0.5760869565217391,0.6630434782608695
1798,0.5892255892255892,0.16498316498316498,0.026936026936026935,0.21885521885521886,0.7811447811447811,0.1919191919191919,183.0,124.0,0.4207650273224044,0.6338797814207651,0.6666666666666666
1799,0.5387205387205387,0.15488215488215487,0.02356902356902357,0.2828282828282828,0.7171717171717171,0.17845117845117844,180.0,124.0,0.37222222222222223,0.5666666666666667,0.5944444444444444
1800,0.5925925925925926,0.18518518518518517,0.03367003367003367,0.18855218855218855,0.8114478114478114,0.21885521885521886,183.0,139.0,0.3825136612021858,0.639344262295082,0.6939890710382514
1801,0.5454545454545454,0.16835016835016836,0.05387205387205387,0.23232323232323232,0.7676767676767676,0.2222222222222222,194.0,147.0,0.34536082474226804,0.5670103092783505,0.6494845360824743
1802,0.6195286195286195,0.1447811447811448,0.04377104377104377,0.1919191919191919,0.8080808080808081,0.18855218855218855,178.0,124.0,0.42134831460674155,0.6292134831460674,0.702247191011236
1803,0.5892255892255892,0.1717171717171717,0.050505050505050504,0.18855218855218855,0.8114478114478114,0.2222222222222222,168.0,114.0,0.4107142857142857,0.625,0.6964285714285714
1804,0.531986531986532,0.18855218855218855,0.037037037037037035,0.24242424242424243,0.7575757575757576,0.2255892255892256,191.0,141.0,0.3612565445026178,0.5863874345549738,0.643979057591623
1805,0.5723905723905723,0.15824915824915825,0.04377104377104377,0.2255892255892256,0.7744107744107744,0.20202020202020202,187.0,138.0,0.36363636363636365,0.5882352941176471,0.6577540106951871
1806,0.5454545454545454,0.19528619528619529,0.04377104377104377,0.21548821548821548,0.7845117845117845,0.23905723905723905,188.0,137.0,0.3829787234042553,0.6223404255319149,0.6808510638297872
1807,0.6195286195286195,0.1111111111111111,0.03367003367003367,0.2356902356902357,0.7643097643097643,0.1447811447811448,177.0,124.0,0.4124293785310734,0.5706214689265536,0.6271186440677966
1808,0.4983164983164983,0.17845117845117844,0.03367003367003367,0.2895622895622896,0.7104377104377104,0.21212121212121213,196.0,143.0,0.336734693877551,0.5510204081632653,0.5918367346938775
1809,0.5622895622895623,0.16498316498316498,0.05387205387205387,0.21885521885521886,0.7811447811447811,0.21885521885521886,182.0,129.0,0.3901098901098901,0.6098901098901099,0.6813186813186813
1810,0.5858585858585859,0.21212121212121213,0.037037037037037035,0.16498316498316498,0.835016835016835,0.24915824915824916,171.0,111.0,0.4152046783625731,0.7017543859649122,0.7368421052631579
1811,0.531986531986532,0.13804713804713806,0.06397306397306397,0.265993265993266,0.734006734006734,0.20202020202020202,198.0,147.0,0.35858585858585856,0.5353535353535354,0.6212121212121212
1812,0.5622895622895623,0.14814814814814814,0.037037037037037035,0.25252525252525254,0.7474747474747475,0.18518518518518517,190.0,137.0,0.4052631578947368,0.5894736842105263,0.6368421052631579
1813,0.5723905723905723,0.13131313131313133,0.05723905723905724,0.23905723905723905,0.7609427609427609,0.18855218855218855,182.0,130.0,0.36813186813186816,0.554945054945055,0.6428571428571429
1814,0.569023569023569,0.18181818181818182,0.04713804713804714,0.20202020202020202,0.797979797979798,0.22895622895622897,191.0,139.0,0.39790575916230364,0.6230366492146597,0.6910994764397905
1815,0.5353535353535354,0.19528619528619529,0.05387205387205387,0.21548821548821548,0.7845117845117845,0.24915824915824916,189.0,133.0,0.36507936507936506,0.6031746031746031,0.6825396825396826
1816,0.5286195286195287,0.18518518518518517,0.037037037037037035,0.24915824915824916,0.7508417508417509,0.2222222222222222,191.0,141.0,0.3298429319371728,0.5759162303664922,0.6335078534031413
1817,0.5117845117845118,0.16835016835016836,0.037037037037037035,0.2828282828282828,0.7171717171717171,0.2053872053872054,204.0,155.0,0.35784313725490197,0.5637254901960784,0.6176470588235294
1818,0.5824915824915825,0.16835016835016836,0.05387205387205387,0.19528619528619529,0.8047138047138047,0.2222222222222222,177.0,124.0,0.384180790960452,0.6214689265536724,0.6949152542372882
1819,0.569023569023569,0.18181818181818182,0.05723905723905724,0.1919191919191919,0.8080808080808081,0.23905723905723905,179.0,120.0,0.41899441340782123,0.6480446927374302,0.7150837988826816
1820,0.531986531986532,0.1919191919191919,0.037037037037037035,0.23905723905723905,0.7609427609427609,0.22895622895622897,190.0,131.0,0.3684210526315789,0.5842105263157895,0.6421052631578947
1821,0.5488215488215489,0.1750841750841751,0.050505050505050504,0.2255892255892256,0.7744107744107744,0.2255892255892256,187.0,133.0,0.3689839572192513,0.5935828877005348,0.6684491978609626
1822,0.5757575757575758,0.16161616161616163,0.037037037037037035,0.2255892255892256,0.7744107744107744,0.19865319865319866,194.0,141.0,0.39690721649484534,0.634020618556701,0.6804123711340206
1823,0.5791245791245792,0.20202020202020202,0.030303030303030304,0.18855218855218855,0.8114478114478114,0.23232323232323232,177.0,119.0,0.4011299435028249,0.655367231638418,0.7062146892655368
1824,0.5824915824915825,0.18518518518518517,0.04040404040404041,0.1919191919191919,0.8080808080808081,0.2255892255892256,182.0,133.0,0.41208791208791207,0.6263736263736264,0.6923076923076923
1825,0.569023569023569,0.16835016835016836,0.05387205387205387,0.20875420875420875,0.7912457912457912,0.2222222222222222,178.0,121.0,0.3651685393258427,0.601123595505618,0.6797752808988764
1826,0.5824915824915825,0.1447811447811448,0.04713804713804714,0.2255892255892256,0.7744107744107744,0.1919191919191919,178.0,129.0,0.39325842696629215,0.5786516853932584,0.6460674157303371
1827,0.5454545454545454,0.18518518518518517,0.03367003367003367,0.2356902356902357,0.7643097643097643,0.21885521885521886,178.0,123.0,0.3539325842696629,0.6123595505617978,0.6573033707865169
1828,0.5252525252525253,0.18181818181818182,0.05723905723905724,0.2356902356902357,0.7643097643097643,0.23905723905723905,194.0,142.0,0.35051546391752575,0.5979381443298969,0.6597938144329897
1829,0.531986531986532,0.15488215488215487,0.04377104377104377,0.26936026936026936,0.7306397306397306,0.19865319865319866,190.0,132.0,0.38421052631578945,0.5789473684210527,0.631578947368421
1830,0.49158249158249157,0.20875420875420875,0.04377104377104377,0.2558922558922559,0.7441077441077442,0.25252525252525254,189.0,129.0,0.3386243386243386,0.5873015873015873,0.6507936507936508
1831,0.6026936026936027,0.17845117845117844,0.04040404040404041,0.17845117845117844,0.8215488215488216,0.21885521885521886,177.0,117.0,0.4463276836158192,0.6779661016949152,0.7288135593220338
1832,0.5252525252525253,0.2053872053872054,0.050505050505050504,0.21885521885521886,0.7811447811447811,0.2558922558922559,204.0,158.0,0.37254901960784315,0.6274509803921569,0.696078431372549
1833,0.569023569023569,0.15488215488215487,0.037037037037037035,0.23905723905723905,0.7609427609427609,0.1919191919191919,177.0,121.0,0.3615819209039548,0.5706214689265536,0.6214689265536724
1834,0.5791245791245792,0.14814814814814814,0.04040404040404041,0.23232323232323232,0.7676767676767676,0.18855218855218855,188.0,135.0,0.39893617021276595,0.601063829787234,0.648936170212766
1835,0.569023569023569,0.20202020202020202,0.05723905723905724,0.1717171717171717,0.8282828282828283,0.25925925925925924,183.0,123.0,0.4262295081967213,0.6721311475409836,0.7486338797814208
1836,0.5151515151515151,0.1717171717171717,0.05723905723905724,0.2558922558922559,0.7441077441077442,0.22895622895622897,188.0,142.0,0.35106382978723405,0.5478723404255319,0.6170212765957447
1837,0.5589225589225589,0.18518518518518517,0.026936026936026935,0.22895622895622897,0.7710437710437711,0.21212121212121213,196.0,138.0,0.413265306122449,0.6479591836734694,0.6836734693877551
1838,0.5757575757575758,0.17845117845117844,0.04040404040404041,0.2053872053872054,0.7946127946127947,0.21885521885521886,178.0,122.0,0.38764044943820225,0.6348314606741573,0.6853932584269663
1839,0.5757575757575758,0.1750841750841751,0.04713804713804714,0.20202020202020202,0.797979797979798,0.2222222222222222,181.0,128.0,0.425414364640884,0.6408839779005525,0.6906077348066298
1840,0.5589225589225589,0.18518518518518517,0.04377104377104377,0.21212121212121213,0.7878787878787878,0.22895622895622897,186.0,128.0,0.3924731182795699,0.6344086021505376,0.6989247311827957
1841,0.5286195286195287,0.1919191919191919,0.04040404040404041,0.23905723905723905,0.7609427609427609,0.23232323232323232,198.0,154.0,0.3484848484848485,0.5959595959595959,0.6565656565656566
1842,0.5521885521885522,0.15151515151515152,0.026936026936026935,0.26936026936026936,0.7306397306397306,0.17845117845117844,192.0,140.0,0.3697916666666667,0.5625,0.6041666666666666
1843,0.5286195286195287,0.18518518518518517,0.037037037037037035,0.24915824915824916,0.7508417508417509,0.2222222222222222,188.0,131.0,0.3670212765957447,0.5638297872340425,0.6170212765957447
1844,0.5420875420875421,0.1447811447811448,0.050505050505050504,0.26262626262626265,0.7373737373737373,0.19528619528619529,190.0,143.0,0.38421052631578945,0.5578947368421052,0.6263157894736842
1845,0.569023569023569,0.1447811447811448,0.02356902356902357,0.26262626262626265,0.7373737373737373,0.16835016835016836,186.0,132.0,0.3924731182795699,0.5698924731182796,0.6075268817204301
1846,0.5050505050505051,0.18181818181818182,0.06734006734006734,0.24579124579124578,0.7542087542087542,0.24915824915824916,197.0,145.0,0.37055837563451777,0.5786802030456852,0.6649746192893401
1847,0.5084175084175084,0.18855218855218855,0.037037037037037035,0.265993265993266,0.734006734006734,0.2255892255892256,189.0,138.0,0.36507936507936506,0.5714285714285714,0.6243386243386243
1848,0.569023569023569,0.16498316498316498,0.050505050505050504,0.21548821548821548,0.7845117845117845,0.21548821548821548,183.0,139.0,0.3825136612021858,0.6174863387978142,0.6666666666666666
1849,0.5656565656565656,0.1414141414141414,0.04713804713804714,0.24579124579124578,0.7542087542087542,0.18855218855218855,191.0,143.0,0.387434554973822,0.5706806282722513,0.6335078534031413
1850,0.5218855218855218,0.16835016835016836,0.06397306397306397,0.24579124579124578,0.7542087542087542,0.23232323232323232,195.0,144.0,0.358974358974359,0.5641025641025641,0.6461538461538462
1851,0.5622895622895623,0.1750841750841751,0.04040404040404041,0.2222222222222222,0.7777777777777778,0.21548821548821548,181.0,123.0,0.4143646408839779,0.6077348066298343,0.6574585635359116
1852,0.5218855218855218,0.18855218855218855,0.050505050505050504,0.23905723905723905,0.7609427609427609,0.23905723905723905,198.0,154.0,0.3484848484848485,0.5858585858585859,0.6565656565656566
1853,0.6026936026936027,0.16161616161616163,0.02356902356902357,0.21212121212121213,0.7878787878787878,0.18518518518518517,171.0,117.0,0.39766081871345027,0.6140350877192983,0.6549707602339181
1854,0.5521885521885522,0.14814814814814814,0.05723905723905724,0.24242424242424243,0.7575757575757576,0.2053872053872054,193.0,151.0,0.3626943005181347,0.5544041450777202,0.6373056994818653
1855,0.531986531986532,0.2222222222222222,0.037037037037037035,0.20875420875420875,0.7912457912457912,0.25925925925925924,182.0,126.0,0.35714285714285715,0.6318681318681318,0.6758241758241759
1856,0.5521885521885522,0.21548821548821548,0.030303030303030304,0.20202020202020202,0.797979797979798,0.24579124579124578,184.0,127.0,0.3695652173913043,0.657608695652174,0.7010869565217391
1857,0.5387205387205387,0.16835016835016836,0.03367003367003367,0.25925925925925924,0.7407407407407407,0.20202020202020202,195.0,143.0,0.35384615384615387,0.5641025641025641,0.6102564102564103
1858,0.4882154882154882,0.18518518518518517,0.05723905723905724,0.26936026936026936,0.7306397306397306,0.24242424242424243,207.0,158.0,0.357487922705314,0.5748792270531401,0.6376811594202898
1859,0.5791245791245792,0.18181818181818182,0.04040404040404041,0.19865319865319866,0.8013468013468014,0.2222222222222222,178.0,125.0,0.3595505617977528,0.6292134831460674,0.6966292134831461
1860,0.5387205387205387,0.16161616161616163,0.04040404040404041,0.25925925925925924,0.7407407407407407,0.20202020202020202,190.0,141.0,0.3684210526315789,0.5842105263157895,0.6368421052631579
1861,0.5622895622895623,0.1750841750841751,0.04040404040404041,0.2222222222222222,0.7777777777777778,0.21548821548821548,193.0,142.0,0.38341968911917096,0.6217616580310881,0.6787564766839378
1862,0.5218855218855218,0.21885521885521886,0.030303030303030304,0.22895622895622897,0.7710437710437711,0.24915824915824916,202.0,149.0,0.36633663366336633,0.6287128712871287,0.6683168316831684
1863,0.5488215488215489,0.18181818181818182,0.04377104377104377,0.2255892255892256,0.7744107744107744,0.2255892255892256,181.0,124.0,0.3756906077348066,0.585635359116022,0.6574585635359116
1864,0.5757575757575758,0.21885521885521886,0.04377104377104377,0.16161616161616163,0.8383838383838383,0.26262626262626265,189.0,133.0,0.41798941798941797,0.6984126984126984,0.7566137566137566
1865,0.5488215488215489,0.16835016835016836,0.050505050505050504,0.23232323232323232,0.7676767676767676,0.21885521885521886,183.0,131.0,0.3551912568306011,0.5792349726775956,0.6502732240437158
1866,0.5454545454545454,0.17845117845117844,0.04040404040404041,0.2356902356902357,0.7643097643097643,0.21885521885521886,187.0,133.0,0.3689839572192513,0.5989304812834224,0.6524064171122995
1867,0.5892255892255892,0.1919191919191919,0.04040404040404041,0.17845117845117844,0.8215488215488216,0.23232323232323232,183.0,133.0,0.41530054644808745,0.6666666666666666,0.726775956284153
1868,0.5555555555555556,0.1414141414141414,0.050505050505050504,0.25252525252525254,0.7474747474747475,0.1919191919191919,186.0,139.0,0.3763440860215054,0.5483870967741935,0.6236559139784946
1869,0.5589225589225589,0.1750841750841751,0.06060606060606061,0.2053872053872054,0.7946127946127947,0.2356902356902357,189.0,141.0,0.37566137566137564,0.6084656084656085,0.6931216931216931
1870,0.5218855218855218,0.1717171717171717,0.05387205387205387,0.25252525252525254,0.7474747474747475,0.2255892255892256,183.0,134.0,0.37158469945355194,0.5737704918032787,0.6229508196721312
1871,0.5420875420875421,0.19865319865319866,0.05387205387205387,0.2053872053872054,0.7946127946127947,0.25252525252525254,198.0,144.0,0.3939393939393939,0.6414141414141414,0.7121212121212122
1872,0.5521885521885522,0.16835016835016836,0.04713804713804714,0.23232323232323232,0.7676767676767676,0.21548821548821548,193.0,148.0,0.3626943005181347,0.5803108808290155,0.6528497409326425
1873,0.5420875420875421,0.14814814814814814,0.06734006734006734,0.24242424242424243,0.7575757575757576,0.21548821548821548,189.0,136.0,0.37566137566137564,0.5608465608465608,0.6349206349206349
1874,0.5252525252525253,0.21212121212121213,0.04040404040404041,0.2222222222222222,0.7777777777777778,0.25252525252525254,197.0,147.0,0.3756345177664975,0.6395939086294417,0.6852791878172588
1875,0.49158249158249157,0.21885521885521886,0.04377104377104377,0.24579124579124578,0.7542087542087542,0.26262626262626265,208.0,166.0,0.34615384615384615,0.6057692307692307,0.6682692307692307
1876,0.5589225589225589,0.13804713804713806,0.037037037037037035,0.265993265993266,0.734006734006734,0.1750841750841751,186.0,133.0,0.3870967741935484,0.5591397849462365,0.5967741935483871
1877,0.5117845117845118,0.21212121212121213,0.03367003367003367,0.24242424242424243,0.7575757575757576,0.24579124579124578,203.0,158.0,0.3448275862068966,0.6059113300492611,0.6502463054187192
1878,0.5925925925925926,0.15151515151515152,0.06060606060606061,0.19528619528619529,0.8047138047138047,0.21212121212121213,179.0,121.0,0.39664804469273746,0.6033519553072626,0.6815642458100558
1879,0.5252525252525253,0.16498316498316498,0.08080808080808081,0.22895622895622897,0.7710437710437711,0.24579124579124578,180.0,122.0,0.34444444444444444,0.5444444444444444,0.6333333333333333
1880,0.5723905723905723,0.16161616161616163,0.05723905723905724,0.20875420875420875,0.7912457912457912,0.21885521885521886,191.0,138.0,0.4031413612565445,0.612565445026178,0.6910994764397905
1881,0.5117845117845118,0.1717171717171717,0.06397306397306397,0.25252525252525254,0.7474747474747475,0.2356902356902357,185.0,126.0,0.3567567567567568,0.5675675675675675,0.6432432432432432
1882,0.5656565656565656,0.14814814814814814,0.06060606060606061,0.2255892255892256,0.7744107744107744,0.20875420875420875,191.0,131.0,0.41361256544502617,0.581151832460733,0.6649214659685864
1883,0.531986531986532,0.21212121212121213,0.04377104377104377,0.21212121212121213,0.7878787878787878,0.2558922558922559,191.0,143.0,0.35602094240837695,0.6178010471204188,0.675392670157068
1884,0.5521885521885522,0.18855218855218855,0.037037037037037035,0.2222222222222222,0.7777777777777778,0.2255892255892256,194.0,147.0,0.3865979381443299,0.6288659793814433,0.6752577319587629
1885,0.5488215488215489,0.15824915824915825,0.05723905723905724,0.2356902356902357,0.7643097643097643,0.21548821548821548,192.0,139.0,0.3854166666666667,0.59375,0.6666666666666666
1886,0.5656565656565656,0.16498316498316498,0.06397306397306397,0.2053872053872054,0.7946127946127947,0.22895622895622897,178.0,126.0,0.38764044943820225,0.6179775280898876,0.6741573033707865
1887,0.5286195286195287,0.16498316498316498,0.04713804713804714,0.25925925925925924,0.7407407407407407,0.21212121212121213,189.0,131.0,0.4021164021164021,0.5767195767195767,0.6349206349206349
1888,0.5454545454545454,0.1919191919191919,0.050505050505050504,0.21212121212121213,0.7878787878787878,0.24242424242424243,188.0,130.0,0.3882978723404255,0.6063829787234043,0.675531914893617
1889,0.48148148148148145,0.21548821548821548,0.06060606060606061,0.24242424242424243,0.7575757575757576,0.2760942760942761,197.0,145.0,0.3197969543147208,0.583756345177665,0.6548223350253807
1890,0.5589225589225589,0.16835016835016836,0.050505050505050504,0.2222222222222222,0.7777777777777778,0.21885521885521886,183.0,120.0,0.40437158469945356,0.5956284153005464,0.6721311475409836
1891,0.5723905723905723,0.15824915824915825,0.04040404040404041,0.22895622895622897,0.7710437710437711,0.19865319865319866,181.0,132.0,0.3756906077348066,0.580110497237569,0.6408839779005525
1892,0.5555555555555556,0.18518518518518517,0.037037037037037035,0.2222222222222222,0.7777777777777778,0.2222222222222222,193.0,143.0,0.39896373056994816,0.6269430051813472,0.6787564766839378
1893,0.5622895622895623,0.16498316498316498,0.04377104377104377,0.22895622895622897,0.7710437710437711,0.20875420875420875,182.0,128.0,0.3791208791208791,0.5824175824175825,0.6483516483516484
1894,0.5218855218855218,0.21212121212121213,0.05387205387205387,0.21212121212121213,0.7878787878787878,0.265993265993266,190.0,134.0,0.3684210526315789,0.6105263157894737,0.6842105263157895
1895,0.5050505050505051,0.18855218855218855,0.03367003367003367,0.2727272727272727,0.7272727272727273,0.2222222222222222,196.0,143.0,0.35714285714285715,0.5867346938775511,0.6377551020408163
1896,0.5622895622895623,0.1750841750841751,0.05387205387205387,0.20875420875420875,0.7912457912457912,0.22895622895622897,192.0,142.0,0.3645833333333333,0.5989583333333334,0.6822916666666666
1897,0.5589225589225589,0.15488215488215487,0.04040404040404041,0.24579124579124578,0.7542087542087542,0.19528619528619529,191.0,135.0,0.387434554973822,0.6020942408376964,0.6492146596858639
1898,0.5892255892255892,0.16835016835016836,0.06060606060606061,0.18181818181818182,0.8181818181818182,0.22895622895622897,181.0,126.0,0.4088397790055249,0.6464088397790055,0.7237569060773481
1899,0.5387205387205387,0.1447811447811448,0.04713804713804714,0.26936026936026936,0.7306397306397306,0.1919191919191919,187.0,137.0,0.3315508021390374,0.5454545454545454,0.6149732620320856
1900,0.531986531986532,0.17845117845117844,0.050505050505050504,0.23905723905723905,0.7609427609427609,0.22895622895622897,193.0,145.0,0.35233160621761656,0.5958549222797928,0.6580310880829016
1901,0.5454545454545454,0.15488215488215487,0.04377104377104377,0.2558922558922559,0.7441077441077442,0.19865319865319866,198.0,148.0,0.37373737373737376,0.5858585858585859,0.6464646464646465
1902,0.5656565656565656,0.16835016835016836,0.05723905723905724,0.20875420875420875,0.7912457912457912,0.2255892255892256,182.0,120.0,0.3956043956043956,0.6043956043956044,0.6758241758241759
1903,0.5892255892255892,0.15151515151515152,0.04040404040404041,0.21885521885521886,0.7811447811447811,0.1919191919191919,171.0,117.0,0.391812865497076,0.6023391812865497,0.6608187134502924
1904,0.5589225589225589,0.17845117845117844,0.06397306397306397,0.19865319865319866,0.8013468013468014,0.24242424242424243,186.0,128.0,0.3763440860215054,0.6129032258064516,0.7043010752688172
1905,0.5420875420875421,0.18518518518518517,0.037037037037037035,0.2356902356902357,0.7643097643097643,0.2222222222222222,195.0,141.0,0.37948717948717947,0.6153846153846154,0.6615384615384615
1906,0.5387205387205387,0.16835016835016836,0.05387205387205387,0.23905723905723905,0.7609427609427609,0.2222222222222222,200.0,150.0,0.38,0.58,0.655
1907,0.531986531986532,0.14814814814814814,0.05387205387205387,0.265993265993266,0.734006734006734,0.20202020202020202,196.0,147.0,0.3673469387755102,0.5510204081632653,0.6173469387755102
1908,0.5488215488215489,0.17845117845117844,0.04040404040404041,0.23232323232323232,0.7676767676767676,0.21885521885521886,186.0,137.0,0.3548387096774194,0.5913978494623656,0.6505376344086021
1909,0.5555555555555556,0.1717171717171717,0.026936026936026935,0.24579124579124578,0.7542087542087542,0.19865319865319866,189.0,137.0,0.38095238095238093,0.6137566137566137,0.656084656084656
1910,0.5622895622895623,0.16161616161616163,0.04713804713804714,0.22895622895622897,0.7710437710437711,0.20875420875420875,188.0,139.0,0.3723404255319149,0.601063829787234,0.6595744680851063
1911,0.569023569023569,0.1750841750841751,0.04713804713804714,0.20875420875420875,0.7912457912457912,0.2222222222222222,180.0,135.0,0.37222222222222223,0.5944444444444444,0.6611111111111111
1912,0.5218855218855218,0.18855218855218855,0.03367003367003367,0.2558922558922559,0.7441077441077442,0.2222222222222222,191.0,133.0,0.3769633507853403,0.5968586387434555,0.6492146596858639
1913,0.5420875420875421,0.13804713804713806,0.04713804713804714,0.2727272727272727,0.7272727272727273,0.18518518518518517,189.0,137.0,0.37566137566137564,0.5343915343915344,0.5873015873015873
1914,0.569023569023569,0.16498316498316498,0.06060606060606061,0.2053872053872054,0.7946127946127947,0.2255892255892256,182.0,129.0,0.37362637362637363,0.6098901098901099,0.6923076923076923
1915,0.5353535353535354,0.1717171717171717,0.03367003367003367,0.25925925925925924,0.7407407407407407,0.2053872053872054,187.0,137.0,0.35294117647058826,0.5614973262032086,0.6149732620320856
1916,0.5353535353535354,0.18518518518518517,0.050505050505050504,0.22895622895622897,0.7710437710437711,0.2356902356902357,181.0,119.0,0.3701657458563536,0.6022099447513812,0.6740331491712708
1917,0.5791245791245792,0.1111111111111111,0.04713804713804714,0.26262626262626265,0.7373737373737373,0.15824915824915825,184.0,134.0,0.391304347826087,0.5543478260869565,0.6032608695652174
1918,0.48484848484848486,0.22895622895622897,0.030303030303030304,0.2558922558922559,0.7441077441077442,0.25925925925925924,194.0,144.0,0.34536082474226804,0.6185567010309279,0.654639175257732
1919,0.5757575757575758,0.16835016835016836,0.06397306397306397,0.1919191919191919,0.8080808080808081,0.23232323232323232,178.0,125.0,0.42134831460674155,0.6123595505617978,0.6910112359550562
1920,0.5723905723905723,0.18518518518518517,0.037037037037037035,0.2053872053872054,0.7946127946127947,0.2222222222222222,184.0,130.0,0.40217391304347827,0.625,0.6793478260869565
1921,0.5589225589225589,0.16498316498316498,0.06060606060606061,0.21548821548821548,0.7845117845117845,0.2255892255892256,185.0,129.0,0.3783783783783784,0.572972972972973,0.654054054054054
1922,0.48148148148148145,0.1919191919191919,0.050505050505050504,0.2760942760942761,0.7239057239057239,0.24242424242424243,204.0,156.0,0.3333333333333333,0.5637254901960784,0.6274509803921569
1923,0.5387205387205387,0.17845117845117844,0.050505050505050504,0.23232323232323232,0.7676767676767676,0.22895622895622897,181.0,133.0,0.3756906077348066,0.6022099447513812,0.6519337016574586
1924,0.5622895622895623,0.18181818181818182,0.04040404040404041,0.21548821548821548,0.7845117845117845,0.2222222222222222,187.0,133.0,0.39572192513368987,0.6096256684491979,0.6684491978609626
1925,0.5353535353535354,0.20875420875420875,0.06734006734006734,0.18855218855218855,0.8114478114478114,0.2760942760942761,186.0,138.0,0.3709677419354839,0.6397849462365591,0.7311827956989247
1926,0.5420875420875421,0.15488215488215487,0.06060606060606061,0.24242424242424243,0.7575757575757576,0.21548821548821548,185.0,133.0,0.3567567567567568,0.5621621621621622,0.6270270270270271
1927,0.5050505050505051,0.24242424242424243,0.030303030303030304,0.2222222222222222,0.7777777777777778,0.2727272727272727,185.0,128.0,0.3567567567567568,0.6432432432432432,0.6810810810810811
1928,0.5589225589225589,0.12794612794612795,0.07407407407407407,0.23905723905723905,0.7609427609427609,0.20202020202020202,187.0,133.0,0.3850267379679144,0.5561497326203209,0.6524064171122995
1929,0.5286195286195287,0.16498316498316498,0.05723905723905724,0.24915824915824916,0.7508417508417509,0.2222222222222222,192.0,141.0,0.3645833333333333,0.5677083333333334,0.640625
1930,0.5824915824915825,0.16161616161616163,0.030303030303030304,0.2255892255892256,0.7744107744107744,0.1919191919191919,186.0,135.0,0.3655913978494624,0.5967741935483871,0.6397849462365591
1931,0.5286195286195287,0.16498316498316498,0.05387205387205387,0.25252525252525254,0.7474747474747475,0.21885521885521886,203.0,143.0,0.4187192118226601,0.5960591133004927,0.6699507389162561
1932,0.5858585858585859,0.13804713804713806,0.04713804713804714,0.22895622895622897,0.7710437710437711,0.18518518518518517,181.0,125.0,0.4143646408839779,0.6077348066298343,0.6685082872928176
1933,0.5286195286195287,0.20875420875420875,0.050505050505050504,0.21212121212121213,0.7878787878787878,0.25925925925925924,189.0,138.0,0.36507936507936506,0.6243386243386243,0.6931216931216931
1934,0.494949494949495,0.22895622895622897,0.04040404040404041,0.2356902356902357,0.7643097643097643,0.26936026936026936,202.0,153.0,0.3415841584158416,0.6336633663366337,0.6881188118811881
1935,0.5488215488215489,0.18181818181818182,0.06734006734006734,0.20202020202020202,0.797979797979798,0.24915824915824916,191.0,133.0,0.4031413612565445,0.6335078534031413,0.7068062827225131
1936,0.5555555555555556,0.12457912457912458,0.05723905723905724,0.26262626262626265,0.7373737373737373,0.18181818181818182,187.0,136.0,0.3689839572192513,0.5401069518716578,0.6203208556149733
1937,0.5353535353535354,0.18855218855218855,0.06397306397306397,0.21212121212121213,0.7878787878787878,0.25252525252525254,199.0,151.0,0.3768844221105528,0.6231155778894473,0.6984924623115578
1938,0.531986531986532,0.18181818181818182,0.06060606060606061,0.2255892255892256,0.7744107744107744,0.24242424242424243,191.0,146.0,0.3507853403141361,0.5916230366492147,0.6596858638743456
1939,0.5488215488215489,0.1447811447811448,0.050505050505050504,0.2558922558922559,0.7441077441077442,0.19528619528619529,195.0,147.0,0.3641025641025641,0.5435897435897435,0.6205128205128205
1940,0.5892255892255892,0.15151515151515152,0.04377104377104377,0.21548821548821548,0.7845117845117845,0.19528619528619529,188.0,132.0,0.43617021276595747,0.6276595744680851,0.6808510638297872
1941,0.622895622895623,0.13131313131313133,0.04377104377104377,0.20202020202020202,0.797979797979798,0.1750841750841751,171.0,118.0,0.43859649122807015,0.631578947368421,0.6783625730994152
1942,0.6060606060606061,0.13804713804713806,0.03367003367003367,0.2222222222222222,0.7777777777777778,0.1717171717171717,172.0,119.0,0.4069767441860465,0.6104651162790697,0.6569767441860465
1943,0.5521885521885522,0.21212121212121213,0.04040404040404041,0.19528619528619529,0.8047138047138047,0.25252525252525254,181.0,125.0,0.4088397790055249,0.6574585635359116,0.7182320441988951
1944,0.5791245791245792,0.12794612794612795,0.05387205387205387,0.23905723905723905,0.7609427609427609,0.18181818181818182,190.0,144.0,0.39473684210526316,0.5736842105263158,0.6421052631578947
1945,0.5555555555555556,0.16161616161616163,0.02356902356902357,0.25925925925925924,0.7407407407407407,0.18518518518518517,193.0,146.0,0.3626943005181347,0.5751295336787565,0.6113989637305699
1946,0.5555555555555556,0.15824915824915825,0.05387205387205387,0.23232323232323232,0.7676767676767676,0.21212121212121213,185.0,132.0,0.3621621621621622,0.5675675675675675,0.6432432432432432
1947,0.6127946127946128,0.17845117845117844,0.030303030303030304,0.17845117845117844,0.8215488215488216,0.20875420875420875,173.0,125.0,0.4046242774566474,0.6473988439306358,0.6936416184971098
1948,0.5656565656565656,0.16835016835016836,0.04040404040404041,0.2255892255892256,0.7744107744107744,0.20875420875420875,183.0,130.0,0.3879781420765027,0.6120218579234973,0.6612021857923497
1949,0.5555555555555556,0.1750841750841751,0.02356902356902357,0.24579124579124578,0.7542087542087542,0.19865319865319866,191.0,133.0,0.38219895287958117,0.6073298429319371,0.6387434554973822
1950,0.569023569023569,0.18181818181818182,0.030303030303030304,0.21885521885521886,0.7811447811447811,0.21212121212121213,177.0,123.0,0.384180790960452,0.6101694915254238,0.6384180790960452
1951,0.5117845117845118,0.20202020202020202,0.02356902356902357,0.26262626262626265,0.7373737373737373,0.2255892255892256,198.0,144.0,0.36363636363636365,0.6111111111111112,0.6414141414141414
1952,0.5286195286195287,0.18855218855218855,0.04377104377104377,0.23905723905723905,0.7609427609427609,0.23232323232323232,197.0,146.0,0.39086294416243655,0.6091370558375635,0.6598984771573604
1953,0.5252525252525253,0.2053872053872054,0.050505050505050504,0.21885521885521886,0.7811447811447811,0.2558922558922559,194.0,141.0,0.35051546391752575,0.6134020618556701,0.6804123711340206
1954,0.5656565656565656,0.16835016835016836,0.06734006734006734,0.19865319865319866,0.8013468013468014,0.2356902356902357,192.0,142.0,0.3854166666666667,0.6197916666666666,0.71875
1955,0.5252525252525253,0.1750841750841751,0.05723905723905724,0.24242424242424243,0.7575757575757576,0.23232323232323232,194.0,141.0,0.35051546391752575,0.5567010309278351,0.634020618556701
1956,0.5892255892255892,0.19865319865319866,0.037037037037037035,0.1750841750841751,0.8249158249158249,0.2356902356902357,174.0,111.0,0.41954022988505746,0.6781609195402298,0.7298850574712644
1957,0.5622895622895623,0.15824915824915825,0.037037037037037035,0.24242424242424243,0.7575757575757576,0.19528619528619529,194.0,147.0,0.38144329896907214,0.5979381443298969,0.6494845360824743
1958,0.5589225589225589,0.15824915824915825,0.04713804713804714,0.2356902356902357,0.7643097643097643,0.2053872053872054,191.0,133.0,0.41361256544502617,0.6073298429319371,0.6649214659685864
1959,0.5420875420875421,0.21885521885521886,0.04040404040404041,0.19865319865319866,0.8013468013468014,0.25925925925925924,184.0,124.0,0.3695652173913043,0.657608695652174,0.7119565217391305
1960,0.5387205387205387,0.16835016835016836,0.04713804713804714,0.24579124579124578,0.7542087542087542,0.21548821548821548,190.0,139.0,0.3631578947368421,0.5842105263157895,0.6473684210526316
1961,0.5050505050505051,0.18518518518518517,0.04713804713804714,0.26262626262626265,0.7373737373737373,0.23232323232323232,197.0,148.0,0.3604060913705584,0.583756345177665,0.649746192893401
1962,0.5454545454545454,0.15824915824915825,0.030303030303030304,0.265993265993266,0.734006734006734,0.18855218855218855,188.0,134.0,0.3829787234042553,0.5797872340425532,0.6170212765957447
1963,0.5656565656565656,0.1717171717171717,0.04713804713804714,0.21548821548821548,0.7845117845117845,0.21885521885521886,176.0,121.0,0.375,0.6022727272727273,0.6647727272727273
1964,0.5050505050505051,0.24579124579124578,0.03367003367003367,0.21548821548821548,0.7845117845117845,0.27946127946127947,197.0,142.0,0.3604060913705584,0.6446700507614214,0.6903553299492385
1965,0.4983164983164983,0.21885521885521886,0.030303030303030304,0.25252525252525254,0.7474747474747475,0.24915824915824916,196.0,144.0,0.336734693877551,0.6020408163265306,0.6377551020408163
1966,0.5050505050505051,0.2222222222222222,0.037037037037037035,0.2356902356902357,0.7643097643097643,0.25925925925925924,201.0,152.0,0.3781094527363184,0.6368159203980099,0.681592039800995
1967,0.5622895622895623,0.16161616161616163,0.06397306397306397,0.21212121212121213,0.7878787878787878,0.2255892255892256,182.0,130.0,0.3901098901098901,0.5989010989010989,0.6813186813186813
1968,0.5050505050505051,0.21212121212121213,0.050505050505050504,0.23232323232323232,0.7676767676767676,0.26262626262626265,193.0,134.0,0.32642487046632124,0.6010362694300518,0.6683937823834197
1969,0.5252525252525253,0.19865319865319866,0.037037037037037035,0.23905723905723905,0.7609427609427609,0.2356902356902357,185.0,136.0,0.3675675675675676,0.6108108108108108,0.6648648648648648
1970,0.5454545454545454,0.18181818181818182,0.05723905723905724,0.21548821548821548,0.7845117845117845,0.23905723905723905,182.0,123.0,0.3791208791208791,0.6043956043956044,0.6703296703296703
1971,0.5791245791245792,0.1447811447811448,0.08080808080808081,0.19528619528619529,0.8047138047138047,0.2255892255892256,189.0,135.0,0.3968253968253968,0.5925925925925926,0.7037037037037037
1972,0.6026936026936027,0.13131313131313133,0.04377104377104377,0.2222222222222222,0.7777777777777778,0.1750841750841751,181.0,127.0,0.39226519337016574,0.5966850828729282,0.6629834254143646
1973,0.5892255892255892,0.15824915824915825,0.037037037037037035,0.21548821548821548,0.7845117845117845,0.19528619528619529,186.0,134.0,0.41397849462365593,0.6236559139784946,0.6720430107526881
1974,0.6026936026936027,0.15488215488215487,0.03367003367003367,0.20875420875420875,0.7912457912457912,0.18855218855218855,175.0,117.0,0.4057142857142857,0.6057142857142858,0.6571428571428571
1975,0.5286195286195287,0.15151515151515152,0.037037037037037035,0.2828282828282828,0.7171717171717171,0.18855218855218855,194.0,138.0,0.4020618556701031,0.5824742268041238,0.6288659793814433
1976,0.5420875420875421,0.20875420875420875,0.04713804713804714,0.20202020202020202,0.797979797979798,0.2558922558922559,183.0,134.0,0.37158469945355194,0.6120218579234973,0.6775956284153005
1977,0.5353535353535354,0.1447811447811448,0.037037037037037035,0.2828282828282828,0.7171717171717171,0.18181818181818182,200.0,148.0,0.365,0.56,0.615
1978,0.5454545454545454,0.14814814814814814,0.04713804713804714,0.25925925925925924,0.7407407407407407,0.19528619528619529,189.0,132.0,0.35978835978835977,0.5714285714285714,0.6402116402116402
1979,0.5420875420875421,0.18181818181818182,0.04040404040404041,0.2356902356902357,0.7643097643097643,0.2222222222222222,203.0,153.0,0.39901477832512317,0.6206896551724138,0.6748768472906403
1980,0.5286195286195287,0.1919191919191919,0.04040404040404041,0.23905723905723905,0.7609427609427609,0.23232323232323232,201.0,154.0,0.3582089552238806,0.6069651741293532,0.6666666666666666
1981,0.5723905723905723,0.1414141414141414,0.06060606060606061,0.2255892255892256,0.7744107744107744,0.20202020202020202,186.0,137.0,0.3870967741935484,0.5752688172043011,0.6505376344086021
1982,0.5151515151515151,0.17845117845117844,0.050505050505050504,0.2558922558922559,0.7441077441077442,0.22895622895622897,191.0,137.0,0.34554973821989526,0.581151832460733,0.6544502617801047
1983,0.5656565656565656,0.17845117845117844,0.06397306397306397,0.1919191919191919,0.8080808080808081,0.24242424242424243,178.0,126.0,0.3651685393258427,0.601123595505618,0.6853932584269663
1984,0.569023569023569,0.16835016835016836,0.037037037037037035,0.2255892255892256,0.7744107744107744,0.2053872053872054,180.0,129.0,0.4,0.6222222222222222,0.6666666666666666
1985,0.5892255892255892,0.18855218855218855,0.04713804713804714,0.1750841750841751,0.8249158249158249,0.2356902356902357,170.0,114.0,0.4235294117647059,0.6470588235294118,0.7235294117647059
1986,0.5218855218855218,0.16498316498316498,0.05723905723905724,0.2558922558922559,0.7441077441077442,0.2222222222222222,194.0,140.0,0.38144329896907214,0.5670103092783505,0.6391752577319587
1987,0.5824915824915825,0.1717171717171717,0.050505050505050504,0.19528619528619529,0.8047138047138047,0.2222222222222222,190.0,139.0,0.3894736842105263,0.6210526315789474,0.7
1988,0.5959595959595959,0.1414141414141414,0.050505050505050504,0.21212121212121213,0.7878787878787878,0.1919191919191919,186.0,135.0,0.4032258064516129,0.6075268817204301,0.6720430107526881
1989,0.531986531986532,0.19865319865319866,0.037037037037037035,0.23232323232323232,0.7676767676767676,0.2356902356902357,189.0,140.0,0.3862433862433862,0.6243386243386243,0.671957671957672
1990,0.5387205387205387,0.16835016835016836,0.050505050505050504,0.24242424242424243,0.7575757575757576,0.21885521885521886,201.0,158.0,0.3582089552238806,0.5870646766169154,0.6517412935323383
1991,0.5555555555555556,0.1414141414141414,0.04040404040404041,0.26262626262626265,0.7373737373737373,0.18181818181818182,190.0,134.0,0.38421052631578945,0.5631578947368421,0.6105263157894737
1992,0.5185185185185185,0.16161616161616163,0.04377104377104377,0.2760942760942761,0.7239057239057239,0.2053872053872054,194.0,144.0,0.3247422680412371,0.5360824742268041,0.5876288659793815
1993,0.5824915824915825,0.15151515151515152,0.04377104377104377,0.2222222222222222,0.7777777777777778,0.19528619528619529,184.0,126.0,0.42391304347826086,0.6195652173913043,0.6793478260869565
1994,0.569023569023569,0.18181818181818182,0.04040404040404041,0.20875420875420875,0.7912457912457912,0.2222222222222222,185.0,131.0,0.40540540540540543,0.6324324324324324,0.6864864864864865
1995,0.5488215488215489,0.16498316498316498,0.04713804713804714,0.23905723905723905,0.7609427609427609,0.21212121212121213,188.0,135.0,0.3882978723404255,0.5851063829787234,0.648936170212766
1996,0.5488215488215489,0.15488215488215487,0.04713804713804714,0.24915824915824916,0.7508417508417509,0.20202020202020202,194.0,142.0,0.36597938144329895,0.5773195876288659,0.6391752577319587
1997,0.5757575757575758,0.16835016835016836,0.05723905723905724,0.19865319865319866,0.8013468013468014,0.2255892255892256,182.0,128.0,0.42857142857142855,0.6208791208791209,0.6923076923076923
1998,0.5420875420875421,0.14814814814814814,0.04377104377104377,0.265993265993266,0.734006734006734,0.1919191919191919,185.0,128.0,0.3945945945945946,0.5783783783783784,0.6270270270270271
1999,0.5454545454545454,0.14814814814814814,0.0707070707070707,0.2356902356902357,0.7643097643097643,0.21885521885521886,190.0,139.0,0.37894736842105264,0.5684210526315789,0.6684210526315789
2000,0.5185185185185185,0.17845117845117844,0.04377104377104377,0.25925925925925924,0.7407407407407407,0.2222222222222222,195.0,141.0,0.35384615384615387,0.5794871794871795,0.6358974358974359
2001,0.5151515151515151,0.19528619528619529,0.026936026936026935,0.26262626262626265,0.7373737373737373,0.2222222222222222,195.0,137.0,0.36923076923076925,0.5897435897435898,0.6256410256410256
2002,0.6094276094276094,0.1414141414141414,0.037037037037037035,0.21212121212121213,0.7878787878787878,0.17845117845117844,178.0,122.0,0.398876404494382,0.6067415730337079,0.6685393258426966
2003,0.5488215488215489,0.16161616161616163,0.04713804713804714,0.24242424242424243,0.7575757575757576,0.20875420875420875,185.0,129.0,0.3621621621621622,0.572972972972973,0.6378378378378379
2004,0.5521885521885522,0.16498316498316498,0.050505050505050504,0.23232323232323232,0.7676767676767676,0.21548821548821548,190.0,142.0,0.3526315789473684,0.5684210526315789,0.6421052631578947
2005,0.5791245791245792,0.15151515151515152,0.030303030303030304,0.23905723905723905,0.7609427609427609,0.18181818181818182,186.0,135.0,0.3763440860215054,0.5913978494623656,0.6344086021505376
2006,0.5858585858585859,0.1414141414141414,0.04377104377104377,0.22895622895622897,0.7710437710437711,0.18518518518518517,184.0,133.0,0.3804347826086957,0.5869565217391305,0.6521739130434783
2007,0.5488215488215489,0.1717171717171717,0.05387205387205387,0.2255892255892256,0.7744107744107744,0.2255892255892256,183.0,127.0,0.36065573770491804,0.5901639344262295,0.6612021857923497
2008,0.5656565656565656,0.1111111111111111,0.06397306397306397,0.25925925925925924,0.7407407407407407,0.1750841750841751,186.0,136.0,0.3817204301075269,0.5376344086021505,0.6236559139784946
2009,0.5555555555555556,0.16498316498316498,0.04377104377104377,0.2356902356902357,0.7643097643097643,0.20875420875420875,189.0,129.0,0.3915343915343915,0.5978835978835979,0.656084656084656
2010,0.5454545454545454,0.15488215488215487,0.06060606060606061,0.23905723905723905,0.7609427609427609,0.21548821548821548,191.0,141.0,0.38219895287958117,0.5654450261780105,0.6387434554973822
2011,0.5488215488215489,0.1717171717171717,0.037037037037037035,0.24242424242424243,0.7575757575757576,0.20875420875420875,186.0,136.0,0.34408602150537637,0.5806451612903226,0.6290322580645161
2012,0.5858585858585859,0.18518518518518517,0.026936026936026935,0.20202020202020202,0.797979797979798,0.21212121212121213,179.0,127.0,0.39106145251396646,0.6312849162011173,0.6759776536312849
2013,0.5757575757575758,0.17845117845117844,0.03367003367003367,0.21212121212121213,0.7878787878787878,0.21212121212121213,188.0,136.0,0.39361702127659576,0.6276595744680851,0.6808510638297872
2014,0.5656565656565656,0.19528619528619529,0.037037037037037035,0.20202020202020202,0.797979797979798,0.23232323232323232,188.0,131.0,0.40425531914893614,0.648936170212766,0.6914893617021277
2015,0.569023569023569,0.1717171717171717,0.04713804713804714,0.21212121212121213,0.7878787878787878,0.21885521885521886,184.0,125.0,0.3858695652173913,0.6141304347826086,0.6739130434782609
2016,0.5723905723905723,0.21212121212121213,0.020202020202020204,0.19528619528619529,0.8047138047138047,0.23232323232323232,181.0,127.0,0.39226519337016574,0.6685082872928176,0.7016574585635359
2017,0.5286195286195287,0.15488215488215487,0.05387205387205387,0.26262626262626265,0.7373737373737373,0.20875420875420875,194.0,146.0,0.34536082474226804,0.5567010309278351,0.6237113402061856
2018,0.5791245791245792,0.15151515151515152,0.04713804713804714,0.2222222222222222,0.7777777777777778,0.19865319865319866,179.0,127.0,0.36312849162011174,0.5698324022346368,0.6480446927374302
2019,0.5185185185185185,0.17845117845117844,0.04377104377104377,0.25925925925925924,0.7407407407407407,0.2222222222222222,191.0,137.0,0.36649214659685864,0.5654450261780105,0.6178010471204188
2020,0.5622895622895623,0.16498316498316498,0.037037037037037035,0.2356902356902357,0.7643097643097643,0.20202020202020202,189.0,135.0,0.3968253968253968,0.6084656084656085,0.6613756613756614
2021,0.5016835016835017,0.19528619528619529,0.04040404040404041,0.26262626262626265,0.7373737373737373,0.2356902356902357,188.0,128.0,0.35638297872340424,0.5904255319148937,0.6436170212765957
2022,0.5218855218855218,0.1750841750841751,0.06060606060606061,0.24242424242424243,0.7575757575757576,0.2356902356902357,194.0,143.0,0.36082474226804123,0.5515463917525774,0.6288659793814433
2023,0.569023569023569,0.18518518518518517,0.05387205387205387,0.1919191919191919,0.8080808080808081,0.23905723905723905,192.0,137.0,0.3958333333333333,0.6354166666666666,0.7135416666666666
2024,0.569023569023569,0.16835016835016836,0.04377104377104377,0.21885521885521886,0.7811447811447811,0.21212121212121213,191.0,139.0,0.4083769633507853,0.6387434554973822,0.6963350785340314
2025,0.5656565656565656,0.16835016835016836,0.04713804713804714,0.21885521885521886,0.7811447811447811,0.21548821548821548,193.0,150.0,0.38860103626943004,0.6269430051813472,0.6839378238341969
2026,0.5925925925925926,0.16161616161616163,0.05723905723905724,0.18855218855218855,0.8114478114478114,0.21885521885521886,180.0,128.0,0.4111111111111111,0.6166666666666667,0.7055555555555556
2027,0.5892255892255892,0.1447811447811448,0.05387205387205387,0.21212121212121213,0.7878787878787878,0.19865319865319866,187.0,137.0,0.39572192513368987,0.5935828877005348,0.6737967914438503
2028,0.5858585858585859,0.16161616161616163,0.020202020202020204,0.23232323232323232,0.7676767676767676,0.18181818181818182,185.0,129.0,0.40540540540540543,0.6108108108108108,0.6432432432432432
2029,0.5420875420875421,0.16498316498316498,0.04713804713804714,0.24579124579124578,0.7542087542087542,0.21212121212121213,185.0,125.0,0.3675675675675676,0.572972972972973,0.6378378378378379
2030,0.6161616161616161,0.13131313131313133,0.030303030303030304,0.2222222222222222,0.7777777777777778,0.16161616161616163,188.0,138.0,0.425531914893617,0.601063829787234,0.648936170212766
2031,0.5151515151515151,0.18518518518518517,0.037037037037037035,0.26262626262626265,0.7373737373737373,0.2222222222222222,198.0,151.0,0.35353535353535354,0.5909090909090909,0.6414141414141414
2032,0.5387205387205387,0.16498316498316498,0.04713804713804714,0.24915824915824916,0.7508417508417509,0.21212121212121213,199.0,150.0,0.36683417085427134,0.5879396984924623,0.6482412060301508
2033,0.6026936026936027,0.15151515151515152,0.04040404040404041,0.2053872053872054,0.7946127946127947,0.1919191919191919,176.0,122.0,0.3977272727272727,0.6022727272727273,0.6590909090909091
2034,0.5723905723905723,0.15151515151515152,0.04713804713804714,0.22895622895622897,0.7710437710437711,0.19865319865319866,188.0,134.0,0.4095744680851064,0.6117021276595744,0.6648936170212766
2035,0.5791245791245792,0.16161616161616163,0.037037037037037035,0.2222222222222222,0.7777777777777778,0.19865319865319866,177.0,125.0,0.4067796610169492,0.6101694915254238,0.672316384180791
2036,0.4882154882154882,0.18855218855218855,0.037037037037037035,0.28619528619528617,0.7138047138047138,0.2255892255892256,201.0,155.0,0.31840796019900497,0.5472636815920398,0.5970149253731343
2037,0.5218855218855218,0.20875420875420875,0.04377104377104377,0.2255892255892256,0.7744107744107744,0.25252525252525254,184.0,132.0,0.375,0.6141304347826086,0.657608695652174
2038,0.5723905723905723,0.15824915824915825,0.06060606060606061,0.20875420875420875,0.7912457912457912,0.21885521885521886,181.0,126.0,0.39779005524861877,0.5966850828729282,0.6740331491712708
2039,0.5656565656565656,0.1750841750841751,0.04713804713804714,0.21212121212121213,0.7878787878787878,0.2222222222222222,182.0,128.0,0.3901098901098901,0.6318681318681318,0.6923076923076923
2040,0.569023569023569,0.18855218855218855,0.04377104377104377,0.19865319865319866,0.8013468013468014,0.23232323232323232,189.0,140.0,0.38095238095238093,0.6243386243386243,0.6931216931216931
2041,0.5454545454545454,0.13468013468013468,0.05387205387205387,0.265993265993266,0.734006734006734,0.18855218855218855,192.0,143.0,0.3802083333333333,0.546875,0.6145833333333334
2042,0.5286195286195287,0.18181818181818182,0.04713804713804714,0.24242424242424243,0.7575757575757576,0.22895622895622897,202.0,154.0,0.3811881188118812,0.594059405940594,0.6584158415841584
2043,0.5454545454545454,0.15151515151515152,0.06397306397306397,0.23905723905723905,0.7609427609427609,0.21548821548821548,193.0,141.0,0.37823834196891193,0.5854922279792746,0.6632124352331606
2044,0.5218855218855218,0.21212121212121213,0.05723905723905724,0.20875420875420875,0.7912457912457912,0.26936026936026936,188.0,136.0,0.3670212765957447,0.6170212765957447,0.6968085106382979
2045,0.5387205387205387,0.16835016835016836,0.037037037037037035,0.2558922558922559,0.7441077441077442,0.2053872053872054,190.0,142.0,0.35789473684210527,0.5578947368421052,0.6105263157894737
2046,0.5622895622895623,0.1414141414141414,0.04040404040404041,0.2558922558922559,0.7441077441077442,0.18181818181818182,192.0,143.0,0.359375,0.5625,0.625
2047,0.5723905723905723,0.1750841750841751,0.04377104377104377,0.20875420875420875,0.7912457912457912,0.21885521885521886,184.0,134.0,0.3804347826086957,0.6304347826086957,0.6902173913043478
2048,0.5521885521885522,0.18855218855218855,0.04377104377104377,0.21548821548821548,0.7845117845117845,0.23232323232323232,189.0,136.0,0.3862433862433862,0.6190476190476191,0.671957671957672
2049,0.5151515151515151,0.1717171717171717,0.04713804713804714,0.265993265993266,0.734006734006734,0.21885521885521886,199.0,157.0,0.3417085427135678,0.5728643216080402,0.628140703517588
2050,0.5454545454545454,0.14814814814814814,0.04040404040404041,0.265993265993266,0.734006734006734,0.18855218855218855,198.0,147.0,0.3838383838383838,0.5707070707070707,0.6212121212121212
2051,0.5521885521885522,0.16835016835016836,0.05387205387205387,0.2255892255892256,0.7744107744107744,0.2222222222222222,189.0,135.0,0.35978835978835977,0.5925925925925926,0.671957671957672
2052,0.5993265993265994,0.16161616161616163,0.06060606060606061,0.17845117845117844,0.8215488215488216,0.2222222222222222,180.0,129.0,0.4166666666666667,0.65,0.7277777777777777
2053,0.5488215488215489,0.1750841750841751,0.030303030303030304,0.24579124579124578,0.7542087542087542,0.2053872053872054,196.0,149.0,0.3979591836734694,0.6071428571428571,0.6479591836734694
2054,0.5521885521885522,0.1750841750841751,0.03367003367003367,0.23905723905723905,0.7609427609427609,0.20875420875420875,183.0,126.0,0.3825136612021858,0.5956284153005464,0.6502732240437158
2055,0.5353535353535354,0.18855218855218855,0.05387205387205387,0.2222222222222222,0.7777777777777778,0.24242424242424243,192.0,139.0,0.375,0.6197916666666666,0.6927083333333334
2056,0.5016835016835017,0.1750841750841751,0.07407407407407407,0.24915824915824916,0.7508417508417509,0.24915824915824916,205.0,154.0,0.3463414634146341,0.5658536585365853,0.6536585365853659
2057,0.5454545454545454,0.15151515151515152,0.06734006734006734,0.2356902356902357,0.7643097643097643,0.21885521885521886,196.0,148.0,0.39285714285714285,0.5918367346938775,0.6683673469387755
2058,0.5824915824915825,0.1750841750841751,0.050505050505050504,0.1919191919191919,0.8080808080808081,0.2255892255892256,177.0,118.0,0.4124293785310734,0.632768361581921,0.6949152542372882
2059,0.5824915824915825,0.20202020202020202,0.03367003367003367,0.18181818181818182,0.8181818181818182,0.2356902356902357,178.0,115.0,0.4101123595505618,0.6629213483146067,0.702247191011236
2060,0.5252525252525253,0.18855218855218855,0.04713804713804714,0.23905723905723905,0.7609427609427609,0.2356902356902357,194.0,141.0,0.3917525773195876,0.5927835051546392,0.654639175257732
2061,0.6094276094276094,0.15151515151515152,0.026936026936026935,0.21212121212121213,0.7878787878787878,0.17845117845117844,186.0,134.0,0.41935483870967744,0.6344086021505376,0.6774193548387096
2062,0.5353535353535354,0.18518518518518517,0.037037037037037035,0.24242424242424243,0.7575757575757576,0.2222222222222222,191.0,135.0,0.3717277486910995,0.5968586387434555,0.6544502617801047
2063,0.5656565656565656,0.18518518518518517,0.04377104377104377,0.2053872053872054,0.7946127946127947,0.22895622895622897,187.0,136.0,0.39037433155080214,0.6203208556149733,0.6898395721925134
2064,0.5185185185185185,0.18181818181818182,0.04377104377104377,0.2558922558922559,0.7441077441077442,0.2255892255892256,188.0,136.0,0.3670212765957447,0.574468085106383,0.6329787234042553
2065,0.5824915824915825,0.14814814814814814,0.037037037037037035,0.23232323232323232,0.7676767676767676,0.18518518518518517,180.0,124.0,0.4111111111111111,0.6166666666666667,0.6555555555555556
2066,0.5420875420875421,0.1750841750841751,0.06060606060606061,0.2222222222222222,0.7777777777777778,0.2356902356902357,190.0,142.0,0.3526315789473684,0.5947368421052631,0.6789473684210526
2067,0.5723905723905723,0.16498316498316498,0.050505050505050504,0.21212121212121213,0.7878787878787878,0.21548821548821548,183.0,124.0,0.3989071038251366,0.6174863387978142,0.6775956284153005
2068,0.5723905723905723,0.18181818181818182,0.04040404040404041,0.2053872053872054,0.7946127946127947,0.2222222222222222,182.0,122.0,0.4065934065934066,0.6483516483516484,0.6923076923076923
2069,0.5723905723905723,0.15488215488215487,0.03367003367003367,0.23905723905723905,0.7609427609427609,0.18855218855218855,185.0,127.0,0.3891891891891892,0.6,0.6486486486486487
2070,0.5488215488215489,0.18181818181818182,0.030303030303030304,0.23905723905723905,0.7609427609427609,0.21212121212121213,193.0,151.0,0.37305699481865284,0.6113989637305699,0.6580310880829016
2071,0.5723905723905723,0.1717171717171717,0.04040404040404041,0.21548821548821548,0.7845117845117845,0.21212121212121213,186.0,136.0,0.4032258064516129,0.6290322580645161,0.6774193548387096
2072,0.5050505050505051,0.19865319865319866,0.04377104377104377,0.25252525252525254,0.7474747474747475,0.24242424242424243,193.0,142.0,0.34196891191709844,0.5751295336787565,0.6321243523316062
2073,0.5521885521885522,0.1447811447811448,0.07407407407407407,0.22895622895622897,0.7710437710437711,0.21885521885521886,197.0,149.0,0.3756345177664975,0.5634517766497462,0.6700507614213198
2074,0.5656565656565656,0.16161616161616163,0.03367003367003367,0.23905723905723905,0.7609427609427609,0.19528619528619529,189.0,136.0,0.3915343915343915,0.5978835978835979,0.6455026455026455
2075,0.5824915824915825,0.18181818181818182,0.04377104377104377,0.1919191919191919,0.8080808080808081,0.2255892255892256,177.0,123.0,0.384180790960452,0.6497175141242938,0.7062146892655368
2076,0.5420875420875421,0.16835016835016836,0.05723905723905724,0.23232323232323232,0.7676767676767676,0.2255892255892256,193.0,146.0,0.37823834196891193,0.6062176165803109,0.6735751295336787
2077,0.5252525252525253,0.16161616161616163,0.030303030303030304,0.2828282828282828,0.7171717171717171,0.1919191919191919,198.0,151.0,0.36363636363636365,0.5707070707070707,0.6060606060606061
2078,0.5488215488215489,0.16835016835016836,0.050505050505050504,0.23232323232323232,0.7676767676767676,0.21885521885521886,197.0,149.0,0.3604060913705584,0.5989847715736041,0.6649746192893401
2079,0.569023569023569,0.1717171717171717,0.04713804713804714,0.21212121212121213,0.7878787878787878,0.21885521885521886,180.0,126.0,0.3888888888888889,0.6055555555555555,0.6777777777777778
2080,0.5387205387205387,0.16835016835016836,0.030303030303030304,0.26262626262626265,0.7373737373737373,0.19865319865319866,192.0,142.0,0.3541666666666667,0.5677083333333334,0.609375
2081,0.5252525252525253,0.18181818181818182,0.04377104377104377,0.24915824915824916,0.7508417508417509,0.2255892255892256,194.0,144.0,0.3402061855670103,0.5773195876288659,0.6288659793814433
2082,0.5555555555555556,0.1447811447811448,0.04040404040404041,0.25925925925925924,0.7407407407407407,0.18518518518518517,192.0,141.0,0.3802083333333333,0.5729166666666666,0.6354166666666666
2083,0.5353535353535354,0.16161616161616163,0.050505050505050504,0.25252525252525254,0.7474747474747475,0.21212121212121213,191.0,138.0,0.36649214659685864,0.581151832460733,0.6387434554973822
2084,0.5420875420875421,0.16498316498316498,0.05723905723905724,0.2356902356902357,0.7643097643097643,0.2222222222222222,193.0,142.0,0.37305699481865284,0.5854922279792746,0.6632124352331606
2085,0.5589225589225589,0.16498316498316498,0.05387205387205387,0.2222222222222222,0.7777777777777778,0.21885521885521886,189.0,137.0,0.3968253968253968,0.6031746031746031,0.6666666666666666
2086,0.5353535353535354,0.16835016835016836,0.05387205387205387,0.24242424242424243,0.7575757575757576,0.2222222222222222,191.0,145.0,0.3507853403141361,0.5549738219895288,0.6335078534031413
2087,0.5622895622895623,0.13131313131313133,0.04040404040404041,0.265993265993266,0.734006734006734,0.1717171717171717,194.0,142.0,0.37628865979381443,0.5618556701030928,0.6134020618556701
2088,0.531986531986532,0.18518518518518517,0.05387205387205387,0.22895622895622897,0.7710437710437711,0.23905723905723905,195.0,144.0,0.38974358974358975,0.6153846153846154,0.676923076923077
2089,0.5589225589225589,0.1919191919191919,0.04040404040404041,0.20875420875420875,0.7912457912457912,0.23232323232323232,186.0,132.0,0.40860215053763443,0.6290322580645161,0.6881720430107527
2090,0.5353535353535354,0.18181818181818182,0.05387205387205387,0.22895622895622897,0.7710437710437711,0.2356902356902357,184.0,124.0,0.3858695652173913,0.6032608695652174,0.6630434782608695
2091,0.5050505050505051,0.1750841750841751,0.04713804713804714,0.2727272727272727,0.7272727272727273,0.2222222222222222,199.0,149.0,0.35175879396984927,0.5477386934673367,0.6180904522613065
2092,0.5757575757575758,0.14814814814814814,0.04713804713804714,0.22895622895622897,0.7710437710437711,0.19528619528619529,185.0,130.0,0.41081081081081083,0.6162162162162163,0.6702702702702703
2093,0.5993265993265994,0.15824915824915825,0.04377104377104377,0.19865319865319866,0.8013468013468014,0.20202020202020202,182.0,123.0,0.4010989010989011,0.6373626373626373,0.6978021978021978
2094,0.569023569023569,0.16835016835016836,0.04040404040404041,0.2222222222222222,0.7777777777777778,0.20875420875420875,192.0,139.0,0.421875,0.625,0.6770833333333334
2095,0.5353535353535354,0.19865319865319866,0.050505050505050504,0.21548821548821548,0.7845117845117845,0.24915824915824916,190.0,138.0,0.3526315789473684,0.6052631578947368,0.6736842105263158
2096,0.5791245791245792,0.19865319865319866,0.03367003367003367,0.18855218855218855,0.8114478114478114,0.23232323232323232,185.0,135.0,0.4,0.6594594594594595,0.7081081081081081
2097,0.5656565656565656,0.13468013468013468,0.04713804713804714,0.25252525252525254,0.7474747474747475,0.18181818181818182,188.0,135.0,0.3723404255319149,0.5531914893617021,0.6170212765957447
2098,0.5622895622895623,0.1750841750841751,0.030303030303030304,0.23232323232323232,0.7676767676767676,0.2053872053872054,186.0,139.0,0.3709677419354839,0.6021505376344086,0.6397849462365591
2099,0.5387205387205387,0.1919191919191919,0.020202020202020204,0.24915824915824916,0.7508417508417509,0.21212121212121213,193.0,141.0,0.38341968911917096,0.6113989637305699,0.6424870466321243
2100,0.569023569023569,0.18518518518518517,0.026936026936026935,0.21885521885521886,0.7811447811447811,0.21212121212121213,182.0,121.0,0.43956043956043955,0.6373626373626373,0.6758241758241759
2101,0.5286195286195287,0.1919191919191919,0.06397306397306397,0.21548821548821548,0.7845117845117845,0.2558922558922559,185.0,133.0,0.3567567567567568,0.5945945945945946,0.6756756756756757
2102,0.5925925925925926,0.1414141414141414,0.04713804713804714,0.21885521885521886,0.7811447811447811,0.18855218855218855,183.0,129.0,0.4262295081967213,0.6229508196721312,0.6885245901639344
2103,0.5353535353535354,0.15824915824915825,0.04040404040404041,0.265993265993266,0.734006734006734,0.19865319865319866,190.0,140.0,0.35789473684210527,0.5526315789473685,0.6105263157894737
2104,0.5454545454545454,0.1447811447811448,0.037037037037037035,0.2727272727272727,0.7272727272727273,0.18181818181818182,191.0,141.0,0.3612565445026178,0.5654450261780105,0.6073298429319371
2105,0.5387205387205387,0.1447811447811448,0.04377104377104377,0.2727272727272727,0.7272727272727273,0.18855218855218855,204.0,155.0,0.37254901960784315,0.553921568627451,0.6127450980392157
2106,0.5723905723905723,0.1750841750841751,0.04713804713804714,0.2053872053872054,0.7946127946127947,0.2222222222222222,188.0,143.0,0.3829787234042553,0.6223404255319149,0.6914893617021277
2107,0.5420875420875421,0.17845117845117844,0.03367003367003367,0.24579124579124578,0.7542087542087542,0.21212121212121213,198.0,146.0,0.3686868686868687,0.5909090909090909,0.6363636363636364
2108,0.5824915824915825,0.16835016835016836,0.02356902356902357,0.2255892255892256,0.7744107744107744,0.1919191919191919,186.0,134.0,0.4032258064516129,0.6236559139784946,0.6612903225806451
2109,0.5387205387205387,0.20875420875420875,0.04713804713804714,0.2053872053872054,0.7946127946127947,0.2558922558922559,192.0,143.0,0.3802083333333333,0.6354166666666666,0.6927083333333334
2110,0.5252525252525253,0.18181818181818182,0.050505050505050504,0.24242424242424243,0.7575757575757576,0.23232323232323232,189.0,134.0,0.36507936507936506,0.5925925925925926,0.6613756613756614
2111,0.5454545454545454,0.18518518518518517,0.050505050505050504,0.21885521885521886,0.7811447811447811,0.2356902356902357,188.0,140.0,0.3776595744680851,0.6117021276595744,0.675531914893617
2112,0.5016835016835017,0.1919191919191919,0.04713804713804714,0.25925925925925924,0.7407407407407407,0.23905723905723905,195.0,143.0,0.3435897435897436,0.5794871794871795,0.6410256410256411
2113,0.531986531986532,0.16161616161616163,0.04377104377104377,0.26262626262626265,0.7373737373737373,0.2053872053872054,195.0,142.0,0.3641025641025641,0.5692307692307692,0.6256410256410256
2114,0.5521885521885522,0.16498316498316498,0.06060606060606061,0.2222222222222222,0.7777777777777778,0.2255892255892256,191.0,138.0,0.3717277486910995,0.5916230366492147,0.6649214659685864
2115,0.5488215488215489,0.16835016835016836,0.03367003367003367,0.24915824915824916,0.7508417508417509,0.20202020202020202,182.0,129.0,0.36813186813186816,0.5879120879120879,0.6318681318681318
2116,0.5454545454545454,0.20202020202020202,0.050505050505050504,0.20202020202020202,0.797979797979798,0.25252525252525254,200.0,153.0,0.385,0.645,0.705
2117,0.5117845117845118,0.19528619528619529,0.06397306397306397,0.22895622895622897,0.7710437710437711,0.25925925925925924,183.0,129.0,0.34972677595628415,0.5956284153005464,0.6666666666666666
2118,0.5420875420875421,0.1919191919191919,0.04713804713804714,0.21885521885521886,0.7811447811447811,0.23905723905723905,193.0,145.0,0.36787564766839376,0.6217616580310881,0.6839378238341969
2119,0.4983164983164983,0.1919191919191919,0.05387205387205387,0.2558922558922559,0.7441077441077442,0.24579124579124578,196.0,149.0,0.3163265306122449,0.576530612244898,0.6479591836734694
2120,0.5387205387205387,0.12794612794612795,0.04713804713804714,0.28619528619528617,0.7138047138047138,0.1750841750841751,200.0,152.0,0.355,0.525,0.585
2121,0.5185185185185185,0.1750841750841751,0.04377104377104377,0.26262626262626265,0.7373737373737373,0.21885521885521886,191.0,138.0,0.35602094240837695,0.5706806282722513,0.6230366492146597
2122,0.5656565656565656,0.16835016835016836,0.04713804713804714,0.21885521885521886,0.7811447811447811,0.21548821548821548,177.0,115.0,0.3898305084745763,0.615819209039548,0.6666666666666666
2123,0.569023569023569,0.1750841750841751,0.04713804713804714,0.20875420875420875,0.7912457912457912,0.2222222222222222,178.0,127.0,0.398876404494382,0.6123595505617978,0.6853932584269663
2124,0.5589225589225589,0.16161616161616163,0.06397306397306397,0.21548821548821548,0.7845117845117845,0.2255892255892256,182.0,130.0,0.36813186813186816,0.5989010989010989,0.6703296703296703
2125,0.5589225589225589,0.16161616161616163,0.050505050505050504,0.22895622895622897,0.7710437710437711,0.21212121212121213,181.0,125.0,0.40331491712707185,0.580110497237569,0.6464088397790055
2126,0.5656565656565656,0.15151515151515152,0.04040404040404041,0.24242424242424243,0.7575757575757576,0.1919191919191919,187.0,134.0,0.4117647058823529,0.6042780748663101,0.6577540106951871
2127,0.5925925925925926,0.1447811447811448,0.03367003367003367,0.22895622895622897,0.7710437710437711,0.17845117845117844,177.0,126.0,0.3898305084745763,0.5819209039548022,0.632768361581921
2128,0.5050505050505051,0.2053872053872054,0.026936026936026935,0.26262626262626265,0.7373737373737373,0.23232323232323232,198.0,147.0,0.35353535353535354,0.5858585858585859,0.6262626262626263
2129,0.5858585858585859,0.14814814814814814,0.04713804713804714,0.21885521885521886,0.7811447811447811,0.19528619528619529,181.0,132.0,0.40331491712707185,0.5966850828729282,0.6629834254143646
2130,0.5555555555555556,0.17845117845117844,0.03367003367003367,0.23232323232323232,0.7676767676767676,0.21212121212121213,189.0,144.0,0.37037037037037035,0.582010582010582,0.6349206349206349
2131,0.5286195286195287,0.18181818181818182,0.03367003367003367,0.2558922558922559,0.7441077441077442,0.21548821548821548,181.0,129.0,0.3867403314917127,0.585635359116022,0.6243093922651933
2132,0.49158249158249157,0.17845117845117844,0.037037037037037035,0.29292929292929293,0.7070707070707071,0.21548821548821548,204.0,149.0,0.3480392156862745,0.5588235294117647,0.6078431372549019
2133,0.4781144781144781,0.19528619528619529,0.06060606060606061,0.265993265993266,0.734006734006734,0.2558922558922559,192.0,144.0,0.3385416666666667,0.5625,0.6302083333333334
2134,0.5252525252525253,0.19528619528619529,0.04713804713804714,0.23232323232323232,0.7676767676767676,0.24242424242424243,187.0,136.0,0.35294117647058826,0.6042780748663101,0.6631016042780749
2135,0.5521885521885522,0.1750841750841751,0.02356902356902357,0.24915824915824916,0.7508417508417509,0.19865319865319866,187.0,134.0,0.3582887700534759,0.5882352941176471,0.6203208556149733
2136,0.5723905723905723,0.17845117845117844,0.04377104377104377,0.2053872053872054,0.7946127946127947,0.2222222222222222,180.0,130.0,0.36666666666666664,0.6166666666666667,0.6777777777777778
2137,0.5151515151515151,0.1919191919191919,0.04713804713804714,0.24579124579124578,0.7542087542087542,0.23905723905723905,198.0,142.0,0.3686868686868687,0.5909090909090909,0.6565656565656566
2138,0.5723905723905723,0.1750841750841751,0.037037037037037035,0.21548821548821548,0.7845117845117845,0.21212121212121213,180.0,128.0,0.3888888888888889,0.6222222222222222,0.6722222222222223
2139,0.5521885521885522,0.15151515151515152,0.05387205387205387,0.24242424242424243,0.7575757575757576,0.2053872053872054,193.0,145.0,0.36787564766839376,0.5595854922279793,0.6424870466321243
2140,0.5252525252525253,0.18181818181818182,0.05387205387205387,0.23905723905723905,0.7609427609427609,0.2356902356902357,194.0,141.0,0.3556701030927835,0.5773195876288659,0.6443298969072165
2141,0.5656565656565656,0.1750841750841751,0.04040404040404041,0.21885521885521886,0.7811447811447811,0.21548821548821548,193.0,139.0,0.40414507772020725,0.6321243523316062,0.6787564766839378
2142,0.5824915824915825,0.1750841750841751,0.04040404040404041,0.20202020202020202,0.797979797979798,0.21548821548821548,184.0,137.0,0.3804347826086957,0.625,0.6847826086956522
2143,0.5892255892255892,0.13131313131313133,0.05387205387205387,0.2255892255892256,0.7744107744107744,0.18518518518518517,187.0,133.0,0.39572192513368987,0.5614973262032086,0.6470588235294118
2144,0.48484848484848486,0.21548821548821548,0.06734006734006734,0.23232323232323232,0.7676767676767676,0.2828282828282828,198.0,153.0,0.35353535353535354,0.6060606060606061,0.6717171717171717
2145,0.5521885521885522,0.1717171717171717,0.04377104377104377,0.23232323232323232,0.7676767676767676,0.21548821548821548,184.0,134.0,0.375,0.5978260869565217,0.6630434782608695
2146,0.5218855218855218,0.18518518518518517,0.030303030303030304,0.26262626262626265,0.7373737373737373,0.21548821548821548,190.0,132.0,0.35789473684210527,0.5789473684210527,0.6210526315789474
2147,0.5387205387205387,0.15824915824915825,0.04713804713804714,0.2558922558922559,0.7441077441077442,0.2053872053872054,186.0,136.0,0.34408602150537637,0.5268817204301075,0.5967741935483871
2148,0.5454545454545454,0.1919191919191919,0.030303030303030304,0.23232323232323232,0.7676767676767676,0.2222222222222222,189.0,137.0,0.4021164021164021,0.6349206349206349,0.6772486772486772
2149,0.5218855218855218,0.18855218855218855,0.04040404040404041,0.24915824915824916,0.7508417508417509,0.22895622895622897,192.0,137.0,0.34375,0.5729166666666666,0.6354166666666666
2150,0.5387205387205387,0.18855218855218855,0.04377104377104377,0.22895622895622897,0.7710437710437711,0.23232323232323232,199.0,151.0,0.36683417085427134,0.6030150753768844,0.6683417085427136
2151,0.5185185185185185,0.17845117845117844,0.05387205387205387,0.24915824915824916,0.7508417508417509,0.23232323232323232,190.0,143.0,0.35789473684210527,0.5894736842105263,0.6421052631578947
2152,0.5117845117845118,0.15824915824915825,0.06734006734006734,0.26262626262626265,0.7373737373737373,0.2255892255892256,187.0,138.0,0.3422459893048128,0.5508021390374331,0.6203208556149733
2153,0.5353535353535354,0.20875420875420875,0.03367003367003367,0.2222222222222222,0.7777777777777778,0.24242424242424243,198.0,148.0,0.3787878787878788,0.6212121212121212,0.6717171717171717
2154,0.5858585858585859,0.15488215488215487,0.030303030303030304,0.22895622895622897,0.7710437710437711,0.18518518518518517,182.0,129.0,0.4010989010989011,0.6043956043956044,0.6373626373626373
2155,0.5488215488215489,0.16835016835016836,0.06397306397306397,0.21885521885521886,0.7811447811447811,0.23232323232323232,191.0,136.0,0.39790575916230364,0.6020942408376964,0.675392670157068
2156,0.5555555555555556,0.16161616161616163,0.030303030303030304,0.25252525252525254,0.7474747474747475,0.1919191919191919,186.0,141.0,0.3655913978494624,0.553763440860215,0.6021505376344086
2157,0.5420875420875421,0.17845117845117844,0.03367003367003367,0.24579124579124578,0.7542087542087542,0.21212121212121213,199.0,144.0,0.40703517587939697,0.6180904522613065,0.6683417085427136
2158,0.5622895622895623,0.15824915824915825,0.05387205387205387,0.2255892255892256,0.7744107744107744,0.21212121212121213,188.0,141.0,0.3882978723404255,0.601063829787234,0.6595744680851063
2159,0.5723905723905723,0.1717171717171717,0.04040404040404041,0.21548821548821548,0.7845117845117845,0.21212121212121213,189.0,137.0,0.4021164021164021,0.6190476190476191,0.6825396825396826
2160,0.5084175084175084,0.19528619528619529,0.0707070707070707,0.2255892255892256,0.7744107744107744,0.265993265993266,205.0,157.0,0.36097560975609755,0.6,0.697560975609756
2161,0.5117845117845118,0.16161616161616163,0.04713804713804714,0.27946127946127947,0.7205387205387206,0.20875420875420875,203.0,153.0,0.3694581280788177,0.5566502463054187,0.6108374384236454
2162,0.5555555555555556,0.18855218855218855,0.04377104377104377,0.21212121212121213,0.7878787878787878,0.23232323232323232,185.0,131.0,0.372972972972973,0.6162162162162163,0.6756756756756757
2163,0.5589225589225589,0.1447811447811448,0.05723905723905724,0.23905723905723905,0.7609427609427609,0.20202020202020202,188.0,132.0,0.3882978723404255,0.574468085106383,0.648936170212766
2164,0.5959595959595959,0.17845117845117844,0.04377104377104377,0.18181818181818182,0.8181818181818182,0.2222222222222222,183.0,130.0,0.41530054644808745,0.6502732240437158,0.7158469945355191
2165,0.5353535353535354,0.19865319865319866,0.037037037037037035,0.22895622895622897,0.7710437710437711,0.2356902356902357,181.0,127.0,0.36464088397790057,0.6077348066298343,0.6574585635359116
2166,0.5387205387205387,0.20875420875420875,0.05723905723905724,0.19528619528619529,0.8047138047138047,0.265993265993266,191.0,142.0,0.38219895287958117,0.6544502617801047,0.7172774869109948
2167,0.5791245791245792,0.17845117845117844,0.04040404040404041,0.20202020202020202,0.797979797979798,0.21885521885521886,178.0,123.0,0.39325842696629215,0.6292134831460674,0.6853932584269663
2168,0.5589225589225589,0.15824915824915825,0.02356902356902357,0.25925925925925924,0.7407407407407407,0.18181818181818182,195.0,142.0,0.38461538461538464,0.5897435897435898,0.6205128205128205
2169,0.5521885521885522,0.18181818181818182,0.05723905723905724,0.20875420875420875,0.7912457912457912,0.23905723905723905,193.0,139.0,0.40932642487046633,0.6269430051813472,0.694300518134715
2170,0.5757575757575758,0.15824915824915825,0.013468013468013467,0.25252525252525254,0.7474747474747475,0.1717171717171717,181.0,124.0,0.4088397790055249,0.6187845303867403,0.6353591160220995
2171,0.5252525252525253,0.16835016835016836,0.05387205387205387,0.25252525252525254,0.7474747474747475,0.2222222222222222,195.0,143.0,0.36923076923076925,0.5743589743589743,0.6410256410256411
2172,0.5589225589225589,0.19528619528619529,0.04713804713804714,0.19865319865319866,0.8013468013468014,0.24242424242424243,184.0,126.0,0.3858695652173913,0.6413043478260869,0.7065217391304348
2173,0.5521885521885522,0.1919191919191919,0.06397306397306397,0.1919191919191919,0.8080808080808081,0.2558922558922559,187.0,128.0,0.39037433155080214,0.6203208556149733,0.7112299465240641
2174,0.5050505050505051,0.2053872053872054,0.04040404040404041,0.24915824915824916,0.7508417508417509,0.24579124579124578,201.0,146.0,0.35323383084577115,0.6069651741293532,0.6517412935323383
2175,0.5858585858585859,0.15488215488215487,0.050505050505050504,0.20875420875420875,0.7912457912457912,0.2053872053872054,187.0,127.0,0.41711229946524064,0.6203208556149733,0.7005347593582888
2176,0.531986531986532,0.14814814814814814,0.04040404040404041,0.27946127946127947,0.7205387205387206,0.18855218855218855,201.0,161.0,0.35323383084577115,0.5472636815920398,0.5970149253731343
2177,0.5824915824915825,0.16835016835016836,0.04040404040404041,0.20875420875420875,0.7912457912457912,0.20875420875420875,178.0,127.0,0.38764044943820225,0.6348314606741573,0.6853932584269663
2178,0.5218855218855218,0.1750841750841751,0.026936026936026935,0.2760942760942761,0.7239057239057239,0.20202020202020202,190.0,146.0,0.34210526315789475,0.5631578947368421,0.5894736842105263
2179,0.5353535353535354,0.1717171717171717,0.04040404040404041,0.25252525252525254,0.7474747474747475,0.21212121212121213,181.0,132.0,0.34806629834254144,0.5469613259668509,0.6077348066298343
2180,0.5353535353535354,0.20875420875420875,0.037037037037037035,0.21885521885521886,0.7811447811447811,0.24579124579124578,187.0,133.0,0.39037433155080214,0.6363636363636364,0.679144385026738
2181,0.5353535353535354,0.15488215488215487,0.04377104377104377,0.265993265993266,0.734006734006734,0.19865319865319866,192.0,145.0,0.34375,0.5572916666666666,0.6145833333333334
2182,0.5488215488215489,0.18855218855218855,0.05723905723905724,0.2053872053872054,0.7946127946127947,0.24579124579124578,205.0,154.0,0.4,0.6439024390243903,0.7073170731707317
2183,0.5420875420875421,0.18181818181818182,0.037037037037037035,0.23905723905723905,0.7609427609427609,0.21885521885521886,187.0,134.0,0.3582887700534759,0.5828877005347594,0.6363636363636364
2184,0.5286195286195287,0.18855218855218855,0.06734006734006734,0.21548821548821548,0.7845117845117845,0.2558922558922559,199.0,146.0,0.3869346733668342,0.6080402010050251,0.6984924623115578
2185,0.5892255892255892,0.1414141414141414,0.026936026936026935,0.24242424242424243,0.7575757575757576,0.16835016835016836,179.0,121.0,0.39106145251396646,0.5865921787709497,0.6312849162011173
2186,0.5656565656565656,0.18181818181818182,0.03367003367003367,0.21885521885521886,0.7811447811447811,0.21548821548821548,189.0,138.0,0.3862433862433862,0.6296296296296297,0.671957671957672
2187,0.5723905723905723,0.2053872053872054,0.04377104377104377,0.17845117845117844,0.8215488215488216,0.24915824915824916,186.0,134.0,0.42473118279569894,0.6720430107526881,0.7258064516129032
2188,0.4882154882154882,0.16161616161616163,0.0707070707070707,0.27946127946127947,0.7205387205387206,0.23232323232323232,199.0,149.0,0.3316582914572864,0.5125628140703518,0.5979899497487438
2189,0.5387205387205387,0.19528619528619529,0.050505050505050504,0.21548821548821548,0.7845117845117845,0.24579124579124578,187.0,132.0,0.36363636363636365,0.6042780748663101,0.6631016042780749
2190,0.5488215488215489,0.15488215488215487,0.06060606060606061,0.2356902356902357,0.7643097643097643,0.21548821548821548,192.0,142.0,0.3802083333333333,0.5833333333333334,0.6510416666666666
2191,0.5151515151515151,0.1919191919191919,0.030303030303030304,0.26262626262626265,0.7373737373737373,0.2222222222222222,188.0,137.0,0.3351063829787234,0.574468085106383,0.6117021276595744
2192,0.5723905723905723,0.1750841750841751,0.02356902356902357,0.22895622895622897,0.7710437710437711,0.19865319865319866,193.0,142.0,0.40414507772020725,0.6424870466321243,0.6787564766839378
2193,0.5016835016835017,0.19865319865319866,0.06060606060606061,0.23905723905723905,0.7609427609427609,0.25925925925925924,194.0,147.0,0.31958762886597936,0.5773195876288659,0.6494845360824743
2194,0.5488215488215489,0.1447811447811448,0.0707070707070707,0.2356902356902357,0.7643097643097643,0.21548821548821548,191.0,141.0,0.38219895287958117,0.5497382198952879,0.643979057591623
2195,0.5488215488215489,0.1750841750841751,0.05387205387205387,0.2222222222222222,0.7777777777777778,0.22895622895622897,183.0,129.0,0.3825136612021858,0.6174863387978142,0.6830601092896175
2196,0.5117845117845118,0.16498316498316498,0.050505050505050504,0.2727272727272727,0.7272727272727273,0.21548821548821548,203.0,156.0,0.3645320197044335,0.5763546798029556,0.625615763546798
2197,0.5622895622895623,0.15151515151515152,0.04377104377104377,0.24242424242424243,0.7575757575757576,0.19528619528619529,187.0,130.0,0.39572192513368987,0.5828877005347594,0.6417112299465241
2198,0.5353535353535354,0.18181818181818182,0.06397306397306397,0.21885521885521886,0.7811447811447811,0.24579124579124578,196.0,137.0,0.3877551020408163,0.5969387755102041,0.6836734693877551
2199,0.5151515151515151,0.17845117845117844,0.026936026936026935,0.27946127946127947,0.7205387205387206,0.2053872053872054,198.0,144.0,0.35353535353535354,0.5707070707070707,0.6060606060606061
2200,0.5589225589225589,0.15824915824915825,0.04713804713804714,0.2356902356902357,0.7643097643097643,0.2053872053872054,179.0,131.0,0.36312849162011174,0.5698324022346368,0.6312849162011173
2201,0.5858585858585859,0.19528619528619529,0.04040404040404041,0.17845117845117844,0.8215488215488216,0.2356902356902357,190.0,142.0,0.39473684210526316,0.6684210526315789,0.7263157894736842
2202,0.5993265993265994,0.15488215488215487,0.05387205387205387,0.1919191919191919,0.8080808080808081,0.20875420875420875,181.0,130.0,0.4198895027624309,0.6243093922651933,0.6961325966850829
2203,0.5656565656565656,0.16161616161616163,0.026936026936026935,0.24579124579124578,0.7542087542087542,0.18855218855218855,187.0,134.0,0.39037433155080214,0.5935828877005348,0.6363636363636364
2204,0.5656565656565656,0.16161616161616163,0.04040404040404041,0.23232323232323232,0.7676767676767676,0.20202020202020202,192.0,141.0,0.3958333333333333,0.6041666666666666,0.6614583333333334
2205,0.5858585858585859,0.16161616161616163,0.04040404040404041,0.21212121212121213,0.7878787878787878,0.20202020202020202,184.0,135.0,0.4076086956521739,0.6141304347826086,0.6739130434782609
2206,0.5824915824915825,0.1750841750841751,0.04377104377104377,0.19865319865319866,0.8013468013468014,0.21885521885521886,174.0,115.0,0.41954022988505746,0.6494252873563219,0.7068965517241379
2207,0.5387205387205387,0.15824915824915825,0.06060606060606061,0.24242424242424243,0.7575757575757576,0.21885521885521886,192.0,136.0,0.3958333333333333,0.5833333333333334,0.65625
2208,0.5084175084175084,0.16498316498316498,0.06734006734006734,0.25925925925925924,0.7407407407407407,0.23232323232323232,204.0,160.0,0.3480392156862745,0.5637254901960784,0.6617647058823529
2209,0.5925925925925926,0.15488215488215487,0.030303030303030304,0.2222222222222222,0.7777777777777778,0.18518518518518517,188.0,136.0,0.4095744680851064,0.6276595744680851,0.6702127659574468
2210,0.5723905723905723,0.1447811447811448,0.05387205387205387,0.22895622895622897,0.7710437710437711,0.19865319865319866,186.0,134.0,0.3924731182795699,0.5806451612903226,0.6612903225806451
2211,0.5589225589225589,0.16161616161616163,0.050505050505050504,0.22895622895622897,0.7710437710437711,0.21212121212121213,179.0,128.0,0.36312849162011174,0.5810055865921788,0.6536312849162011
2212,0.5454545454545454,0.2053872053872054,0.050505050505050504,0.19865319865319866,0.8013468013468014,0.2558922558922559,187.0,136.0,0.39572192513368987,0.6524064171122995,0.7058823529411765
2213,0.5420875420875421,0.19865319865319866,0.04713804713804714,0.21212121212121213,0.7878787878787878,0.24579124579124578,187.0,128.0,0.37967914438502676,0.6203208556149733,0.6898395721925134
2214,0.5387205387205387,0.16161616161616163,0.050505050505050504,0.24915824915824916,0.7508417508417509,0.21212121212121213,193.0,146.0,0.37305699481865284,0.5751295336787565,0.6424870466321243
2215,0.5723905723905723,0.16161616161616163,0.037037037037037035,0.22895622895622897,0.7710437710437711,0.19865319865319866,192.0,143.0,0.390625,0.59375,0.6510416666666666
2216,0.5454545454545454,0.14814814814814814,0.07407407407407407,0.23232323232323232,0.7676767676767676,0.2222222222222222,193.0,136.0,0.38860103626943004,0.5751295336787565,0.6528497409326425
2217,0.5252525252525253,0.16835016835016836,0.05723905723905724,0.24915824915824916,0.7508417508417509,0.2255892255892256,197.0,142.0,0.36548223350253806,0.5736040609137056,0.649746192893401
2218,0.5858585858585859,0.15151515151515152,0.04040404040404041,0.2222222222222222,0.7777777777777778,0.1919191919191919,182.0,128.0,0.4065934065934066,0.6098901098901099,0.6648351648351648
2219,0.5925925925925926,0.1414141414141414,0.04377104377104377,0.2222222222222222,0.7777777777777778,0.18518518518518517,185.0,126.0,0.41621621621621624,0.5945945945945946,0.6594594594594595
2220,0.5757575757575758,0.20202020202020202,0.04040404040404041,0.18181818181818182,0.8181818181818182,0.24242424242424243,189.0,135.0,0.3968253968253968,0.6507936507936508,0.7142857142857143
2221,0.5656565656565656,0.18855218855218855,0.03367003367003367,0.21212121212121213,0.7878787878787878,0.2222222222222222,184.0,127.0,0.391304347826087,0.6141304347826086,0.6684782608695652
2222,0.5185185185185185,0.18518518518518517,0.05387205387205387,0.24242424242424243,0.7575757575757576,0.23905723905723905,191.0,135.0,0.3612565445026178,0.581151832460733,0.6492146596858639
2223,0.5117845117845118,0.17845117845117844,0.037037037037037035,0.2727272727272727,0.7272727272727273,0.21548821548821548,190.0,137.0,0.3263157894736842,0.5421052631578948,0.6
2224,0.5589225589225589,0.1919191919191919,0.04713804713804714,0.20202020202020202,0.797979797979798,0.23905723905723905,180.0,124.0,0.40555555555555556,0.6333333333333333,0.6833333333333333
2225,0.5387205387205387,0.1750841750841751,0.06397306397306397,0.2222222222222222,0.7777777777777778,0.23905723905723905,177.0,127.0,0.3615819209039548,0.5536723163841808,0.6440677966101694
2226,0.5656565656565656,0.18855218855218855,0.05723905723905724,0.18855218855218855,0.8114478114478114,0.24579124579124578,184.0,135.0,0.3858695652173913,0.6358695652173914,0.7010869565217391
2227,0.5858585858585859,0.14814814814814814,0.030303030303030304,0.2356902356902357,0.7643097643097643,0.17845117845117844,178.0,123.0,0.3707865168539326,0.5898876404494382,0.6404494382022472
2228,0.5723905723905723,0.15488215488215487,0.04377104377104377,0.22895622895622897,0.7710437710437711,0.19865319865319866,197.0,149.0,0.41116751269035534,0.6243654822335025,0.6802030456852792
2229,0.5723905723905723,0.15488215488215487,0.050505050505050504,0.2222222222222222,0.7777777777777778,0.2053872053872054,184.0,127.0,0.3967391304347826,0.6195652173913043,0.6847826086956522
2230,0.5084175084175084,0.2053872053872054,0.05387205387205387,0.23232323232323232,0.7676767676767676,0.25925925925925924,189.0,136.0,0.37037037037037035,0.6031746031746031,0.671957671957672
2231,0.5521885521885522,0.16498316498316498,0.04377104377104377,0.23905723905723905,0.7609427609427609,0.20875420875420875,193.0,147.0,0.37305699481865284,0.5906735751295337,0.6476683937823834
2232,0.5387205387205387,0.18518518518518517,0.06060606060606061,0.21548821548821548,0.7845117845117845,0.24579124579124578,186.0,132.0,0.3709677419354839,0.6021505376344086,0.6666666666666666
2233,0.5387205387205387,0.19528619528619529,0.04040404040404041,0.2255892255892256,0.7744107744107744,0.2356902356902357,186.0,134.0,0.3655913978494624,0.6021505376344086,0.6559139784946236
2234,0.5387205387205387,0.18181818181818182,0.04713804713804714,0.23232323232323232,0.7676767676767676,0.22895622895622897,188.0,126.0,0.40425531914893614,0.6117021276595744,0.6648936170212766
2235,0.5622895622895623,0.18181818181818182,0.037037037037037035,0.21885521885521886,0.7811447811447811,0.21885521885521886,186.0,132.0,0.3924731182795699,0.6129032258064516,0.6720430107526881
2236,0.5824915824915825,0.14814814814814814,0.04713804713804714,0.2222222222222222,0.7777777777777778,0.19528619528619529,186.0,136.0,0.3978494623655914,0.5967741935483871,0.6666666666666666
2237,0.5521885521885522,0.17845117845117844,0.050505050505050504,0.21885521885521886,0.7811447811447811,0.22895622895622897,187.0,138.0,0.3689839572192513,0.5882352941176471,0.6577540106951871
2238,0.5521885521885522,0.15151515151515152,0.03367003367003367,0.26262626262626265,0.7373737373737373,0.18518518518518517,192.0,140.0,0.375,0.578125,0.625
2239,0.5185185185185185,0.20875420875420875,0.06734006734006734,0.2053872053872054,0.7946127946127947,0.2760942760942761,196.0,144.0,0.35714285714285715,0.6173469387755102,0.6989795918367347
2240,0.5555555555555556,0.1414141414141414,0.0707070707070707,0.23232323232323232,0.7676767676767676,0.21212121212121213,189.0,138.0,0.3968253968253968,0.582010582010582,0.656084656084656
2241,0.5387205387205387,0.20202020202020202,0.06397306397306397,0.19528619528619529,0.8047138047138047,0.265993265993266,197.0,144.0,0.39593908629441626,0.6395939086294417,0.7208121827411168
2242,0.5656565656565656,0.16161616161616163,0.06734006734006734,0.2053872053872054,0.7946127946127947,0.22895622895622897,187.0,139.0,0.3689839572192513,0.6042780748663101,0.6844919786096256
2243,0.5454545454545454,0.18181818181818182,0.037037037037037035,0.2356902356902357,0.7643097643097643,0.21885521885521886,192.0,139.0,0.3802083333333333,0.6041666666666666,0.6614583333333334
2244,0.5185185185185185,0.16498316498316498,0.04713804713804714,0.26936026936026936,0.7306397306397306,0.21212121212121213,199.0,150.0,0.35678391959798994,0.5728643216080402,0.628140703517588
2245,0.5117845117845118,0.19865319865319866,0.04040404040404041,0.24915824915824916,0.7508417508417509,0.23905723905723905,193.0,147.0,0.32124352331606215,0.5906735751295337,0.6269430051813472
2246,0.5521885521885522,0.15488215488215487,0.04713804713804714,0.24579124579124578,0.7542087542087542,0.20202020202020202,180.0,128.0,0.36666666666666664,0.5888888888888889,0.6388888888888888
2247,0.5791245791245792,0.15824915824915825,0.02356902356902357,0.23905723905723905,0.7609427609427609,0.18181818181818182,188.0,138.0,0.3829787234042553,0.601063829787234,0.6329787234042553
2248,0.5791245791245792,0.17845117845117844,0.04040404040404041,0.20202020202020202,0.797979797979798,0.21885521885521886,182.0,124.0,0.3956043956043956,0.6373626373626373,0.6923076923076923
2249,0.5656565656565656,0.19528619528619529,0.050505050505050504,0.18855218855218855,0.8114478114478114,0.24579124579124578,182.0,128.0,0.3791208791208791,0.6373626373626373,0.6978021978021978
2250,0.5824915824915825,0.14814814814814814,0.04040404040404041,0.22895622895622897,0.7710437710437711,0.18855218855218855,180.0,130.0,0.36666666666666664,0.5722222222222222,0.6333333333333333
2251,0.5387205387205387,0.1717171717171717,0.037037037037037035,0.25252525252525254,0.7474747474747475,0.20875420875420875,181.0,127.0,0.35911602209944754,0.56353591160221,0.6187845303867403
2252,0.5185185185185185,0.21885521885521886,0.04040404040404041,0.2222222222222222,0.7777777777777778,0.25925925925925924,189.0,135.0,0.3544973544973545,0.6084656084656085,0.6613756613756614
2253,0.5488215488215489,0.15151515151515152,0.04713804713804714,0.25252525252525254,0.7474747474747475,0.19865319865319866,191.0,142.0,0.387434554973822,0.5916230366492147,0.6492146596858639
2254,0.569023569023569,0.16498316498316498,0.06397306397306397,0.20202020202020202,0.797979797979798,0.22895622895622897,181.0,123.0,0.3867403314917127,0.6243093922651933,0.6906077348066298
2255,0.5218855218855218,0.16498316498316498,0.04377104377104377,0.26936026936026936,0.7306397306397306,0.20875420875420875,198.0,143.0,0.37373737373737376,0.5808080808080808,0.6363636363636364
2256,0.5656565656565656,0.16161616161616163,0.050505050505050504,0.2222222222222222,0.7777777777777778,0.21212121212121213,188.0,139.0,0.3882978723404255,0.6117021276595744,0.6648936170212766
2257,0.5656565656565656,0.16161616161616163,0.03367003367003367,0.23905723905723905,0.7609427609427609,0.19528619528619529,183.0,122.0,0.40437158469945356,0.6174863387978142,0.6612021857923497
2258,0.5723905723905723,0.17845117845117844,0.06397306397306397,0.18518518518518517,0.8148148148148148,0.24242424242424243,184.0,138.0,0.4076086956521739,0.6413043478260869,0.717391304347826
2259,0.5387205387205387,0.16161616161616163,0.04713804713804714,0.25252525252525254,0.7474747474747475,0.20875420875420875,190.0,136.0,0.3631578947368421,0.5684210526315789,0.6210526315789474
2260,0.5218855218855218,0.20202020202020202,0.04713804713804714,0.22895622895622897,0.7710437710437711,0.24915824915824916,180.0,122.0,0.35555555555555557,0.5833333333333334,0.65
2261,0.5454545454545454,0.17845117845117844,0.06397306397306397,0.21212121212121213,0.7878787878787878,0.24242424242424243,182.0,131.0,0.38461538461538464,0.5989010989010989,0.6703296703296703
2262,0.5387205387205387,0.1750841750841751,0.04377104377104377,0.24242424242424243,0.7575757575757576,0.21885521885521886,190.0,136.0,0.3631578947368421,0.5684210526315789,0.6263157894736842
2263,0.5387205387205387,0.15151515151515152,0.04713804713804714,0.26262626262626265,0.7373737373737373,0.19865319865319866,193.0,140.0,0.38860103626943004,0.5699481865284974,0.6321243523316062
2264,0.5791245791245792,0.15488215488215487,0.04377104377104377,0.2222222222222222,0.7777777777777778,0.19865319865319866,186.0,134.0,0.41397849462365593,0.6129032258064516,0.6666666666666666
2265,0.5959595959595959,0.1717171717171717,0.050505050505050504,0.18181818181818182,0.8181818181818182,0.2222222222222222,178.0,127.0,0.4044943820224719,0.6460674157303371,0.7134831460674157
2266,0.5757575757575758,0.20875420875420875,0.020202020202020204,0.19528619528619529,0.8047138047138047,0.22895622895622897,184.0,136.0,0.3858695652173913,0.6684782608695652,0.6956521739130435
2267,0.5218855218855218,0.14814814814814814,0.050505050505050504,0.27946127946127947,0.7205387205387206,0.19865319865319866,192.0,140.0,0.3541666666666667,0.53125,0.5833333333333334
2268,0.5589225589225589,0.16161616161616163,0.050505050505050504,0.22895622895622897,0.7710437710437711,0.21212121212121213,187.0,136.0,0.37967914438502676,0.6149732620320856,0.6684491978609626
2269,0.5420875420875421,0.1414141414141414,0.07744107744107744,0.23905723905723905,0.7609427609427609,0.21885521885521886,188.0,133.0,0.3776595744680851,0.5531914893617021,0.648936170212766
2270,0.5589225589225589,0.15488215488215487,0.06397306397306397,0.2222222222222222,0.7777777777777778,0.21885521885521886,187.0,138.0,0.37433155080213903,0.5775401069518716,0.6577540106951871
2271,0.5824915824915825,0.1717171717171717,0.04377104377104377,0.20202020202020202,0.797979797979798,0.21548821548821548,174.0,115.0,0.41379310344827586,0.632183908045977,0.6954022988505747
2272,0.5521885521885522,0.1750841750841751,0.04377104377104377,0.22895622895622897,0.7710437710437711,0.21885521885521886,185.0,133.0,0.40540540540540543,0.6,0.654054054054054
2273,0.5420875420875421,0.18855218855218855,0.05387205387205387,0.21548821548821548,0.7845117845117845,0.24242424242424243,186.0,127.0,0.3655913978494624,0.5913978494623656,0.6559139784946236
2274,0.5858585858585859,0.15824915824915825,0.05387205387205387,0.20202020202020202,0.797979797979798,0.21212121212121213,178.0,123.0,0.39325842696629215,0.6123595505617978,0.6741573033707865
2275,0.5757575757575758,0.15824915824915825,0.037037037037037035,0.22895622895622897,0.7710437710437711,0.19528619528619529,173.0,120.0,0.37572254335260113,0.5606936416184971,0.6242774566473989
2276,0.5218855218855218,0.1919191919191919,0.07407407407407407,0.21212121212121213,0.7878787878787878,0.265993265993266,189.0,132.0,0.37566137566137564,0.6137566137566137,0.6931216931216931
2277,0.5555555555555556,0.13468013468013468,0.06397306397306397,0.24579124579124578,0.7542087542087542,0.19865319865319866,188.0,139.0,0.3829787234042553,0.5691489361702128,0.6329787234042553
2278,0.5824915824915825,0.14814814814814814,0.050505050505050504,0.21885521885521886,0.7811447811447811,0.19865319865319866,181.0,121.0,0.43646408839779005,0.6132596685082873,0.6795580110497238
2279,0.5488215488215489,0.17845117845117844,0.04040404040404041,0.23232323232323232,0.7676767676767676,0.21885521885521886,194.0,149.0,0.38144329896907214,0.6030927835051546,0.6597938144329897
2280,0.49158249158249157,0.1717171717171717,0.05387205387205387,0.2828282828282828,0.7171717171717171,0.2255892255892256,195.0,148.0,0.3230769230769231,0.5435897435897435,0.6051282051282051
2281,0.5488215488215489,0.18181818181818182,0.05387205387205387,0.21548821548821548,0.7845117845117845,0.2356902356902357,183.0,134.0,0.3770491803278688,0.6065573770491803,0.6666666666666666
2282,0.5993265993265994,0.1447811447811448,0.04040404040404041,0.21548821548821548,0.7845117845117845,0.18518518518518517,178.0,128.0,0.4044943820224719,0.6067415730337079,0.651685393258427
2283,0.5521885521885522,0.15824915824915825,0.04713804713804714,0.24242424242424243,0.7575757575757576,0.2053872053872054,183.0,133.0,0.3879781420765027,0.5792349726775956,0.639344262295082
2284,0.5858585858585859,0.19528619528619529,0.02356902356902357,0.19528619528619529,0.8047138047138047,0.21885521885521886,179.0,121.0,0.39664804469273746,0.6536312849162011,0.6927374301675978
2285,0.5824915824915825,0.18518518518518517,0.013468013468013467,0.21885521885521886,0.7811447811447811,0.19865319865319866,175.0,122.0,0.41714285714285715,0.6514285714285715,0.6742857142857143
2286,0.6060606060606061,0.19865319865319866,0.03367003367003367,0.16161616161616163,0.8383838383838383,0.23232323232323232,176.0,120.0,0.42613636363636365,0.6704545454545454,0.7272727272727273
2287,0.5824915824915825,0.1750841750841751,0.04377104377104377,0.19865319865319866,0.8013468013468014,0.21885521885521886,187.0,133.0,0.42780748663101603,0.6577540106951871,0.7005347593582888
2288,0.5622895622895623,0.18855218855218855,0.04713804713804714,0.20202020202020202,0.797979797979798,0.2356902356902357,183.0,124.0,0.4098360655737705,0.6229508196721312,0.6830601092896175
2289,0.6127946127946128,0.11447811447811448,0.030303030303030304,0.24242424242424243,0.7575757575757576,0.1447811447811448,176.0,126.0,0.4090909090909091,0.5681818181818182,0.6193181818181818
2290,0.5353535353535354,0.1717171717171717,0.030303030303030304,0.26262626262626265,0.7373737373737373,0.20202020202020202,192.0,146.0,0.3541666666666667,0.578125,0.6145833333333334
2291,0.5387205387205387,0.1717171717171717,0.05723905723905724,0.23232323232323232,0.7676767676767676,0.22895622895622897,190.0,139.0,0.3684210526315789,0.5894736842105263,0.6736842105263158
2292,0.5555555555555556,0.1750841750841751,0.04713804713804714,0.2222222222222222,0.7777777777777778,0.2222222222222222,183.0,128.0,0.3825136612021858,0.6010928961748634,0.6721311475409836
2293,0.5286195286195287,0.20202020202020202,0.037037037037037035,0.23232323232323232,0.7676767676767676,0.23905723905723905,197.0,141.0,0.3553299492385787,0.6243654822335025,0.6700507614213198
2294,0.5589225589225589,0.1919191919191919,0.03367003367003367,0.21548821548821548,0.7845117845117845,0.2255892255892256,184.0,133.0,0.358695652173913,0.6086956521739131,0.657608695652174
2295,0.5555555555555556,0.18855218855218855,0.037037037037037035,0.21885521885521886,0.7811447811447811,0.2255892255892256,182.0,128.0,0.3901098901098901,0.6428571428571429,0.6868131868131868
2296,0.5420875420875421,0.1447811447811448,0.07407407407407407,0.23905723905723905,0.7609427609427609,0.21885521885521886,188.0,128.0,0.3776595744680851,0.5638297872340425,0.648936170212766
2297,0.5791245791245792,0.16835016835016836,0.03367003367003367,0.21885521885521886,0.7811447811447811,0.20202020202020202,185.0,129.0,0.43243243243243246,0.6108108108108108,0.6648648648648648
2298,0.6195286195286195,0.13131313131313133,0.03367003367003367,0.21548821548821548,0.7845117845117845,0.16498316498316498,184.0,131.0,0.41304347826086957,0.5978260869565217,0.6521739130434783
2299,0.5420875420875421,0.16835016835016836,0.04040404040404041,0.24915824915824916,0.7508417508417509,0.20875420875420875,196.0,150.0,0.3622448979591837,0.5918367346938775,0.6326530612244898
2300,0.49158249158249157,0.16161616161616163,0.04713804713804714,0.2996632996632997,0.7003367003367004,0.20875420875420875,201.0,148.0,0.3333333333333333,0.5323383084577115,0.5870646766169154
2301,0.5084175084175084,0.20202020202020202,0.06397306397306397,0.2255892255892256,0.7744107744107744,0.265993265993266,186.0,128.0,0.3709677419354839,0.6236559139784946,0.6935483870967742
2302,0.5723905723905723,0.16498316498316498,0.04713804713804714,0.21548821548821548,0.7845117845117845,0.21212121212121213,190.0,135.0,0.41578947368421054,0.6105263157894737,0.6736842105263158
2303,0.5353535353535354,0.18518518518518517,0.04377104377104377,0.2356902356902357,0.7643097643097643,0.22895622895622897,199.0,153.0,0.38190954773869346,0.592964824120603,0.6582914572864321
2304,0.569023569023569,0.20202020202020202,0.026936026936026935,0.20202020202020202,0.797979797979798,0.22895622895622897,187.0,130.0,0.40106951871657753,0.679144385026738,0.7112299465240641
2305,0.569023569023569,0.16835016835016836,0.04377104377104377,0.21885521885521886,0.7811447811447811,0.21212121212121213,178.0,117.0,0.38764044943820225,0.5955056179775281,0.651685393258427
2306,0.5454545454545454,0.16498316498316498,0.03367003367003367,0.2558922558922559,0.7441077441077442,0.19865319865319866,191.0,142.0,0.38219895287958117,0.5968586387434555,0.6335078534031413
2307,0.5488215488215489,0.16161616161616163,0.0707070707070707,0.21885521885521886,0.7811447811447811,0.23232323232323232,193.0,141.0,0.39378238341968913,0.6113989637305699,0.6787564766839378
2308,0.5387205387205387,0.2053872053872054,0.050505050505050504,0.2053872053872054,0.7946127946127947,0.2558922558922559,190.0,139.0,0.3631578947368421,0.6157894736842106,0.6789473684210526
2309,0.6060606060606061,0.15824915824915825,0.06734006734006734,0.16835016835016836,0.8316498316498316,0.2255892255892256,176.0,122.0,0.42045454545454547,0.6363636363636364,0.7272727272727273
2310,0.5252525252525253,0.19865319865319866,0.03367003367003367,0.24242424242424243,0.7575757575757576,0.23232323232323232,183.0,131.0,0.3442622950819672,0.5956284153005464,0.644808743169399
2311,0.5925925925925926,0.12457912457912458,0.05723905723905724,0.2255892255892256,0.7744107744107744,0.18181818181818182,182.0,129.0,0.41208791208791207,0.5769230769230769,0.6483516483516484
2312,0.6161616161616161,0.11784511784511785,0.050505050505050504,0.21548821548821548,0.7845117845117845,0.16835016835016836,177.0,119.0,0.4124293785310734,0.576271186440678,0.655367231638418
2313,0.6161616161616161,0.15488215488215487,0.04377104377104377,0.18518518518518517,0.8148148148148148,0.19865319865319866,177.0,121.0,0.4180790960451977,0.632768361581921,0.7062146892655368
2314,0.5521885521885522,0.17845117845117844,0.03367003367003367,0.2356902356902357,0.7643097643097643,0.21212121212121213,189.0,141.0,0.3544973544973545,0.5978835978835979,0.6507936507936508
2315,0.5791245791245792,0.16498316498316498,0.050505050505050504,0.2053872053872054,0.7946127946127947,0.21548821548821548,181.0,122.0,0.4088397790055249,0.6298342541436464,0.7071823204419889
2316,0.569023569023569,0.1717171717171717,0.06734006734006734,0.1919191919191919,0.8080808080808081,0.23905723905723905,193.0,141.0,0.40414507772020725,0.6321243523316062,0.7202072538860104
2317,0.5757575757575758,0.15488215488215487,0.06397306397306397,0.2053872053872054,0.7946127946127947,0.21885521885521886,187.0,135.0,0.40106951871657753,0.6096256684491979,0.6951871657754011
2318,0.5555555555555556,0.1447811447811448,0.04377104377104377,0.2558922558922559,0.7441077441077442,0.18855218855218855,194.0,145.0,0.3711340206185567,0.5773195876288659,0.6288659793814433
2319,0.5723905723905723,0.17845117845117844,0.05723905723905724,0.1919191919191919,0.8080808080808081,0.2356902356902357,184.0,126.0,0.4076086956521739,0.6358695652173914,0.7065217391304348
2320,0.5488215488215489,0.19865319865319866,0.010101010101010102,0.24242424242424243,0.7575757575757576,0.20875420875420875,181.0,129.0,0.36464088397790057,0.6022099447513812,0.6187845303867403
2321,0.5420875420875421,0.1750841750841751,0.026936026936026935,0.2558922558922559,0.7441077441077442,0.20202020202020202,196.0,149.0,0.37755102040816324,0.5969387755102041,0.6377551020408163
2322,0.5521885521885522,0.1919191919191919,0.030303030303030304,0.2255892255892256,0.7744107744107744,0.2222222222222222,187.0,128.0,0.3689839572192513,0.6203208556149733,0.6577540106951871
2323,0.5521885521885522,0.1750841750841751,0.05723905723905724,0.21548821548821548,0.7845117845117845,0.23232323232323232,191.0,139.0,0.39267015706806285,0.6230366492146597,0.6963350785340314
2324,0.5521885521885522,0.15824915824915825,0.026936026936026935,0.26262626262626265,0.7373737373737373,0.18518518518518517,182.0,125.0,0.37362637362637363,0.5494505494505495,0.5879120879120879
2325,0.5387205387205387,0.16498316498316498,0.050505050505050504,0.24579124579124578,0.7542087542087542,0.21548821548821548,188.0,135.0,0.3829787234042553,0.5797872340425532,0.6382978723404256
2326,0.5589225589225589,0.15824915824915825,0.04377104377104377,0.23905723905723905,0.7609427609427609,0.20202020202020202,179.0,124.0,0.3743016759776536,0.5810055865921788,0.6256983240223464
2327,0.5454545454545454,0.18518518518518517,0.04377104377104377,0.2255892255892256,0.7744107744107744,0.22895622895622897,187.0,134.0,0.36363636363636365,0.6149732620320856,0.6737967914438503
2328,0.5858585858585859,0.13804713804713806,0.037037037037037035,0.23905723905723905,0.7609427609427609,0.1750841750841751,193.0,139.0,0.42487046632124353,0.6010362694300518,0.6476683937823834
2329,0.5488215488215489,0.16498316498316498,0.04377104377104377,0.24242424242424243,0.7575757575757576,0.20875420875420875,187.0,130.0,0.37967914438502676,0.5882352941176471,0.6470588235294118
2330,0.5622895622895623,0.16498316498316498,0.06060606060606061,0.21212121212121213,0.7878787878787878,0.2255892255892256,189.0,130.0,0.3968253968253968,0.6084656084656085,0.6984126984126984
2331,0.5454545454545454,0.16835016835016836,0.04377104377104377,0.24242424242424243,0.7575757575757576,0.21212121212121213,189.0,136.0,0.37566137566137564,0.5925925925925926,0.6507936507936508
2332,0.5993265993265994,0.14814814814814814,0.037037037037037035,0.21548821548821548,0.7845117845117845,0.18518518518518517,182.0,131.0,0.4230769230769231,0.6318681318681318,0.6648351648351648
2333,0.5185185185185185,0.18181818181818182,0.04377104377104377,0.2558922558922559,0.7441077441077442,0.2255892255892256,195.0,139.0,0.36923076923076925,0.5692307692307692,0.6307692307692307
2334,0.5420875420875421,0.1750841750841751,0.04713804713804714,0.2356902356902357,0.7643097643097643,0.2222222222222222,189.0,131.0,0.3915343915343915,0.6243386243386243,0.6772486772486772
2335,0.6127946127946128,0.1414141414141414,0.04377104377104377,0.20202020202020202,0.797979797979798,0.18518518518518517,170.0,119.0,0.43529411764705883,0.6294117647058823,0.6882352941176471
2336,0.5117845117845118,0.22895622895622897,0.04040404040404041,0.21885521885521886,0.7811447811447811,0.26936026936026936,198.0,148.0,0.3686868686868687,0.6313131313131313,0.6818181818181818
2337,0.5084175084175084,0.21885521885521886,0.04377104377104377,0.22895622895622897,0.7710437710437711,0.26262626262626265,202.0,154.0,0.3811881188118812,0.6287128712871287,0.6881188118811881
2338,0.5555555555555556,0.13804713804713806,0.037037037037037035,0.26936026936026936,0.7306397306397306,0.1750841750841751,198.0,145.0,0.41919191919191917,0.5858585858585859,0.6363636363636364
2339,0.5824915824915825,0.19528619528619529,0.050505050505050504,0.1717171717171717,0.8282828282828283,0.24579124579124578,171.0,111.0,0.4152046783625731,0.6666666666666666,0.7368421052631579
2340,0.5925925925925926,0.17845117845117844,0.04040404040404041,0.18855218855218855,0.8114478114478114,0.21885521885521886,181.0,132.0,0.40331491712707185,0.6574585635359116,0.7237569060773481
2341,0.5151515151515151,0.19528619528619529,0.04713804713804714,0.24242424242424243,0.7575757575757576,0.24242424242424243,192.0,136.0,0.3489583333333333,0.578125,0.6458333333333334
2342,0.5723905723905723,0.17845117845117844,0.02356902356902357,0.2255892255892256,0.7744107744107744,0.20202020202020202,182.0,121.0,0.4010989010989011,0.6263736263736264,0.6648351648351648
2343,0.5252525252525253,0.19528619528619529,0.04040404040404041,0.23905723905723905,0.7609427609427609,0.2356902356902357,193.0,137.0,0.38341968911917096,0.616580310880829,0.6632124352331606
2344,0.5252525252525253,0.17845117845117844,0.037037037037037035,0.25925925925925924,0.7407407407407407,0.21548821548821548,189.0,140.0,0.37037037037037035,0.5767195767195767,0.6296296296296297
2345,0.5387205387205387,0.15151515151515152,0.050505050505050504,0.25925925925925924,0.7407407407407407,0.20202020202020202,185.0,130.0,0.3621621621621622,0.5567567567567567,0.6270270270270271
2346,0.5117845117845118,0.1919191919191919,0.04713804713804714,0.24915824915824916,0.7508417508417509,0.23905723905723905,207.0,158.0,0.3526570048309179,0.5893719806763285,0.6521739130434783
2347,0.5622895622895623,0.15824915824915825,0.04040404040404041,0.23905723905723905,0.7609427609427609,0.19865319865319866,192.0,142.0,0.390625,0.5989583333333334,0.65625
2348,0.5286195286195287,0.16835016835016836,0.037037037037037035,0.265993265993266,0.734006734006734,0.2053872053872054,184.0,136.0,0.32065217391304346,0.5489130434782609,0.6032608695652174
2349,0.5016835016835017,0.1919191919191919,0.04713804713804714,0.25925925925925924,0.7407407407407407,0.23905723905723905,200.0,149.0,0.355,0.58,0.63
2350,0.5757575757575758,0.18181818181818182,0.03367003367003367,0.20875420875420875,0.7912457912457912,0.21548821548821548,184.0,129.0,0.3858695652173913,0.6413043478260869,0.6793478260869565
2351,0.5791245791245792,0.1717171717171717,0.04713804713804714,0.20202020202020202,0.797979797979798,0.21885521885521886,173.0,118.0,0.3815028901734104,0.6011560693641619,0.6763005780346821
2352,0.5353535353535354,0.15824915824915825,0.05723905723905724,0.24915824915824916,0.7508417508417509,0.21548821548821548,188.0,137.0,0.35638297872340424,0.5638297872340425,0.6382978723404256
2353,0.49158249158249157,0.15151515151515152,0.05723905723905724,0.2996632996632997,0.7003367003367004,0.20875420875420875,197.0,143.0,0.3401015228426396,0.5279187817258884,0.5989847715736041
2354,0.5488215488215489,0.19865319865319866,0.013468013468013467,0.23905723905723905,0.7609427609427609,0.21212121212121213,181.0,125.0,0.36464088397790057,0.6298342541436464,0.6519337016574586
2355,0.5791245791245792,0.16498316498316498,0.04377104377104377,0.21212121212121213,0.7878787878787878,0.20875420875420875,173.0,109.0,0.3988439306358382,0.6069364161849711,0.6473988439306358
2356,0.5387205387205387,0.16835016835016836,0.05723905723905724,0.2356902356902357,0.7643097643097643,0.2255892255892256,196.0,146.0,0.3673469387755102,0.5714285714285714,0.6530612244897959
2357,0.569023569023569,0.14814814814814814,0.02356902356902357,0.25925925925925924,0.7407407407407407,0.1717171717171717,192.0,145.0,0.3697916666666667,0.5833333333333334,0.6197916666666666
2358,0.5555555555555556,0.1750841750841751,0.04377104377104377,0.2255892255892256,0.7744107744107744,0.21885521885521886,197.0,143.0,0.41624365482233505,0.6294416243654822,0.6903553299492385
2359,0.5555555555555556,0.18855218855218855,0.04377104377104377,0.21212121212121213,0.7878787878787878,0.23232323232323232,186.0,134.0,0.3709677419354839,0.6182795698924731,0.6827956989247311
2360,0.5286195286195287,0.16161616161616163,0.05387205387205387,0.2558922558922559,0.7441077441077442,0.21548821548821548,194.0,145.0,0.34536082474226804,0.5618556701030928,0.6237113402061856
2361,0.5454545454545454,0.1750841750841751,0.04713804713804714,0.23232323232323232,0.7676767676767676,0.2222222222222222,191.0,141.0,0.3717277486910995,0.5968586387434555,0.6544502617801047
2362,0.5757575757575758,0.1414141414141414,0.06060606060606061,0.2222222222222222,0.7777777777777778,0.20202020202020202,179.0,125.0,0.3743016759776536,0.5698324022346368,0.6536312849162011
2363,0.5286195286195287,0.18181818181818182,0.04713804713804714,0.24242424242424243,0.7575757575757576,0.22895622895622897,182.0,134.0,0.34065934065934067,0.5824175824175825,0.6263736263736264
2364,0.5521885521885522,0.1717171717171717,0.05387205387205387,0.2222222222222222,0.7777777777777778,0.2255892255892256,192.0,139.0,0.3802083333333333,0.6041666666666666,0.6770833333333334
2365,0.5218855218855218,0.16498316498316498,0.04377104377104377,0.26936026936026936,0.7306397306397306,0.20875420875420875,200.0,147.0,0.37,0.57,0.615
2366,0.5286195286195287,0.1717171717171717,0.04713804713804714,0.25252525252525254,0.7474747474747475,0.21885521885521886,192.0,140.0,0.3645833333333333,0.5677083333333334,0.625
2367,0.531986531986532,0.14814814814814814,0.050505050505050504,0.26936026936026936,0.7306397306397306,0.19865319865319866,187.0,139.0,0.35294117647058826,0.5240641711229946,0.5935828877005348
2368,0.5420875420875421,0.16161616161616163,0.04040404040404041,0.2558922558922559,0.7441077441077442,0.20202020202020202,182.0,129.0,0.3901098901098901,0.5824175824175825,0.6318681318681318
2369,0.5656565656565656,0.15151515151515152,0.050505050505050504,0.23232323232323232,0.7676767676767676,0.20202020202020202,190.0,138.0,0.37894736842105264,0.5842105263157895,0.6526315789473685
2370,0.5521885521885522,0.16498316498316498,0.04040404040404041,0.24242424242424243,0.7575757575757576,0.2053872053872054,187.0,136.0,0.3689839572192513,0.5721925133689839,0.6310160427807486
2371,0.5892255892255892,0.1414141414141414,0.06734006734006734,0.20202020202020202,0.797979797979798,0.20875420875420875,180.0,125.0,0.4,0.5944444444444444,0.6888888888888889
2372,0.5387205387205387,0.19528619528619529,0.037037037037037035,0.22895622895622897,0.7710437710437711,0.23232323232323232,193.0,141.0,0.36787564766839376,0.6217616580310881,0.6683937823834197
2373,0.5420875420875421,0.1717171717171717,0.06734006734006734,0.21885521885521886,0.7811447811447811,0.23905723905723905,184.0,127.0,0.391304347826087,0.5869565217391305,0.6684782608695652
2374,0.5117845117845118,0.18181818181818182,0.04713804713804714,0.25925925925925924,0.7407407407407407,0.22895622895622897,199.0,150.0,0.33668341708542715,0.5778894472361809,0.6432160804020101
2375,0.5824915824915825,0.15488215488215487,0.050505050505050504,0.21212121212121213,0.7878787878787878,0.2053872053872054,181.0,127.0,0.39779005524861877,0.6132596685082873,0.6685082872928176
2376,0.6296296296296297,0.15824915824915825,0.05387205387205387,0.15824915824915825,0.8417508417508418,0.21212121212121213,173.0,131.0,0.41040462427745666,0.6589595375722543,0.7398843930635838
2377,0.569023569023569,0.15151515151515152,0.037037037037037035,0.24242424242424243,0.7575757575757576,0.18855218855218855,196.0,142.0,0.3979591836734694,0.6122448979591837,0.6632653061224489
2378,0.49158249158249157,0.21212121212121213,0.04040404040404041,0.2558922558922559,0.7441077441077442,0.25252525252525254,193.0,141.0,0.35233160621761656,0.5906735751295337,0.6476683937823834
2379,0.5589225589225589,0.16498316498316498,0.05387205387205387,0.2222222222222222,0.7777777777777778,0.21885521885521886,192.0,142.0,0.3802083333333333,0.5989583333333334,0.6770833333333334
2380,0.5353535353535354,0.18855218855218855,0.026936026936026935,0.24915824915824916,0.7508417508417509,0.21548821548821548,192.0,137.0,0.3541666666666667,0.5989583333333334,0.640625
2381,0.5521885521885522,0.18855218855218855,0.04040404040404041,0.21885521885521886,0.7811447811447811,0.22895622895622897,181.0,131.0,0.39226519337016574,0.6187845303867403,0.6629834254143646
2382,0.569023569023569,0.1717171717171717,0.04377104377104377,0.21548821548821548,0.7845117845117845,0.21548821548821548,187.0,131.0,0.40106951871657753,0.6256684491978609,0.679144385026738
2383,0.5656565656565656,0.18518518518518517,0.04713804713804714,0.20202020202020202,0.797979797979798,0.23232323232323232,190.0,133.0,0.37894736842105264,0.6210526315789474,0.6947368421052632
2384,0.5723905723905723,0.18518518518518517,0.037037037037037035,0.2053872053872054,0.7946127946127947,0.2222222222222222,188.0,133.0,0.39893617021276595,0.6382978723404256,0.6861702127659575
2385,0.5521885521885522,0.15488215488215487,0.04040404040404041,0.25252525252525254,0.7474747474747475,0.19528619528619529,191.0,138.0,0.3769633507853403,0.5916230366492147,0.6335078534031413
2386,0.5084175084175084,0.19528619528619529,0.04040404040404041,0.2558922558922559,0.7441077441077442,0.2356902356902357,190.0,136.0,0.34210526315789475,0.5894736842105263,0.6368421052631579
2387,0.5656565656565656,0.1447811447811448,0.04713804713804714,0.24242424242424243,0.7575757575757576,0.1919191919191919,180.0,132.0,0.3611111111111111,0.55,0.6222222222222222
2388,0.5252525252525253,0.18855218855218855,0.050505050505050504,0.2356902356902357,0.7643097643097643,0.23905723905723905,186.0,129.0,0.3548387096774194,0.5752688172043011,0.6451612903225806
2389,0.5454545454545454,0.18518518518518517,0.04040404040404041,0.22895622895622897,0.7710437710437711,0.2255892255892256,197.0,149.0,0.3553299492385787,0.6192893401015228,0.6700507614213198
2390,0.5218855218855218,0.1717171717171717,0.05387205387205387,0.25252525252525254,0.7474747474747475,0.2255892255892256,203.0,157.0,0.35960591133004927,0.5812807881773399,0.645320197044335
2391,0.5218855218855218,0.19865319865319866,0.05723905723905724,0.2222222222222222,0.7777777777777778,0.2558922558922559,184.0,136.0,0.3532608695652174,0.592391304347826,0.6739130434782609
2392,0.531986531986532,0.19865319865319866,0.04713804713804714,0.2222222222222222,0.7777777777777778,0.24579124579124578,191.0,143.0,0.3769633507853403,0.6020942408376964,0.6649214659685864
2393,0.5387205387205387,0.15824915824915825,0.05723905723905724,0.24579124579124578,0.7542087542087542,0.21548821548821548,197.0,148.0,0.350253807106599,0.5685279187817259,0.6345177664974619
2394,0.5521885521885522,0.15824915824915825,0.04040404040404041,0.24915824915824916,0.7508417508417509,0.19865319865319866,187.0,128.0,0.39037433155080214,0.5935828877005348,0.6577540106951871
2395,0.5353535353535354,0.13468013468013468,0.0707070707070707,0.25925925925925924,0.7407407407407407,0.2053872053872054,187.0,130.0,0.35294117647058826,0.5294117647058824,0.6149732620320856
2396,0.5454545454545454,0.17845117845117844,0.04377104377104377,0.23232323232323232,0.7676767676767676,0.2222222222222222,179.0,126.0,0.3687150837988827,0.5810055865921788,0.6368715083798883
2397,0.5892255892255892,0.18181818181818182,0.03367003367003367,0.19528619528619529,0.8047138047138047,0.21548821548821548,180.0,130.0,0.38333333333333336,0.6333333333333333,0.6888888888888889
2398,0.5555555555555556,0.17845117845117844,0.05387205387205387,0.21212121212121213,0.7878787878787878,0.23232323232323232,188.0,133.0,0.39361702127659576,0.6117021276595744,0.675531914893617
2399,0.5555555555555556,0.16498316498316498,0.05387205387205387,0.2255892255892256,0.7744107744107744,0.21885521885521886,187.0,135.0,0.39572192513368987,0.6096256684491979,0.6684491978609626
2400,0.5084175084175084,0.19865319865319866,0.04040404040404041,0.25252525252525254,0.7474747474747475,0.23905723905723905,196.0,140.0,0.3520408163265306,0.5816326530612245,0.6377551020408163
2401,0.5521885521885522,0.1919191919191919,0.037037037037037035,0.21885521885521886,0.7811447811447811,0.22895622895622897,192.0,138.0,0.3958333333333333,0.6354166666666666,0.6875
2402,0.5521885521885522,0.17845117845117844,0.020202020202020204,0.24915824915824916,0.7508417508417509,0.19865319865319866,188.0,134.0,0.3670212765957447,0.6117021276595744,0.6329787234042553
2403,0.5555555555555556,0.15488215488215487,0.050505050505050504,0.23905723905723905,0.7609427609427609,0.2053872053872054,190.0,137.0,0.3894736842105263,0.5894736842105263,0.6473684210526316
2404,0.5454545454545454,0.1919191919191919,0.04713804713804714,0.21548821548821548,0.7845117845117845,0.23905723905723905,196.0,146.0,0.37755102040816324,0.6122448979591837,0.6785714285714286
2405,0.5488215488215489,0.16835016835016836,0.030303030303030304,0.25252525252525254,0.7474747474747475,0.19865319865319866,187.0,135.0,0.35294117647058826,0.5828877005347594,0.6203208556149733
2406,0.5218855218855218,0.16498316498316498,0.050505050505050504,0.26262626262626265,0.7373737373737373,0.21548821548821548,205.0,160.0,0.37073170731707317,0.5707317073170731,0.6390243902439025
2407,0.494949494949495,0.19528619528619529,0.05387205387205387,0.2558922558922559,0.7441077441077442,0.24915824915824916,195.0,139.0,0.37435897435897436,0.6051282051282051,0.6564102564102564
2408,0.5892255892255892,0.1414141414141414,0.06060606060606061,0.20875420875420875,0.7912457912457912,0.20202020202020202,177.0,119.0,0.3785310734463277,0.5706214689265536,0.655367231638418
2409,0.531986531986532,0.20202020202020202,0.05723905723905724,0.20875420875420875,0.7912457912457912,0.25925925925925924,180.0,124.0,0.35555555555555557,0.6055555555555555,0.6833333333333333
2410,0.531986531986532,0.19528619528619529,0.04713804713804714,0.2255892255892256,0.7744107744107744,0.24242424242424243,192.0,144.0,0.3645833333333333,0.5989583333333334,0.6510416666666666
2411,0.5757575757575758,0.16161616161616163,0.04377104377104377,0.21885521885521886,0.7811447811447811,0.2053872053872054,181.0,129.0,0.40331491712707185,0.6298342541436464,0.6629834254143646
2412,0.5521885521885522,0.13804713804713806,0.07407407407407407,0.2356902356902357,0.7643097643097643,0.21212121212121213,198.0,145.0,0.398989898989899,0.5808080808080808,0.6565656565656566
2413,0.5151515151515151,0.20202020202020202,0.04040404040404041,0.24242424242424243,0.7575757575757576,0.24242424242424243,195.0,141.0,0.3487179487179487,0.6,0.6564102564102564
2414,0.5218855218855218,0.16498316498316498,0.04713804713804714,0.265993265993266,0.734006734006734,0.21212121212121213,195.0,140.0,0.3487179487179487,0.5743589743589743,0.6256410256410256
2415,0.5252525252525253,0.20202020202020202,0.04040404040404041,0.23232323232323232,0.7676767676767676,0.24242424242424243,191.0,139.0,0.387434554973822,0.612565445026178,0.6492146596858639
2416,0.5353535353535354,0.16835016835016836,0.06060606060606061,0.2356902356902357,0.7643097643097643,0.22895622895622897,202.0,157.0,0.36633663366336633,0.5841584158415841,0.6584158415841584
2417,0.5488215488215489,0.16835016835016836,0.04040404040404041,0.24242424242424243,0.7575757575757576,0.20875420875420875,189.0,135.0,0.3862433862433862,0.6031746031746031,0.656084656084656
2418,0.5555555555555556,0.15488215488215487,0.04040404040404041,0.24915824915824916,0.7508417508417509,0.19528619528619529,193.0,143.0,0.37305699481865284,0.5803108808290155,0.6373056994818653
2419,0.6161616161616161,0.18181818181818182,0.04040404040404041,0.16161616161616163,0.8383838383838383,0.2222222222222222,171.0,114.0,0.4269005847953216,0.6842105263157895,0.7485380116959064
2420,0.5353535353535354,0.20875420875420875,0.037037037037037035,0.21885521885521886,0.7811447811447811,0.24579124579124578,189.0,135.0,0.38095238095238093,0.6190476190476191,0.6666666666666666
2421,0.531986531986532,0.17845117845117844,0.06060606060606061,0.22895622895622897,0.7710437710437711,0.23905723905723905,202.0,156.0,0.3910891089108911,0.6138613861386139,0.6732673267326733
2422,0.494949494949495,0.20875420875420875,0.03367003367003367,0.26262626262626265,0.7373737373737373,0.24242424242424243,196.0,143.0,0.3469387755102041,0.5867346938775511,0.6224489795918368
2423,0.5084175084175084,0.21548821548821548,0.05723905723905724,0.21885521885521886,0.7811447811447811,0.2727272727272727,198.0,142.0,0.3484848484848485,0.6060606060606061,0.6818181818181818
2424,0.5454545454545454,0.19528619528619529,0.04040404040404041,0.21885521885521886,0.7811447811447811,0.2356902356902357,199.0,153.0,0.37185929648241206,0.628140703517588,0.6834170854271356
2425,0.5589225589225589,0.16161616161616163,0.04377104377104377,0.2356902356902357,0.7643097643097643,0.2053872053872054,193.0,145.0,0.38860103626943004,0.6113989637305699,0.6632124352331606
2426,0.5420875420875421,0.15824915824915825,0.04713804713804714,0.25252525252525254,0.7474747474747475,0.2053872053872054,182.0,125.0,0.3626373626373626,0.5604395604395604,0.6263736263736264
2427,0.5589225589225589,0.20875420875420875,0.030303030303030304,0.20202020202020202,0.797979797979798,0.23905723905723905,189.0,129.0,0.3915343915343915,0.6613756613756614,0.6931216931216931
2428,0.5353535353535354,0.18181818181818182,0.04713804713804714,0.2356902356902357,0.7643097643097643,0.22895622895622897,199.0,149.0,0.36683417085427134,0.6080402010050251,0.678391959798995
2429,0.6026936026936027,0.13804713804713806,0.037037037037037035,0.2222222222222222,0.7777777777777778,0.1750841750841751,179.0,128.0,0.39664804469273746,0.6145251396648045,0.664804469273743
2430,0.5117845117845118,0.18518518518518517,0.05387205387205387,0.24915824915824916,0.7508417508417509,0.23905723905723905,202.0,154.0,0.36633663366336633,0.5891089108910891,0.6534653465346535
2431,0.5925925925925926,0.2053872053872054,0.04040404040404041,0.16161616161616163,0.8383838383838383,0.24579124579124578,183.0,136.0,0.41530054644808745,0.6939890710382514,0.7595628415300546
2432,0.5218855218855218,0.1717171717171717,0.04713804713804714,0.25925925925925924,0.7407407407407407,0.21885521885521886,196.0,148.0,0.3469387755102041,0.5663265306122449,0.6377551020408163
2433,0.5892255892255892,0.1717171717171717,0.03367003367003367,0.2053872053872054,0.7946127946127947,0.2053872053872054,174.0,115.0,0.40804597701149425,0.632183908045977,0.6724137931034483
2434,0.569023569023569,0.15824915824915825,0.030303030303030304,0.24242424242424243,0.7575757575757576,0.18855218855218855,195.0,143.0,0.4,0.6051282051282051,0.6358974358974359
2435,0.5286195286195287,0.20202020202020202,0.037037037037037035,0.23232323232323232,0.7676767676767676,0.23905723905723905,180.0,128.0,0.37777777777777777,0.6055555555555555,0.6611111111111111
2436,0.5420875420875421,0.1717171717171717,0.04713804713804714,0.23905723905723905,0.7609427609427609,0.21885521885521886,192.0,139.0,0.3645833333333333,0.578125,0.6458333333333334
2437,0.5555555555555556,0.16835016835016836,0.04377104377104377,0.23232323232323232,0.7676767676767676,0.21212121212121213,189.0,138.0,0.36507936507936506,0.5925925925925926,0.6507936507936508
2438,0.5454545454545454,0.16161616161616163,0.030303030303030304,0.26262626262626265,0.7373737373737373,0.1919191919191919,192.0,134.0,0.3958333333333333,0.5989583333333334,0.6458333333333334
2439,0.5353535353535354,0.2356902356902357,0.050505050505050504,0.17845117845117844,0.8215488215488216,0.28619528619528617,187.0,134.0,0.3689839572192513,0.6684491978609626,0.7219251336898396
2440,0.5858585858585859,0.1717171717171717,0.04377104377104377,0.19865319865319866,0.8013468013468014,0.21548821548821548,187.0,135.0,0.39572192513368987,0.6310160427807486,0.6898395721925134
2441,0.632996632996633,0.11784511784511785,0.04377104377104377,0.2053872053872054,0.7946127946127947,0.16161616161616163,175.0,120.0,0.44571428571428573,0.6171428571428571,0.68
2442,0.5555555555555556,0.16835016835016836,0.020202020202020204,0.2558922558922559,0.7441077441077442,0.18855218855218855,186.0,132.0,0.3709677419354839,0.5913978494623656,0.6236559139784946
2443,0.5858585858585859,0.1447811447811448,0.05723905723905724,0.21212121212121213,0.7878787878787878,0.20202020202020202,174.0,122.0,0.3850574712643678,0.5977011494252874,0.6724137931034483
2444,0.5521885521885522,0.18181818181818182,0.05387205387205387,0.21212121212121213,0.7878787878787878,0.2356902356902357,183.0,127.0,0.3770491803278688,0.6284153005464481,0.6885245901639344
2445,0.5387205387205387,0.1414141414141414,0.04713804713804714,0.2727272727272727,0.7272727272727273,0.18855218855218855,184.0,128.0,0.3532608695652174,0.5434782608695652,0.6086956521739131
2446,0.5454545454545454,0.19528619528619529,0.037037037037037035,0.2222222222222222,0.7777777777777778,0.23232323232323232,183.0,137.0,0.366120218579235,0.6174863387978142,0.6612021857923497
2447,0.5185185185185185,0.14814814814814814,0.050505050505050504,0.2828282828282828,0.7171717171717171,0.19865319865319866,202.0,157.0,0.3415841584158416,0.5247524752475248,0.5891089108910891
2448,0.5589225589225589,0.16161616161616163,0.04713804713804714,0.23232323232323232,0.7676767676767676,0.20875420875420875,183.0,130.0,0.3879781420765027,0.5956284153005464,0.6612021857923497
2449,0.5185185185185185,0.19865319865319866,0.06397306397306397,0.21885521885521886,0.7811447811447811,0.26262626262626265,191.0,145.0,0.3507853403141361,0.5916230366492147,0.6701570680628273
2450,0.569023569023569,0.1750841750841751,0.037037037037037035,0.21885521885521886,0.7811447811447811,0.21212121212121213,187.0,136.0,0.39572192513368987,0.6256684491978609,0.6844919786096256
2451,0.5555555555555556,0.19528619528619529,0.030303030303030304,0.21885521885521886,0.7811447811447811,0.2255892255892256,184.0,129.0,0.3804347826086957,0.6413043478260869,0.6902173913043478
2452,0.5589225589225589,0.18518518518518517,0.050505050505050504,0.2053872053872054,0.7946127946127947,0.2356902356902357,192.0,141.0,0.390625,0.625,0.6979166666666666
2453,0.5656565656565656,0.1919191919191919,0.026936026936026935,0.21548821548821548,0.7845117845117845,0.21885521885521886,191.0,138.0,0.38219895287958117,0.6387434554973822,0.675392670157068
2454,0.6026936026936027,0.16161616161616163,0.04377104377104377,0.1919191919191919,0.8080808080808081,0.2053872053872054,184.0,131.0,0.41847826086956524,0.6467391304347826,0.717391304347826
2455,0.5016835016835017,0.18518518518518517,0.07407407407407407,0.23905723905723905,0.7609427609427609,0.25925925925925924,200.0,152.0,0.35,0.575,0.66
2456,0.5791245791245792,0.16498316498316498,0.04377104377104377,0.21212121212121213,0.7878787878787878,0.20875420875420875,174.0,116.0,0.40804597701149425,0.6206896551724138,0.6781609195402298
2457,0.5757575757575758,0.1447811447811448,0.04040404040404041,0.23905723905723905,0.7609427609427609,0.18518518518518517,181.0,132.0,0.3756906077348066,0.580110497237569,0.6353591160220995
2458,0.5656565656565656,0.20875420875420875,0.026936026936026935,0.19865319865319866,0.8013468013468014,0.2356902356902357,187.0,138.0,0.3689839572192513,0.6577540106951871,0.6898395721925134
2459,0.5757575757575758,0.16835016835016836,0.037037037037037035,0.21885521885521886,0.7811447811447811,0.2053872053872054,185.0,135.0,0.41081081081081083,0.6324324324324324,0.6810810810810811
2460,0.5420875420875421,0.18181818181818182,0.050505050505050504,0.2255892255892256,0.7744107744107744,0.23232323232323232,197.0,143.0,0.38071065989847713,0.6192893401015228,0.6751269035532995
2461,0.5757575757575758,0.15488215488215487,0.05723905723905724,0.21212121212121213,0.7878787878787878,0.21212121212121213,181.0,129.0,0.39779005524861877,0.6077348066298343,0.6795580110497238
2462,0.5892255892255892,0.15151515151515152,0.04713804713804714,0.21212121212121213,0.7878787878787878,0.19865319865319866,180.0,120.0,0.40555555555555556,0.6055555555555555,0.6722222222222223
2463,0.5723905723905723,0.1750841750841751,0.03367003367003367,0.21885521885521886,0.7811447811447811,0.20875420875420875,181.0,130.0,0.3867403314917127,0.6132596685082873,0.6629834254143646
2464,0.5353535353535354,0.17845117845117844,0.06734006734006734,0.21885521885521886,0.7811447811447811,0.24579124579124578,191.0,136.0,0.36649214659685864,0.6073298429319371,0.6858638743455497
2465,0.5589225589225589,0.14814814814814814,0.037037037037037035,0.2558922558922559,0.7441077441077442,0.18518518518518517,194.0,151.0,0.37628865979381443,0.5773195876288659,0.634020618556701
2466,0.5656565656565656,0.1717171717171717,0.05387205387205387,0.20875420875420875,0.7912457912457912,0.2255892255892256,188.0,135.0,0.39893617021276595,0.6223404255319149,0.6861702127659575
2467,0.5454545454545454,0.18518518518518517,0.04377104377104377,0.2255892255892256,0.7744107744107744,0.22895622895622897,185.0,127.0,0.3675675675675676,0.6054054054054054,0.6702702702702703
2468,0.5218855218855218,0.15824915824915825,0.037037037037037035,0.2828282828282828,0.7171717171717171,0.19528619528619529,194.0,142.0,0.3556701030927835,0.5412371134020618,0.5824742268041238
2469,0.5858585858585859,0.18855218855218855,0.04713804713804714,0.17845117845117844,0.8215488215488216,0.2356902356902357,174.0,118.0,0.39655172413793105,0.6551724137931034,0.7241379310344828
2470,0.4713804713804714,0.2255892255892256,0.04040404040404041,0.26262626262626265,0.7373737373737373,0.265993265993266,204.0,154.0,0.3333333333333333,0.5931372549019608,0.6470588235294118
2471,0.5286195286195287,0.1919191919191919,0.03367003367003367,0.24579124579124578,0.7542087542087542,0.2255892255892256,190.0,140.0,0.3684210526315789,0.5947368421052631,0.6473684210526316
2472,0.5218855218855218,0.16498316498316498,0.05723905723905724,0.2558922558922559,0.7441077441077442,0.2222222222222222,182.0,124.0,0.35714285714285715,0.5769230769230769,0.6373626373626373
2473,0.5286195286195287,0.2053872053872054,0.04040404040404041,0.2255892255892256,0.7744107744107744,0.24579124579124578,196.0,146.0,0.3826530612244898,0.6377551020408163,0.6785714285714286
2474,0.5622895622895623,0.18518518518518517,0.037037037037037035,0.21548821548821548,0.7845117845117845,0.2222222222222222,190.0,136.0,0.4052631578947368,0.6368421052631579,0.6842105263157895
2475,0.5387205387205387,0.15488215488215487,0.04377104377104377,0.26262626262626265,0.7373737373737373,0.19865319865319866,191.0,136.0,0.3717277486910995,0.5549738219895288,0.6178010471204188
2476,0.5117845117845118,0.18855218855218855,0.050505050505050504,0.24915824915824916,0.7508417508417509,0.23905723905723905,191.0,129.0,0.3717277486910995,0.5863874345549738,0.6596858638743456
2477,0.5589225589225589,0.16498316498316498,0.05387205387205387,0.2222222222222222,0.7777777777777778,0.21885521885521886,190.0,140.0,0.3631578947368421,0.5842105263157895,0.6631578947368421
2478,0.5757575757575758,0.12794612794612795,0.03367003367003367,0.26262626262626265,0.7373737373737373,0.16161616161616163,186.0,138.0,0.3709677419354839,0.543010752688172,0.5913978494623656
2479,0.5555555555555556,0.16835016835016836,0.050505050505050504,0.2255892255892256,0.7744107744107744,0.21885521885521886,195.0,145.0,0.36923076923076925,0.6,0.6666666666666666
2480,0.5420875420875421,0.18181818181818182,0.050505050505050504,0.2255892255892256,0.7744107744107744,0.23232323232323232,195.0,144.0,0.4,0.6153846153846154,0.676923076923077
2481,0.5555555555555556,0.13131313131313133,0.05387205387205387,0.25925925925925924,0.7407407407407407,0.18518518518518517,198.0,152.0,0.3939393939393939,0.5656565656565656,0.6313131313131313
2482,0.5420875420875421,0.21548821548821548,0.05723905723905724,0.18518518518518517,0.8148148148148148,0.2727272727272727,185.0,125.0,0.3945945945945946,0.654054054054054,0.7189189189189189
2483,0.5589225589225589,0.16161616161616163,0.04040404040404041,0.23905723905723905,0.7609427609427609,0.20202020202020202,185.0,136.0,0.3621621621621622,0.572972972972973,0.6270270270270271
2484,0.5858585858585859,0.13804713804713806,0.04040404040404041,0.2356902356902357,0.7643097643097643,0.17845117845117844,186.0,136.0,0.3817204301075269,0.5752688172043011,0.6344086021505376
2485,0.5555555555555556,0.17845117845117844,0.026936026936026935,0.23905723905723905,0.7609427609427609,0.2053872053872054,190.0,138.0,0.4,0.631578947368421,0.6684210526315789
2486,0.6060606060606061,0.13468013468013468,0.04377104377104377,0.21548821548821548,0.7845117845117845,0.17845117845117844,184.0,135.0,0.41847826086956524,0.6141304347826086,0.6684782608695652
2487,0.5084175084175084,0.18181818181818182,0.05723905723905724,0.25252525252525254,0.7474747474747475,0.23905723905723905,190.0,135.0,0.3473684210526316,0.5684210526315789,0.6526315789473685
2488,0.5420875420875421,0.18855218855218855,0.04713804713804714,0.2222222222222222,0.7777777777777778,0.2356902356902357,186.0,130.0,0.3763440860215054,0.6344086021505376,0.6935483870967742
2489,0.5420875420875421,0.1447811447811448,0.04713804713804714,0.265993265993266,0.734006734006734,0.1919191919191919,191.0,141.0,0.3717277486910995,0.5759162303664922,0.6387434554973822
2490,0.569023569023569,0.1717171717171717,0.04377104377104377,0.21548821548821548,0.7845117845117845,0.21548821548821548,181.0,131.0,0.3867403314917127,0.6187845303867403,0.6795580110497238
2491,0.5218855218855218,0.18181818181818182,0.050505050505050504,0.24579124579124578,0.7542087542087542,0.23232323232323232,199.0,147.0,0.35175879396984927,0.5728643216080402,0.6381909547738693
2492,0.5185185185185185,0.17845117845117844,0.04377104377104377,0.25925925925925924,0.7407407407407407,0.2222222222222222,199.0,149.0,0.35678391959798994,0.5829145728643216,0.6381909547738693
2493,0.5286195286195287,0.1750841750841751,0.050505050505050504,0.24579124579124578,0.7542087542087542,0.2255892255892256,194.0,140.0,0.3711340206185567,0.5773195876288659,0.6443298969072165
2494,0.5589225589225589,0.15488215488215487,0.05723905723905724,0.22895622895622897,0.7710437710437711,0.21212121212121213,188.0,141.0,0.3723404255319149,0.5957446808510638,0.6595744680851063
2495,0.531986531986532,0.17845117845117844,0.03367003367003367,0.2558922558922559,0.7441077441077442,0.21212121212121213,187.0,127.0,0.36363636363636365,0.5828877005347594,0.6256684491978609
2496,0.67003367003367,0.10101010101010101,0.050505050505050504,0.17845117845117844,0.8215488215488216,0.15151515151515152,167.0,110.0,0.47904191616766467,0.6227544910179641,0.6946107784431138
2497,0.5892255892255892,0.16161616161616163,0.04377104377104377,0.2053872053872054,0.7946127946127947,0.2053872053872054,185.0,132.0,0.4,0.6162162162162163,0.6810810810810811
2498,0.4983164983164983,0.18518518518518517,0.04377104377104377,0.2727272727272727,0.7272727272727273,0.22895622895622897,203.0,151.0,0.3399014778325123,0.5615763546798029,0.6206896551724138
2499,0.5151515151515151,0.18181818181818182,0.020202020202020204,0.2828282828282828,0.7171717171717171,0.20202020202020202,188.0,135.0,0.3617021276595745,0.5691489361702128,0.601063829787234
2500,0.5454545454545454,0.18855218855218855,0.06734006734006734,0.19865319865319866,0.8013468013468014,0.2558922558922559,187.0,136.0,0.3850267379679144,0.6149732620320856,0.7058823529411765
2501,0.5858585858585859,0.16498316498316498,0.050505050505050504,0.19865319865319866,0.8013468013468014,0.21548821548821548,178.0,122.0,0.4157303370786517,0.6460674157303371,0.7134831460674157
2502,0.531986531986532,0.16498316498316498,0.05723905723905724,0.24579124579124578,0.7542087542087542,0.2222222222222222,202.0,155.0,0.36633663366336633,0.5841584158415841,0.6584158415841584
2503,0.5420875420875421,0.19528619528619529,0.04713804713804714,0.21548821548821548,0.7845117845117845,0.24242424242424243,195.0,147.0,0.358974358974359,0.6307692307692307,0.6974358974358974
2504,0.5218855218855218,0.1717171717171717,0.05387205387205387,0.25252525252525254,0.7474747474747475,0.2255892255892256,193.0,135.0,0.36787564766839376,0.5699481865284974,0.6373056994818653
2505,0.5286195286195287,0.21212121212121213,0.037037037037037035,0.2222222222222222,0.7777777777777778,0.24915824915824916,191.0,142.0,0.36649214659685864,0.6387434554973822,0.6701570680628273
2506,0.5185185185185185,0.18518518518518517,0.05387205387205387,0.24242424242424243,0.7575757575757576,0.23905723905723905,189.0,134.0,0.3333333333333333,0.5661375661375662,0.6349206349206349
2507,0.5925925925925926,0.16835016835016836,0.050505050505050504,0.18855218855218855,0.8114478114478114,0.21885521885521886,170.0,112.0,0.4235294117647059,0.6352941176470588,0.7058823529411765
2508,0.4983164983164983,0.16498316498316498,0.0707070707070707,0.265993265993266,0.734006734006734,0.2356902356902357,186.0,133.0,0.3279569892473118,0.5268817204301075,0.6075268817204301
2509,0.569023569023569,0.15824915824915825,0.05723905723905724,0.21548821548821548,0.7845117845117845,0.21548821548821548,189.0,134.0,0.3968253968253968,0.5978835978835979,0.6772486772486772
2510,0.5420875420875421,0.1717171717171717,0.037037037037037035,0.24915824915824916,0.7508417508417509,0.20875420875420875,192.0,143.0,0.3697916666666667,0.6041666666666666,0.65625
2511,0.5757575757575758,0.19528619528619529,0.037037037037037035,0.1919191919191919,0.8080808080808081,0.23232323232323232,186.0,126.0,0.41397849462365593,0.6720430107526881,0.7204301075268817
2512,0.569023569023569,0.1447811447811448,0.04040404040404041,0.24579124579124578,0.7542087542087542,0.18518518518518517,185.0,132.0,0.372972972972973,0.5621621621621622,0.6216216216216216
2513,0.5252525252525253,0.15824915824915825,0.05387205387205387,0.26262626262626265,0.7373737373737373,0.21212121212121213,195.0,148.0,0.35384615384615387,0.5794871794871795,0.6256410256410256
2514,0.5555555555555556,0.1414141414141414,0.05387205387205387,0.24915824915824916,0.7508417508417509,0.19528619528619529,182.0,132.0,0.36813186813186816,0.5604395604395604,0.6318681318681318
2515,0.5286195286195287,0.19865319865319866,0.04040404040404041,0.23232323232323232,0.7676767676767676,0.23905723905723905,191.0,138.0,0.3717277486910995,0.5916230366492147,0.6544502617801047
2516,0.5622895622895623,0.16835016835016836,0.07744107744107744,0.1919191919191919,0.8080808080808081,0.24579124579124578,188.0,135.0,0.3776595744680851,0.6117021276595744,0.7021276595744681
2517,0.494949494949495,0.18855218855218855,0.050505050505050504,0.265993265993266,0.734006734006734,0.23905723905723905,198.0,144.0,0.35353535353535354,0.5808080808080808,0.6414141414141414
2518,0.5353535353535354,0.21212121212121213,0.04377104377104377,0.20875420875420875,0.7912457912457912,0.2558922558922559,190.0,138.0,0.35789473684210527,0.6263157894736842,0.6947368421052632
2519,0.5757575757575758,0.15824915824915825,0.04377104377104377,0.2222222222222222,0.7777777777777778,0.20202020202020202,185.0,131.0,0.3891891891891892,0.6054054054054054,0.654054054054054
2520,0.5387205387205387,0.20875420875420875,0.05387205387205387,0.19865319865319866,0.8013468013468014,0.26262626262626265,192.0,144.0,0.3958333333333333,0.625,0.6927083333333334
2521,0.5757575757575758,0.1750841750841751,0.03367003367003367,0.21548821548821548,0.7845117845117845,0.20875420875420875,180.0,126.0,0.39444444444444443,0.6166666666666667,0.6666666666666666
2522,0.5286195286195287,0.14814814814814814,0.06397306397306397,0.25925925925925924,0.7407407407407407,0.21212121212121213,190.0,138.0,0.3684210526315789,0.5368421052631579,0.6052631578947368
2523,0.5252525252525253,0.17845117845117844,0.05387205387205387,0.24242424242424243,0.7575757575757576,0.23232323232323232,186.0,134.0,0.3548387096774194,0.5591397849462365,0.6290322580645161
2524,0.5589225589225589,0.1717171717171717,0.04040404040404041,0.22895622895622897,0.7710437710437711,0.21212121212121213,186.0,130.0,0.3870967741935484,0.6236559139784946,0.6666666666666666
2525,0.6060606060606061,0.14814814814814814,0.04713804713804714,0.19865319865319866,0.8013468013468014,0.19528619528619529,179.0,129.0,0.4245810055865922,0.6368715083798883,0.6983240223463687
2526,0.5454545454545454,0.17845117845117844,0.04377104377104377,0.23232323232323232,0.7676767676767676,0.2222222222222222,182.0,121.0,0.3791208791208791,0.5824175824175825,0.6318681318681318
2527,0.48484848484848486,0.15824915824915825,0.06060606060606061,0.2962962962962963,0.7037037037037037,0.21885521885521886,204.0,156.0,0.3431372549019608,0.5392156862745098,0.6127450980392157
2528,0.5488215488215489,0.18518518518518517,0.04377104377104377,0.2222222222222222,0.7777777777777778,0.22895622895622897,191.0,142.0,0.3769633507853403,0.6230366492146597,0.675392670157068
2529,0.5622895622895623,0.1717171717171717,0.050505050505050504,0.21548821548821548,0.7845117845117845,0.2222222222222222,187.0,132.0,0.3850267379679144,0.6149732620320856,0.6844919786096256
2530,0.5555555555555556,0.1919191919191919,0.04377104377104377,0.20875420875420875,0.7912457912457912,0.2356902356902357,186.0,129.0,0.3817204301075269,0.6236559139784946,0.6827956989247311
2531,0.6161616161616161,0.16161616161616163,0.020202020202020204,0.20202020202020202,0.797979797979798,0.18181818181818182,172.0,120.0,0.4186046511627907,0.6627906976744186,0.6976744186046512
2532,0.5622895622895623,0.20202020202020202,0.03367003367003367,0.20202020202020202,0.797979797979798,0.2356902356902357,193.0,142.0,0.38860103626943004,0.6476683937823834,0.694300518134715
2533,0.5925925925925926,0.15824915824915825,0.04713804713804714,0.20202020202020202,0.797979797979798,0.2053872053872054,184.0,135.0,0.3858695652173913,0.6195652173913043,0.6956521739130435
2534,0.5387205387205387,0.16835016835016836,0.04713804713804714,0.24579124579124578,0.7542087542087542,0.21548821548821548,180.0,131.0,0.37777777777777777,0.5944444444444444,0.6555555555555556
2535,0.5757575757575758,0.16161616161616163,0.04713804713804714,0.21548821548821548,0.7845117845117845,0.20875420875420875,182.0,128.0,0.3901098901098901,0.6043956043956044,0.6703296703296703
2536,0.5454545454545454,0.16161616161616163,0.05723905723905724,0.2356902356902357,0.7643097643097643,0.21885521885521886,185.0,135.0,0.3567567567567568,0.5621621621621622,0.6324324324324324
2537,0.5824915824915825,0.1750841750841751,0.04713804713804714,0.19528619528619529,0.8047138047138047,0.2222222222222222,179.0,128.0,0.39664804469273746,0.6480446927374302,0.7039106145251397
2538,0.5286195286195287,0.18518518518518517,0.06397306397306397,0.2222222222222222,0.7777777777777778,0.24915824915824916,185.0,135.0,0.3567567567567568,0.5783783783783784,0.6594594594594595
2539,0.5151515151515151,0.21548821548821548,0.05723905723905724,0.21212121212121213,0.7878787878787878,0.2727272727272727,193.0,142.0,0.34196891191709844,0.6113989637305699,0.6787564766839378
2540,0.5622895622895623,0.17845117845117844,0.04713804713804714,0.21212121212121213,0.7878787878787878,0.2255892255892256,187.0,134.0,0.40106951871657753,0.6310160427807486,0.6898395721925134
2541,0.5521885521885522,0.18181818181818182,0.037037037037037035,0.22895622895622897,0.7710437710437711,0.21885521885521886,189.0,139.0,0.37566137566137564,0.6137566137566137,0.6613756613756614
2542,0.569023569023569,0.14814814814814814,0.04377104377104377,0.23905723905723905,0.7609427609427609,0.1919191919191919,189.0,135.0,0.41798941798941797,0.5925925925925926,0.6402116402116402
2543,0.5959595959595959,0.11784511784511785,0.03367003367003367,0.25252525252525254,0.7474747474747475,0.15151515151515152,183.0,132.0,0.4098360655737705,0.5737704918032787,0.6229508196721312
2544,0.5218855218855218,0.1717171717171717,0.05723905723905724,0.24915824915824916,0.7508417508417509,0.22895622895622897,193.0,142.0,0.3626943005181347,0.5595854922279793,0.6373056994818653
2545,0.5488215488215489,0.18855218855218855,0.030303030303030304,0.23232323232323232,0.7676767676767676,0.21885521885521886,185.0,127.0,0.372972972972973,0.6108108108108108,0.654054054054054
2546,0.569023569023569,0.16161616161616163,0.04713804713804714,0.2222222222222222,0.7777777777777778,0.20875420875420875,179.0,125.0,0.40782122905027934,0.6033519553072626,0.659217877094972
2547,0.5555555555555556,0.16835016835016836,0.06060606060606061,0.21548821548821548,0.7845117845117845,0.22895622895622897,179.0,127.0,0.36312849162011174,0.5754189944134078,0.664804469273743
2548,0.5589225589225589,0.14814814814814814,0.05387205387205387,0.23905723905723905,0.7609427609427609,0.20202020202020202,187.0,128.0,0.39572192513368987,0.5882352941176471,0.6470588235294118
2549,0.5791245791245792,0.15151515151515152,0.05723905723905724,0.21212121212121213,0.7878787878787878,0.20875420875420875,183.0,137.0,0.36065573770491804,0.5956284153005464,0.6775956284153005
2550,0.5723905723905723,0.16498316498316498,0.037037037037037035,0.2255892255892256,0.7744107744107744,0.20202020202020202,187.0,137.0,0.40106951871657753,0.6203208556149733,0.6737967914438503
2551,0.5555555555555556,0.17845117845117844,0.030303030303030304,0.2356902356902357,0.7643097643097643,0.20875420875420875,187.0,135.0,0.3582887700534759,0.6096256684491979,0.6577540106951871
2552,0.5454545454545454,0.16498316498316498,0.04377104377104377,0.24579124579124578,0.7542087542087542,0.20875420875420875,191.0,139.0,0.35602094240837695,0.581151832460733,0.643979057591623
2553,0.5757575757575758,0.15824915824915825,0.050505050505050504,0.21548821548821548,0.7845117845117845,0.20875420875420875,188.0,139.0,0.39893617021276595,0.6063829787234043,0.6861702127659575
2554,0.6161616161616161,0.13804713804713806,0.037037037037037035,0.20875420875420875,0.7912457912457912,0.1750841750841751,184.0,129.0,0.42934782608695654,0.6141304347826086,0.6739130434782609
2555,0.5993265993265994,0.15488215488215487,0.020202020202020204,0.2255892255892256,0.7744107744107744,0.1750841750841751,186.0,136.0,0.41397849462365593,0.6236559139784946,0.6559139784946236
2556,0.5252525252525253,0.18181818181818182,0.05723905723905724,0.2356902356902357,0.7643097643097643,0.23905723905723905,198.0,140.0,0.36363636363636365,0.5858585858585859,0.6565656565656566
2557,0.5589225589225589,0.16835016835016836,0.04713804713804714,0.2255892255892256,0.7744107744107744,0.21548821548821548,193.0,145.0,0.37823834196891193,0.616580310880829,0.6632124352331606
2558,0.5353535353535354,0.19528619528619529,0.04040404040404041,0.22895622895622897,0.7710437710437711,0.2356902356902357,190.0,135.0,0.3684210526315789,0.5947368421052631,0.6526315789473685
2559,0.531986531986532,0.13131313131313133,0.05723905723905724,0.27946127946127947,0.7205387205387206,0.18855218855218855,192.0,141.0,0.3541666666666667,0.5208333333333334,0.59375
2560,0.569023569023569,0.15151515151515152,0.050505050505050504,0.22895622895622897,0.7710437710437711,0.20202020202020202,182.0,129.0,0.37362637362637363,0.5769230769230769,0.6538461538461539
2561,0.5824915824915825,0.16498316498316498,0.04713804713804714,0.2053872053872054,0.7946127946127947,0.21212121212121213,184.0,134.0,0.40217391304347827,0.6304347826086957,0.6956521739130435
2562,0.5420875420875421,0.1919191919191919,0.03367003367003367,0.23232323232323232,0.7676767676767676,0.2255892255892256,191.0,141.0,0.3717277486910995,0.612565445026178,0.6596858638743456
2563,0.5151515151515151,0.21548821548821548,0.04040404040404041,0.22895622895622897,0.7710437710437711,0.2558922558922559,197.0,145.0,0.3553299492385787,0.6142131979695431,0.6649746192893401
2564,0.5824915824915825,0.18518518518518517,0.030303030303030304,0.20202020202020202,0.797979797979798,0.21548821548821548,171.0,111.0,0.4093567251461988,0.6491228070175439,0.6900584795321637
2565,0.5757575757575758,0.1717171717171717,0.06397306397306397,0.18855218855218855,0.8114478114478114,0.2356902356902357,182.0,136.0,0.3901098901098901,0.6263736263736264,0.7087912087912088
2566,0.4983164983164983,0.19528619528619529,0.04377104377104377,0.26262626262626265,0.7373737373737373,0.23905723905723905,197.0,140.0,0.350253807106599,0.5989847715736041,0.6446700507614214
2567,0.4713804713804714,0.18855218855218855,0.050505050505050504,0.2895622895622896,0.7104377104377104,0.23905723905723905,202.0,154.0,0.32673267326732675,0.5445544554455446,0.6039603960396039
2568,0.5387205387205387,0.1717171717171717,0.05723905723905724,0.23232323232323232,0.7676767676767676,0.22895622895622897,195.0,147.0,0.35384615384615387,0.5846153846153846,0.6666666666666666
2569,0.5858585858585859,0.14814814814814814,0.037037037037037035,0.22895622895622897,0.7710437710437711,0.18518518518518517,186.0,128.0,0.40860215053763443,0.6129032258064516,0.6559139784946236
2570,0.5185185185185185,0.18855218855218855,0.04040404040404041,0.25252525252525254,0.7474747474747475,0.22895622895622897,193.0,139.0,0.3316062176165803,0.5751295336787565,0.6321243523316062
2571,0.5656565656565656,0.1717171717171717,0.04377104377104377,0.21885521885521886,0.7811447811447811,0.21548821548821548,187.0,134.0,0.40106951871657753,0.6149732620320856,0.679144385026738
2572,0.531986531986532,0.16835016835016836,0.04713804713804714,0.25252525252525254,0.7474747474747475,0.21548821548821548,191.0,132.0,0.36649214659685864,0.581151832460733,0.643979057591623
2573,0.5791245791245792,0.1717171717171717,0.03367003367003367,0.21548821548821548,0.7845117845117845,0.2053872053872054,180.0,126.0,0.4166666666666667,0.6333333333333333,0.6777777777777778
2574,0.5151515151515151,0.20875420875420875,0.04040404040404041,0.2356902356902357,0.7643097643097643,0.24915824915824916,195.0,142.0,0.35384615384615387,0.6051282051282051,0.6615384615384615
2575,0.569023569023569,0.13804713804713806,0.050505050505050504,0.24242424242424243,0.7575757575757576,0.18855218855218855,188.0,139.0,0.3723404255319149,0.5691489361702128,0.6329787234042553
2576,0.5521885521885522,0.15488215488215487,0.05723905723905724,0.2356902356902357,0.7643097643097643,0.21212121212121213,189.0,134.0,0.37566137566137564,0.5661375661375662,0.6402116402116402
2577,0.5555555555555556,0.1750841750841751,0.05387205387205387,0.21548821548821548,0.7845117845117845,0.22895622895622897,177.0,124.0,0.3672316384180791,0.576271186440678,0.6610169491525424
2578,0.5218855218855218,0.20202020202020202,0.026936026936026935,0.24915824915824916,0.7508417508417509,0.22895622895622897,191.0,142.0,0.3507853403141361,0.6020942408376964,0.6335078534031413
2579,0.5656565656565656,0.18181818181818182,0.04040404040404041,0.21212121212121213,0.7878787878787878,0.2222222222222222,189.0,134.0,0.3862433862433862,0.6137566137566137,0.6772486772486772
2580,0.5185185185185185,0.13468013468013468,0.06734006734006734,0.27946127946127947,0.7205387205387206,0.20202020202020202,194.0,147.0,0.33505154639175255,0.520618556701031,0.6030927835051546
2581,0.5218855218855218,0.1919191919191919,0.02356902356902357,0.26262626262626265,0.7373737373737373,0.21548821548821548,194.0,140.0,0.35051546391752575,0.5927835051546392,0.6237113402061856
2582,0.6026936026936027,0.16161616161616163,0.016835016835016835,0.21885521885521886,0.7811447811447811,0.17845117845117844,186.0,135.0,0.41935483870967744,0.6344086021505376,0.6612903225806451
2583,0.5387205387205387,0.19865319865319866,0.050505050505050504,0.21212121212121213,0.7878787878787878,0.24915824915824916,189.0,138.0,0.37566137566137564,0.6349206349206349,0.6878306878306878
2584,0.4983164983164983,0.16498316498316498,0.0707070707070707,0.265993265993266,0.734006734006734,0.2356902356902357,202.0,152.0,0.37623762376237624,0.5594059405940595,0.6485148514851485
2585,0.6060606060606061,0.1447811447811448,0.030303030303030304,0.21885521885521886,0.7811447811447811,0.1750841750841751,176.0,124.0,0.42045454545454547,0.6022727272727273,0.6534090909090909
2586,0.5824915824915825,0.15488215488215487,0.04040404040404041,0.2222222222222222,0.7777777777777778,0.19528619528619529,197.0,150.0,0.41116751269035534,0.6091370558375635,0.6700507614213198
2587,0.5488215488215489,0.18181818181818182,0.037037037037037035,0.23232323232323232,0.7676767676767676,0.21885521885521886,194.0,143.0,0.3865979381443299,0.6134020618556701,0.6649484536082474
2588,0.5521885521885522,0.1717171717171717,0.05387205387205387,0.2222222222222222,0.7777777777777778,0.2255892255892256,188.0,137.0,0.3882978723404255,0.5957446808510638,0.6595744680851063
2589,0.5016835016835017,0.1919191919191919,0.050505050505050504,0.2558922558922559,0.7441077441077442,0.24242424242424243,200.0,155.0,0.335,0.575,0.64
2590,0.5387205387205387,0.18518518518518517,0.05723905723905724,0.21885521885521886,0.7811447811447811,0.24242424242424243,202.0,158.0,0.3811881188118812,0.6089108910891089,0.6881188118811881
2591,0.5151515151515151,0.18181818181818182,0.050505050505050504,0.25252525252525254,0.7474747474747475,0.23232323232323232,194.0,139.0,0.3402061855670103,0.5567010309278351,0.6288659793814433
2592,0.5050505050505051,0.1919191919191919,0.050505050505050504,0.25252525252525254,0.7474747474747475,0.24242424242424243,196.0,139.0,0.3673469387755102,0.5969387755102041,0.6683673469387755
2593,0.5488215488215489,0.15824915824915825,0.04377104377104377,0.24915824915824916,0.7508417508417509,0.20202020202020202,190.0,133.0,0.38421052631578945,0.5789473684210527,0.6368421052631579
2594,0.5622895622895623,0.2255892255892256,0.030303030303030304,0.18181818181818182,0.8181818181818182,0.2558922558922559,182.0,121.0,0.3956043956043956,0.6703296703296703,0.7142857142857143
2595,0.5622895622895623,0.1919191919191919,0.04377104377104377,0.20202020202020202,0.797979797979798,0.2356902356902357,188.0,130.0,0.40425531914893614,0.6382978723404256,0.7021276595744681
2596,0.5824915824915825,0.15488215488215487,0.06734006734006734,0.19528619528619529,0.8047138047138047,0.2222222222222222,172.0,115.0,0.38953488372093026,0.6162790697674418,0.6918604651162791
2597,0.494949494949495,0.18855218855218855,0.04377104377104377,0.2727272727272727,0.7272727272727273,0.23232323232323232,196.0,138.0,0.32653061224489793,0.5663265306122449,0.6173469387755102
2598,0.5420875420875421,0.20202020202020202,0.06397306397306397,0.1919191919191919,0.8080808080808081,0.265993265993266,185.0,137.0,0.3783783783783784,0.6216216216216216,0.6918918918918919
2599,0.5286195286195287,0.2222222222222222,0.026936026936026935,0.2222222222222222,0.7777777777777778,0.24915824915824916,198.0,142.0,0.3939393939393939,0.6414141414141414,0.6818181818181818
2600,0.5454545454545454,0.12794612794612795,0.04377104377104377,0.2828282828282828,0.7171717171717171,0.1717171717171717,189.0,140.0,0.37566137566137564,0.544973544973545,0.6031746031746031
2601,0.5387205387205387,0.1717171717171717,0.037037037037037035,0.25252525252525254,0.7474747474747475,0.20875420875420875,189.0,135.0,0.36507936507936506,0.6031746031746031,0.6507936507936508
2602,0.5488215488215489,0.16498316498316498,0.04040404040404041,0.24579124579124578,0.7542087542087542,0.2053872053872054,185.0,137.0,0.3837837837837838,0.5783783783783784,0.6432432432432432
2603,0.5117845117845118,0.1717171717171717,0.04713804713804714,0.26936026936026936,0.7306397306397306,0.21885521885521886,201.0,153.0,0.3482587064676617,0.5572139303482587,0.6169154228855721
2604,0.569023569023569,0.15151515151515152,0.05723905723905724,0.2222222222222222,0.7777777777777778,0.20875420875420875,187.0,134.0,0.39572192513368987,0.5882352941176471,0.6684491978609626
2605,0.5589225589225589,0.19528619528619529,0.04713804713804714,0.19865319865319866,0.8013468013468014,0.24242424242424243,175.0,119.0,0.37714285714285717,0.6171428571428571,0.6857142857142857
2606,0.5656565656565656,0.1750841750841751,0.04713804713804714,0.21212121212121213,0.7878787878787878,0.2222222222222222,182.0,126.0,0.38461538461538464,0.6318681318681318,0.6923076923076923
2607,0.6161616161616161,0.15151515151515152,0.026936026936026935,0.2053872053872054,0.7946127946127947,0.17845117845117844,169.0,117.0,0.4378698224852071,0.6331360946745562,0.6745562130177515
2608,0.5454545454545454,0.1750841750841751,0.04040404040404041,0.23905723905723905,0.7609427609427609,0.21548821548821548,192.0,140.0,0.3645833333333333,0.5833333333333334,0.6354166666666666
2609,0.5117845117845118,0.19528619528619529,0.04040404040404041,0.25252525252525254,0.7474747474747475,0.2356902356902357,198.0,150.0,0.3383838383838384,0.5808080808080808,0.6414141414141414
2610,0.531986531986532,0.12794612794612795,0.04040404040404041,0.2996632996632997,0.7003367003367004,0.16835016835016836,190.0,144.0,0.3526315789473684,0.5,0.5631578947368421
2611,0.5387205387205387,0.18181818181818182,0.050505050505050504,0.22895622895622897,0.7710437710437711,0.23232323232323232,204.0,159.0,0.3627450980392157,0.6078431372549019,0.6715686274509803
2612,0.5117845117845118,0.2053872053872054,0.050505050505050504,0.23232323232323232,0.7676767676767676,0.2558922558922559,190.0,136.0,0.3526315789473684,0.6052631578947368,0.6631578947368421
2613,0.5925925925925926,0.1447811447811448,0.037037037037037035,0.2255892255892256,0.7744107744107744,0.18181818181818182,190.0,145.0,0.3894736842105263,0.6052631578947368,0.6631578947368421
2614,0.5151515151515151,0.17845117845117844,0.06060606060606061,0.24579124579124578,0.7542087542087542,0.23905723905723905,182.0,127.0,0.31868131868131866,0.554945054945055,0.6483516483516484
2615,0.5555555555555556,0.16835016835016836,0.050505050505050504,0.2255892255892256,0.7744107744107744,0.21885521885521886,182.0,127.0,0.3626373626373626,0.5934065934065934,0.6483516483516484
2616,0.5084175084175084,0.20875420875420875,0.05723905723905724,0.2255892255892256,0.7744107744107744,0.265993265993266,198.0,148.0,0.3434343434343434,0.5959595959595959,0.6767676767676768
2617,0.531986531986532,0.18518518518518517,0.04713804713804714,0.2356902356902357,0.7643097643097643,0.23232323232323232,191.0,140.0,0.36649214659685864,0.5916230366492147,0.6649214659685864
2618,0.5824915824915825,0.18181818181818182,0.04040404040404041,0.19528619528619529,0.8047138047138047,0.2222222222222222,185.0,138.0,0.3945945945945946,0.6324324324324324,0.6972972972972973
2619,0.5521885521885522,0.18181818181818182,0.016835016835016835,0.24915824915824916,0.7508417508417509,0.19865319865319866,183.0,132.0,0.3825136612021858,0.6229508196721312,0.644808743169399
2620,0.5050505050505051,0.2053872053872054,0.06060606060606061,0.22895622895622897,0.7710437710437711,0.265993265993266,199.0,155.0,0.34673366834170855,0.5979899497487438,0.678391959798995
2621,0.5016835016835017,0.19865319865319866,0.06397306397306397,0.2356902356902357,0.7643097643097643,0.26262626262626265,194.0,134.0,0.3556701030927835,0.6134020618556701,0.6907216494845361
2622,0.5656565656565656,0.12794612794612795,0.04713804713804714,0.25925925925925924,0.7407407407407407,0.1750841750841751,187.0,133.0,0.37967914438502676,0.5561497326203209,0.6096256684491979
2623,0.5656565656565656,0.18518518518518517,0.050505050505050504,0.19865319865319866,0.8013468013468014,0.2356902356902357,180.0,128.0,0.37777777777777777,0.6333333333333333,0.6888888888888889
2624,0.5589225589225589,0.17845117845117844,0.03367003367003367,0.22895622895622897,0.7710437710437711,0.21212121212121213,181.0,125.0,0.3812154696132597,0.5966850828729282,0.6464088397790055
2625,0.5420875420875421,0.18518518518518517,0.05387205387205387,0.21885521885521886,0.7811447811447811,0.23905723905723905,185.0,137.0,0.34054054054054056,0.5837837837837838,0.6594594594594595
2626,0.5420875420875421,0.18181818181818182,0.037037037037037035,0.23905723905723905,0.7609427609427609,0.21885521885521886,181.0,133.0,0.35911602209944754,0.5911602209944752,0.6519337016574586
2627,0.5488215488215489,0.19865319865319866,0.06397306397306397,0.18855218855218855,0.8114478114478114,0.26262626262626265,177.0,123.0,0.3728813559322034,0.6101694915254238,0.7005649717514124
2628,0.5589225589225589,0.1447811447811448,0.06060606060606061,0.2356902356902357,0.7643097643097643,0.2053872053872054,179.0,126.0,0.36312849162011174,0.5642458100558659,0.6480446927374302
2629,0.569023569023569,0.14814814814814814,0.04713804713804714,0.2356902356902357,0.7643097643097643,0.19528619528619529,182.0,132.0,0.37362637362637363,0.5934065934065934,0.6593406593406593
2630,0.5420875420875421,0.1717171717171717,0.04713804713804714,0.23905723905723905,0.7609427609427609,0.21885521885521886,198.0,148.0,0.3939393939393939,0.5959595959595959,0.6565656565656566
2631,0.5858585858585859,0.16161616161616163,0.05723905723905724,0.19528619528619529,0.8047138047138047,0.21885521885521886,186.0,136.0,0.3870967741935484,0.6182795698924731,0.6989247311827957
2632,0.5286195286195287,0.16835016835016836,0.04040404040404041,0.26262626262626265,0.7373737373737373,0.20875420875420875,193.0,138.0,0.37823834196891193,0.5854922279792746,0.6373056994818653
2633,0.5993265993265994,0.16835016835016836,0.04040404040404041,0.1919191919191919,0.8080808080808081,0.20875420875420875,180.0,122.0,0.4166666666666667,0.6333333333333333,0.6944444444444444
2634,0.5454545454545454,0.1919191919191919,0.06060606060606061,0.20202020202020202,0.797979797979798,0.25252525252525254,179.0,126.0,0.35195530726256985,0.6256983240223464,0.6815642458100558
2635,0.5555555555555556,0.18855218855218855,0.04713804713804714,0.20875420875420875,0.7912457912457912,0.2356902356902357,186.0,139.0,0.3817204301075269,0.6290322580645161,0.6881720430107527
2636,0.5185185185185185,0.1750841750841751,0.037037037037037035,0.26936026936026936,0.7306397306397306,0.21212121212121213,198.0,151.0,0.36363636363636365,0.5656565656565656,0.6161616161616161
2637,0.5252525252525253,0.19528619528619529,0.037037037037037035,0.24242424242424243,0.7575757575757576,0.23232323232323232,191.0,141.0,0.3507853403141361,0.5916230366492147,0.643979057591623
2638,0.5218855218855218,0.19528619528619529,0.04713804713804714,0.2356902356902357,0.7643097643097643,0.24242424242424243,191.0,133.0,0.3612565445026178,0.6073298429319371,0.6544502617801047
2639,0.5622895622895623,0.2053872053872054,0.04040404040404041,0.1919191919191919,0.8080808080808081,0.24579124579124578,187.0,132.0,0.39572192513368987,0.6631016042780749,0.7219251336898396
2640,0.5387205387205387,0.1750841750841751,0.050505050505050504,0.2356902356902357,0.7643097643097643,0.2255892255892256,188.0,138.0,0.3723404255319149,0.5957446808510638,0.6648936170212766
2641,0.5555555555555556,0.14814814814814814,0.0707070707070707,0.2255892255892256,0.7744107744107744,0.21885521885521886,197.0,148.0,0.4010152284263959,0.5989847715736041,0.6852791878172588
2642,0.5387205387205387,0.18855218855218855,0.026936026936026935,0.24579124579124578,0.7542087542087542,0.21548821548821548,188.0,135.0,0.3829787234042553,0.6063829787234043,0.648936170212766
2643,0.5454545454545454,0.17845117845117844,0.037037037037037035,0.23905723905723905,0.7609427609427609,0.21548821548821548,187.0,135.0,0.37967914438502676,0.6096256684491979,0.6631016042780749
2644,0.5925925925925926,0.1717171717171717,0.04377104377104377,0.1919191919191919,0.8080808080808081,0.21548821548821548,181.0,133.0,0.39226519337016574,0.6408839779005525,0.6906077348066298
2645,0.5218855218855218,0.1447811447811448,0.06060606060606061,0.2727272727272727,0.7272727272727273,0.2053872053872054,204.0,154.0,0.37254901960784315,0.553921568627451,0.6127450980392157
2646,0.569023569023569,0.19865319865319866,0.04713804713804714,0.18518518518518517,0.8148148148148148,0.24579124579124578,181.0,124.0,0.39779005524861877,0.6519337016574586,0.712707182320442
2647,0.569023569023569,0.15151515151515152,0.050505050505050504,0.22895622895622897,0.7710437710437711,0.20202020202020202,188.0,137.0,0.39361702127659576,0.5957446808510638,0.648936170212766
2648,0.5454545454545454,0.1717171717171717,0.04040404040404041,0.24242424242424243,0.7575757575757576,0.21212121212121213,199.0,147.0,0.3869346733668342,0.6130653266331658,0.6683417085427136
2649,0.5488215488215489,0.19528619528619529,0.03367003367003367,0.2222222222222222,0.7777777777777778,0.22895622895622897,186.0,133.0,0.40860215053763443,0.6397849462365591,0.6827956989247311
2650,0.5656565656565656,0.15151515151515152,0.04377104377104377,0.23905723905723905,0.7609427609427609,0.19528619528619529,190.0,139.0,0.3894736842105263,0.5842105263157895,0.6421052631578947
2651,0.5555555555555556,0.17845117845117844,0.04040404040404041,0.2255892255892256,0.7744107744107744,0.21885521885521886,192.0,142.0,0.3697916666666667,0.609375,0.6614583333333334
2652,0.5420875420875421,0.18181818181818182,0.04377104377104377,0.23232323232323232,0.7676767676767676,0.2255892255892256,189.0,138.0,0.37566137566137564,0.6031746031746031,0.6666666666666666
2653,0.531986531986532,0.15151515151515152,0.06397306397306397,0.25252525252525254,0.7474747474747475,0.21548821548821548,187.0,139.0,0.32620320855614976,0.5294117647058824,0.6042780748663101
2654,0.5791245791245792,0.13131313131313133,0.030303030303030304,0.25925925925925924,0.7407407407407407,0.16161616161616163,183.0,126.0,0.3989071038251366,0.5683060109289617,0.6120218579234973
2655,0.5016835016835017,0.2053872053872054,0.037037037037037035,0.2558922558922559,0.7441077441077442,0.24242424242424243,202.0,148.0,0.3613861386138614,0.6089108910891089,0.6534653465346535
2656,0.5252525252525253,0.16161616161616163,0.05387205387205387,0.25925925925925924,0.7407407407407407,0.21548821548821548,201.0,154.0,0.36318407960199006,0.5621890547263682,0.6368159203980099
2657,0.49158249158249157,0.20875420875420875,0.03367003367003367,0.265993265993266,0.734006734006734,0.24242424242424243,208.0,163.0,0.35096153846153844,0.5961538461538461,0.6346153846153846
2658,0.5488215488215489,0.20202020202020202,0.04040404040404041,0.20875420875420875,0.7912457912457912,0.24242424242424243,183.0,134.0,0.37158469945355194,0.6120218579234973,0.6775956284153005
2659,0.531986531986532,0.1750841750841751,0.050505050505050504,0.24242424242424243,0.7575757575757576,0.2255892255892256,191.0,145.0,0.35602094240837695,0.5916230366492147,0.6544502617801047
2660,0.5757575757575758,0.18181818181818182,0.04713804713804714,0.19528619528619529,0.8047138047138047,0.22895622895622897,181.0,132.0,0.35911602209944754,0.6187845303867403,0.6961325966850829
2661,0.5723905723905723,0.15824915824915825,0.06060606060606061,0.20875420875420875,0.7912457912457912,0.21885521885521886,179.0,126.0,0.4022346368715084,0.6033519553072626,0.6815642458100558
2662,0.5723905723905723,0.16835016835016836,0.05723905723905724,0.20202020202020202,0.797979797979798,0.2255892255892256,182.0,132.0,0.4065934065934066,0.6098901098901099,0.6868131868131868
2663,0.5420875420875421,0.1447811447811448,0.06734006734006734,0.24579124579124578,0.7542087542087542,0.21212121212121213,195.0,145.0,0.38461538461538464,0.5692307692307692,0.6461538461538462
2664,0.5656565656565656,0.16498316498316498,0.06060606060606061,0.20875420875420875,0.7912457912457912,0.2255892255892256,179.0,128.0,0.3854748603351955,0.5977653631284916,0.6815642458100558
2665,0.5050505050505051,0.18518518518518517,0.05387205387205387,0.2558922558922559,0.7441077441077442,0.23905723905723905,189.0,134.0,0.3544973544973545,0.5767195767195767,0.6349206349206349
2666,0.5387205387205387,0.18855218855218855,0.030303030303030304,0.24242424242424243,0.7575757575757576,0.21885521885521886,201.0,155.0,0.3681592039800995,0.6268656716417911,0.6567164179104478
2667,0.5151515151515151,0.18181818181818182,0.050505050505050504,0.25252525252525254,0.7474747474747475,0.23232323232323232,201.0,150.0,0.35323383084577115,0.5870646766169154,0.6517412935323383
2668,0.5420875420875421,0.15151515151515152,0.026936026936026935,0.27946127946127947,0.7205387205387206,0.17845117845117844,194.0,148.0,0.36597938144329895,0.5618556701030928,0.5979381443298969
2669,0.5993265993265994,0.16161616161616163,0.037037037037037035,0.20202020202020202,0.797979797979798,0.19865319865319866,179.0,121.0,0.40782122905027934,0.6256983240223464,0.6815642458100558
2670,0.5454545454545454,0.16835016835016836,0.07407407407407407,0.21212121212121213,0.7878787878787878,0.24242424242424243,193.0,141.0,0.36787564766839376,0.6062176165803109,0.694300518134715
2671,0.5589225589225589,0.18181818181818182,0.04040404040404041,0.21885521885521886,0.7811447811447811,0.2222222222222222,187.0,136.0,0.40641711229946526,0.6256684491978609,0.6737967914438503
2672,0.5117845117845118,0.19528619528619529,0.0707070707070707,0.2222222222222222,0.7777777777777778,0.265993265993266,194.0,141.0,0.3556701030927835,0.5927835051546392,0.6752577319587629
2673,0.5420875420875421,0.19528619528619529,0.04040404040404041,0.2222222222222222,0.7777777777777778,0.2356902356902357,189.0,142.0,0.35978835978835977,0.6190476190476191,0.6666666666666666
2674,0.569023569023569,0.1447811447811448,0.030303030303030304,0.2558922558922559,0.7441077441077442,0.1750841750841751,194.0,145.0,0.3917525773195876,0.5876288659793815,0.634020618556701
2675,0.5589225589225589,0.18181818181818182,0.03367003367003367,0.2255892255892256,0.7744107744107744,0.21548821548821548,177.0,113.0,0.384180790960452,0.615819209039548,0.6666666666666666
2676,0.5353535353535354,0.20202020202020202,0.06060606060606061,0.20202020202020202,0.797979797979798,0.26262626262626265,187.0,130.0,0.3689839572192513,0.6149732620320856,0.6844919786096256
2677,0.5387205387205387,0.2222222222222222,0.030303030303030304,0.20875420875420875,0.7912457912457912,0.25252525252525254,190.0,135.0,0.3894736842105263,0.6473684210526316,0.6947368421052632
2678,0.5723905723905723,0.18181818181818182,0.04040404040404041,0.2053872053872054,0.7946127946127947,0.2222222222222222,178.0,125.0,0.38202247191011235,0.6292134831460674,0.6797752808988764
2679,0.5589225589225589,0.2222222222222222,0.020202020202020204,0.19865319865319866,0.8013468013468014,0.24242424242424243,181.0,127.0,0.3701657458563536,0.6574585635359116,0.6850828729281768
2680,0.5218855218855218,0.18181818181818182,0.06734006734006734,0.22895622895622897,0.7710437710437711,0.24915824915824916,199.0,152.0,0.37185929648241206,0.5879396984924623,0.6683417085427136
2681,0.5353535353535354,0.15824915824915825,0.06397306397306397,0.24242424242424243,0.7575757575757576,0.2222222222222222,187.0,133.0,0.3582887700534759,0.5721925133689839,0.6470588235294118
2682,0.5387205387205387,0.1447811447811448,0.050505050505050504,0.265993265993266,0.734006734006734,0.19528619528619529,190.0,131.0,0.3631578947368421,0.5368421052631579,0.6105263157894737
2683,0.5858585858585859,0.1447811447811448,0.04377104377104377,0.2255892255892256,0.7744107744107744,0.18855218855218855,187.0,137.0,0.42780748663101603,0.6203208556149733,0.679144385026738
2684,0.6060606060606061,0.15824915824915825,0.05723905723905724,0.17845117845117844,0.8215488215488216,0.21548821548821548,179.0,125.0,0.4134078212290503,0.6368715083798883,0.7206703910614525
2685,0.5858585858585859,0.15488215488215487,0.05387205387205387,0.2053872053872054,0.7946127946127947,0.20875420875420875,184.0,124.0,0.41304347826086957,0.6141304347826086,0.6793478260869565
2686,0.5454545454545454,0.18518518518518517,0.0707070707070707,0.19865319865319866,0.8013468013468014,0.2558922558922559,188.0,131.0,0.39361702127659576,0.6223404255319149,0.723404255319149
2687,0.5050505050505051,0.20202020202020202,0.05387205387205387,0.23905723905723905,0.7609427609427609,0.2558922558922559,198.0,143.0,0.3484848484848485,0.5959595959595959,0.6717171717171717
2688,0.5016835016835017,0.18181818181818182,0.05387205387205387,0.26262626262626265,0.7373737373737373,0.2356902356902357,194.0,144.0,0.3402061855670103,0.5721649484536082,0.6185567010309279
2689,0.5723905723905723,0.14814814814814814,0.04377104377104377,0.2356902356902357,0.7643097643097643,0.1919191919191919,190.0,139.0,0.39473684210526316,0.5894736842105263,0.6473684210526316
2690,0.5353535353535354,0.1750841750841751,0.06060606060606061,0.22895622895622897,0.7710437710437711,0.2356902356902357,192.0,139.0,0.3541666666666667,0.59375,0.6666666666666666
2691,0.5454545454545454,0.15488215488215487,0.05387205387205387,0.24579124579124578,0.7542087542087542,0.20875420875420875,189.0,141.0,0.36507936507936506,0.5555555555555556,0.6402116402116402
2692,0.5218855218855218,0.18518518518518517,0.04713804713804714,0.24579124579124578,0.7542087542087542,0.23232323232323232,205.0,151.0,0.375609756097561,0.5951219512195122,0.6585365853658537
2693,0.5387205387205387,0.1447811447811448,0.08417508417508418,0.23232323232323232,0.7676767676767676,0.22895622895622897,190.0,139.0,0.3736842105263158,0.5473684210526316,0.6578947368421053
2694,0.5218855218855218,0.18518518518518517,0.06060606060606061,0.23232323232323232,0.7676767676767676,0.24579124579124578,194.0,143.0,0.36597938144329895,0.5876288659793815,0.6649484536082474
2695,0.6127946127946128,0.17845117845117844,0.050505050505050504,0.15824915824915825,0.8417508417508418,0.22895622895622897,176.0,117.0,0.4375,0.6761363636363636,0.7443181818181818
2696,0.5858585858585859,0.16161616161616163,0.04713804713804714,0.2053872053872054,0.7946127946127947,0.20875420875420875,184.0,133.0,0.40217391304347827,0.625,0.6847826086956522
2697,0.5488215488215489,0.1717171717171717,0.04377104377104377,0.2356902356902357,0.7643097643097643,0.21548821548821548,180.0,130.0,0.35555555555555557,0.5777777777777777,0.6444444444444445
2698,0.5757575757575758,0.14814814814814814,0.05723905723905724,0.21885521885521886,0.7811447811447811,0.2053872053872054,191.0,131.0,0.4031413612565445,0.5968586387434555,0.675392670157068
2699,0.5488215488215489,0.16161616161616163,0.05387205387205387,0.2356902356902357,0.7643097643097643,0.21548821548821548,194.0,149.0,0.36082474226804123,0.5824742268041238,0.654639175257732
2700,0.5555555555555556,0.13804713804713806,0.04713804713804714,0.25925925925925924,0.7407407407407407,0.18518518518518517,185.0,137.0,0.3567567567567568,0.5459459459459459,0.6108108108108108
2701,0.5521885521885522,0.15488215488215487,0.04713804713804714,0.24579124579124578,0.7542087542087542,0.20202020202020202,189.0,137.0,0.36507936507936506,0.5767195767195767,0.6402116402116402
2702,0.531986531986532,0.19528619528619529,0.030303030303030304,0.24242424242424243,0.7575757575757576,0.2255892255892256,197.0,143.0,0.37055837563451777,0.6040609137055838,0.649746192893401
2703,0.5555555555555556,0.18518518518518517,0.04713804713804714,0.21212121212121213,0.7878787878787878,0.23232323232323232,194.0,145.0,0.3865979381443299,0.6185567010309279,0.6855670103092784
2704,0.5387205387205387,0.15824915824915825,0.04713804713804714,0.2558922558922559,0.7441077441077442,0.2053872053872054,198.0,152.0,0.35858585858585856,0.5656565656565656,0.6262626262626263
2705,0.5521885521885522,0.2053872053872054,0.03367003367003367,0.20875420875420875,0.7912457912457912,0.23905723905723905,193.0,147.0,0.38341968911917096,0.6321243523316062,0.6787564766839378
2706,0.5589225589225589,0.18181818181818182,0.020202020202020204,0.23905723905723905,0.7609427609427609,0.20202020202020202,183.0,129.0,0.3989071038251366,0.6229508196721312,0.644808743169399
2707,0.5824915824915825,0.13468013468013468,0.05723905723905724,0.2255892255892256,0.7744107744107744,0.1919191919191919,191.0,136.0,0.4293193717277487,0.6020942408376964,0.680628272251309
2708,0.5185185185185185,0.16498316498316498,0.06734006734006734,0.24915824915824916,0.7508417508417509,0.23232323232323232,192.0,137.0,0.359375,0.578125,0.6510416666666666
2709,0.4882154882154882,0.2053872053872054,0.04377104377104377,0.26262626262626265,0.7373737373737373,0.24915824915824916,205.0,149.0,0.37073170731707317,0.6,0.6536585365853659
2710,0.5420875420875421,0.1414141414141414,0.05723905723905724,0.25925925925925924,0.7407407407407407,0.19865319865319866,191.0,142.0,0.35602094240837695,0.5549738219895288,0.612565445026178
2711,0.5218855218855218,0.18855218855218855,0.030303030303030304,0.25925925925925924,0.7407407407407407,0.21885521885521886,198.0,149.0,0.35353535353535354,0.5858585858585859,0.6262626262626263
2712,0.4983164983164983,0.21548821548821548,0.03367003367003367,0.25252525252525254,0.7474747474747475,0.24915824915824916,184.0,126.0,0.32608695652173914,0.5597826086956522,0.6086956521739131
2713,0.5589225589225589,0.19528619528619529,0.030303030303030304,0.21548821548821548,0.7845117845117845,0.2255892255892256,187.0,135.0,0.39037433155080214,0.6310160427807486,0.6737967914438503
2714,0.5387205387205387,0.19865319865319866,0.04040404040404041,0.2222222222222222,0.7777777777777778,0.23905723905723905,187.0,133.0,0.3689839572192513,0.6149732620320856,0.6631016042780749
2715,0.5454545454545454,0.18518518518518517,0.04040404040404041,0.22895622895622897,0.7710437710437711,0.2255892255892256,178.0,129.0,0.37640449438202245,0.6067415730337079,0.6629213483146067
2716,0.5488215488215489,0.21212121212121213,0.04713804713804714,0.1919191919191919,0.8080808080808081,0.25925925925925924,190.0,131.0,0.38421052631578945,0.6526315789473685,0.7210526315789474
2717,0.5656565656565656,0.15151515151515152,0.037037037037037035,0.24579124579124578,0.7542087542087542,0.18855218855218855,193.0,147.0,0.38341968911917096,0.5854922279792746,0.6321243523316062
2718,0.5387205387205387,0.1414141414141414,0.06734006734006734,0.25252525252525254,0.7474747474747475,0.20875420875420875,192.0,141.0,0.3697916666666667,0.5572916666666666,0.6197916666666666
2719,0.5286195286195287,0.16835016835016836,0.050505050505050504,0.25252525252525254,0.7474747474747475,0.21885521885521886,189.0,135.0,0.37037037037037035,0.5767195767195767,0.6507936507936508
2720,0.569023569023569,0.1447811447811448,0.06397306397306397,0.2222222222222222,0.7777777777777778,0.20875420875420875,197.0,146.0,0.4010152284263959,0.6091370558375635,0.6852791878172588
2721,0.5084175084175084,0.19528619528619529,0.050505050505050504,0.24579124579124578,0.7542087542087542,0.24579124579124578,196.0,147.0,0.32653061224489793,0.5816326530612245,0.6428571428571429
2722,0.5925925925925926,0.15488215488215487,0.026936026936026935,0.2255892255892256,0.7744107744107744,0.18181818181818182,186.0,132.0,0.4032258064516129,0.6129032258064516,0.6559139784946236
2723,0.5858585858585859,0.1750841750841751,0.04040404040404041,0.19865319865319866,0.8013468013468014,0.21548821548821548,178.0,124.0,0.398876404494382,0.6292134831460674,0.6797752808988764
2724,0.5521885521885522,0.13131313131313133,0.04040404040404041,0.2760942760942761,0.7239057239057239,0.1717171717171717,192.0,143.0,0.3854166666666667,0.5572916666666666,0.6145833333333334
2725,0.5622895622895623,0.1717171717171717,0.06397306397306397,0.20202020202020202,0.797979797979798,0.2356902356902357,184.0,132.0,0.375,0.5978260869565217,0.6956521739130435
2726,0.5622895622895623,0.15488215488215487,0.04040404040404041,0.24242424242424243,0.7575757575757576,0.19528619528619529,193.0,141.0,0.40414507772020725,0.6010362694300518,0.6632124352331606
2727,0.5589225589225589,0.18518518518518517,0.050505050505050504,0.2053872053872054,0.7946127946127947,0.2356902356902357,181.0,132.0,0.36464088397790057,0.6187845303867403,0.6961325966850829
2728,0.5521885521885522,0.16498316498316498,0.04040404040404041,0.24242424242424243,0.7575757575757576,0.2053872053872054,184.0,129.0,0.3858695652173913,0.5706521739130435,0.625
2729,0.5723905723905723,0.16835016835016836,0.05723905723905724,0.20202020202020202,0.797979797979798,0.2255892255892256,185.0,131.0,0.3837837837837838,0.6054054054054054,0.6972972972972973
2730,0.5084175084175084,0.21548821548821548,0.050505050505050504,0.2255892255892256,0.7744107744107744,0.265993265993266,192.0,143.0,0.328125,0.578125,0.65625
2731,0.5723905723905723,0.18181818181818182,0.05387205387205387,0.1919191919191919,0.8080808080808081,0.2356902356902357,181.0,129.0,0.3701657458563536,0.6187845303867403,0.6850828729281768
2732,0.5084175084175084,0.20202020202020202,0.03367003367003367,0.2558922558922559,0.7441077441077442,0.2356902356902357,192.0,142.0,0.3333333333333333,0.59375,0.6354166666666666
2733,0.5622895622895623,0.19528619528619529,0.03367003367003367,0.20875420875420875,0.7912457912457912,0.22895622895622897,188.0,131.0,0.39893617021276595,0.6436170212765957,0.6861702127659575
2734,0.5656565656565656,0.18518518518518517,0.04040404040404041,0.20875420875420875,0.7912457912457912,0.2255892255892256,186.0,135.0,0.3978494623655914,0.6344086021505376,0.6881720430107527
2735,0.5387205387205387,0.21212121212121213,0.026936026936026935,0.2222222222222222,0.7777777777777778,0.23905723905723905,194.0,137.0,0.3865979381443299,0.6494845360824743,0.6804123711340206
2736,0.5791245791245792,0.15151515151515152,0.03367003367003367,0.2356902356902357,0.7643097643097643,0.18518518518518517,184.0,130.0,0.375,0.5815217391304348,0.6358695652173914
2737,0.5925925925925926,0.16835016835016836,0.04040404040404041,0.19865319865319866,0.8013468013468014,0.20875420875420875,177.0,130.0,0.384180790960452,0.615819209039548,0.672316384180791
2738,0.5723905723905723,0.15151515151515152,0.04040404040404041,0.2356902356902357,0.7643097643097643,0.1919191919191919,188.0,141.0,0.3723404255319149,0.5851063829787234,0.6436170212765957
2739,0.5454545454545454,0.1414141414141414,0.05723905723905724,0.2558922558922559,0.7441077441077442,0.19865319865319866,193.0,138.0,0.36787564766839376,0.5492227979274611,0.6321243523316062
2740,0.5925925925925926,0.15151515151515152,0.04713804713804714,0.20875420875420875,0.7912457912457912,0.19865319865319866,182.0,133.0,0.3956043956043956,0.5989010989010989,0.6758241758241759
2741,0.5420875420875421,0.15824915824915825,0.030303030303030304,0.26936026936026936,0.7306397306397306,0.18855218855218855,187.0,135.0,0.3850267379679144,0.5668449197860963,0.5935828877005348
2742,0.5757575757575758,0.17845117845117844,0.04040404040404041,0.2053872053872054,0.7946127946127947,0.21885521885521886,177.0,119.0,0.4067796610169492,0.6101694915254238,0.6610169491525424
2743,0.6026936026936027,0.18181818181818182,0.030303030303030304,0.18518518518518517,0.8148148148148148,0.21212121212121213,174.0,121.0,0.41379310344827586,0.6494252873563219,0.6896551724137931
2744,0.5286195286195287,0.1919191919191919,0.04377104377104377,0.2356902356902357,0.7643097643097643,0.2356902356902357,191.0,142.0,0.34554973821989526,0.5968586387434555,0.6596858638743456
2745,0.5353535353535354,0.15151515151515152,0.06060606060606061,0.25252525252525254,0.7474747474747475,0.21212121212121213,203.0,152.0,0.3891625615763547,0.5665024630541872,0.6502463054187192
2746,0.569023569023569,0.1717171717171717,0.04377104377104377,0.21548821548821548,0.7845117845117845,0.21548821548821548,182.0,123.0,0.3956043956043956,0.6153846153846154,0.6758241758241759
2747,0.5656565656565656,0.19528619528619529,0.050505050505050504,0.18855218855218855,0.8114478114478114,0.24579124579124578,182.0,127.0,0.38461538461538464,0.6318681318681318,0.7032967032967034
2748,0.5185185185185185,0.16835016835016836,0.04040404040404041,0.2727272727272727,0.7272727272727273,0.20875420875420875,197.0,141.0,0.36548223350253806,0.5685279187817259,0.6192893401015228
2749,0.569023569023569,0.18855218855218855,0.02356902356902357,0.21885521885521886,0.7811447811447811,0.21212121212121213,195.0,146.0,0.38461538461538464,0.6512820512820513,0.6820512820512821
2750,0.5723905723905723,0.18181818181818182,0.04040404040404041,0.2053872053872054,0.7946127946127947,0.2222222222222222,187.0,134.0,0.39037433155080214,0.6417112299465241,0.679144385026738
2751,0.5555555555555556,0.16498316498316498,0.02356902356902357,0.2558922558922559,0.7441077441077442,0.18855218855218855,183.0,131.0,0.3825136612021858,0.5792349726775956,0.6065573770491803
2752,0.5622895622895623,0.1717171717171717,0.04377104377104377,0.2222222222222222,0.7777777777777778,0.21548821548821548,180.0,129.0,0.37777777777777777,0.5888888888888889,0.6611111111111111
2753,0.569023569023569,0.16835016835016836,0.030303030303030304,0.23232323232323232,0.7676767676767676,0.19865319865319866,180.0,123.0,0.38333333333333336,0.6222222222222222,0.6611111111111111
2754,0.5454545454545454,0.18855218855218855,0.04377104377104377,0.2222222222222222,0.7777777777777778,0.23232323232323232,191.0,135.0,0.38219895287958117,0.6178010471204188,0.680628272251309
2755,0.5656565656565656,0.21212121212121213,0.037037037037037035,0.18518518518518517,0.8148148148148148,0.24915824915824916,178.0,119.0,0.4101123595505618,0.651685393258427,0.7134831460674157
2756,0.5757575757575758,0.16498316498316498,0.04040404040404041,0.21885521885521886,0.7811447811447811,0.2053872053872054,185.0,133.0,0.4,0.5945945945945946,0.654054054054054
2757,0.5791245791245792,0.1717171717171717,0.06397306397306397,0.18518518518518517,0.8148148148148148,0.2356902356902357,186.0,136.0,0.3924731182795699,0.6290322580645161,0.7150537634408602
2758,0.5791245791245792,0.20202020202020202,0.03367003367003367,0.18518518518518517,0.8148148148148148,0.2356902356902357,177.0,120.0,0.3898305084745763,0.6497175141242938,0.7005649717514124
2759,0.5622895622895623,0.13468013468013468,0.050505050505050504,0.25252525252525254,0.7474747474747475,0.18518518518518517,185.0,131.0,0.3783783783783784,0.5621621621621622,0.6270270270270271
2760,0.531986531986532,0.1750841750841751,0.06397306397306397,0.22895622895622897,0.7710437710437711,0.23905723905723905,187.0,137.0,0.3850267379679144,0.6149732620320856,0.6737967914438503
2761,0.5555555555555556,0.1447811447811448,0.037037037037037035,0.26262626262626265,0.7373737373737373,0.18181818181818182,190.0,138.0,0.3631578947368421,0.5578947368421052,0.6157894736842106
2762,0.5420875420875421,0.1414141414141414,0.04040404040404041,0.2760942760942761,0.7239057239057239,0.18181818181818182,186.0,136.0,0.3602150537634409,0.532258064516129,0.5913978494623656
2763,0.569023569023569,0.1750841750841751,0.050505050505050504,0.2053872053872054,0.7946127946127947,0.2255892255892256,186.0,130.0,0.3763440860215054,0.6182795698924731,0.6935483870967742
2764,0.6094276094276094,0.16161616161616163,0.04040404040404041,0.18855218855218855,0.8114478114478114,0.20202020202020202,177.0,127.0,0.4067796610169492,0.6384180790960452,0.6949152542372882
2765,0.5757575757575758,0.18181818181818182,0.04713804713804714,0.19528619528619529,0.8047138047138047,0.22895622895622897,179.0,123.0,0.4022346368715084,0.6312849162011173,0.6927374301675978
2766,0.569023569023569,0.1717171717171717,0.030303030303030304,0.22895622895622897,0.7710437710437711,0.20202020202020202,183.0,130.0,0.39344262295081966,0.6174863387978142,0.6502732240437158
2767,0.5488215488215489,0.18518518518518517,0.04377104377104377,0.2222222222222222,0.7777777777777778,0.22895622895622897,183.0,126.0,0.366120218579235,0.6120218579234973,0.6775956284153005
2768,0.5959595959595959,0.1447811447811448,0.037037037037037035,0.2222222222222222,0.7777777777777778,0.18181818181818182,185.0,133.0,0.41081081081081083,0.5945945945945946,0.654054054054054
2769,0.5151515151515151,0.20202020202020202,0.06060606060606061,0.2222222222222222,0.7777777777777778,0.26262626262626265,185.0,128.0,0.372972972972973,0.6324324324324324,0.6864864864864865
2770,0.5589225589225589,0.18518518518518517,0.037037037037037035,0.21885521885521886,0.7811447811447811,0.2222222222222222,178.0,122.0,0.4044943820224719,0.6235955056179775,0.6685393258426966
2771,0.4781144781144781,0.23232323232323232,0.08417508417508418,0.2053872053872054,0.7946127946127947,0.3164983164983165,198.0,146.0,0.3434343434343434,0.6161616161616161,0.7171717171717171
2772,0.5959595959595959,0.16498316498316498,0.037037037037037035,0.20202020202020202,0.797979797979798,0.20202020202020202,184.0,131.0,0.42391304347826086,0.625,0.6847826086956522
2773,0.5521885521885522,0.15488215488215487,0.05387205387205387,0.23905723905723905,0.7609427609427609,0.20875420875420875,188.0,142.0,0.3670212765957447,0.574468085106383,0.6436170212765957
2774,0.5521885521885522,0.18855218855218855,0.037037037037037035,0.2222222222222222,0.7777777777777778,0.2255892255892256,184.0,134.0,0.3804347826086957,0.6086956521739131,0.6630434782608695
2775,0.5420875420875421,0.21548821548821548,0.04040404040404041,0.20202020202020202,0.797979797979798,0.2558922558922559,182.0,132.0,0.36813186813186816,0.6318681318681318,0.6978021978021978
2776,0.531986531986532,0.1750841750841751,0.04377104377104377,0.24915824915824916,0.7508417508417509,0.21885521885521886,198.0,151.0,0.35353535353535354,0.601010101010101,0.6515151515151515
2777,0.5791245791245792,0.16161616161616163,0.05723905723905724,0.20202020202020202,0.797979797979798,0.21885521885521886,187.0,136.0,0.40106951871657753,0.6256684491978609,0.7058823529411765
2778,0.5791245791245792,0.20202020202020202,0.016835016835016835,0.20202020202020202,0.797979797979798,0.21885521885521886,182.0,121.0,0.41208791208791207,0.6758241758241759,0.6978021978021978
2779,0.569023569023569,0.14814814814814814,0.06060606060606061,0.2222222222222222,0.7777777777777778,0.20875420875420875,184.0,126.0,0.3858695652173913,0.5815217391304348,0.6630434782608695
2780,0.5353535353535354,0.15151515151515152,0.06060606060606061,0.25252525252525254,0.7474747474747475,0.21212121212121213,188.0,131.0,0.3670212765957447,0.5531914893617021,0.6276595744680851
2781,0.5791245791245792,0.15824915824915825,0.026936026936026935,0.2356902356902357,0.7643097643097643,0.18518518518518517,177.0,123.0,0.3672316384180791,0.5819209039548022,0.6271186440677966
2782,0.5151515151515151,0.18518518518518517,0.04713804713804714,0.25252525252525254,0.7474747474747475,0.23232323232323232,189.0,133.0,0.3492063492063492,0.582010582010582,0.6349206349206349
2783,0.531986531986532,0.20875420875420875,0.020202020202020204,0.23905723905723905,0.7609427609427609,0.22895622895622897,180.0,119.0,0.39444444444444443,0.6333333333333333,0.6666666666666666
2784,0.5622895622895623,0.16498316498316498,0.04040404040404041,0.23232323232323232,0.7676767676767676,0.2053872053872054,185.0,132.0,0.3783783783783784,0.5891891891891892,0.6378378378378379
2785,0.6026936026936027,0.13804713804713806,0.030303030303030304,0.22895622895622897,0.7710437710437711,0.16835016835016836,173.0,117.0,0.4046242774566474,0.6011560693641619,0.6416184971098265
2786,0.5824915824915825,0.1414141414141414,0.05723905723905724,0.21885521885521886,0.7811447811447811,0.19865319865319866,193.0,141.0,0.41450777202072536,0.6113989637305699,0.6787564766839378
2787,0.5723905723905723,0.13804713804713806,0.037037037037037035,0.25252525252525254,0.7474747474747475,0.1750841750841751,180.0,125.0,0.4166666666666667,0.6055555555555555,0.6444444444444445
2788,0.5656565656565656,0.13468013468013468,0.04713804713804714,0.25252525252525254,0.7474747474747475,0.18181818181818182,186.0,133.0,0.3924731182795699,0.5645161290322581,0.6290322580645161
2789,0.5858585858585859,0.12457912457912458,0.03367003367003367,0.2558922558922559,0.7441077441077442,0.15824915824915825,186.0,134.0,0.40860215053763443,0.5860215053763441,0.6397849462365591
2790,0.5824915824915825,0.1447811447811448,0.037037037037037035,0.2356902356902357,0.7643097643097643,0.18181818181818182,186.0,134.0,0.3978494623655914,0.5967741935483871,0.6451612903225806
2791,0.5454545454545454,0.20202020202020202,0.050505050505050504,0.20202020202020202,0.797979797979798,0.25252525252525254,188.0,132.0,0.3829787234042553,0.6170212765957447,0.6861702127659575
2792,0.5656565656565656,0.15488215488215487,0.04713804713804714,0.23232323232323232,0.7676767676767676,0.20202020202020202,191.0,142.0,0.39790575916230364,0.6020942408376964,0.6596858638743456
2793,0.5925925925925926,0.13804713804713806,0.03367003367003367,0.2356902356902357,0.7643097643097643,0.1717171717171717,184.0,133.0,0.3967391304347826,0.592391304347826,0.6467391304347826
2794,0.6430976430976431,0.13131313131313133,0.037037037037037035,0.18855218855218855,0.8114478114478114,0.16835016835016836,173.0,122.0,0.44508670520231214,0.6416184971098265,0.6994219653179191
2795,0.5589225589225589,0.2053872053872054,0.026936026936026935,0.20875420875420875,0.7912457912457912,0.23232323232323232,186.0,132.0,0.3817204301075269,0.6505376344086021,0.6881720430107527
2796,0.5622895622895623,0.1750841750841751,0.04377104377104377,0.21885521885521886,0.7811447811447811,0.21885521885521886,186.0,135.0,0.3817204301075269,0.6236559139784946,0.6881720430107527
2797,0.531986531986532,0.1717171717171717,0.06734006734006734,0.22895622895622897,0.7710437710437711,0.23905723905723905,180.0,119.0,0.36666666666666664,0.5777777777777777,0.6611111111111111
2798,0.5151515151515151,0.1717171717171717,0.04713804713804714,0.265993265993266,0.734006734006734,0.21885521885521886,189.0,134.0,0.35978835978835977,0.5714285714285714,0.6296296296296297
2799,0.5589225589225589,0.14814814814814814,0.037037037037037035,0.2558922558922559,0.7441077441077442,0.18518518518518517,190.0,131.0,0.3736842105263158,0.5684210526315789,0.6263157894736842
2800,0.5757575757575758,0.14814814814814814,0.04377104377104377,0.23232323232323232,0.7676767676767676,0.1919191919191919,181.0,120.0,0.4088397790055249,0.6022099447513812,0.6519337016574586
2801,0.5858585858585859,0.14814814814814814,0.037037037037037035,0.22895622895622897,0.7710437710437711,0.18518518518518517,180.0,126.0,0.4166666666666667,0.6,0.6555555555555556
2802,0.5824915824915825,0.15151515151515152,0.06060606060606061,0.2053872053872054,0.7946127946127947,0.21212121212121213,188.0,146.0,0.3776595744680851,0.601063829787234,0.6808510638297872
2803,0.5521885521885522,0.21212121212121213,0.04040404040404041,0.19528619528619529,0.8047138047138047,0.25252525252525254,186.0,144.0,0.3763440860215054,0.6451612903225806,0.7043010752688172
2804,0.5420875420875421,0.1750841750841751,0.03367003367003367,0.24915824915824916,0.7508417508417509,0.20875420875420875,195.0,145.0,0.38461538461538464,0.5948717948717949,0.6358974358974359
2805,0.5252525252525253,0.18518518518518517,0.06734006734006734,0.2222222222222222,0.7777777777777778,0.25252525252525254,199.0,150.0,0.3768844221105528,0.6030150753768844,0.678391959798995
2806,0.5589225589225589,0.1447811447811448,0.03367003367003367,0.26262626262626265,0.7373737373737373,0.17845117845117844,194.0,141.0,0.4020618556701031,0.5824742268041238,0.6237113402061856
2807,0.5521885521885522,0.1919191919191919,0.030303030303030304,0.2255892255892256,0.7744107744107744,0.2222222222222222,197.0,151.0,0.39086294416243655,0.6395939086294417,0.6751269035532995
2808,0.5218855218855218,0.20875420875420875,0.05387205387205387,0.21548821548821548,0.7845117845117845,0.26262626262626265,193.0,142.0,0.35751295336787564,0.616580310880829,0.6839378238341969
2809,0.5656565656565656,0.1717171717171717,0.050505050505050504,0.21212121212121213,0.7878787878787878,0.2222222222222222,181.0,131.0,0.39779005524861877,0.6187845303867403,0.6850828729281768
2810,0.5555555555555556,0.15488215488215487,0.06734006734006734,0.2222222222222222,0.7777777777777778,0.2222222222222222,190.0,137.0,0.41578947368421054,0.6,0.6736842105263158
2811,0.5387205387205387,0.16498316498316498,0.04040404040404041,0.2558922558922559,0.7441077441077442,0.2053872053872054,194.0,145.0,0.36597938144329895,0.5824742268041238,0.634020618556701
2812,0.5555555555555556,0.1717171717171717,0.050505050505050504,0.2222222222222222,0.7777777777777778,0.2222222222222222,180.0,124.0,0.37777777777777777,0.6055555555555555,0.6666666666666666
2813,0.4983164983164983,0.15824915824915825,0.05387205387205387,0.2895622895622896,0.7104377104377104,0.21212121212121213,201.0,151.0,0.32338308457711445,0.5323383084577115,0.5920398009950248
2814,0.569023569023569,0.1717171717171717,0.04377104377104377,0.21548821548821548,0.7845117845117845,0.21548821548821548,193.0,146.0,0.38860103626943004,0.6217616580310881,0.6839378238341969
2815,0.5993265993265994,0.1414141414141414,0.030303030303030304,0.22895622895622897,0.7710437710437711,0.1717171717171717,180.0,127.0,0.4166666666666667,0.6055555555555555,0.6388888888888888
2816,0.6060606060606061,0.15824915824915825,0.05723905723905724,0.17845117845117844,0.8215488215488216,0.21548821548821548,175.0,119.0,0.42857142857142855,0.64,0.7028571428571428
2817,0.5858585858585859,0.17845117845117844,0.04713804713804714,0.18855218855218855,0.8114478114478114,0.2255892255892256,183.0,130.0,0.4098360655737705,0.6502732240437158,0.7213114754098361
2818,0.5521885521885522,0.1750841750841751,0.05387205387205387,0.21885521885521886,0.7811447811447811,0.22895622895622897,193.0,137.0,0.39378238341968913,0.6062176165803109,0.6787564766839378
2819,0.5454545454545454,0.20202020202020202,0.02356902356902357,0.22895622895622897,0.7710437710437711,0.2255892255892256,183.0,125.0,0.3879781420765027,0.6338797814207651,0.6721311475409836
2820,0.5824915824915825,0.16498316498316498,0.05723905723905724,0.19528619528619529,0.8047138047138047,0.2222222222222222,191.0,139.0,0.39267015706806285,0.6282722513089005,0.7068062827225131
2821,0.569023569023569,0.1717171717171717,0.03367003367003367,0.2255892255892256,0.7744107744107744,0.2053872053872054,180.0,121.0,0.4,0.6,0.6444444444444445
2822,0.5185185185185185,0.18855218855218855,0.05387205387205387,0.23905723905723905,0.7609427609427609,0.24242424242424243,191.0,137.0,0.36649214659685864,0.5968586387434555,0.6701570680628273
2823,0.5656565656565656,0.15824915824915825,0.05387205387205387,0.2222222222222222,0.7777777777777778,0.21212121212121213,177.0,127.0,0.3615819209039548,0.576271186440678,0.655367231638418
2824,0.5488215488215489,0.19865319865319866,0.03367003367003367,0.21885521885521886,0.7811447811447811,0.23232323232323232,192.0,138.0,0.375,0.6197916666666666,0.671875
2825,0.5824915824915825,0.16498316498316498,0.04040404040404041,0.21212121212121213,0.7878787878787878,0.2053872053872054,177.0,122.0,0.4011299435028249,0.5988700564971752,0.655367231638418
2826,0.531986531986532,0.17845117845117844,0.05387205387205387,0.2356902356902357,0.7643097643097643,0.23232323232323232,188.0,132.0,0.3670212765957447,0.5851063829787234,0.6436170212765957
2827,0.5791245791245792,0.13131313131313133,0.030303030303030304,0.25925925925925924,0.7407407407407407,0.16161616161616163,189.0,134.0,0.4126984126984127,0.5925925925925926,0.6349206349206349
2828,0.5252525252525253,0.23232323232323232,0.04377104377104377,0.19865319865319866,0.8013468013468014,0.2760942760942761,186.0,132.0,0.3655913978494624,0.6397849462365591,0.6989247311827957
2829,0.5555555555555556,0.1717171717171717,0.03367003367003367,0.23905723905723905,0.7609427609427609,0.2053872053872054,187.0,142.0,0.3582887700534759,0.5935828877005348,0.6363636363636364
2830,0.531986531986532,0.18181818181818182,0.04377104377104377,0.24242424242424243,0.7575757575757576,0.2255892255892256,195.0,142.0,0.3641025641025641,0.6,0.6512820512820513
2831,0.5521885521885522,0.18518518518518517,0.05723905723905724,0.2053872053872054,0.7946127946127947,0.24242424242424243,191.0,140.0,0.39267015706806285,0.6230366492146597,0.7068062827225131
2832,0.5420875420875421,0.1750841750841751,0.04040404040404041,0.24242424242424243,0.7575757575757576,0.21548821548821548,188.0,134.0,0.3829787234042553,0.6223404255319149,0.6648936170212766
2833,0.569023569023569,0.1750841750841751,0.05723905723905724,0.19865319865319866,0.8013468013468014,0.23232323232323232,190.0,137.0,0.4105263157894737,0.6368421052631579,0.7052631578947368
2834,0.5353535353535354,0.23232323232323232,0.04713804713804714,0.18518518518518517,0.8148148148148148,0.27946127946127947,193.0,146.0,0.3626943005181347,0.6528497409326425,0.7253886010362695
2835,0.5622895622895623,0.16835016835016836,0.050505050505050504,0.21885521885521886,0.7811447811447811,0.21885521885521886,181.0,128.0,0.3756906077348066,0.580110497237569,0.6519337016574586
2836,0.5656565656565656,0.15151515151515152,0.05723905723905724,0.2255892255892256,0.7744107744107744,0.20875420875420875,177.0,124.0,0.3728813559322034,0.5706214689265536,0.6497175141242938
2837,0.6026936026936027,0.1750841750841751,0.02356902356902357,0.19865319865319866,0.8013468013468014,0.19865319865319866,184.0,135.0,0.41304347826086957,0.657608695652174,0.6902173913043478
2838,0.5757575757575758,0.2053872053872054,0.026936026936026935,0.1919191919191919,0.8080808080808081,0.23232323232323232,192.0,145.0,0.4114583333333333,0.671875,0.703125
2839,0.5252525252525253,0.15151515151515152,0.04377104377104377,0.27946127946127947,0.7205387205387206,0.19528619528619529,194.0,144.0,0.36082474226804123,0.5515463917525774,0.6082474226804123
2840,0.6195286195286195,0.12794612794612795,0.03367003367003367,0.21885521885521886,0.7811447811447811,0.16161616161616163,174.0,125.0,0.39655172413793105,0.5919540229885057,0.6436781609195402
2841,0.5723905723905723,0.1414141414141414,0.050505050505050504,0.2356902356902357,0.7643097643097643,0.1919191919191919,191.0,136.0,0.39790575916230364,0.5863874345549738,0.6544502617801047
2842,0.5353535353535354,0.19865319865319866,0.06060606060606061,0.2053872053872054,0.7946127946127947,0.25925925925925924,198.0,147.0,0.3939393939393939,0.6262626262626263,0.7070707070707071
2843,0.5387205387205387,0.1717171717171717,0.04377104377104377,0.24579124579124578,0.7542087542087542,0.21548821548821548,187.0,132.0,0.3582887700534759,0.5614973262032086,0.6256684491978609
2844,0.5925925925925926,0.16161616161616163,0.04377104377104377,0.20202020202020202,0.797979797979798,0.2053872053872054,180.0,128.0,0.4,0.6333333333333333,0.6888888888888889
2845,0.5555555555555556,0.18855218855218855,0.026936026936026935,0.22895622895622897,0.7710437710437711,0.21548821548821548,186.0,138.0,0.3817204301075269,0.6182795698924731,0.6612903225806451
2846,0.5521885521885522,0.14814814814814814,0.037037037037037035,0.26262626262626265,0.7373737373737373,0.18518518518518517,193.0,147.0,0.35751295336787564,0.5647668393782384,0.6217616580310881
2847,0.5959595959595959,0.15824915824915825,0.050505050505050504,0.19528619528619529,0.8047138047138047,0.20875420875420875,182.0,134.0,0.41208791208791207,0.6208791208791209,0.6978021978021978
2848,0.5454545454545454,0.14814814814814814,0.020202020202020204,0.28619528619528617,0.7138047138047138,0.16835016835016836,191.0,139.0,0.35602094240837695,0.5392670157068062,0.5706806282722513
2849,0.531986531986532,0.1717171717171717,0.05723905723905724,0.23905723905723905,0.7609427609427609,0.22895622895622897,187.0,137.0,0.36363636363636365,0.5775401069518716,0.6524064171122995
2850,0.569023569023569,0.17845117845117844,0.03367003367003367,0.21885521885521886,0.7811447811447811,0.21212121212121213,180.0,126.0,0.3888888888888889,0.6277777777777778,0.6666666666666666
2851,0.5286195286195287,0.19865319865319866,0.05387205387205387,0.21885521885521886,0.7811447811447811,0.25252525252525254,201.0,144.0,0.3880597014925373,0.6368159203980099,0.6965174129353234
2852,0.5387205387205387,0.21548821548821548,0.030303030303030304,0.21548821548821548,0.7845117845117845,0.24579124579124578,198.0,149.0,0.3787878787878788,0.6464646464646465,0.6868686868686869
2853,0.5521885521885522,0.15151515151515152,0.050505050505050504,0.24579124579124578,0.7542087542087542,0.20202020202020202,184.0,125.0,0.391304347826087,0.5760869565217391,0.6141304347826086
2854,0.5892255892255892,0.15488215488215487,0.05387205387205387,0.20202020202020202,0.797979797979798,0.20875420875420875,181.0,127.0,0.39226519337016574,0.6187845303867403,0.6850828729281768
2855,0.531986531986532,0.13468013468013468,0.05387205387205387,0.27946127946127947,0.7205387205387206,0.18855218855218855,197.0,146.0,0.40609137055837563,0.5786802030456852,0.6345177664974619
2856,0.5454545454545454,0.1919191919191919,0.04040404040404041,0.2222222222222222,0.7777777777777778,0.23232323232323232,187.0,131.0,0.39037433155080214,0.6256684491978609,0.6844919786096256
2857,0.5488215488215489,0.20202020202020202,0.037037037037037035,0.21212121212121213,0.7878787878787878,0.23905723905723905,185.0,132.0,0.3621621621621622,0.6432432432432432,0.6864864864864865
2858,0.531986531986532,0.17845117845117844,0.03367003367003367,0.2558922558922559,0.7441077441077442,0.21212121212121213,197.0,145.0,0.40609137055837563,0.6243654822335025,0.649746192893401
2859,0.5589225589225589,0.17845117845117844,0.050505050505050504,0.21212121212121213,0.7878787878787878,0.22895622895622897,186.0,133.0,0.4032258064516129,0.6182795698924731,0.6881720430107527
2860,0.531986531986532,0.18855218855218855,0.06060606060606061,0.21885521885521886,0.7811447811447811,0.24915824915824916,194.0,141.0,0.3711340206185567,0.6030927835051546,0.6804123711340206
2861,0.5555555555555556,0.1447811447811448,0.04377104377104377,0.2558922558922559,0.7441077441077442,0.18855218855218855,197.0,149.0,0.37055837563451777,0.5685279187817259,0.6294416243654822
2862,0.5151515151515151,0.1750841750841751,0.04377104377104377,0.265993265993266,0.734006734006734,0.21885521885521886,204.0,157.0,0.36764705882352944,0.5735294117647058,0.6176470588235294
2863,0.5286195286195287,0.15488215488215487,0.04040404040404041,0.2760942760942761,0.7239057239057239,0.19528619528619529,203.0,157.0,0.3645320197044335,0.5517241379310345,0.6009852216748769
2864,0.5589225589225589,0.15824915824915825,0.04040404040404041,0.24242424242424243,0.7575757575757576,0.19865319865319866,187.0,131.0,0.39037433155080214,0.5775401069518716,0.6256684491978609
2865,0.569023569023569,0.16835016835016836,0.04377104377104377,0.21885521885521886,0.7811447811447811,0.21212121212121213,190.0,139.0,0.4052631578947368,0.6263157894736842,0.6842105263157895
2866,0.5488215488215489,0.16498316498316498,0.04713804713804714,0.23905723905723905,0.7609427609427609,0.21212121212121213,188.0,136.0,0.3776595744680851,0.5851063829787234,0.6382978723404256
2867,0.5286195286195287,0.19528619528619529,0.04377104377104377,0.23232323232323232,0.7676767676767676,0.23905723905723905,190.0,146.0,0.34210526315789475,0.5947368421052631,0.6526315789473685
2868,0.5723905723905723,0.17845117845117844,0.05387205387205387,0.19528619528619529,0.8047138047138047,0.23232323232323232,195.0,146.0,0.4,0.6410256410256411,0.717948717948718
2869,0.5117845117845118,0.1919191919191919,0.0707070707070707,0.2255892255892256,0.7744107744107744,0.26262626262626265,199.0,150.0,0.3417085427135678,0.5728643216080402,0.6683417085427136
2870,0.47474747474747475,0.2255892255892256,0.0707070707070707,0.22895622895622897,0.7710437710437711,0.2962962962962963,189.0,133.0,0.3439153439153439,0.5873015873015873,0.6666666666666666
2871,0.5824915824915825,0.1717171717171717,0.016835016835016835,0.22895622895622897,0.7710437710437711,0.18855218855218855,182.0,132.0,0.3956043956043956,0.6208791208791209,0.6483516483516484
2872,0.5892255892255892,0.1447811447811448,0.04377104377104377,0.2222222222222222,0.7777777777777778,0.18855218855218855,186.0,136.0,0.3870967741935484,0.5860215053763441,0.6559139784946236
2873,0.5016835016835017,0.21885521885521886,0.07407407407407407,0.2053872053872054,0.7946127946127947,0.29292929292929293,188.0,133.0,0.35106382978723405,0.6223404255319149,0.6914893617021277
2874,0.5050505050505051,0.1919191919191919,0.05387205387205387,0.24915824915824916,0.7508417508417509,0.24579124579124578,187.0,133.0,0.3422459893048128,0.5721925133689839,0.6417112299465241
2875,0.569023569023569,0.16835016835016836,0.02356902356902357,0.23905723905723905,0.7609427609427609,0.1919191919191919,191.0,140.0,0.3769633507853403,0.6020942408376964,0.6335078534031413
2876,0.5723905723905723,0.1447811447811448,0.030303030303030304,0.25252525252525254,0.7474747474747475,0.1750841750841751,191.0,140.0,0.387434554973822,0.581151832460733,0.6282722513089005
2877,0.5151515151515151,0.18181818181818182,0.050505050505050504,0.25252525252525254,0.7474747474747475,0.23232323232323232,191.0,139.0,0.3769633507853403,0.6073298429319371,0.6649214659685864
2878,0.5353535353535354,0.2053872053872054,0.04713804713804714,0.21212121212121213,0.7878787878787878,0.25252525252525254,191.0,143.0,0.36649214659685864,0.6073298429319371,0.675392670157068
2879,0.5791245791245792,0.15824915824915825,0.030303030303030304,0.23232323232323232,0.7676767676767676,0.18855218855218855,178.0,121.0,0.39325842696629215,0.601123595505618,0.6348314606741573
2880,0.5589225589225589,0.1717171717171717,0.04377104377104377,0.2255892255892256,0.7744107744107744,0.21548821548821548,195.0,145.0,0.38461538461538464,0.6102564102564103,0.6564102564102564
2881,0.5791245791245792,0.16498316498316498,0.037037037037037035,0.21885521885521886,0.7811447811447811,0.20202020202020202,194.0,141.0,0.39690721649484534,0.6185567010309279,0.6752577319587629
2882,0.5218855218855218,0.16498316498316498,0.0707070707070707,0.24242424242424243,0.7575757575757576,0.2356902356902357,195.0,147.0,0.3487179487179487,0.5692307692307692,0.6512820512820513
2883,0.5824915824915825,0.14814814814814814,0.050505050505050504,0.21885521885521886,0.7811447811447811,0.19865319865319866,185.0,130.0,0.3891891891891892,0.5891891891891892,0.6648648648648648
2884,0.531986531986532,0.16161616161616163,0.04377104377104377,0.26262626262626265,0.7373737373737373,0.2053872053872054,184.0,134.0,0.33152173913043476,0.5434782608695652,0.6032608695652174
2885,0.5622895622895623,0.1447811447811448,0.050505050505050504,0.24242424242424243,0.7575757575757576,0.19528619528619529,188.0,144.0,0.3670212765957447,0.5691489361702128,0.6276595744680851
2886,0.531986531986532,0.16498316498316498,0.030303030303030304,0.2727272727272727,0.7272727272727273,0.19528619528619529,187.0,137.0,0.32085561497326204,0.5508021390374331,0.5882352941176471
2887,0.5521885521885522,0.18518518518518517,0.030303030303030304,0.23232323232323232,0.7676767676767676,0.21548821548821548,191.0,136.0,0.3769633507853403,0.6178010471204188,0.6544502617801047
2888,0.5420875420875421,0.17845117845117844,0.0707070707070707,0.20875420875420875,0.7912457912457912,0.24915824915824916,190.0,134.0,0.3736842105263158,0.5894736842105263,0.6894736842105263
2889,0.5117845117845118,0.19865319865319866,0.08080808080808081,0.20875420875420875,0.7912457912457912,0.27946127946127947,191.0,137.0,0.35602094240837695,0.5916230366492147,0.675392670157068
2890,0.48484848484848486,0.21212121212121213,0.04377104377104377,0.25925925925925924,0.7407407407407407,0.2558922558922559,197.0,141.0,0.3553299492385787,0.5939086294416244,0.649746192893401
2891,0.5892255892255892,0.1717171717171717,0.037037037037037035,0.20202020202020202,0.797979797979798,0.20875420875420875,176.0,125.0,0.38636363636363635,0.6136363636363636,0.6704545454545454
2892,0.5252525252525253,0.18518518518518517,0.04377104377104377,0.24579124579124578,0.7542087542087542,0.22895622895622897,193.0,144.0,0.37823834196891193,0.5906735751295337,0.6528497409326425
2893,0.5791245791245792,0.18855218855218855,0.037037037037037035,0.19528619528619529,0.8047138047138047,0.2255892255892256,187.0,137.0,0.39572192513368987,0.6417112299465241,0.7005347593582888
2894,0.5420875420875421,0.16498316498316498,0.04713804713804714,0.24579124579124578,0.7542087542087542,0.21212121212121213,189.0,144.0,0.328042328042328,0.5502645502645502,0.6243386243386243
2895,0.5353535353535354,0.20202020202020202,0.06397306397306397,0.19865319865319866,0.8013468013468014,0.265993265993266,196.0,145.0,0.3622448979591837,0.6326530612244898,0.7142857142857143
2896,0.569023569023569,0.15824915824915825,0.05387205387205387,0.21885521885521886,0.7811447811447811,0.21212121212121213,193.0,142.0,0.39896373056994816,0.5958549222797928,0.6683937823834197
2897,0.5555555555555556,0.1717171717171717,0.050505050505050504,0.2222222222222222,0.7777777777777778,0.2222222222222222,189.0,139.0,0.3862433862433862,0.6031746031746031,0.6613756613756614
2898,0.5420875420875421,0.16835016835016836,0.04377104377104377,0.24579124579124578,0.7542087542087542,0.21212121212121213,185.0,126.0,0.3891891891891892,0.5945945945945946,0.6486486486486487
2899,0.5218855218855218,0.1750841750841751,0.026936026936026935,0.2760942760942761,0.7239057239057239,0.20202020202020202,198.0,151.0,0.3484848484848485,0.5606060606060606,0.5959595959595959
2900,0.5959595959595959,0.18181818181818182,0.050505050505050504,0.1717171717171717,0.8282828282828283,0.23232323232323232,181.0,125.0,0.4088397790055249,0.6629834254143646,0.7348066298342542
2901,0.5420875420875421,0.12457912457912458,0.04377104377104377,0.2895622895622896,0.7104377104377104,0.16835016835016836,188.0,144.0,0.35638297872340424,0.5159574468085106,0.5851063829787234
2902,0.5353535353535354,0.2053872053872054,0.04377104377104377,0.21548821548821548,0.7845117845117845,0.24915824915824916,182.0,126.0,0.3626373626373626,0.6208791208791209,0.6758241758241759
2903,0.5488215488215489,0.15151515151515152,0.05723905723905724,0.24242424242424243,0.7575757575757576,0.20875420875420875,193.0,141.0,0.37823834196891193,0.5854922279792746,0.6424870466321243
2904,0.5084175084175084,0.2053872053872054,0.04713804713804714,0.23905723905723905,0.7609427609427609,0.25252525252525254,186.0,143.0,0.34408602150537637,0.5806451612903226,0.6344086021505376
2905,0.468013468013468,0.21212121212121213,0.06397306397306397,0.2558922558922559,0.7441077441077442,0.2760942760942761,210.0,171.0,0.32857142857142857,0.5714285714285714,0.6523809523809524
2906,0.5791245791245792,0.1447811447811448,0.04040404040404041,0.2356902356902357,0.7643097643097643,0.18518518518518517,186.0,130.0,0.4032258064516129,0.5806451612903226,0.6397849462365591
2907,0.5252525252525253,0.19865319865319866,0.04377104377104377,0.23232323232323232,0.7676767676767676,0.24242424242424243,185.0,128.0,0.3567567567567568,0.5891891891891892,0.6486486486486487
2908,0.5925925925925926,0.1919191919191919,0.030303030303030304,0.18518518518518517,0.8148148148148148,0.2222222222222222,188.0,143.0,0.42021276595744683,0.6595744680851063,0.7074468085106383
2909,0.5824915824915825,0.12457912457912458,0.050505050505050504,0.24242424242424243,0.7575757575757576,0.1750841750841751,185.0,133.0,0.4,0.572972972972973,0.6324324324324324
2910,0.5757575757575758,0.1750841750841751,0.03367003367003367,0.21548821548821548,0.7845117845117845,0.20875420875420875,183.0,126.0,0.4098360655737705,0.6284153005464481,0.6775956284153005
2911,0.5353535353535354,0.20202020202020202,0.050505050505050504,0.21212121212121213,0.7878787878787878,0.25252525252525254,194.0,142.0,0.3556701030927835,0.6134020618556701,0.6855670103092784
2912,0.5824915824915825,0.1717171717171717,0.03367003367003367,0.21212121212121213,0.7878787878787878,0.2053872053872054,185.0,133.0,0.4,0.6216216216216216,0.6702702702702703
2913,0.5353535353535354,0.2053872053872054,0.026936026936026935,0.23232323232323232,0.7676767676767676,0.23232323232323232,195.0,142.0,0.38974358974358975,0.6153846153846154,0.6564102564102564
2914,0.5589225589225589,0.16498316498316498,0.07407407407407407,0.20202020202020202,0.797979797979798,0.23905723905723905,181.0,122.0,0.3812154696132597,0.5966850828729282,0.6795580110497238
2915,0.569023569023569,0.15824915824915825,0.037037037037037035,0.2356902356902357,0.7643097643097643,0.19528619528619529,191.0,139.0,0.4031413612565445,0.5916230366492147,0.643979057591623
2916,0.5185185185185185,0.21212121212121213,0.03367003367003367,0.2356902356902357,0.7643097643097643,0.24579124579124578,199.0,151.0,0.3768844221105528,0.6331658291457286,0.6683417085427136
2917,0.5791245791245792,0.16161616161616163,0.03367003367003367,0.2255892255892256,0.7744107744107744,0.19528619528619529,189.0,131.0,0.4074074074074074,0.6296296296296297,0.6772486772486772
2918,0.5218855218855218,0.17845117845117844,0.04713804713804714,0.25252525252525254,0.7474747474747475,0.2255892255892256,197.0,144.0,0.3756345177664975,0.583756345177665,0.6446700507614214
2919,0.5151515151515151,0.16835016835016836,0.04713804713804714,0.26936026936026936,0.7306397306397306,0.21548821548821548,208.0,158.0,0.375,0.5817307692307693,0.6442307692307693
2920,0.5353535353535354,0.19528619528619529,0.03367003367003367,0.2356902356902357,0.7643097643097643,0.22895622895622897,181.0,123.0,0.3756906077348066,0.6077348066298343,0.6353591160220995
2921,0.5353535353535354,0.19865319865319866,0.06734006734006734,0.19865319865319866,0.8013468013468014,0.265993265993266,188.0,133.0,0.3723404255319149,0.6170212765957447,0.7021276595744681
2922,0.5353535353535354,0.18855218855218855,0.07407407407407407,0.20202020202020202,0.797979797979798,0.26262626262626265,189.0,140.0,0.3544973544973545,0.6031746031746031,0.6825396825396826
2923,0.5420875420875421,0.1919191919191919,0.026936026936026935,0.23905723905723905,0.7609427609427609,0.21885521885521886,191.0,138.0,0.39790575916230364,0.6335078534031413,0.6596858638743456
2924,0.6026936026936027,0.14814814814814814,0.05387205387205387,0.19528619528619529,0.8047138047138047,0.20202020202020202,175.0,118.0,0.4114285714285714,0.6285714285714286,0.6971428571428572
2925,0.5218855218855218,0.1750841750841751,0.04377104377104377,0.25925925925925924,0.7407407407407407,0.21885521885521886,198.0,149.0,0.35353535353535354,0.5909090909090909,0.6464646464646465
2926,0.5555555555555556,0.16835016835016836,0.037037037037037035,0.23905723905723905,0.7609427609427609,0.2053872053872054,195.0,149.0,0.4,0.6102564102564103,0.6564102564102564
2927,0.5185185185185185,0.1750841750841751,0.0707070707070707,0.2356902356902357,0.7643097643097643,0.24579124579124578,183.0,128.0,0.3114754098360656,0.546448087431694,0.644808743169399
2928,0.5185185185185185,0.19865319865319866,0.04377104377104377,0.23905723905723905,0.7609427609427609,0.24242424242424243,191.0,139.0,0.3717277486910995,0.5916230366492147,0.6544502617801047
2929,0.5353535353535354,0.18855218855218855,0.020202020202020204,0.2558922558922559,0.7441077441077442,0.20875420875420875,199.0,149.0,0.36180904522613067,0.5979899497487438,0.628140703517588
2930,0.5555555555555556,0.18181818181818182,0.04713804713804714,0.21548821548821548,0.7845117845117845,0.22895622895622897,187.0,133.0,0.37433155080213903,0.6203208556149733,0.6898395721925134
2931,0.5622895622895623,0.18181818181818182,0.06060606060606061,0.19528619528619529,0.8047138047138047,0.24242424242424243,189.0,138.0,0.4021164021164021,0.6296296296296297,0.6984126984126984
2932,0.569023569023569,0.16835016835016836,0.050505050505050504,0.21212121212121213,0.7878787878787878,0.21885521885521886,174.0,124.0,0.3448275862068966,0.5689655172413793,0.6494252873563219
2933,0.5387205387205387,0.18518518518518517,0.030303030303030304,0.24579124579124578,0.7542087542087542,0.21548821548821548,197.0,148.0,0.38071065989847713,0.6091370558375635,0.6548223350253807
2934,0.5757575757575758,0.16161616161616163,0.030303030303030304,0.23232323232323232,0.7676767676767676,0.1919191919191919,189.0,137.0,0.4021164021164021,0.6137566137566137,0.6613756613756614
2935,0.5420875420875421,0.19528619528619529,0.06060606060606061,0.20202020202020202,0.797979797979798,0.2558922558922559,189.0,134.0,0.3915343915343915,0.6190476190476191,0.7037037037037037
2936,0.5723905723905723,0.15488215488215487,0.04377104377104377,0.22895622895622897,0.7710437710437711,0.19865319865319866,180.0,127.0,0.37222222222222223,0.5722222222222222,0.6277777777777778
2937,0.5521885521885522,0.19865319865319866,0.050505050505050504,0.19865319865319866,0.8013468013468014,0.24915824915824916,187.0,134.0,0.3689839572192513,0.6203208556149733,0.6951871657754011
2938,0.5656565656565656,0.1919191919191919,0.02356902356902357,0.21885521885521886,0.7811447811447811,0.21548821548821548,187.0,143.0,0.3850267379679144,0.6417112299465241,0.679144385026738
2939,0.5151515151515151,0.19528619528619529,0.06060606060606061,0.22895622895622897,0.7710437710437711,0.2558922558922559,188.0,134.0,0.34574468085106386,0.5691489361702128,0.648936170212766
2940,0.5959595959595959,0.15824915824915825,0.04377104377104377,0.20202020202020202,0.797979797979798,0.20202020202020202,170.0,112.0,0.3941176470588235,0.611764705882353,0.6647058823529411
2941,0.5757575757575758,0.16835016835016836,0.05723905723905724,0.19865319865319866,0.8013468013468014,0.2255892255892256,176.0,121.0,0.3806818181818182,0.6079545454545454,0.6818181818181818
2942,0.5757575757575758,0.15824915824915825,0.04040404040404041,0.2255892255892256,0.7744107744107744,0.19865319865319866,181.0,129.0,0.4143646408839779,0.6132596685082873,0.6685082872928176
2943,0.5185185185185185,0.20202020202020202,0.04713804713804714,0.23232323232323232,0.7676767676767676,0.24915824915824916,194.0,145.0,0.37628865979381443,0.6288659793814433,0.6804123711340206
2944,0.5218855218855218,0.15824915824915825,0.04377104377104377,0.2760942760942761,0.7239057239057239,0.20202020202020202,199.0,146.0,0.3768844221105528,0.5879396984924623,0.6331658291457286
2945,0.5656565656565656,0.15151515151515152,0.07744107744107744,0.2053872053872054,0.7946127946127947,0.22895622895622897,190.0,143.0,0.35789473684210527,0.5578947368421052,0.6789473684210526
2946,0.5488215488215489,0.1447811447811448,0.04040404040404041,0.265993265993266,0.734006734006734,0.18518518518518517,194.0,139.0,0.39690721649484534,0.5618556701030928,0.6134020618556701
2947,0.5488215488215489,0.12457912457912458,0.08417508417508418,0.24242424242424243,0.7575757575757576,0.20875420875420875,191.0,137.0,0.39267015706806285,0.5445026178010471,0.643979057591623
2948,0.5858585858585859,0.12457912457912458,0.06734006734006734,0.2222222222222222,0.7777777777777778,0.1919191919191919,181.0,126.0,0.4198895027624309,0.585635359116022,0.6685082872928176
2949,0.5824915824915825,0.17845117845117844,0.020202020202020204,0.21885521885521886,0.7811447811447811,0.19865319865319866,184.0,132.0,0.3967391304347826,0.6358695652173914,0.6684782608695652
2950,0.5050505050505051,0.18855218855218855,0.050505050505050504,0.2558922558922559,0.7441077441077442,0.23905723905723905,200.0,152.0,0.365,0.58,0.63
2951,0.5454545454545454,0.1750841750841751,0.04377104377104377,0.2356902356902357,0.7643097643097643,0.21885521885521886,194.0,141.0,0.3711340206185567,0.6030927835051546,0.6597938144329897
2952,0.5993265993265994,0.15824915824915825,0.03367003367003367,0.20875420875420875,0.7912457912457912,0.1919191919191919,180.0,125.0,0.4,0.6333333333333333,0.6833333333333333
2953,0.49158249158249157,0.18181818181818182,0.06397306397306397,0.26262626262626265,0.7373737373737373,0.24579124579124578,199.0,146.0,0.34673366834170855,0.5577889447236181,0.6432160804020101
2954,0.5723905723905723,0.1750841750841751,0.02356902356902357,0.22895622895622897,0.7710437710437711,0.19865319865319866,180.0,127.0,0.4,0.6166666666666667,0.65
2955,0.4983164983164983,0.2222222222222222,0.04040404040404041,0.23905723905723905,0.7609427609427609,0.26262626262626265,195.0,146.0,0.3435897435897436,0.5897435897435898,0.6410256410256411
2956,0.5656565656565656,0.18518518518518517,0.05387205387205387,0.19528619528619529,0.8047138047138047,0.23905723905723905,177.0,125.0,0.3954802259887006,0.6271186440677966,0.6949152542372882
2957,0.5555555555555556,0.18518518518518517,0.050505050505050504,0.20875420875420875,0.7912457912457912,0.2356902356902357,187.0,141.0,0.3582887700534759,0.6149732620320856,0.6844919786096256
2958,0.5925925925925926,0.14814814814814814,0.07407407407407407,0.18518518518518517,0.8148148148148148,0.2222222222222222,178.0,128.0,0.4157303370786517,0.6404494382022472,0.7134831460674157
2959,0.5791245791245792,0.17845117845117844,0.037037037037037035,0.2053872053872054,0.7946127946127947,0.21548821548821548,183.0,132.0,0.3879781420765027,0.6284153005464481,0.6775956284153005
2960,0.5218855218855218,0.19528619528619529,0.050505050505050504,0.23232323232323232,0.7676767676767676,0.24579124579124578,195.0,145.0,0.3333333333333333,0.5897435897435898,0.6615384615384615
2961,0.5622895622895623,0.15151515151515152,0.050505050505050504,0.2356902356902357,0.7643097643097643,0.20202020202020202,189.0,140.0,0.37566137566137564,0.582010582010582,0.6402116402116402
2962,0.5353535353535354,0.16835016835016836,0.05723905723905724,0.23905723905723905,0.7609427609427609,0.2255892255892256,189.0,131.0,0.38095238095238093,0.582010582010582,0.656084656084656
2963,0.5521885521885522,0.18181818181818182,0.050505050505050504,0.21548821548821548,0.7845117845117845,0.23232323232323232,184.0,131.0,0.34782608695652173,0.5978260869565217,0.6739130434782609
2964,0.5892255892255892,0.15151515151515152,0.05723905723905724,0.20202020202020202,0.797979797979798,0.20875420875420875,184.0,129.0,0.4076086956521739,0.6304347826086957,0.7010869565217391
2965,0.5892255892255892,0.12457912457912458,0.05723905723905724,0.22895622895622897,0.7710437710437711,0.18181818181818182,184.0,133.0,0.4076086956521739,0.5706521739130435,0.6521739130434783
2966,0.5622895622895623,0.1750841750841751,0.04377104377104377,0.21885521885521886,0.7811447811447811,0.21885521885521886,178.0,124.0,0.39325842696629215,0.6067415730337079,0.6629213483146067
2967,0.5151515151515151,0.1750841750841751,0.037037037037037035,0.2727272727272727,0.7272727272727273,0.21212121212121213,190.0,144.0,0.3263157894736842,0.5578947368421052,0.6
2968,0.6094276094276094,0.1414141414141414,0.050505050505050504,0.19865319865319866,0.8013468013468014,0.1919191919191919,180.0,128.0,0.40555555555555556,0.6055555555555555,0.6777777777777778
2969,0.531986531986532,0.18518518518518517,0.04040404040404041,0.24242424242424243,0.7575757575757576,0.2255892255892256,196.0,140.0,0.37244897959183676,0.5969387755102041,0.6479591836734694
2970,0.5824915824915825,0.16498316498316498,0.037037037037037035,0.21548821548821548,0.7845117845117845,0.20202020202020202,181.0,125.0,0.39779005524861877,0.6132596685082873,0.6629834254143646
2971,0.5420875420875421,0.18855218855218855,0.06060606060606061,0.20875420875420875,0.7912457912457912,0.24915824915824916,193.0,143.0,0.37305699481865284,0.616580310880829,0.689119170984456
2972,0.5353535353535354,0.18855218855218855,0.06060606060606061,0.21548821548821548,0.7845117845117845,0.24915824915824916,193.0,143.0,0.35751295336787564,0.5958549222797928,0.6787564766839378
2973,0.5622895622895623,0.16498316498316498,0.04713804713804714,0.2255892255892256,0.7744107744107744,0.21212121212121213,185.0,128.0,0.4,0.6054054054054054,0.654054054054054
2974,0.5757575757575758,0.15824915824915825,0.026936026936026935,0.23905723905723905,0.7609427609427609,0.18518518518518517,194.0,153.0,0.4072164948453608,0.6134020618556701,0.6494845360824743
2975,0.5723905723905723,0.16161616161616163,0.04377104377104377,0.2222222222222222,0.7777777777777778,0.2053872053872054,178.0,125.0,0.398876404494382,0.5955056179775281,0.651685393258427
2976,0.4713804713804714,0.18181818181818182,0.04377104377104377,0.30303030303030304,0.696969696969697,0.2255892255892256,197.0,140.0,0.29949238578680204,0.5126903553299492,0.5685279187817259
2977,0.5218855218855218,0.21885521885521886,0.04040404040404041,0.21885521885521886,0.7811447811447811,0.25925925925925924,190.0,129.0,0.4,0.6473684210526316,0.7
2978,0.5488215488215489,0.1447811447811448,0.04713804713804714,0.25925925925925924,0.7407407407407407,0.1919191919191919,191.0,145.0,0.35602094240837695,0.5602094240837696,0.6178010471204188
2979,0.5084175084175084,0.22895622895622897,0.05387205387205387,0.20875420875420875,0.7912457912457912,0.2828282828282828,193.0,142.0,0.35751295336787564,0.6269430051813472,0.6994818652849741
2980,0.5589225589225589,0.17845117845117844,0.037037037037037035,0.2255892255892256,0.7744107744107744,0.21548821548821548,185.0,137.0,0.372972972972973,0.6108108108108108,0.6648648648648648
2981,0.5387205387205387,0.1750841750841751,0.04040404040404041,0.24579124579124578,0.7542087542087542,0.21548821548821548,192.0,143.0,0.3541666666666667,0.5729166666666666,0.6302083333333334
2982,0.5488215488215489,0.15151515151515152,0.037037037037037035,0.26262626262626265,0.7373737373737373,0.18855218855218855,195.0,141.0,0.39487179487179486,0.5897435897435898,0.6358974358974359
2983,0.5286195286195287,0.21212121212121213,0.05723905723905724,0.20202020202020202,0.797979797979798,0.26936026936026936,190.0,134.0,0.3736842105263158,0.6421052631578947,0.7157894736842105
2984,0.5218855218855218,0.19865319865319866,0.03367003367003367,0.24579124579124578,0.7542087542087542,0.23232323232323232,196.0,143.0,0.35714285714285715,0.5816326530612245,0.6326530612244898
2985,0.5286195286195287,0.18855218855218855,0.05387205387205387,0.22895622895622897,0.7710437710437711,0.24242424242424243,189.0,133.0,0.3492063492063492,0.6031746031746031,0.671957671957672
2986,0.531986531986532,0.16161616161616163,0.04377104377104377,0.26262626262626265,0.7373737373737373,0.2053872053872054,199.0,148.0,0.3869346733668342,0.5829145728643216,0.6331658291457286
2987,0.5959595959595959,0.1414141414141414,0.050505050505050504,0.21212121212121213,0.7878787878787878,0.1919191919191919,183.0,127.0,0.4207650273224044,0.6120218579234973,0.6775956284153005
2988,0.531986531986532,0.16498316498316498,0.050505050505050504,0.25252525252525254,0.7474747474747475,0.21548821548821548,191.0,140.0,0.36649214659685864,0.5706806282722513,0.6282722513089005
2989,0.5656565656565656,0.1717171717171717,0.050505050505050504,0.21212121212121213,0.7878787878787878,0.2222222222222222,184.0,133.0,0.4076086956521739,0.6141304347826086,0.6902173913043478
2990,0.5723905723905723,0.18181818181818182,0.06060606060606061,0.18518518518518517,0.8148148148148148,0.24242424242424243,189.0,133.0,0.41798941798941797,0.6190476190476191,0.7142857142857143
2991,0.5521885521885522,0.1750841750841751,0.04377104377104377,0.22895622895622897,0.7710437710437711,0.21885521885521886,178.0,131.0,0.34831460674157305,0.5898876404494382,0.651685393258427
2992,0.49158249158249157,0.16498316498316498,0.05723905723905724,0.28619528619528617,0.7138047138047138,0.2222222222222222,198.0,141.0,0.37373737373737376,0.5707070707070707,0.6262626262626263
2993,0.5454545454545454,0.1717171717171717,0.050505050505050504,0.23232323232323232,0.7676767676767676,0.2222222222222222,187.0,133.0,0.3689839572192513,0.5775401069518716,0.6470588235294118
2994,0.569023569023569,0.18181818181818182,0.04040404040404041,0.20875420875420875,0.7912457912457912,0.2222222222222222,187.0,135.0,0.39572192513368987,0.6203208556149733,0.6737967914438503
2995,0.5589225589225589,0.2053872053872054,0.026936026936026935,0.20875420875420875,0.7912457912457912,0.23232323232323232,174.0,120.0,0.3620689655172414,0.6264367816091954,0.6666666666666666
2996,0.5656565656565656,0.16498316498316498,0.04713804713804714,0.2222222222222222,0.7777777777777778,0.21212121212121213,181.0,126.0,0.40331491712707185,0.6187845303867403,0.6906077348066298
2997,0.5488215488215489,0.19865319865319866,0.04713804713804714,0.2053872053872054,0.7946127946127947,0.24579124579124578,192.0,136.0,0.4114583333333333,0.6666666666666666,0.71875
2998,0.5555555555555556,0.18518518518518517,0.04713804713804714,0.21212121212121213,0.7878787878787878,0.23232323232323232,180.0,124.0,0.39444444444444443,0.6333333333333333,0.6944444444444444
2999,0.531986531986532,0.2255892255892256,0.050505050505050504,0.1919191919191919,0.8080808080808081,0.2760942760942761,202.0,150.0,0.38613861386138615,0.6683168316831684,0.7277227722772277
3000,0.5420875420875421,0.18518518518518517,0.04713804713804714,0.2255892255892256,0.7744107744107744,0.23232323232323232,192.0,141.0,0.3958333333333333,0.6197916666666666,0.6770833333333334
3001,0.5151515151515151,0.20202020202020202,0.05723905723905724,0.2255892255892256,0.7744107744107744,0.25925925925925924,192.0,142.0,0.3333333333333333,0.5833333333333334,0.6666666666666666
3002,0.5387205387205387,0.20202020202020202,0.04713804713804714,0.21212121212121213,0.7878787878787878,0.24915824915824916,193.0,149.0,0.3626943005181347,0.6269430051813472,0.6994818652849741
3003,0.5084175084175084,0.23905723905723905,0.06397306397306397,0.18855218855218855,0.8114478114478114,0.30303030303030304,193.0,136.0,0.35751295336787564,0.6373056994818653,0.7150259067357513
3004,0.531986531986532,0.19528619528619529,0.04377104377104377,0.22895622895622897,0.7710437710437711,0.23905723905723905,188.0,136.0,0.32978723404255317,0.5904255319148937,0.6542553191489362
3005,0.5589225589225589,0.13131313131313133,0.04040404040404041,0.26936026936026936,0.7306397306397306,0.1717171717171717,187.0,130.0,0.39037433155080214,0.5614973262032086,0.6149732620320856
3006,0.5420875420875421,0.21212121212121213,0.04377104377104377,0.20202020202020202,0.797979797979798,0.2558922558922559,195.0,149.0,0.37435897435897436,0.6512820512820513,0.7076923076923077
3007,0.5656565656565656,0.18518518518518517,0.04377104377104377,0.2053872053872054,0.7946127946127947,0.22895622895622897,186.0,137.0,0.3817204301075269,0.6290322580645161,0.6989247311827957
3008,0.5589225589225589,0.1717171717171717,0.05387205387205387,0.21548821548821548,0.7845117845117845,0.2255892255892256,181.0,128.0,0.3701657458563536,0.6022099447513812,0.6685082872928176
3009,0.5117845117845118,0.1919191919191919,0.037037037037037035,0.25925925925925924,0.7407407407407407,0.22895622895622897,204.0,161.0,0.35294117647058826,0.6029411764705882,0.6519607843137255
3010,0.5488215488215489,0.19865319865319866,0.050505050505050504,0.20202020202020202,0.797979797979798,0.24915824915824916,181.0,126.0,0.3701657458563536,0.6132596685082873,0.6795580110497238
3011,0.494949494949495,0.18181818181818182,0.050505050505050504,0.2727272727272727,0.7272727272727273,0.23232323232323232,196.0,147.0,0.33163265306122447,0.5612244897959183,0.6275510204081632
3012,0.5488215488215489,0.1919191919191919,0.020202020202020204,0.23905723905723905,0.7609427609427609,0.21212121212121213,190.0,137.0,0.3736842105263158,0.6157894736842106,0.6473684210526316
3013,0.5420875420875421,0.20202020202020202,0.037037037037037035,0.21885521885521886,0.7811447811447811,0.23905723905723905,190.0,147.0,0.35789473684210527,0.6157894736842106,0.6684210526315789
3014,0.5185185185185185,0.1750841750841751,0.050505050505050504,0.2558922558922559,0.7441077441077442,0.2255892255892256,197.0,148.0,0.38071065989847713,0.583756345177665,0.6395939086294417
3015,0.5454545454545454,0.12457912457912458,0.050505050505050504,0.27946127946127947,0.7205387205387206,0.1750841750841751,192.0,136.0,0.3802083333333333,0.546875,0.6145833333333334
3016,0.5185185185185185,0.19865319865319866,0.04040404040404041,0.24242424242424243,0.7575757575757576,0.23905723905723905,197.0,137.0,0.3756345177664975,0.6040609137055838,0.6548223350253807
3017,0.5521885521885522,0.18181818181818182,0.05723905723905724,0.20875420875420875,0.7912457912457912,0.23905723905723905,189.0,140.0,0.3862433862433862,0.6190476190476191,0.6984126984126984
3018,0.5454545454545454,0.17845117845117844,0.04377104377104377,0.23232323232323232,0.7676767676767676,0.2222222222222222,189.0,136.0,0.36507936507936506,0.582010582010582,0.6402116402116402
3019,0.5016835016835017,0.15488215488215487,0.06060606060606061,0.2828282828282828,0.7171717171717171,0.21548821548821548,201.0,156.0,0.3283582089552239,0.5174129353233831,0.6019900497512438
3020,0.5454545454545454,0.20875420875420875,0.037037037037037035,0.20875420875420875,0.7912457912457912,0.24579124579124578,186.0,134.0,0.3709677419354839,0.6290322580645161,0.6720430107526881
3021,0.5488215488215489,0.20875420875420875,0.02356902356902357,0.21885521885521886,0.7811447811447811,0.23232323232323232,178.0,129.0,0.3651685393258427,0.6235955056179775,0.6573033707865169
3022,0.5892255892255892,0.16835016835016836,0.04377104377104377,0.19865319865319866,0.8013468013468014,0.21212121212121213,183.0,131.0,0.4098360655737705,0.6338797814207651,0.6939890710382514
3023,0.569023569023569,0.16161616161616163,0.037037037037037035,0.23232323232323232,0.7676767676767676,0.19865319865319866,180.0,129.0,0.3611111111111111,0.5666666666666667,0.6222222222222222
3024,0.5454545454545454,0.18855218855218855,0.05387205387205387,0.21212121212121213,0.7878787878787878,0.24242424242424243,185.0,133.0,0.372972972972973,0.6216216216216216,0.6810810810810811
3025,0.5858585858585859,0.16835016835016836,0.030303030303030304,0.21548821548821548,0.7845117845117845,0.19865319865319866,180.0,119.0,0.40555555555555556,0.6222222222222222,0.6666666666666666
3026,0.5892255892255892,0.15488215488215487,0.04713804713804714,0.20875420875420875,0.7912457912457912,0.20202020202020202,180.0,127.0,0.4,0.6055555555555555,0.6611111111111111
3027,0.5353535353535354,0.21548821548821548,0.030303030303030304,0.21885521885521886,0.7811447811447811,0.24579124579124578,182.0,126.0,0.3626373626373626,0.6098901098901099,0.6538461538461539
3028,0.5050505050505051,0.20202020202020202,0.04040404040404041,0.25252525252525254,0.7474747474747475,0.24242424242424243,187.0,137.0,0.3422459893048128,0.5561497326203209,0.6203208556149733
3029,0.5723905723905723,0.16498316498316498,0.04040404040404041,0.2222222222222222,0.7777777777777778,0.2053872053872054,187.0,139.0,0.39572192513368987,0.6149732620320856,0.6684491978609626
3030,0.5555555555555556,0.15824915824915825,0.05723905723905724,0.22895622895622897,0.7710437710437711,0.21548821548821548,194.0,137.0,0.3917525773195876,0.5876288659793815,0.6701030927835051
3031,0.5824915824915825,0.18855218855218855,0.04713804713804714,0.18181818181818182,0.8181818181818182,0.2356902356902357,178.0,116.0,0.4101123595505618,0.6685393258426966,0.7303370786516854
3032,0.5016835016835017,0.19528619528619529,0.06397306397306397,0.23905723905723905,0.7609427609427609,0.25925925925925924,199.0,151.0,0.3417085427135678,0.5728643216080402,0.6582914572864321
3033,0.5555555555555556,0.16835016835016836,0.04713804713804714,0.22895622895622897,0.7710437710437711,0.21548821548821548,189.0,136.0,0.37037037037037035,0.5978835978835979,0.656084656084656
3034,0.5488215488215489,0.16161616161616163,0.06060606060606061,0.22895622895622897,0.7710437710437711,0.2222222222222222,195.0,146.0,0.38974358974358975,0.5794871794871795,0.6564102564102564
3035,0.531986531986532,0.16161616161616163,0.050505050505050504,0.2558922558922559,0.7441077441077442,0.21212121212121213,195.0,145.0,0.3435897435897436,0.558974358974359,0.6153846153846154
3036,0.5589225589225589,0.1750841750841751,0.05387205387205387,0.21212121212121213,0.7878787878787878,0.22895622895622897,192.0,145.0,0.3854166666666667,0.609375,0.6927083333333334
3037,0.5521885521885522,0.15824915824915825,0.037037037037037035,0.25252525252525254,0.7474747474747475,0.19528619528619529,197.0,144.0,0.4213197969543147,0.5989847715736041,0.649746192893401
3038,0.569023569023569,0.1414141414141414,0.04377104377104377,0.24579124579124578,0.7542087542087542,0.18518518518518517,179.0,122.0,0.37988826815642457,0.5921787709497207,0.6536312849162011
3039,0.5387205387205387,0.16835016835016836,0.04713804713804714,0.24579124579124578,0.7542087542087542,0.21548821548821548,200.0,147.0,0.385,0.6,0.655
3040,0.5824915824915825,0.16498316498316498,0.04377104377104377,0.20875420875420875,0.7912457912457912,0.20875420875420875,173.0,112.0,0.4161849710982659,0.6242774566473989,0.6820809248554913
3041,0.5622895622895623,0.1750841750841751,0.030303030303030304,0.23232323232323232,0.7676767676767676,0.2053872053872054,194.0,139.0,0.4072164948453608,0.634020618556701,0.6752577319587629
3042,0.5151515151515151,0.18181818181818182,0.07744107744107744,0.2255892255892256,0.7744107744107744,0.25925925925925924,189.0,138.0,0.3386243386243386,0.5555555555555556,0.6455026455026455
3043,0.5454545454545454,0.1717171717171717,0.05387205387205387,0.22895622895622897,0.7710437710437711,0.2255892255892256,196.0,146.0,0.3826530612244898,0.5969387755102041,0.6530612244897959
3044,0.5420875420875421,0.18181818181818182,0.050505050505050504,0.2255892255892256,0.7744107744107744,0.23232323232323232,194.0,143.0,0.3711340206185567,0.5979381443298969,0.6701030927835051
3045,0.5521885521885522,0.2053872053872054,0.050505050505050504,0.1919191919191919,0.8080808080808081,0.2558922558922559,173.0,119.0,0.37572254335260113,0.6184971098265896,0.6878612716763006
3046,0.5488215488215489,0.1717171717171717,0.04713804713804714,0.23232323232323232,0.7676767676767676,0.21885521885521886,184.0,132.0,0.358695652173913,0.5978260869565217,0.6467391304347826
3047,0.531986531986532,0.15488215488215487,0.04040404040404041,0.2727272727272727,0.7272727272727273,0.19528619528619529,193.0,136.0,0.38860103626943004,0.5544041450777202,0.6010362694300518
3048,0.49158249158249157,0.21212121212121213,0.04377104377104377,0.25252525252525254,0.7474747474747475,0.2558922558922559,190.0,138.0,0.3263157894736842,0.5736842105263158,0.6368421052631579
3049,0.5353535353535354,0.1717171717171717,0.030303030303030304,0.26262626262626265,0.7373737373737373,0.20202020202020202,205.0,155.0,0.37073170731707317,0.5902439024390244,0.6292682926829268
3050,0.5420875420875421,0.1717171717171717,0.06734006734006734,0.21885521885521886,0.7811447811447811,0.23905723905723905,182.0,128.0,0.3901098901098901,0.5989010989010989,0.6868131868131868
3051,0.5892255892255892,0.16835016835016836,0.04040404040404041,0.20202020202020202,0.797979797979798,0.20875420875420875,182.0,130.0,0.4010989010989011,0.6153846153846154,0.6758241758241759
3052,0.5589225589225589,0.12121212121212122,0.04713804713804714,0.2727272727272727,0.7272727272727273,0.16835016835016836,191.0,142.0,0.39790575916230364,0.5392670157068062,0.6073298429319371
3053,0.5757575757575758,0.13131313131313133,0.06397306397306397,0.22895622895622897,0.7710437710437711,0.19528619528619529,190.0,145.0,0.3736842105263158,0.5631578947368421,0.6526315789473685
3054,0.5454545454545454,0.15488215488215487,0.06060606060606061,0.23905723905723905,0.7609427609427609,0.21548821548821548,187.0,132.0,0.36363636363636365,0.5668449197860963,0.6363636363636364
3055,0.5387205387205387,0.16498316498316498,0.050505050505050504,0.24579124579124578,0.7542087542087542,0.21548821548821548,194.0,146.0,0.36597938144329895,0.5824742268041238,0.6391752577319587
3056,0.569023569023569,0.18855218855218855,0.04713804713804714,0.19528619528619529,0.8047138047138047,0.2356902356902357,186.0,133.0,0.3817204301075269,0.6397849462365591,0.7096774193548387
3057,0.5454545454545454,0.20202020202020202,0.04377104377104377,0.20875420875420875,0.7912457912457912,0.24579124579124578,185.0,129.0,0.3783783783783784,0.6378378378378379,0.6810810810810811
3058,0.5151515151515151,0.19865319865319866,0.04040404040404041,0.24579124579124578,0.7542087542087542,0.23905723905723905,199.0,151.0,0.37185929648241206,0.628140703517588,0.6834170854271356
3059,0.5387205387205387,0.17845117845117844,0.05387205387205387,0.22895622895622897,0.7710437710437711,0.23232323232323232,196.0,147.0,0.37755102040816324,0.6071428571428571,0.673469387755102
3060,0.569023569023569,0.17845117845117844,0.03367003367003367,0.21885521885521886,0.7811447811447811,0.21212121212121213,185.0,135.0,0.3891891891891892,0.6270270270270271,0.6702702702702703
3061,0.5185185185185185,0.20202020202020202,0.020202020202020204,0.25925925925925924,0.7407407407407407,0.2222222222222222,192.0,144.0,0.3489583333333333,0.59375,0.625
3062,0.5622895622895623,0.16498316498316498,0.03367003367003367,0.23905723905723905,0.7609427609427609,0.19865319865319866,193.0,143.0,0.37305699481865284,0.5854922279792746,0.6373056994818653
3063,0.5218855218855218,0.1750841750841751,0.04377104377104377,0.25925925925925924,0.7407407407407407,0.21885521885521886,206.0,165.0,0.35436893203883496,0.5728155339805825,0.6359223300970874
3064,0.5791245791245792,0.14814814814814814,0.04377104377104377,0.22895622895622897,0.7710437710437711,0.1919191919191919,190.0,135.0,0.41578947368421054,0.5894736842105263,0.6578947368421053
3065,0.6094276094276094,0.15488215488215487,0.04040404040404041,0.19528619528619529,0.8047138047138047,0.19528619528619529,178.0,128.0,0.42134831460674155,0.6629213483146067,0.7078651685393258
3066,0.4983164983164983,0.1919191919191919,0.04713804713804714,0.26262626262626265,0.7373737373737373,0.23905723905723905,191.0,134.0,0.3612565445026178,0.6178010471204188,0.6596858638743456
3067,0.5791245791245792,0.15824915824915825,0.020202020202020204,0.24242424242424243,0.7575757575757576,0.17845117845117844,186.0,135.0,0.40860215053763443,0.6182795698924731,0.6505376344086021
3068,0.5454545454545454,0.16835016835016836,0.02356902356902357,0.26262626262626265,0.7373737373737373,0.1919191919191919,196.0,141.0,0.3826530612244898,0.5918367346938775,0.6224489795918368
3069,0.5622895622895623,0.16161616161616163,0.04377104377104377,0.23232323232323232,0.7676767676767676,0.2053872053872054,190.0,139.0,0.37894736842105264,0.5894736842105263,0.6578947368421053
3070,0.5488215488215489,0.18855218855218855,0.037037037037037035,0.2255892255892256,0.7744107744107744,0.2255892255892256,178.0,118.0,0.3707865168539326,0.6067415730337079,0.6573033707865169
3071,0.5555555555555556,0.15151515151515152,0.04040404040404041,0.25252525252525254,0.7474747474747475,0.1919191919191919,197.0,149.0,0.38578680203045684,0.583756345177665,0.6345177664974619
3072,0.5824915824915825,0.1750841750841751,0.03367003367003367,0.20875420875420875,0.7912457912457912,0.20875420875420875,170.0,107.0,0.3941176470588235,0.611764705882353,0.6705882352941176
3073,0.569023569023569,0.14814814814814814,0.050505050505050504,0.23232323232323232,0.7676767676767676,0.19865319865319866,183.0,124.0,0.3879781420765027,0.5737704918032787,0.6502732240437158
3074,0.5723905723905723,0.15151515151515152,0.04040404040404041,0.2356902356902357,0.7643097643097643,0.1919191919191919,186.0,131.0,0.3817204301075269,0.5860215053763441,0.6451612903225806
3075,0.531986531986532,0.2053872053872054,0.050505050505050504,0.21212121212121213,0.7878787878787878,0.2558922558922559,184.0,125.0,0.4076086956521739,0.657608695652174,0.7119565217391305
3076,0.5353535353535354,0.1717171717171717,0.04377104377104377,0.24915824915824916,0.7508417508417509,0.21548821548821548,187.0,136.0,0.3582887700534759,0.5828877005347594,0.6310160427807486
3077,0.5084175084175084,0.18518518518518517,0.04713804713804714,0.25925925925925924,0.7407407407407407,0.23232323232323232,196.0,139.0,0.3673469387755102,0.576530612244898,0.6377551020408163
3078,0.5286195286195287,0.1717171717171717,0.04713804713804714,0.25252525252525254,0.7474747474747475,0.21885521885521886,202.0,148.0,0.39603960396039606,0.594059405940594,0.6584158415841584
3079,0.5622895622895623,0.16498316498316498,0.037037037037037035,0.2356902356902357,0.7643097643097643,0.20202020202020202,189.0,130.0,0.3915343915343915,0.5925925925925926,0.6507936507936508
3080,0.5925925925925926,0.16161616161616163,0.05387205387205387,0.1919191919191919,0.8080808080808081,0.21548821548821548,182.0,130.0,0.38461538461538464,0.5989010989010989,0.6868131868131868
3081,0.5521885521885522,0.19528619528619529,0.04377104377104377,0.20875420875420875,0.7912457912457912,0.23905723905723905,193.0,144.0,0.37823834196891193,0.6373056994818653,0.7046632124352331
3082,0.5555555555555556,0.16498316498316498,0.04040404040404041,0.23905723905723905,0.7609427609427609,0.2053872053872054,194.0,144.0,0.3711340206185567,0.5927835051546392,0.6494845360824743
3083,0.5824915824915825,0.1750841750841751,0.037037037037037035,0.2053872053872054,0.7946127946127947,0.21212121212121213,180.0,127.0,0.37777777777777777,0.6277777777777778,0.6777777777777778
3084,0.5420875420875421,0.16498316498316498,0.04040404040404041,0.25252525252525254,0.7474747474747475,0.2053872053872054,197.0,142.0,0.38578680203045684,0.5786802030456852,0.6294416243654822
3085,0.5420875420875421,0.18518518518518517,0.03367003367003367,0.23905723905723905,0.7609427609427609,0.21885521885521886,197.0,139.0,0.39086294416243655,0.6091370558375635,0.6598984771573604
3086,0.5521885521885522,0.15488215488215487,0.06060606060606061,0.23232323232323232,0.7676767676767676,0.21548821548821548,185.0,138.0,0.372972972972973,0.5837837837837838,0.6486486486486487
3087,0.5892255892255892,0.15488215488215487,0.030303030303030304,0.2255892255892256,0.7744107744107744,0.18518518518518517,178.0,119.0,0.4044943820224719,0.6067415730337079,0.651685393258427
3088,0.5555555555555556,0.15824915824915825,0.030303030303030304,0.2558922558922559,0.7441077441077442,0.18855218855218855,174.0,117.0,0.367816091954023,0.5689655172413793,0.6091954022988506
3089,0.5218855218855218,0.16835016835016836,0.04377104377104377,0.265993265993266,0.734006734006734,0.21212121212121213,196.0,147.0,0.35714285714285715,0.5612244897959183,0.6173469387755102
3090,0.5656565656565656,0.1750841750841751,0.050505050505050504,0.20875420875420875,0.7912457912457912,0.2255892255892256,181.0,130.0,0.39779005524861877,0.6243093922651933,0.6906077348066298
3091,0.5218855218855218,0.19865319865319866,0.06060606060606061,0.21885521885521886,0.7811447811447811,0.25925925925925924,193.0,142.0,0.37305699481865284,0.6113989637305699,0.6787564766839378
3092,0.5387205387205387,0.15488215488215487,0.02356902356902357,0.2828282828282828,0.7171717171717171,0.17845117845117844,199.0,146.0,0.38190954773869346,0.5628140703517588,0.5979899497487438
3093,0.5353535353535354,0.2255892255892256,0.04713804713804714,0.1919191919191919,0.8080808080808081,0.2727272727272727,194.0,141.0,0.3865979381443299,0.654639175257732,0.7216494845360825
3094,0.569023569023569,0.18181818181818182,0.03367003367003367,0.21548821548821548,0.7845117845117845,0.21548821548821548,176.0,116.0,0.4034090909090909,0.6306818181818182,0.6818181818181818
3095,0.5656565656565656,0.17845117845117844,0.026936026936026935,0.22895622895622897,0.7710437710437711,0.2053872053872054,190.0,140.0,0.3736842105263158,0.6105263157894737,0.6526315789473685
3096,0.5218855218855218,0.19528619528619529,0.04377104377104377,0.23905723905723905,0.7609427609427609,0.23905723905723905,197.0,143.0,0.3756345177664975,0.6040609137055838,0.649746192893401
3097,0.5151515151515151,0.19865319865319866,0.04713804713804714,0.23905723905723905,0.7609427609427609,0.24579124579124578,194.0,149.0,0.3556701030927835,0.5773195876288659,0.6443298969072165
3098,0.5185185185185185,0.16161616161616163,0.04713804713804714,0.2727272727272727,0.7272727272727273,0.20875420875420875,183.0,127.0,0.3333333333333333,0.5245901639344263,0.5846994535519126
3099,0.5791245791245792,0.16498316498316498,0.06397306397306397,0.1919191919191919,0.8080808080808081,0.22895622895622897,176.0,119.0,0.4090909090909091,0.6136363636363636,0.6875
3100,0.5892255892255892,0.18181818181818182,0.04040404040404041,0.18855218855218855,0.8114478114478114,0.2222222222222222,181.0,120.0,0.425414364640884,0.6574585635359116,0.7071823204419889
3101,0.5521885521885522,0.16498316498316498,0.04040404040404041,0.24242424242424243,0.7575757575757576,0.2053872053872054,191.0,139.0,0.41361256544502617,0.612565445026178,0.6492146596858639
3102,0.5387205387205387,0.13131313131313133,0.04713804713804714,0.2828282828282828,0.7171717171717171,0.17845117845117844,193.0,141.0,0.37823834196891193,0.5492227979274611,0.6062176165803109
3103,0.5454545454545454,0.18181818181818182,0.03367003367003367,0.23905723905723905,0.7609427609427609,0.21548821548821548,197.0,150.0,0.39086294416243655,0.6243654822335025,0.6700507614213198
3104,0.5218855218855218,0.19528619528619529,0.030303030303030304,0.25252525252525254,0.7474747474747475,0.2255892255892256,186.0,127.0,0.3817204301075269,0.5967741935483871,0.6344086021505376
3105,0.5218855218855218,0.20202020202020202,0.04713804713804714,0.22895622895622897,0.7710437710437711,0.24915824915824916,197.0,145.0,0.38071065989847713,0.6395939086294417,0.6903553299492385
3106,0.5420875420875421,0.20202020202020202,0.04377104377104377,0.21212121212121213,0.7878787878787878,0.24579124579124578,191.0,136.0,0.36649214659685864,0.6230366492146597,0.680628272251309
3107,0.5622895622895623,0.18518518518518517,0.04377104377104377,0.20875420875420875,0.7912457912457912,0.22895622895622897,192.0,145.0,0.3697916666666667,0.625,0.6822916666666666
3108,0.5791245791245792,0.16498316498316498,0.05723905723905724,0.19865319865319866,0.8013468013468014,0.2222222222222222,185.0,133.0,0.41621621621621624,0.6108108108108108,0.6918918918918919
3109,0.5420875420875421,0.16161616161616163,0.06397306397306397,0.23232323232323232,0.7676767676767676,0.2255892255892256,189.0,138.0,0.37566137566137564,0.5925925925925926,0.671957671957672
3110,0.5454545454545454,0.15151515151515152,0.04377104377104377,0.25925925925925924,0.7407407407407407,0.19528619528619529,194.0,143.0,0.37628865979381443,0.5618556701030928,0.6185567010309279
3111,0.5454545454545454,0.16161616161616163,0.037037037037037035,0.2558922558922559,0.7441077441077442,0.19865319865319866,190.0,137.0,0.3631578947368421,0.5789473684210527,0.631578947368421
3112,0.531986531986532,0.17845117845117844,0.05387205387205387,0.2356902356902357,0.7643097643097643,0.23232323232323232,190.0,136.0,0.38421052631578945,0.5842105263157895,0.6473684210526316
3113,0.5858585858585859,0.14814814814814814,0.026936026936026935,0.23905723905723905,0.7609427609427609,0.1750841750841751,184.0,135.0,0.3967391304347826,0.6032608695652174,0.6413043478260869
3114,0.5050505050505051,0.19528619528619529,0.06060606060606061,0.23905723905723905,0.7609427609427609,0.2558922558922559,203.0,154.0,0.35467980295566504,0.5960591133004927,0.6748768472906403
3115,0.5791245791245792,0.19528619528619529,0.037037037037037035,0.18855218855218855,0.8114478114478114,0.23232323232323232,190.0,138.0,0.4052631578947368,0.6578947368421053,0.7157894736842105
3116,0.5521885521885522,0.19528619528619529,0.050505050505050504,0.20202020202020202,0.797979797979798,0.24579124579124578,180.0,127.0,0.37777777777777777,0.6333333333333333,0.6944444444444444
3117,0.5353535353535354,0.15824915824915825,0.06734006734006734,0.23905723905723905,0.7609427609427609,0.2255892255892256,197.0,148.0,0.3553299492385787,0.5736040609137056,0.649746192893401
3118,0.5555555555555556,0.1717171717171717,0.037037037037037035,0.2356902356902357,0.7643097643097643,0.20875420875420875,198.0,148.0,0.3939393939393939,0.6161616161616161,0.6565656565656566
3119,0.5488215488215489,0.2222222222222222,0.020202020202020204,0.20875420875420875,0.7912457912457912,0.24242424242424243,182.0,129.0,0.36813186813186816,0.6483516483516484,0.6813186813186813
3120,0.5420875420875421,0.16835016835016836,0.04040404040404041,0.24915824915824916,0.7508417508417509,0.20875420875420875,190.0,137.0,0.3894736842105263,0.5736842105263158,0.6368421052631579
3121,0.569023569023569,0.1717171717171717,0.02356902356902357,0.2356902356902357,0.7643097643097643,0.19528619528619529,183.0,125.0,0.3825136612021858,0.6120218579234973,0.6502732240437158
3122,0.5555555555555556,0.18181818181818182,0.050505050505050504,0.21212121212121213,0.7878787878787878,0.23232323232323232,186.0,139.0,0.3709677419354839,0.6075268817204301,0.6720430107526881
3123,0.5454545454545454,0.16498316498316498,0.04040404040404041,0.24915824915824916,0.7508417508417509,0.2053872053872054,187.0,130.0,0.3850267379679144,0.5721925133689839,0.6310160427807486
3124,0.5488215488215489,0.16498316498316498,0.03367003367003367,0.25252525252525254,0.7474747474747475,0.19865319865319866,188.0,130.0,0.3776595744680851,0.5904255319148937,0.6382978723404256
3125,0.5454545454545454,0.18181818181818182,0.04713804713804714,0.2255892255892256,0.7744107744107744,0.22895622895622897,187.0,135.0,0.39037433155080214,0.5989304812834224,0.6577540106951871
3126,0.5791245791245792,0.1717171717171717,0.050505050505050504,0.19865319865319866,0.8013468013468014,0.2222222222222222,181.0,132.0,0.3701657458563536,0.6187845303867403,0.6850828729281768
3127,0.5757575757575758,0.15151515151515152,0.05723905723905724,0.21548821548821548,0.7845117845117845,0.20875420875420875,188.0,141.0,0.3829787234042553,0.5904255319148937,0.675531914893617
3128,0.5622895622895623,0.18518518518518517,0.030303030303030304,0.2222222222222222,0.7777777777777778,0.21548821548821548,181.0,127.0,0.36464088397790057,0.6132596685082873,0.6574585635359116
3129,0.5420875420875421,0.20875420875420875,0.050505050505050504,0.19865319865319866,0.8013468013468014,0.25925925925925924,194.0,142.0,0.37628865979381443,0.634020618556701,0.7010309278350515
3130,0.5420875420875421,0.1919191919191919,0.037037037037037035,0.22895622895622897,0.7710437710437711,0.22895622895622897,193.0,149.0,0.3626943005181347,0.6010362694300518,0.6580310880829016
3131,0.5420875420875421,0.18518518518518517,0.06734006734006734,0.2053872053872054,0.7946127946127947,0.25252525252525254,184.0,134.0,0.3532608695652174,0.6086956521739131,0.6847826086956522
3132,0.5185185185185185,0.18855218855218855,0.050505050505050504,0.24242424242424243,0.7575757575757576,0.23905723905723905,197.0,145.0,0.3756345177664975,0.6040609137055838,0.6598984771573604
3133,0.5791245791245792,0.13131313131313133,0.03367003367003367,0.2558922558922559,0.7441077441077442,0.16498316498316498,193.0,142.0,0.39896373056994816,0.5751295336787565,0.6269430051813472
3134,0.5858585858585859,0.13468013468013468,0.050505050505050504,0.22895622895622897,0.7710437710437711,0.18518518518518517,189.0,137.0,0.3915343915343915,0.582010582010582,0.6507936507936508
3135,0.5589225589225589,0.16835016835016836,0.04377104377104377,0.22895622895622897,0.7710437710437711,0.21212121212121213,188.0,132.0,0.3670212765957447,0.5851063829787234,0.648936170212766
3136,0.5521885521885522,0.17845117845117844,0.04713804713804714,0.2222222222222222,0.7777777777777778,0.2255892255892256,194.0,140.0,0.38144329896907214,0.6030927835051546,0.6752577319587629
3137,0.5420875420875421,0.1717171717171717,0.04377104377104377,0.24242424242424243,0.7575757575757576,0.21548821548821548,179.0,119.0,0.36312849162011174,0.5921787709497207,0.6536312849162011
3138,0.5353535353535354,0.1919191919191919,0.030303030303030304,0.24242424242424243,0.7575757575757576,0.2222222222222222,187.0,135.0,0.37433155080213903,0.6042780748663101,0.6470588235294118
3139,0.4983164983164983,0.21885521885521886,0.04377104377104377,0.23905723905723905,0.7609427609427609,0.26262626262626265,193.0,140.0,0.3471502590673575,0.6062176165803109,0.6632124352331606
3140,0.5420875420875421,0.17845117845117844,0.04713804713804714,0.23232323232323232,0.7676767676767676,0.2255892255892256,192.0,136.0,0.3645833333333333,0.5885416666666666,0.6614583333333334
3141,0.5521885521885522,0.1919191919191919,0.03367003367003367,0.2222222222222222,0.7777777777777778,0.2255892255892256,192.0,139.0,0.3958333333333333,0.625,0.6666666666666666
3142,0.5723905723905723,0.1750841750841751,0.05387205387205387,0.19865319865319866,0.8013468013468014,0.22895622895622897,184.0,127.0,0.4076086956521739,0.6358695652173914,0.7065217391304348
3143,0.5521885521885522,0.16498316498316498,0.050505050505050504,0.23232323232323232,0.7676767676767676,0.21548821548821548,196.0,139.0,0.3979591836734694,0.6071428571428571,0.6785714285714286
3144,0.5622895622895623,0.15824915824915825,0.037037037037037035,0.24242424242424243,0.7575757575757576,0.19528619528619529,191.0,142.0,0.3717277486910995,0.5916230366492147,0.6492146596858639
3145,0.5656565656565656,0.19528619528619529,0.04377104377104377,0.19528619528619529,0.8047138047138047,0.23905723905723905,179.0,123.0,0.40782122905027934,0.6368715083798883,0.6871508379888268
3146,0.5589225589225589,0.18518518518518517,0.04377104377104377,0.21212121212121213,0.7878787878787878,0.22895622895622897,179.0,123.0,0.39106145251396646,0.6312849162011173,0.6759776536312849
3147,0.5420875420875421,0.17845117845117844,0.06734006734006734,0.21212121212121213,0.7878787878787878,0.24579124579124578,183.0,136.0,0.3551912568306011,0.5792349726775956,0.6666666666666666
3148,0.5858585858585859,0.15824915824915825,0.03367003367003367,0.2222222222222222,0.7777777777777778,0.1919191919191919,191.0,142.0,0.39790575916230364,0.6020942408376964,0.6544502617801047
3149,0.48484848484848486,0.21885521885521886,0.06734006734006734,0.22895622895622897,0.7710437710437711,0.28619528619528617,206.0,154.0,0.34951456310679613,0.6067961165048543,0.6893203883495146
3150,0.5454545454545454,0.13468013468013468,0.05387205387205387,0.265993265993266,0.734006734006734,0.18855218855218855,188.0,142.0,0.32978723404255317,0.5319148936170213,0.6117021276595744
3151,0.5824915824915825,0.1750841750841751,0.04713804713804714,0.19528619528619529,0.8047138047138047,0.2222222222222222,184.0,124.0,0.44021739130434784,0.6358695652173914,0.7010869565217391
3152,0.5521885521885522,0.15151515151515152,0.06734006734006734,0.22895622895622897,0.7710437710437711,0.21885521885521886,187.0,138.0,0.37433155080213903,0.5614973262032086,0.6524064171122995
3153,0.5286195286195287,0.20875420875420875,0.050505050505050504,0.21212121212121213,0.7878787878787878,0.25925925925925924,191.0,148.0,0.3298429319371728,0.6073298429319371,0.675392670157068
3154,0.5521885521885522,0.13468013468013468,0.05723905723905724,0.2558922558922559,0.7441077441077442,0.1919191919191919,187.0,134.0,0.37967914438502676,0.5668449197860963,0.6363636363636364
3155,0.569023569023569,0.15824915824915825,0.04713804713804714,0.2255892255892256,0.7744107744107744,0.2053872053872054,189.0,143.0,0.37566137566137564,0.5925925925925926,0.656084656084656
3156,0.5622895622895623,0.1919191919191919,0.02356902356902357,0.2222222222222222,0.7777777777777778,0.21548821548821548,175.0,118.0,0.38285714285714284,0.6228571428571429,0.6457142857142857
3157,0.5993265993265994,0.15824915824915825,0.037037037037037035,0.2053872053872054,0.7946127946127947,0.19528619528619529,187.0,133.0,0.41711229946524064,0.6256684491978609,0.6844919786096256
3158,0.5555555555555556,0.1750841750841751,0.04377104377104377,0.2255892255892256,0.7744107744107744,0.21885521885521886,194.0,135.0,0.4072164948453608,0.6185567010309279,0.6752577319587629
3159,0.468013468013468,0.1919191919191919,0.04040404040404041,0.2996632996632997,0.7003367003367004,0.23232323232323232,207.0,157.0,0.3671497584541063,0.5652173913043478,0.6135265700483091
3160,0.5555555555555556,0.17845117845117844,0.03367003367003367,0.23232323232323232,0.7676767676767676,0.21212121212121213,171.0,115.0,0.3742690058479532,0.5964912280701754,0.6432748538011696
3161,0.531986531986532,0.1750841750841751,0.04713804713804714,0.24579124579124578,0.7542087542087542,0.2222222222222222,194.0,135.0,0.4072164948453608,0.5979381443298969,0.6597938144329897
3162,0.5016835016835017,0.19865319865319866,0.013468013468013467,0.28619528619528617,0.7138047138047138,0.21212121212121213,204.0,157.0,0.3480392156862745,0.5833333333333334,0.6029411764705882
3163,0.6060606060606061,0.13804713804713806,0.03367003367003367,0.2222222222222222,0.7777777777777778,0.1717171717171717,179.0,122.0,0.40782122905027934,0.6033519553072626,0.6480446927374302
3164,0.5488215488215489,0.21885521885521886,0.050505050505050504,0.18181818181818182,0.8181818181818182,0.26936026936026936,182.0,132.0,0.3626373626373626,0.6373626373626373,0.7087912087912088
3165,0.5959595959595959,0.14814814814814814,0.05387205387205387,0.20202020202020202,0.797979797979798,0.20202020202020202,170.0,115.0,0.3941176470588235,0.6058823529411764,0.6705882352941176
3166,0.5993265993265994,0.15824915824915825,0.050505050505050504,0.1919191919191919,0.8080808080808081,0.20875420875420875,177.0,125.0,0.4011299435028249,0.6214689265536724,0.7005649717514124
3167,0.5488215488215489,0.1919191919191919,0.050505050505050504,0.20875420875420875,0.7912457912457912,0.24242424242424243,191.0,138.0,0.3507853403141361,0.6178010471204188,0.680628272251309
3168,0.5353535353535354,0.18181818181818182,0.06060606060606061,0.2222222222222222,0.7777777777777778,0.24242424242424243,178.0,124.0,0.3595505617977528,0.5730337078651685,0.6573033707865169
3169,0.5084175084175084,0.16835016835016836,0.08080808080808081,0.24242424242424243,0.7575757575757576,0.24915824915824916,203.0,154.0,0.37438423645320196,0.5714285714285714,0.6748768472906403
3170,0.5892255892255892,0.19528619528619529,0.030303030303030304,0.18518518518518517,0.8148148148148148,0.2255892255892256,176.0,125.0,0.375,0.6420454545454546,0.6931818181818182
3171,0.5084175084175084,0.19865319865319866,0.026936026936026935,0.265993265993266,0.734006734006734,0.2255892255892256,198.0,149.0,0.3838383838383838,0.6060606060606061,0.6414141414141414
3172,0.5555555555555556,0.20202020202020202,0.04713804713804714,0.19528619528619529,0.8047138047138047,0.24915824915824916,175.0,114.0,0.4,0.6342857142857142,0.6914285714285714
3173,0.5218855218855218,0.18181818181818182,0.07407407407407407,0.2222222222222222,0.7777777777777778,0.2558922558922559,198.0,152.0,0.3686868686868687,0.5959595959595959,0.696969696969697
3174,0.5925925925925926,0.16498316498316498,0.05387205387205387,0.18855218855218855,0.8114478114478114,0.21885521885521886,179.0,121.0,0.41899441340782123,0.6256983240223464,0.6983240223463687
3175,0.494949494949495,0.21212121212121213,0.07407407407407407,0.21885521885521886,0.7811447811447811,0.28619528619528617,197.0,149.0,0.3604060913705584,0.6091370558375635,0.6802030456852792
3176,0.5117845117845118,0.21212121212121213,0.04713804713804714,0.22895622895622897,0.7710437710437711,0.25925925925925924,204.0,154.0,0.37745098039215685,0.6274509803921569,0.6911764705882353
3177,0.5185185185185185,0.1750841750841751,0.04377104377104377,0.26262626262626265,0.7373737373737373,0.21885521885521886,191.0,139.0,0.3298429319371728,0.5706806282722513,0.6335078534031413
3178,0.5387205387205387,0.17845117845117844,0.06734006734006734,0.21548821548821548,0.7845117845117845,0.24579124579124578,191.0,133.0,0.3717277486910995,0.6020942408376964,0.680628272251309
3179,0.5521885521885522,0.17845117845117844,0.04377104377104377,0.2255892255892256,0.7744107744107744,0.2222222222222222,194.0,138.0,0.37628865979381443,0.5979381443298969,0.6597938144329897
3180,0.5555555555555556,0.16498316498316498,0.03367003367003367,0.24579124579124578,0.7542087542087542,0.19865319865319866,191.0,141.0,0.3769633507853403,0.5916230366492147,0.6335078534031413
3181,0.5892255892255892,0.18855218855218855,0.05723905723905724,0.16498316498316498,0.835016835016835,0.24579124579124578,184.0,133.0,0.4076086956521739,0.6521739130434783,0.7336956521739131
3182,0.5824915824915825,0.1414141414141414,0.06397306397306397,0.21212121212121213,0.7878787878787878,0.2053872053872054,179.0,128.0,0.40782122905027934,0.6145251396648045,0.6815642458100558
3183,0.4983164983164983,0.1919191919191919,0.0707070707070707,0.23905723905723905,0.7609427609427609,0.26262626262626265,193.0,147.0,0.33678756476683935,0.5647668393782384,0.6424870466321243
3184,0.5824915824915825,0.1447811447811448,0.037037037037037035,0.2356902356902357,0.7643097643097643,0.18181818181818182,184.0,136.0,0.391304347826087,0.5869565217391305,0.6467391304347826
3185,0.5521885521885522,0.18181818181818182,0.04377104377104377,0.2222222222222222,0.7777777777777778,0.2255892255892256,186.0,126.0,0.40860215053763443,0.6129032258064516,0.6774193548387096
3186,0.569023569023569,0.16498316498316498,0.04377104377104377,0.2222222222222222,0.7777777777777778,0.20875420875420875,181.0,131.0,0.3812154696132597,0.6132596685082873,0.6685082872928176
3187,0.6195286195286195,0.15151515151515152,0.037037037037037035,0.1919191919191919,0.8080808080808081,0.18855218855218855,178.0,124.0,0.43820224719101125,0.6460674157303371,0.6966292134831461
3188,0.5286195286195287,0.20202020202020202,0.06397306397306397,0.2053872053872054,0.7946127946127947,0.265993265993266,192.0,136.0,0.3489583333333333,0.6145833333333334,0.6927083333333334
3189,0.5454545454545454,0.16835016835016836,0.050505050505050504,0.2356902356902357,0.7643097643097643,0.21885521885521886,184.0,132.0,0.33695652173913043,0.5543478260869565,0.6304347826086957
3190,0.5387205387205387,0.16835016835016836,0.026936026936026935,0.265993265993266,0.734006734006734,0.19528619528619529,198.0,145.0,0.3888888888888889,0.5959595959595959,0.6313131313131313
3191,0.5521885521885522,0.1750841750841751,0.06060606060606061,0.21212121212121213,0.7878787878787878,0.2356902356902357,188.0,136.0,0.3882978723404255,0.6170212765957447,0.6861702127659575
3192,0.5589225589225589,0.15824915824915825,0.050505050505050504,0.23232323232323232,0.7676767676767676,0.20875420875420875,173.0,118.0,0.37572254335260113,0.5838150289017341,0.6416184971098265
3193,0.531986531986532,0.1447811447811448,0.04377104377104377,0.27946127946127947,0.7205387205387206,0.18855218855218855,188.0,136.0,0.35106382978723405,0.5372340425531915,0.5904255319148937
3194,0.5387205387205387,0.16161616161616163,0.04040404040404041,0.25925925925925924,0.7407407407407407,0.20202020202020202,192.0,145.0,0.3489583333333333,0.5520833333333334,0.6145833333333334
3195,0.5286195286195287,0.2053872053872054,0.04713804713804714,0.21885521885521886,0.7811447811447811,0.25252525252525254,193.0,143.0,0.37823834196891193,0.6321243523316062,0.689119170984456
3196,0.5589225589225589,0.1750841750841751,0.05723905723905724,0.20875420875420875,0.7912457912457912,0.23232323232323232,181.0,132.0,0.4088397790055249,0.6132596685082873,0.6850828729281768
3197,0.5454545454545454,0.2053872053872054,0.05723905723905724,0.1919191919191919,0.8080808080808081,0.26262626262626265,198.0,149.0,0.3838383838383838,0.6313131313131313,0.7121212121212122
3198,0.5656565656565656,0.16835016835016836,0.06060606060606061,0.2053872053872054,0.7946127946127947,0.22895622895622897,187.0,135.0,0.37967914438502676,0.5989304812834224,0.6844919786096256
3199,0.5454545454545454,0.17845117845117844,0.06060606060606061,0.21548821548821548,0.7845117845117845,0.23905723905723905,174.0,113.0,0.367816091954023,0.5862068965517241,0.6724137931034483
3200,0.5622895622895623,0.15488215488215487,0.037037037037037035,0.24579124579124578,0.7542087542087542,0.1919191919191919,198.0,152.0,0.3888888888888889,0.5959595959595959,0.6464646464646465
3201,0.5488215488215489,0.16498316498316498,0.05723905723905724,0.22895622895622897,0.7710437710437711,0.2222222222222222,183.0,133.0,0.32786885245901637,0.5628415300546448,0.639344262295082
3202,0.5387205387205387,0.18855218855218855,0.05723905723905724,0.21548821548821548,0.7845117845117845,0.24579124579124578,203.0,159.0,0.3793103448275862,0.6157635467980296,0.6945812807881774
3203,0.6161616161616161,0.12794612794612795,0.04713804713804714,0.20875420875420875,0.7912457912457912,0.1750841750841751,175.0,120.0,0.44571428571428573,0.6057142857142858,0.6685714285714286
3204,0.5420875420875421,0.15824915824915825,0.04713804713804714,0.25252525252525254,0.7474747474747475,0.2053872053872054,186.0,136.0,0.3763440860215054,0.5860215053763441,0.6451612903225806
3205,0.5420875420875421,0.21885521885521886,0.04713804713804714,0.1919191919191919,0.8080808080808081,0.265993265993266,188.0,133.0,0.3882978723404255,0.6595744680851063,0.7074468085106383
3206,0.5016835016835017,0.18518518518518517,0.03367003367003367,0.27946127946127947,0.7205387205387206,0.21885521885521886,205.0,155.0,0.36585365853658536,0.5756097560975609,0.6146341463414634
3207,0.5521885521885522,0.13468013468013468,0.05387205387205387,0.25925925925925924,0.7407407407407407,0.18855218855218855,191.0,139.0,0.36649214659685864,0.5549738219895288,0.612565445026178
3208,0.5286195286195287,0.16161616161616163,0.04713804713804714,0.26262626262626265,0.7373737373737373,0.20875420875420875,193.0,141.0,0.35751295336787564,0.5595854922279793,0.6217616580310881
3209,0.4983164983164983,0.21212121212121213,0.04377104377104377,0.24579124579124578,0.7542087542087542,0.2558922558922559,187.0,131.0,0.3689839572192513,0.5935828877005348,0.6577540106951871
3210,0.5387205387205387,0.19865319865319866,0.04377104377104377,0.21885521885521886,0.7811447811447811,0.24242424242424243,190.0,137.0,0.4052631578947368,0.6368421052631579,0.6947368421052632
3211,0.531986531986532,0.17845117845117844,0.037037037037037035,0.25252525252525254,0.7474747474747475,0.21548821548821548,192.0,143.0,0.3802083333333333,0.5885416666666666,0.6458333333333334
3212,0.5521885521885522,0.1919191919191919,0.037037037037037035,0.21885521885521886,0.7811447811447811,0.22895622895622897,186.0,131.0,0.4032258064516129,0.6129032258064516,0.6612903225806451
3213,0.5151515151515151,0.1919191919191919,0.06734006734006734,0.2255892255892256,0.7744107744107744,0.25925925925925924,193.0,141.0,0.34196891191709844,0.5854922279792746,0.6632124352331606
3214,0.5622895622895623,0.18518518518518517,0.030303030303030304,0.2222222222222222,0.7777777777777778,0.21548821548821548,187.0,129.0,0.40641711229946526,0.6470588235294118,0.6737967914438503
3215,0.5656565656565656,0.16161616161616163,0.04377104377104377,0.22895622895622897,0.7710437710437711,0.2053872053872054,197.0,149.0,0.4213197969543147,0.6243654822335025,0.6802030456852792
3216,0.5589225589225589,0.16161616161616163,0.050505050505050504,0.22895622895622897,0.7710437710437711,0.21212121212121213,186.0,139.0,0.3602150537634409,0.5806451612903226,0.6505376344086021
3217,0.5589225589225589,0.13468013468013468,0.06060606060606061,0.24579124579124578,0.7542087542087542,0.19528619528619529,196.0,147.0,0.37244897959183676,0.5612244897959183,0.6377551020408163
3218,0.5757575757575758,0.16161616161616163,0.0707070707070707,0.1919191919191919,0.8080808080808081,0.23232323232323232,184.0,128.0,0.41847826086956524,0.6195652173913043,0.7010869565217391
3219,0.5488215488215489,0.18518518518518517,0.05723905723905724,0.20875420875420875,0.7912457912457912,0.24242424242424243,183.0,127.0,0.3825136612021858,0.6338797814207651,0.6885245901639344
3220,0.5925925925925926,0.13468013468013468,0.030303030303030304,0.24242424242424243,0.7575757575757576,0.16498316498316498,178.0,131.0,0.37640449438202245,0.5842696629213483,0.6292134831460674
3221,0.5589225589225589,0.17845117845117844,0.030303030303030304,0.23232323232323232,0.7676767676767676,0.20875420875420875,188.0,135.0,0.3670212765957447,0.6117021276595744,0.6595744680851063
3222,0.5656565656565656,0.14814814814814814,0.04040404040404041,0.24579124579124578,0.7542087542087542,0.18855218855218855,188.0,143.0,0.3723404255319149,0.5638297872340425,0.6223404255319149
3223,0.5084175084175084,0.23905723905723905,0.050505050505050504,0.20202020202020202,0.797979797979798,0.2895622895622896,192.0,145.0,0.328125,0.640625,0.703125
3224,0.5824915824915825,0.1717171717171717,0.06734006734006734,0.17845117845117844,0.8215488215488216,0.23905723905723905,169.0,120.0,0.378698224852071,0.6094674556213018,0.7100591715976331
3225,0.5723905723905723,0.1447811447811448,0.030303030303030304,0.25252525252525254,0.7474747474747475,0.1750841750841751,184.0,130.0,0.3858695652173913,0.5706521739130435,0.6141304347826086
3226,0.5656565656565656,0.1447811447811448,0.04040404040404041,0.24915824915824916,0.7508417508417509,0.18518518518518517,190.0,139.0,0.3894736842105263,0.5736842105263158,0.6263157894736842
3227,0.5084175084175084,0.15824915824915825,0.06397306397306397,0.26936026936026936,0.7306397306397306,0.2222222222222222,187.0,136.0,0.33689839572192515,0.5347593582887701,0.5989304812834224
3228,0.5286195286195287,0.15824915824915825,0.0707070707070707,0.24242424242424243,0.7575757575757576,0.22895622895622897,191.0,141.0,0.3403141361256545,0.5445026178010471,0.643979057591623
3229,0.5252525252525253,0.1717171717171717,0.05723905723905724,0.24579124579124578,0.7542087542087542,0.22895622895622897,187.0,132.0,0.37433155080213903,0.5989304812834224,0.6524064171122995
3230,0.5824915824915825,0.11784511784511785,0.05723905723905724,0.24242424242424243,0.7575757575757576,0.1750841750841751,187.0,137.0,0.3850267379679144,0.5240641711229946,0.6149732620320856
3231,0.5454545454545454,0.16161616161616163,0.026936026936026935,0.265993265993266,0.734006734006734,0.18855218855218855,191.0,138.0,0.3769633507853403,0.581151832460733,0.6178010471204188
3232,0.5488215488215489,0.19528619528619529,0.030303030303030304,0.2255892255892256,0.7744107744107744,0.2255892255892256,194.0,141.0,0.36082474226804123,0.6237113402061856,0.6701030927835051
3233,0.5791245791245792,0.16498316498316498,0.050505050505050504,0.2053872053872054,0.7946127946127947,0.21548821548821548,178.0,121.0,0.4044943820224719,0.6235955056179775,0.6910112359550562
3234,0.5050505050505051,0.16498316498316498,0.050505050505050504,0.27946127946127947,0.7205387205387206,0.21548821548821548,201.0,147.0,0.3582089552238806,0.5621890547263682,0.6169154228855721
3235,0.5420875420875421,0.1919191919191919,0.06060606060606061,0.2053872053872054,0.7946127946127947,0.25252525252525254,191.0,140.0,0.3769633507853403,0.612565445026178,0.6910994764397905
3236,0.531986531986532,0.20202020202020202,0.04377104377104377,0.2222222222222222,0.7777777777777778,0.24579124579124578,196.0,146.0,0.35714285714285715,0.6224489795918368,0.6785714285714286
3237,0.5218855218855218,0.19865319865319866,0.04040404040404041,0.23905723905723905,0.7609427609427609,0.23905723905723905,190.0,139.0,0.3368421052631579,0.5842105263157895,0.6368421052631579
3238,0.6127946127946128,0.15488215488215487,0.030303030303030304,0.20202020202020202,0.797979797979798,0.18518518518518517,166.0,110.0,0.43373493975903615,0.6144578313253012,0.6686746987951807
3239,0.5016835016835017,0.19528619528619529,0.05387205387205387,0.24915824915824916,0.7508417508417509,0.24915824915824916,193.0,142.0,0.35751295336787564,0.6010362694300518,0.6683937823834197
3240,0.5521885521885522,0.17845117845117844,0.04377104377104377,0.2255892255892256,0.7744107744107744,0.2222222222222222,193.0,140.0,0.39896373056994816,0.6321243523316062,0.6839378238341969
3241,0.531986531986532,0.18518518518518517,0.04040404040404041,0.24242424242424243,0.7575757575757576,0.2255892255892256,189.0,144.0,0.3492063492063492,0.5767195767195767,0.6349206349206349
3242,0.5791245791245792,0.16835016835016836,0.04713804713804714,0.2053872053872054,0.7946127946127947,0.21548821548821548,184.0,129.0,0.391304347826087,0.6195652173913043,0.6847826086956522
3243,0.5622895622895623,0.1750841750841751,0.04040404040404041,0.2222222222222222,0.7777777777777778,0.21548821548821548,180.0,129.0,0.37222222222222223,0.6166666666666667,0.6722222222222223
3244,0.5488215488215489,0.17845117845117844,0.037037037037037035,0.2356902356902357,0.7643097643097643,0.21548821548821548,186.0,131.0,0.3870967741935484,0.5967741935483871,0.6505376344086021
3245,0.5084175084175084,0.20202020202020202,0.037037037037037035,0.25252525252525254,0.7474747474747475,0.23905723905723905,200.0,152.0,0.355,0.59,0.635
3246,0.5521885521885522,0.1750841750841751,0.04040404040404041,0.23232323232323232,0.7676767676767676,0.21548821548821548,187.0,136.0,0.39037433155080214,0.5935828877005348,0.6577540106951871
3247,0.5622895622895623,0.15151515151515152,0.04040404040404041,0.24579124579124578,0.7542087542087542,0.1919191919191919,190.0,136.0,0.3894736842105263,0.5947368421052631,0.6473684210526316
3248,0.5488215488215489,0.1717171717171717,0.04377104377104377,0.2356902356902357,0.7643097643097643,0.21548821548821548,192.0,137.0,0.3958333333333333,0.6145833333333334,0.6770833333333334
3249,0.5387205387205387,0.1717171717171717,0.03367003367003367,0.2558922558922559,0.7441077441077442,0.2053872053872054,199.0,148.0,0.37185929648241206,0.5829145728643216,0.628140703517588
3250,0.569023569023569,0.17845117845117844,0.04377104377104377,0.20875420875420875,0.7912457912457912,0.2222222222222222,179.0,120.0,0.3743016759776536,0.6312849162011173,0.6871508379888268
3251,0.5387205387205387,0.20202020202020202,0.04713804713804714,0.21212121212121213,0.7878787878787878,0.24915824915824916,189.0,134.0,0.3862433862433862,0.6296296296296297,0.6878306878306878
3252,0.5959595959595959,0.16498316498316498,0.04040404040404041,0.19865319865319866,0.8013468013468014,0.2053872053872054,185.0,129.0,0.41081081081081083,0.6378378378378379,0.7027027027027027
3253,0.4983164983164983,0.21212121212121213,0.06397306397306397,0.2255892255892256,0.7744107744107744,0.2760942760942761,193.0,139.0,0.34196891191709844,0.6113989637305699,0.689119170984456
3254,0.5824915824915825,0.16498316498316498,0.050505050505050504,0.20202020202020202,0.797979797979798,0.21548821548821548,191.0,141.0,0.4031413612565445,0.6282722513089005,0.6963350785340314
3255,0.5420875420875421,0.17845117845117844,0.037037037037037035,0.24242424242424243,0.7575757575757576,0.21548821548821548,192.0,137.0,0.375,0.6041666666666666,0.6458333333333334
3256,0.5589225589225589,0.16161616161616163,0.05387205387205387,0.2255892255892256,0.7744107744107744,0.21548821548821548,190.0,143.0,0.3684210526315789,0.5894736842105263,0.6631578947368421
3257,0.5757575757575758,0.16161616161616163,0.02356902356902357,0.23905723905723905,0.7609427609427609,0.18518518518518517,182.0,127.0,0.37362637362637363,0.6098901098901099,0.6428571428571429
3258,0.5117845117845118,0.15824915824915825,0.04377104377104377,0.28619528619528617,0.7138047138047138,0.20202020202020202,188.0,137.0,0.3670212765957447,0.574468085106383,0.6276595744680851
3259,0.569023569023569,0.15488215488215487,0.06060606060606061,0.21548821548821548,0.7845117845117845,0.21548821548821548,183.0,129.0,0.4098360655737705,0.6284153005464481,0.7049180327868853
3260,0.6161616161616161,0.16161616161616163,0.04713804713804714,0.1750841750841751,0.8249158249158249,0.20875420875420875,173.0,118.0,0.42196531791907516,0.6358381502890174,0.7052023121387283
3261,0.6026936026936027,0.14814814814814814,0.04040404040404041,0.20875420875420875,0.7912457912457912,0.18855218855218855,185.0,132.0,0.42162162162162165,0.6270270270270271,0.6864864864864865
3262,0.5286195286195287,0.18181818181818182,0.08080808080808081,0.20875420875420875,0.7912457912457912,0.26262626262626265,194.0,149.0,0.36082474226804123,0.5927835051546392,0.6855670103092784
3263,0.5387205387205387,0.16835016835016836,0.06060606060606061,0.23232323232323232,0.7676767676767676,0.22895622895622897,191.0,144.0,0.36649214659685864,0.581151832460733,0.6596858638743456
3264,0.5488215488215489,0.19528619528619529,0.04377104377104377,0.21212121212121213,0.7878787878787878,0.23905723905723905,185.0,135.0,0.3675675675675676,0.6324324324324324,0.6864864864864865
3265,0.5151515151515151,0.22895622895622897,0.050505050505050504,0.2053872053872054,0.7946127946127947,0.27946127946127947,192.0,137.0,0.375,0.640625,0.6927083333333334
3266,0.5757575757575758,0.13804713804713806,0.04713804713804714,0.23905723905723905,0.7609427609427609,0.18518518518518517,179.0,120.0,0.4022346368715084,0.5754189944134078,0.6368715083798883
3267,0.5387205387205387,0.1919191919191919,0.04377104377104377,0.2255892255892256,0.7744107744107744,0.2356902356902357,194.0,140.0,0.3917525773195876,0.6185567010309279,0.6855670103092784
3268,0.47474747474747475,0.23232323232323232,0.04713804713804714,0.24579124579124578,0.7542087542087542,0.27946127946127947,201.0,150.0,0.3482587064676617,0.6019900497512438,0.6567164179104478
3269,0.5454545454545454,0.17845117845117844,0.04377104377104377,0.23232323232323232,0.7676767676767676,0.2222222222222222,193.0,139.0,0.39378238341968913,0.6010362694300518,0.6580310880829016
3270,0.5353535353535354,0.15824915824915825,0.04713804713804714,0.25925925925925924,0.7407407407407407,0.2053872053872054,201.0,156.0,0.38308457711442784,0.572139303482587,0.6368159203980099
3271,0.5117845117845118,0.19865319865319866,0.06060606060606061,0.22895622895622897,0.7710437710437711,0.25925925925925924,187.0,134.0,0.35294117647058826,0.5882352941176471,0.6684491978609626
3272,0.5589225589225589,0.18855218855218855,0.06397306397306397,0.18855218855218855,0.8114478114478114,0.25252525252525254,190.0,137.0,0.3736842105263158,0.6210526315789474,0.7052631578947368
3273,0.5387205387205387,0.17845117845117844,0.026936026936026935,0.2558922558922559,0.7441077441077442,0.2053872053872054,188.0,137.0,0.34574468085106386,0.5797872340425532,0.6223404255319149
3274,0.5252525252525253,0.1750841750841751,0.050505050505050504,0.24915824915824916,0.7508417508417509,0.2255892255892256,199.0,147.0,0.3768844221105528,0.5829145728643216,0.6482412060301508
3275,0.5353535353535354,0.16835016835016836,0.05387205387205387,0.24242424242424243,0.7575757575757576,0.2222222222222222,186.0,133.0,0.3548387096774194,0.5591397849462365,0.6344086021505376
3276,0.5555555555555556,0.18181818181818182,0.05387205387205387,0.20875420875420875,0.7912457912457912,0.2356902356902357,188.0,129.0,0.40425531914893614,0.6170212765957447,0.6968085106382979
3277,0.5589225589225589,0.16161616161616163,0.04040404040404041,0.23905723905723905,0.7609427609427609,0.20202020202020202,184.0,132.0,0.3695652173913043,0.592391304347826,0.6467391304347826
3278,0.5757575757575758,0.16835016835016836,0.03367003367003367,0.2222222222222222,0.7777777777777778,0.20202020202020202,188.0,136.0,0.40425531914893614,0.6223404255319149,0.675531914893617
3279,0.5117845117845118,0.2053872053872054,0.04377104377104377,0.23905723905723905,0.7609427609427609,0.24915824915824916,188.0,141.0,0.32978723404255317,0.601063829787234,0.648936170212766
3280,0.5387205387205387,0.18518518518518517,0.07407407407407407,0.20202020202020202,0.797979797979798,0.25925925925925924,191.0,141.0,0.3769633507853403,0.5916230366492147,0.6963350785340314
3281,0.5622895622895623,0.19865319865319866,0.06060606060606061,0.17845117845117844,0.8215488215488216,0.25925925925925924,184.0,140.0,0.3804347826086957,0.657608695652174,0.7228260869565217
3282,0.5656565656565656,0.16161616161616163,0.03367003367003367,0.23905723905723905,0.7609427609427609,0.19528619528619529,190.0,144.0,0.39473684210526316,0.6052631578947368,0.6473684210526316
3283,0.569023569023569,0.1717171717171717,0.05387205387205387,0.2053872053872054,0.7946127946127947,0.2255892255892256,180.0,127.0,0.40555555555555556,0.6277777777777778,0.6888888888888889
3284,0.5622895622895623,0.16498316498316498,0.0707070707070707,0.20202020202020202,0.797979797979798,0.2356902356902357,181.0,130.0,0.3701657458563536,0.5966850828729282,0.6795580110497238
3285,0.5824915824915825,0.20875420875420875,0.06060606060606061,0.14814814814814814,0.8518518518518519,0.26936026936026936,177.0,121.0,0.4067796610169492,0.6666666666666666,0.7570621468926554
3286,0.5016835016835017,0.18181818181818182,0.06397306397306397,0.25252525252525254,0.7474747474747475,0.24579124579124578,201.0,149.0,0.3482587064676617,0.572139303482587,0.6467661691542289
3287,0.6161616161616161,0.16498316498316498,0.04377104377104377,0.1750841750841751,0.8249158249158249,0.20875420875420875,174.0,119.0,0.40229885057471265,0.6494252873563219,0.7068965517241379
3288,0.5791245791245792,0.1717171717171717,0.030303030303030304,0.21885521885521886,0.7811447811447811,0.20202020202020202,183.0,132.0,0.3825136612021858,0.6174863387978142,0.6612021857923497
3289,0.5387205387205387,0.15824915824915825,0.04713804713804714,0.2558922558922559,0.7441077441077442,0.2053872053872054,194.0,146.0,0.36082474226804123,0.5773195876288659,0.6391752577319587
3290,0.5723905723905723,0.13131313131313133,0.06397306397306397,0.23232323232323232,0.7676767676767676,0.19528619528619529,187.0,133.0,0.40641711229946526,0.5828877005347594,0.6524064171122995
3291,0.5791245791245792,0.15151515151515152,0.030303030303030304,0.23905723905723905,0.7609427609427609,0.18181818181818182,183.0,127.0,0.40437158469945356,0.6010928961748634,0.644808743169399
3292,0.5454545454545454,0.16835016835016836,0.06060606060606061,0.2255892255892256,0.7744107744107744,0.22895622895622897,189.0,131.0,0.3968253968253968,0.5873015873015873,0.6666666666666666
3293,0.5353535353535354,0.16161616161616163,0.06397306397306397,0.23905723905723905,0.7609427609427609,0.2255892255892256,184.0,135.0,0.33695652173913043,0.5489130434782609,0.6358695652173914
3294,0.6060606060606061,0.14814814814814814,0.04040404040404041,0.2053872053872054,0.7946127946127947,0.18855218855218855,177.0,124.0,0.384180790960452,0.6045197740112994,0.6666666666666666
3295,0.5925925925925926,0.15488215488215487,0.037037037037037035,0.21548821548821548,0.7845117845117845,0.1919191919191919,186.0,137.0,0.3924731182795699,0.6236559139784946,0.6774193548387096
3296,0.5353535353535354,0.1750841750841751,0.05387205387205387,0.2356902356902357,0.7643097643097643,0.22895622895622897,186.0,134.0,0.34408602150537637,0.5645161290322581,0.6505376344086021
3297,0.5555555555555556,0.1447811447811448,0.04713804713804714,0.25252525252525254,0.7474747474747475,0.1919191919191919,199.0,149.0,0.4020100502512563,0.5979899497487438,0.6633165829145728
3298,0.5589225589225589,0.1750841750841751,0.050505050505050504,0.21548821548821548,0.7845117845117845,0.2255892255892256,182.0,130.0,0.3626373626373626,0.6208791208791209,0.6758241758241759
3299,0.5824915824915825,0.16835016835016836,0.06397306397306397,0.18518518518518517,0.8148148148148148,0.23232323232323232,181.0,128.0,0.3867403314917127,0.6132596685082873,0.7016574585635359
3300,0.6060606060606061,0.13131313131313133,0.030303030303030304,0.23232323232323232,0.7676767676767676,0.16161616161616163,178.0,122.0,0.4157303370786517,0.5842696629213483,0.6123595505617978
3301,0.5218855218855218,0.16835016835016836,0.050505050505050504,0.25925925925925924,0.7407407407407407,0.21885521885521886,192.0,140.0,0.3489583333333333,0.5572916666666666,0.625
3302,0.5420875420875421,0.1919191919191919,0.026936026936026935,0.23905723905723905,0.7609427609427609,0.21885521885521886,193.0,149.0,0.36787564766839376,0.6010362694300518,0.6424870466321243
3303,0.5656565656565656,0.1717171717171717,0.03367003367003367,0.22895622895622897,0.7710437710437711,0.2053872053872054,181.0,124.0,0.40331491712707185,0.6132596685082873,0.6574585635359116
3304,0.5622895622895623,0.20202020202020202,0.03367003367003367,0.20202020202020202,0.797979797979798,0.2356902356902357,186.0,134.0,0.3817204301075269,0.6505376344086021,0.6935483870967742
3305,0.5353535353535354,0.19865319865319866,0.02356902356902357,0.24242424242424243,0.7575757575757576,0.2222222222222222,189.0,135.0,0.37037037037037035,0.6243386243386243,0.6507936507936508
3306,0.5420875420875421,0.19528619528619529,0.04040404040404041,0.2222222222222222,0.7777777777777778,0.2356902356902357,183.0,126.0,0.36065573770491804,0.6010928961748634,0.6557377049180327
3307,0.5454545454545454,0.1750841750841751,0.030303030303030304,0.24915824915824916,0.7508417508417509,0.2053872053872054,193.0,141.0,0.38341968911917096,0.5958549222797928,0.6424870466321243
3308,0.5353535353535354,0.21885521885521886,0.04377104377104377,0.20202020202020202,0.797979797979798,0.26262626262626265,184.0,127.0,0.375,0.6413043478260869,0.7010869565217391
3309,0.5589225589225589,0.21548821548821548,0.05387205387205387,0.1717171717171717,0.8282828282828283,0.26936026936026936,186.0,131.0,0.3870967741935484,0.6612903225806451,0.7258064516129032
3310,0.5218855218855218,0.1750841750841751,0.06734006734006734,0.2356902356902357,0.7643097643097643,0.24242424242424243,189.0,137.0,0.36507936507936506,0.5661375661375662,0.6507936507936508
3311,0.4983164983164983,0.19865319865319866,0.037037037037037035,0.265993265993266,0.734006734006734,0.2356902356902357,201.0,147.0,0.3383084577114428,0.5671641791044776,0.6218905472636815
3312,0.5420875420875421,0.20202020202020202,0.016835016835016835,0.23905723905723905,0.7609427609427609,0.21885521885521886,195.0,144.0,0.38974358974358975,0.6205128205128205,0.6358974358974359
3313,0.5218855218855218,0.20202020202020202,0.037037037037037035,0.23905723905723905,0.7609427609427609,0.23905723905723905,195.0,141.0,0.3435897435897436,0.5897435897435898,0.6461538461538462
3314,0.5185185185185185,0.2053872053872054,0.06060606060606061,0.21548821548821548,0.7845117845117845,0.265993265993266,188.0,133.0,0.35638297872340424,0.6063829787234043,0.6861702127659575
3315,0.5622895622895623,0.19528619528619529,0.04040404040404041,0.20202020202020202,0.797979797979798,0.2356902356902357,192.0,143.0,0.3802083333333333,0.640625,0.6979166666666666
3316,0.5050505050505051,0.23232323232323232,0.037037037037037035,0.2255892255892256,0.7744107744107744,0.26936026936026936,186.0,138.0,0.3279569892473118,0.6021505376344086,0.6505376344086021
3317,0.5521885521885522,0.18181818181818182,0.06060606060606061,0.2053872053872054,0.7946127946127947,0.24242424242424243,188.0,137.0,0.3829787234042553,0.6170212765957447,0.6914893617021277
3318,0.569023569023569,0.18855218855218855,0.04040404040404041,0.20202020202020202,0.797979797979798,0.22895622895622897,183.0,132.0,0.3989071038251366,0.6557377049180327,0.7049180327868853
3319,0.5555555555555556,0.16835016835016836,0.04713804713804714,0.22895622895622897,0.7710437710437711,0.21548821548821548,188.0,137.0,0.3670212765957447,0.5904255319148937,0.6595744680851063
3320,0.5420875420875421,0.15824915824915825,0.05387205387205387,0.24579124579124578,0.7542087542087542,0.21212121212121213,196.0,146.0,0.37755102040816324,0.5714285714285714,0.6479591836734694
3321,0.49158249158249157,0.18855218855218855,0.03367003367003367,0.28619528619528617,0.7138047138047138,0.2222222222222222,197.0,143.0,0.350253807106599,0.5532994923857868,0.5989847715736041
3322,0.531986531986532,0.16835016835016836,0.04377104377104377,0.2558922558922559,0.7441077441077442,0.21212121212121213,196.0,146.0,0.3622448979591837,0.5816326530612245,0.6428571428571429
3323,0.5723905723905723,0.18518518518518517,0.037037037037037035,0.2053872053872054,0.7946127946127947,0.2222222222222222,184.0,136.0,0.41304347826086957,0.6358695652173914,0.6956521739130435
3324,0.5252525252525253,0.21885521885521886,0.03367003367003367,0.2222222222222222,0.7777777777777778,0.25252525252525254,190.0,139.0,0.35789473684210527,0.6052631578947368,0.6578947368421053
3325,0.5420875420875421,0.15488215488215487,0.05387205387205387,0.24915824915824916,0.7508417508417509,0.20875420875420875,190.0,137.0,0.3684210526315789,0.5631578947368421,0.6263157894736842
3326,0.5353535353535354,0.1717171717171717,0.0707070707070707,0.2222222222222222,0.7777777777777778,0.24242424242424243,189.0,136.0,0.38095238095238093,0.5767195767195767,0.6666666666666666
3327,0.5252525252525253,0.18518518518518517,0.06060606060606061,0.22895622895622897,0.7710437710437711,0.24579124579124578,194.0,146.0,0.36082474226804123,0.5721649484536082,0.6494845360824743
3328,0.5757575757575758,0.14814814814814814,0.037037037037037035,0.23905723905723905,0.7609427609427609,0.18518518518518517,187.0,134.0,0.39037433155080214,0.5828877005347594,0.6363636363636364
3329,0.5488215488215489,0.20875420875420875,0.04713804713804714,0.19528619528619529,0.8047138047138047,0.2558922558922559,178.0,126.0,0.3707865168539326,0.6235955056179775,0.6910112359550562
3330,0.5824915824915825,0.2053872053872054,0.037037037037037035,0.1750841750841751,0.8249158249158249,0.24242424242424243,184.0,133.0,0.4076086956521739,0.6902173913043478,0.7336956521739131
3331,0.5252525252525253,0.14814814814814814,0.04377104377104377,0.2828282828282828,0.7171717171717171,0.1919191919191919,200.0,154.0,0.35,0.535,0.595
3332,0.5454545454545454,0.18518518518518517,0.03367003367003367,0.2356902356902357,0.7643097643097643,0.21885521885521886,186.0,129.0,0.3978494623655914,0.6129032258064516,0.6559139784946236
3333,0.5723905723905723,0.15151515151515152,0.026936026936026935,0.24915824915824916,0.7508417508417509,0.17845117845117844,183.0,134.0,0.3825136612021858,0.5737704918032787,0.6065573770491803
3334,0.5791245791245792,0.17845117845117844,0.06397306397306397,0.17845117845117844,0.8215488215488216,0.24242424242424243,180.0,124.0,0.40555555555555556,0.6388888888888888,0.7166666666666667
3335,0.5050505050505051,0.19865319865319866,0.050505050505050504,0.24579124579124578,0.7542087542087542,0.24915824915824916,201.0,146.0,0.38308457711442784,0.5970149253731343,0.6567164179104478
3336,0.5656565656565656,0.1414141414141414,0.04377104377104377,0.24915824915824916,0.7508417508417509,0.18518518518518517,188.0,144.0,0.3776595744680851,0.5691489361702128,0.6223404255319149
3337,0.5286195286195287,0.16161616161616163,0.05387205387205387,0.2558922558922559,0.7441077441077442,0.21548821548821548,201.0,154.0,0.35323383084577115,0.572139303482587,0.6318407960199005
3338,0.5420875420875421,0.14814814814814814,0.06397306397306397,0.24579124579124578,0.7542087542087542,0.21212121212121213,187.0,124.0,0.37967914438502676,0.5561497326203209,0.6417112299465241
3339,0.5555555555555556,0.21548821548821548,0.050505050505050504,0.17845117845117844,0.8215488215488216,0.265993265993266,190.0,142.0,0.3684210526315789,0.6421052631578947,0.7210526315789474
3340,0.5420875420875421,0.1750841750841751,0.04040404040404041,0.24242424242424243,0.7575757575757576,0.21548821548821548,191.0,139.0,0.36649214659685864,0.5863874345549738,0.643979057591623
3341,0.5151515151515151,0.1919191919191919,0.037037037037037035,0.2558922558922559,0.7441077441077442,0.22895622895622897,196.0,143.0,0.336734693877551,0.5969387755102041,0.6428571428571429
3342,0.5824915824915825,0.12121212121212122,0.04377104377104377,0.25252525252525254,0.7474747474747475,0.16498316498316498,195.0,151.0,0.4,0.5641025641025641,0.6205128205128205
3343,0.5589225589225589,0.15824915824915825,0.03367003367003367,0.24915824915824916,0.7508417508417509,0.1919191919191919,184.0,129.0,0.391304347826087,0.5706521739130435,0.6195652173913043
3344,0.5824915824915825,0.19865319865319866,0.04713804713804714,0.1717171717171717,0.8282828282828283,0.24579124579124578,174.0,120.0,0.3850574712643678,0.6551724137931034,0.735632183908046
3345,0.5723905723905723,0.15151515151515152,0.05387205387205387,0.2222222222222222,0.7777777777777778,0.2053872053872054,200.0,155.0,0.415,0.615,0.675
3346,0.5286195286195287,0.19865319865319866,0.050505050505050504,0.2222222222222222,0.7777777777777778,0.24915824915824916,189.0,142.0,0.3492063492063492,0.6084656084656085,0.6772486772486772
3347,0.5521885521885522,0.16498316498316498,0.06060606060606061,0.2222222222222222,0.7777777777777778,0.2255892255892256,187.0,138.0,0.3689839572192513,0.5828877005347594,0.6737967914438503
3348,0.5117845117845118,0.18855218855218855,0.05387205387205387,0.24579124579124578,0.7542087542087542,0.24242424242424243,185.0,128.0,0.33513513513513515,0.5891891891891892,0.6486486486486487
3349,0.5185185185185185,0.21885521885521886,0.05387205387205387,0.20875420875420875,0.7912457912457912,0.2727272727272727,189.0,131.0,0.3915343915343915,0.6243386243386243,0.6825396825396826
3350,0.5218855218855218,0.19528619528619529,0.04040404040404041,0.24242424242424243,0.7575757575757576,0.2356902356902357,189.0,134.0,0.37037037037037035,0.6031746031746031,0.656084656084656
3351,0.5824915824915825,0.15824915824915825,0.026936026936026935,0.23232323232323232,0.7676767676767676,0.18518518518518517,184.0,129.0,0.41847826086956524,0.6195652173913043,0.6630434782608695
3352,0.5488215488215489,0.15151515151515152,0.04713804713804714,0.25252525252525254,0.7474747474747475,0.19865319865319866,187.0,136.0,0.37433155080213903,0.5614973262032086,0.6310160427807486
3353,0.5050505050505051,0.19528619528619529,0.04713804713804714,0.25252525252525254,0.7474747474747475,0.24242424242424243,196.0,141.0,0.3469387755102041,0.5867346938775511,0.6479591836734694
3354,0.5185185185185185,0.16161616161616163,0.050505050505050504,0.26936026936026936,0.7306397306397306,0.21212121212121213,196.0,147.0,0.34183673469387754,0.5561224489795918,0.6326530612244898
3355,0.5555555555555556,0.19528619528619529,0.037037037037037035,0.21212121212121213,0.7878787878787878,0.23232323232323232,195.0,149.0,0.4,0.6358974358974359,0.6871794871794872
3356,0.5353535353535354,0.18518518518518517,0.04713804713804714,0.23232323232323232,0.7676767676767676,0.23232323232323232,183.0,130.0,0.366120218579235,0.6010928961748634,0.6721311475409836
3357,0.569023569023569,0.16161616161616163,0.05387205387205387,0.21548821548821548,0.7845117845117845,0.21548821548821548,195.0,143.0,0.40512820512820513,0.6153846153846154,0.6923076923076923
3358,0.5488215488215489,0.1414141414141414,0.05387205387205387,0.2558922558922559,0.7441077441077442,0.19528619528619529,193.0,146.0,0.38341968911917096,0.5647668393782384,0.6269430051813472
3359,0.5892255892255892,0.1750841750841751,0.04377104377104377,0.1919191919191919,0.8080808080808081,0.21885521885521886,181.0,125.0,0.39779005524861877,0.6243093922651933,0.6906077348066298
3360,0.5622895622895623,0.16161616161616163,0.050505050505050504,0.2255892255892256,0.7744107744107744,0.21212121212121213,189.0,134.0,0.3915343915343915,0.6084656084656085,0.6772486772486772
3361,0.5454545454545454,0.17845117845117844,0.05387205387205387,0.2222222222222222,0.7777777777777778,0.23232323232323232,187.0,135.0,0.39572192513368987,0.5989304812834224,0.6631016042780749
3362,0.5353535353535354,0.18855218855218855,0.050505050505050504,0.2255892255892256,0.7744107744107744,0.23905723905723905,192.0,141.0,0.3645833333333333,0.5989583333333334,0.671875
3363,0.5555555555555556,0.18518518518518517,0.037037037037037035,0.2222222222222222,0.7777777777777778,0.2222222222222222,186.0,129.0,0.4032258064516129,0.6344086021505376,0.6827956989247311
3364,0.5151515151515151,0.22895622895622897,0.026936026936026935,0.22895622895622897,0.7710437710437711,0.2558922558922559,188.0,132.0,0.3723404255319149,0.6329787234042553,0.675531914893617
3365,0.569023569023569,0.1717171717171717,0.04040404040404041,0.21885521885521886,0.7811447811447811,0.21212121212121213,181.0,125.0,0.36464088397790057,0.6022099447513812,0.6519337016574586
3366,0.531986531986532,0.18855218855218855,0.050505050505050504,0.22895622895622897,0.7710437710437711,0.23905723905723905,195.0,144.0,0.36923076923076925,0.6,0.6717948717948717
3367,0.5185185185185185,0.20875420875420875,0.04040404040404041,0.23232323232323232,0.7676767676767676,0.24915824915824916,191.0,139.0,0.3769633507853403,0.6020942408376964,0.6649214659685864
3368,0.5185185185185185,0.18518518518518517,0.04040404040404041,0.2558922558922559,0.7441077441077442,0.2255892255892256,198.0,148.0,0.35858585858585856,0.5909090909090909,0.6363636363636364
3369,0.5824915824915825,0.20202020202020202,0.030303030303030304,0.18518518518518517,0.8148148148148148,0.23232323232323232,182.0,127.0,0.4175824175824176,0.6703296703296703,0.7197802197802198
3370,0.5925925925925926,0.16498316498316498,0.04713804713804714,0.19528619528619529,0.8047138047138047,0.21212121212121213,187.0,135.0,0.4117647058823529,0.6470588235294118,0.7005347593582888
3371,0.5622895622895623,0.17845117845117844,0.05387205387205387,0.2053872053872054,0.7946127946127947,0.23232323232323232,181.0,128.0,0.3701657458563536,0.5911602209944752,0.6740331491712708
3372,0.5454545454545454,0.20202020202020202,0.030303030303030304,0.2222222222222222,0.7777777777777778,0.23232323232323232,181.0,135.0,0.36464088397790057,0.6243093922651933,0.6740331491712708
3373,0.5656565656565656,0.16161616161616163,0.04040404040404041,0.23232323232323232,0.7676767676767676,0.20202020202020202,181.0,126.0,0.3701657458563536,0.585635359116022,0.6464088397790055
3374,0.5387205387205387,0.16835016835016836,0.05387205387205387,0.23905723905723905,0.7609427609427609,0.2222222222222222,185.0,135.0,0.34594594594594597,0.5675675675675675,0.6486486486486487
3375,0.5723905723905723,0.15151515151515152,0.04040404040404041,0.2356902356902357,0.7643097643097643,0.1919191919191919,179.0,123.0,0.39106145251396646,0.5865921787709497,0.6368715083798883
3376,0.5791245791245792,0.18181818181818182,0.02356902356902357,0.21548821548821548,0.7845117845117845,0.2053872053872054,189.0,137.0,0.4021164021164021,0.6349206349206349,0.671957671957672
3377,0.5151515151515151,0.19528619528619529,0.020202020202020204,0.26936026936026936,0.7306397306397306,0.21548821548821548,197.0,140.0,0.3756345177664975,0.6142131979695431,0.6395939086294417
3378,0.6026936026936027,0.10774410774410774,0.06060606060606061,0.22895622895622897,0.7710437710437711,0.16835016835016836,182.0,132.0,0.4065934065934066,0.5604395604395604,0.6483516483516484
3379,0.5252525252525253,0.15151515151515152,0.05387205387205387,0.26936026936026936,0.7306397306397306,0.2053872053872054,199.0,155.0,0.36180904522613067,0.542713567839196,0.6180904522613065
3380,0.48484848484848486,0.2222222222222222,0.050505050505050504,0.24242424242424243,0.7575757575757576,0.2727272727272727,202.0,151.0,0.3316831683168317,0.5891089108910891,0.6534653465346535
3381,0.5218855218855218,0.19865319865319866,0.037037037037037035,0.24242424242424243,0.7575757575757576,0.2356902356902357,189.0,138.0,0.3915343915343915,0.6190476190476191,0.671957671957672
3382,0.5555555555555556,0.16498316498316498,0.05387205387205387,0.2255892255892256,0.7744107744107744,0.21885521885521886,197.0,148.0,0.39086294416243655,0.6091370558375635,0.6852791878172588
3383,0.5420875420875421,0.18855218855218855,0.04040404040404041,0.22895622895622897,0.7710437710437711,0.22895622895622897,185.0,132.0,0.3567567567567568,0.5891891891891892,0.6486486486486487
3384,0.5454545454545454,0.17845117845117844,0.06397306397306397,0.21212121212121213,0.7878787878787878,0.24242424242424243,181.0,124.0,0.39226519337016574,0.5966850828729282,0.6850828729281768
3385,0.531986531986532,0.18181818181818182,0.030303030303030304,0.2558922558922559,0.7441077441077442,0.21212121212121213,191.0,142.0,0.3507853403141361,0.5706806282722513,0.6178010471204188
3386,0.6430976430976431,0.12457912457912458,0.04377104377104377,0.18855218855218855,0.8114478114478114,0.16835016835016836,180.0,130.0,0.45555555555555555,0.6333333333333333,0.7055555555555556
3387,0.5387205387205387,0.17845117845117844,0.020202020202020204,0.26262626262626265,0.7373737373737373,0.19865319865319866,181.0,128.0,0.3756906077348066,0.574585635359116,0.5966850828729282
3388,0.5521885521885522,0.15824915824915825,0.04713804713804714,0.24242424242424243,0.7575757575757576,0.2053872053872054,181.0,129.0,0.430939226519337,0.5911602209944752,0.6353591160220995
3389,0.5959595959595959,0.17845117845117844,0.04377104377104377,0.18181818181818182,0.8181818181818182,0.2222222222222222,175.0,120.0,0.4114285714285714,0.6457142857142857,0.7028571428571428
3390,0.5454545454545454,0.15151515151515152,0.030303030303030304,0.2727272727272727,0.7272727272727273,0.18181818181818182,192.0,136.0,0.3697916666666667,0.5625,0.6041666666666666
3391,0.5185185185185185,0.20202020202020202,0.026936026936026935,0.25252525252525254,0.7474747474747475,0.22895622895622897,192.0,137.0,0.359375,0.59375,0.6354166666666666
3392,0.5622895622895623,0.1750841750841751,0.050505050505050504,0.21212121212121213,0.7878787878787878,0.2255892255892256,183.0,126.0,0.3825136612021858,0.6065573770491803,0.6775956284153005
3393,0.5454545454545454,0.15824915824915825,0.037037037037037035,0.25925925925925924,0.7407407407407407,0.19528619528619529,188.0,135.0,0.3670212765957447,0.5585106382978723,0.6170212765957447
3394,0.5622895622895623,0.19528619528619529,0.050505050505050504,0.1919191919191919,0.8080808080808081,0.24579124579124578,183.0,132.0,0.39344262295081966,0.6229508196721312,0.6994535519125683
3395,0.5723905723905723,0.18855218855218855,0.02356902356902357,0.21548821548821548,0.7845117845117845,0.21212121212121213,190.0,134.0,0.42105263157894735,0.6473684210526316,0.6789473684210526
3396,0.5824915824915825,0.16835016835016836,0.04377104377104377,0.2053872053872054,0.7946127946127947,0.21212121212121213,175.0,122.0,0.4057142857142857,0.6285714285714286,0.6742857142857143
3397,0.5151515151515151,0.16498316498316498,0.05723905723905724,0.26262626262626265,0.7373737373737373,0.2222222222222222,196.0,147.0,0.34183673469387754,0.5714285714285714,0.6428571428571429
3398,0.5420875420875421,0.16498316498316498,0.05387205387205387,0.23905723905723905,0.7609427609427609,0.21885521885521886,191.0,140.0,0.3403141361256545,0.5654450261780105,0.6492146596858639
3399,0.5286195286195287,0.19865319865319866,0.06060606060606061,0.21212121212121213,0.7878787878787878,0.25925925925925924,202.0,153.0,0.3712871287128713,0.6237623762376238,0.7029702970297029
3400,0.49158249158249157,0.21548821548821548,0.06734006734006734,0.2255892255892256,0.7744107744107744,0.2828282828282828,202.0,149.0,0.36633663366336633,0.6089108910891089,0.6881188118811881
3401,0.5521885521885522,0.1717171717171717,0.04040404040404041,0.2356902356902357,0.7643097643097643,0.21212121212121213,187.0,132.0,0.40106951871657753,0.6310160427807486,0.679144385026738
3402,0.4511784511784512,0.24579124579124578,0.04377104377104377,0.25925925925925924,0.7407407407407407,0.2895622895622896,203.0,154.0,0.33004926108374383,0.6059113300492611,0.6600985221674877
3403,0.5050505050505051,0.18518518518518517,0.04713804713804714,0.26262626262626265,0.7373737373737373,0.23232323232323232,192.0,141.0,0.3645833333333333,0.5833333333333334,0.6354166666666666
3404,0.531986531986532,0.19528619528619529,0.04377104377104377,0.22895622895622897,0.7710437710437711,0.23905723905723905,191.0,138.0,0.3612565445026178,0.5968586387434555,0.6596858638743456
3405,0.5286195286195287,0.1919191919191919,0.050505050505050504,0.22895622895622897,0.7710437710437711,0.24242424242424243,198.0,148.0,0.3686868686868687,0.601010101010101,0.6666666666666666
3406,0.531986531986532,0.18518518518518517,0.050505050505050504,0.23232323232323232,0.7676767676767676,0.2356902356902357,191.0,137.0,0.3769633507853403,0.5968586387434555,0.6596858638743456
3407,0.5589225589225589,0.16498316498316498,0.04377104377104377,0.23232323232323232,0.7676767676767676,0.20875420875420875,179.0,126.0,0.3743016759776536,0.5810055865921788,0.6424581005586593
3408,0.5050505050505051,0.20202020202020202,0.050505050505050504,0.24242424242424243,0.7575757575757576,0.25252525252525254,203.0,155.0,0.35960591133004927,0.6059113300492611,0.6650246305418719
3409,0.5757575757575758,0.16498316498316498,0.037037037037037035,0.2222222222222222,0.7777777777777778,0.20202020202020202,183.0,124.0,0.40437158469945356,0.6174863387978142,0.6666666666666666
3410,0.5521885521885522,0.18855218855218855,0.050505050505050504,0.20875420875420875,0.7912457912457912,0.23905723905723905,188.0,137.0,0.3829787234042553,0.6276595744680851,0.6808510638297872
3411,0.5218855218855218,0.18855218855218855,0.03367003367003367,0.2558922558922559,0.7441077441077442,0.2222222222222222,198.0,146.0,0.37373737373737376,0.5959595959595959,0.6464646464646465
3412,0.5286195286195287,0.2053872053872054,0.050505050505050504,0.21548821548821548,0.7845117845117845,0.2558922558922559,189.0,134.0,0.35978835978835977,0.6243386243386243,0.6931216931216931
3413,0.5555555555555556,0.15824915824915825,0.04377104377104377,0.24242424242424243,0.7575757575757576,0.20202020202020202,193.0,134.0,0.39896373056994816,0.5906735751295337,0.6476683937823834
3414,0.5993265993265994,0.15488215488215487,0.04040404040404041,0.2053872053872054,0.7946127946127947,0.19528619528619529,180.0,137.0,0.38333333333333336,0.6,0.6611111111111111
3415,0.5387205387205387,0.18181818181818182,0.06060606060606061,0.21885521885521886,0.7811447811447811,0.24242424242424243,191.0,139.0,0.3769633507853403,0.612565445026178,0.6910994764397905
3416,0.5420875420875421,0.19528619528619529,0.05723905723905724,0.2053872053872054,0.7946127946127947,0.25252525252525254,194.0,142.0,0.38144329896907214,0.6134020618556701,0.6855670103092784
3417,0.5723905723905723,0.16498316498316498,0.020202020202020204,0.24242424242424243,0.7575757575757576,0.18518518518518517,174.0,118.0,0.3620689655172414,0.5919540229885057,0.6264367816091954
3418,0.5218855218855218,0.16161616161616163,0.050505050505050504,0.265993265993266,0.734006734006734,0.21212121212121213,198.0,152.0,0.36363636363636365,0.5757575757575758,0.6414141414141414
3419,0.5656565656565656,0.15488215488215487,0.03367003367003367,0.24579124579124578,0.7542087542087542,0.18855218855218855,187.0,135.0,0.3850267379679144,0.5721925133689839,0.6256684491978609
3420,0.531986531986532,0.2053872053872054,0.050505050505050504,0.21212121212121213,0.7878787878787878,0.2558922558922559,183.0,129.0,0.366120218579235,0.6174863387978142,0.6775956284153005
3421,0.5723905723905723,0.19528619528619529,0.06734006734006734,0.16498316498316498,0.835016835016835,0.26262626262626265,179.0,125.0,0.3854748603351955,0.659217877094972,0.7374301675977654
3422,0.5488215488215489,0.18518518518518517,0.050505050505050504,0.21548821548821548,0.7845117845117845,0.2356902356902357,185.0,130.0,0.3837837837837838,0.6162162162162163,0.6810810810810811
3423,0.5218855218855218,0.17845117845117844,0.05723905723905724,0.24242424242424243,0.7575757575757576,0.2356902356902357,194.0,136.0,0.37628865979381443,0.6030927835051546,0.6649484536082474
3424,0.5454545454545454,0.16498316498316498,0.04713804713804714,0.24242424242424243,0.7575757575757576,0.21212121212121213,179.0,134.0,0.36312849162011174,0.5642458100558659,0.6256983240223464
3425,0.5555555555555556,0.18181818181818182,0.04377104377104377,0.21885521885521886,0.7811447811447811,0.2255892255892256,191.0,137.0,0.39267015706806285,0.6230366492146597,0.680628272251309
3426,0.5353535353535354,0.18518518518518517,0.05387205387205387,0.2255892255892256,0.7744107744107744,0.23905723905723905,191.0,139.0,0.3612565445026178,0.6020942408376964,0.675392670157068
3427,0.5824915824915825,0.16835016835016836,0.037037037037037035,0.21212121212121213,0.7878787878787878,0.2053872053872054,175.0,127.0,0.38857142857142857,0.6057142857142858,0.6685714285714286
3428,0.5589225589225589,0.16835016835016836,0.04040404040404041,0.23232323232323232,0.7676767676767676,0.20875420875420875,196.0,144.0,0.3877551020408163,0.6071428571428571,0.6632653061224489
3429,0.5488215488215489,0.2053872053872054,0.04040404040404041,0.2053872053872054,0.7946127946127947,0.24579124579124578,196.0,144.0,0.4030612244897959,0.6530612244897959,0.6989795918367347
3430,0.5892255892255892,0.16835016835016836,0.02356902356902357,0.21885521885521886,0.7811447811447811,0.1919191919191919,179.0,126.0,0.3854748603351955,0.6145251396648045,0.6536312849162011
3431,0.5185185185185185,0.16835016835016836,0.04377104377104377,0.26936026936026936,0.7306397306397306,0.21212121212121213,190.0,138.0,0.34210526315789475,0.5631578947368421,0.6157894736842106
3432,0.5791245791245792,0.16161616161616163,0.030303030303030304,0.22895622895622897,0.7710437710437711,0.1919191919191919,186.0,138.0,0.3870967741935484,0.6290322580645161,0.6720430107526881
3433,0.5185185185185185,0.17845117845117844,0.050505050505050504,0.25252525252525254,0.7474747474747475,0.22895622895622897,194.0,136.0,0.3711340206185567,0.5927835051546392,0.6443298969072165
3434,0.5589225589225589,0.15824915824915825,0.04713804713804714,0.2356902356902357,0.7643097643097643,0.2053872053872054,190.0,141.0,0.37894736842105264,0.6,0.6578947368421053
3435,0.5016835016835017,0.16161616161616163,0.030303030303030304,0.3063973063973064,0.6936026936026936,0.1919191919191919,196.0,150.0,0.33163265306122447,0.5255102040816326,0.5663265306122449
3436,0.5858585858585859,0.16835016835016836,0.04040404040404041,0.2053872053872054,0.7946127946127947,0.20875420875420875,183.0,128.0,0.41530054644808745,0.6284153005464481,0.6830601092896175
3437,0.6161616161616161,0.18181818181818182,0.037037037037037035,0.16498316498316498,0.835016835016835,0.21885521885521886,186.0,136.0,0.44086021505376344,0.6827956989247311,0.7365591397849462
3438,0.569023569023569,0.19528619528619529,0.04040404040404041,0.19528619528619529,0.8047138047138047,0.2356902356902357,179.0,124.0,0.4022346368715084,0.6424581005586593,0.6983240223463687
3439,0.5656565656565656,0.15824915824915825,0.04377104377104377,0.23232323232323232,0.7676767676767676,0.20202020202020202,185.0,135.0,0.3783783783783784,0.6,0.654054054054054
3440,0.5420875420875421,0.18181818181818182,0.04377104377104377,0.23232323232323232,0.7676767676767676,0.2255892255892256,191.0,140.0,0.36649214659685864,0.5916230366492147,0.6596858638743456
3441,0.5622895622895623,0.15824915824915825,0.050505050505050504,0.22895622895622897,0.7710437710437711,0.20875420875420875,190.0,135.0,0.3894736842105263,0.6,0.6578947368421053
3442,0.5656565656565656,0.1447811447811448,0.050505050505050504,0.23905723905723905,0.7609427609427609,0.19528619528619529,186.0,141.0,0.3602150537634409,0.5752688172043011,0.6451612903225806
3443,0.4983164983164983,0.20202020202020202,0.05723905723905724,0.24242424242424243,0.7575757575757576,0.25925925925925924,192.0,139.0,0.328125,0.5625,0.6354166666666666
3444,0.5555555555555556,0.16161616161616163,0.037037037037037035,0.24579124579124578,0.7542087542087542,0.19865319865319866,182.0,131.0,0.3791208791208791,0.5934065934065934,0.6428571428571429
3445,0.5589225589225589,0.17845117845117844,0.05387205387205387,0.20875420875420875,0.7912457912457912,0.23232323232323232,181.0,126.0,0.3812154696132597,0.6243093922651933,0.6740331491712708
3446,0.569023569023569,0.16835016835016836,0.04713804713804714,0.21548821548821548,0.7845117845117845,0.21548821548821548,183.0,128.0,0.37158469945355194,0.6010928961748634,0.6721311475409836
3447,0.531986531986532,0.16161616161616163,0.04040404040404041,0.265993265993266,0.734006734006734,0.20202020202020202,187.0,138.0,0.3582887700534759,0.5775401069518716,0.6203208556149733
3448,0.5252525252525253,0.17845117845117844,0.05723905723905724,0.23905723905723905,0.7609427609427609,0.2356902356902357,198.0,150.0,0.36363636363636365,0.5808080808080808,0.6464646464646465
3449,0.5656565656565656,0.18181818181818182,0.020202020202020204,0.23232323232323232,0.7676767676767676,0.20202020202020202,182.0,124.0,0.4010989010989011,0.6208791208791209,0.6538461538461539
3450,0.5151515151515151,0.19528619528619529,0.04377104377104377,0.24579124579124578,0.7542087542087542,0.23905723905723905,195.0,147.0,0.358974358974359,0.5794871794871795,0.6256410256410256
3451,0.5555555555555556,0.18855218855218855,0.04040404040404041,0.21548821548821548,0.7845117845117845,0.22895622895622897,179.0,121.0,0.3854748603351955,0.6256983240223464,0.6703910614525139
3452,0.5959595959595959,0.13804713804713806,0.03367003367003367,0.23232323232323232,0.7676767676767676,0.1717171717171717,188.0,143.0,0.4148936170212766,0.601063829787234,0.6542553191489362
3453,0.5387205387205387,0.18518518518518517,0.06397306397306397,0.21212121212121213,0.7878787878787878,0.24915824915824916,188.0,139.0,0.3776595744680851,0.5957446808510638,0.6914893617021277
3454,0.5488215488215489,0.18518518518518517,0.050505050505050504,0.21548821548821548,0.7845117845117845,0.2356902356902357,190.0,137.0,0.38421052631578945,0.6368421052631579,0.6947368421052632
3455,0.5521885521885522,0.15824915824915825,0.050505050505050504,0.23905723905723905,0.7609427609427609,0.20875420875420875,195.0,147.0,0.37948717948717947,0.5692307692307692,0.6358974358974359
3456,0.569023569023569,0.18181818181818182,0.04040404040404041,0.20875420875420875,0.7912457912457912,0.2222222222222222,182.0,127.0,0.4175824175824176,0.6373626373626373,0.6923076923076923
3457,0.5589225589225589,0.16498316498316498,0.04713804713804714,0.22895622895622897,0.7710437710437711,0.21212121212121213,191.0,132.0,0.39790575916230364,0.612565445026178,0.6649214659685864
3458,0.5488215488215489,0.2053872053872054,0.04713804713804714,0.19865319865319866,0.8013468013468014,0.25252525252525254,188.0,133.0,0.39893617021276595,0.648936170212766,0.6968085106382979
3459,0.5656565656565656,0.1414141414141414,0.050505050505050504,0.24242424242424243,0.7575757575757576,0.1919191919191919,185.0,133.0,0.3567567567567568,0.5459459459459459,0.6216216216216216
3460,0.5387205387205387,0.18855218855218855,0.04040404040404041,0.23232323232323232,0.7676767676767676,0.22895622895622897,179.0,121.0,0.3687150837988827,0.5921787709497207,0.6480446927374302
3461,0.5723905723905723,0.1717171717171717,0.03367003367003367,0.2222222222222222,0.7777777777777778,0.2053872053872054,185.0,135.0,0.3891891891891892,0.6270270270270271,0.6756756756756757
3462,0.5252525252525253,0.18855218855218855,0.05387205387205387,0.23232323232323232,0.7676767676767676,0.24242424242424243,193.0,149.0,0.3626943005181347,0.5803108808290155,0.6632124352331606
3463,0.5488215488215489,0.14814814814814814,0.06397306397306397,0.23905723905723905,0.7609427609427609,0.21212121212121213,185.0,137.0,0.3621621621621622,0.5783783783783784,0.6648648648648648
3464,0.5791245791245792,0.13804713804713806,0.05387205387205387,0.22895622895622897,0.7710437710437711,0.1919191919191919,182.0,129.0,0.3901098901098901,0.5659340659340659,0.6373626373626373
3465,0.5521885521885522,0.2053872053872054,0.0707070707070707,0.1717171717171717,0.8282828282828283,0.2760942760942761,182.0,128.0,0.38461538461538464,0.6428571428571429,0.7362637362637363
3466,0.5488215488215489,0.16498316498316498,0.05723905723905724,0.22895622895622897,0.7710437710437711,0.2222222222222222,191.0,141.0,0.35602094240837695,0.5706806282722513,0.6492146596858639
3467,0.5791245791245792,0.1717171717171717,0.037037037037037035,0.21212121212121213,0.7878787878787878,0.20875420875420875,175.0,120.0,0.41714285714285715,0.6285714285714286,0.6857142857142857
3468,0.5151515151515151,0.17845117845117844,0.03367003367003367,0.2727272727272727,0.7272727272727273,0.21212121212121213,193.0,142.0,0.3626943005181347,0.5803108808290155,0.6269430051813472
3469,0.5892255892255892,0.15151515151515152,0.050505050505050504,0.20875420875420875,0.7912457912457912,0.20202020202020202,187.0,136.0,0.4117647058823529,0.6310160427807486,0.7005347593582888
3470,0.5286195286195287,0.18181818181818182,0.04713804713804714,0.24242424242424243,0.7575757575757576,0.22895622895622897,194.0,142.0,0.35051546391752575,0.5824742268041238,0.6391752577319587
3471,0.5757575757575758,0.18181818181818182,0.03367003367003367,0.20875420875420875,0.7912457912457912,0.21548821548821548,190.0,132.0,0.4105263157894737,0.6421052631578947,0.6894736842105263
3472,0.5050505050505051,0.18518518518518517,0.05723905723905724,0.25252525252525254,0.7474747474747475,0.24242424242424243,197.0,146.0,0.3604060913705584,0.5888324873096447,0.6598984771573604
3473,0.5420875420875421,0.20875420875420875,0.050505050505050504,0.19865319865319866,0.8013468013468014,0.25925925925925924,187.0,134.0,0.39037433155080214,0.6310160427807486,0.7005347593582888
3474,0.569023569023569,0.1750841750841751,0.04713804713804714,0.20875420875420875,0.7912457912457912,0.2222222222222222,190.0,137.0,0.4105263157894737,0.6368421052631579,0.6894736842105263
3475,0.5454545454545454,0.1919191919191919,0.04377104377104377,0.21885521885521886,0.7811447811447811,0.2356902356902357,181.0,126.0,0.3812154696132597,0.6022099447513812,0.6685082872928176
3476,0.5656565656565656,0.16161616161616163,0.02356902356902357,0.24915824915824916,0.7508417508417509,0.18518518518518517,190.0,137.0,0.3736842105263158,0.6052631578947368,0.631578947368421
3477,0.5117845117845118,0.19528619528619529,0.037037037037037035,0.2558922558922559,0.7441077441077442,0.23232323232323232,192.0,142.0,0.3697916666666667,0.5833333333333334,0.640625
3478,0.5521885521885522,0.19865319865319866,0.04040404040404041,0.20875420875420875,0.7912457912457912,0.23905723905723905,183.0,137.0,0.37158469945355194,0.6174863387978142,0.6666666666666666
3479,0.5555555555555556,0.1750841750841751,0.05723905723905724,0.21212121212121213,0.7878787878787878,0.23232323232323232,191.0,142.0,0.39790575916230364,0.6282722513089005,0.6858638743455497
3480,0.5151515151515151,0.16161616161616163,0.06060606060606061,0.26262626262626265,0.7373737373737373,0.2222222222222222,192.0,144.0,0.3489583333333333,0.5520833333333334,0.6302083333333334
3481,0.5622895622895623,0.16835016835016836,0.050505050505050504,0.21885521885521886,0.7811447811447811,0.21885521885521886,182.0,130.0,0.38461538461538464,0.6043956043956044,0.6703296703296703
3482,0.5185185185185185,0.14814814814814814,0.04377104377104377,0.2895622895622896,0.7104377104377104,0.1919191919191919,201.0,155.0,0.3681592039800995,0.5522388059701493,0.6069651741293532
3483,0.569023569023569,0.15824915824915825,0.026936026936026935,0.24579124579124578,0.7542087542087542,0.18518518518518517,179.0,124.0,0.37988826815642457,0.6033519553072626,0.6368715083798883
3484,0.5454545454545454,0.17845117845117844,0.05723905723905724,0.21885521885521886,0.7811447811447811,0.2356902356902357,191.0,133.0,0.3769633507853403,0.6178010471204188,0.680628272251309
3485,0.5218855218855218,0.1717171717171717,0.0707070707070707,0.2356902356902357,0.7643097643097643,0.24242424242424243,197.0,144.0,0.38578680203045684,0.5685279187817259,0.6548223350253807
3486,0.531986531986532,0.16498316498316498,0.050505050505050504,0.25252525252525254,0.7474747474747475,0.21548821548821548,196.0,147.0,0.37244897959183676,0.5867346938775511,0.6479591836734694
3487,0.5589225589225589,0.2222222222222222,0.016835016835016835,0.20202020202020202,0.797979797979798,0.23905723905723905,183.0,124.0,0.39344262295081966,0.6612021857923497,0.6830601092896175
3488,0.6026936026936027,0.15151515151515152,0.037037037037037035,0.20875420875420875,0.7912457912457912,0.18855218855218855,173.0,115.0,0.4277456647398844,0.6358381502890174,0.6705202312138728
3489,0.5387205387205387,0.17845117845117844,0.050505050505050504,0.23232323232323232,0.7676767676767676,0.22895622895622897,195.0,143.0,0.36923076923076925,0.6,0.6615384615384615
3490,0.5454545454545454,0.18181818181818182,0.02356902356902357,0.24915824915824916,0.7508417508417509,0.2053872053872054,192.0,138.0,0.3697916666666667,0.6041666666666666,0.6354166666666666
3491,0.5454545454545454,0.18518518518518517,0.04713804713804714,0.2222222222222222,0.7777777777777778,0.23232323232323232,185.0,128.0,0.3783783783783784,0.6108108108108108,0.6648648648648648
3492,0.5084175084175084,0.2053872053872054,0.04040404040404041,0.24579124579124578,0.7542087542087542,0.24579124579124578,197.0,142.0,0.3553299492385787,0.5888324873096447,0.6446700507614214
3493,0.5589225589225589,0.18518518518518517,0.03367003367003367,0.2222222222222222,0.7777777777777778,0.21885521885521886,186.0,129.0,0.3763440860215054,0.6075268817204301,0.6612903225806451
3494,0.569023569023569,0.19865319865319866,0.04040404040404041,0.1919191919191919,0.8080808080808081,0.23905723905723905,192.0,148.0,0.3958333333333333,0.65625,0.7083333333333334
3495,0.5420875420875421,0.17845117845117844,0.04377104377104377,0.2356902356902357,0.7643097643097643,0.2222222222222222,184.0,132.0,0.3423913043478261,0.5652173913043478,0.6358695652173914
3496,0.6094276094276094,0.1414141414141414,0.037037037037037035,0.21212121212121213,0.7878787878787878,0.17845117845117844,185.0,134.0,0.41081081081081083,0.6162162162162163,0.6756756756756757
3497,0.5959595959595959,0.1717171717171717,0.06060606060606061,0.1717171717171717,0.8282828282828283,0.23232323232323232,178.0,111.0,0.43820224719101125,0.6629213483146067,0.7359550561797753
3498,0.5454545454545454,0.1919191919191919,0.037037037037037035,0.2255892255892256,0.7744107744107744,0.22895622895622897,186.0,127.0,0.3763440860215054,0.6182795698924731,0.6612903225806451
3499,0.5387205387205387,0.18181818181818182,0.04040404040404041,0.23905723905723905,0.7609427609427609,0.2222222222222222,199.0,152.0,0.38190954773869346,0.5979899497487438,0.6582914572864321
3500,0.5589225589225589,0.16835016835016836,0.04377104377104377,0.22895622895622897,0.7710437710437711,0.21212121212121213,190.0,138.0,0.41578947368421054,0.6157894736842106,0.6631578947368421
3501,0.5252525252525253,0.17845117845117844,0.03367003367003367,0.26262626262626265,0.7373737373737373,0.21212121212121213,200.0,145.0,0.35,0.585,0.625
3502,0.5622895622895623,0.15824915824915825,0.04377104377104377,0.2356902356902357,0.7643097643097643,0.20202020202020202,187.0,129.0,0.37967914438502676,0.5882352941176471,0.6470588235294118
3503,0.531986531986532,0.19865319865319866,0.04040404040404041,0.22895622895622897,0.7710437710437711,0.23905723905723905,184.0,133.0,0.375,0.6086956521739131,0.657608695652174
3504,0.5353535353535354,0.1414141414141414,0.05387205387205387,0.26936026936026936,0.7306397306397306,0.19528619528619529,190.0,134.0,0.3631578947368421,0.5473684210526316,0.6263157894736842
3505,0.5723905723905723,0.16498316498316498,0.04040404040404041,0.2222222222222222,0.7777777777777778,0.2053872053872054,192.0,142.0,0.4010416666666667,0.609375,0.6666666666666666
3506,0.5959595959595959,0.18855218855218855,0.037037037037037035,0.17845117845117844,0.8215488215488216,0.2255892255892256,186.0,135.0,0.41397849462365593,0.6720430107526881,0.7311827956989247
3507,0.5353535353535354,0.20875420875420875,0.04713804713804714,0.20875420875420875,0.7912457912457912,0.2558922558922559,189.0,131.0,0.38095238095238093,0.6190476190476191,0.6825396825396826
3508,0.5353535353535354,0.20202020202020202,0.04713804713804714,0.21548821548821548,0.7845117845117845,0.24915824915824916,190.0,135.0,0.3684210526315789,0.6157894736842106,0.6842105263157895
3509,0.531986531986532,0.16498316498316498,0.03367003367003367,0.26936026936026936,0.7306397306397306,0.19865319865319866,201.0,156.0,0.35323383084577115,0.5771144278606966,0.6169154228855721
3510,0.5420875420875421,0.18855218855218855,0.037037037037037035,0.23232323232323232,0.7676767676767676,0.2255892255892256,186.0,144.0,0.34408602150537637,0.5860215053763441,0.6451612903225806
3511,0.4983164983164983,0.1717171717171717,0.050505050505050504,0.27946127946127947,0.7205387205387206,0.2222222222222222,195.0,143.0,0.3384615384615385,0.558974358974359,0.6256410256410256
3512,0.5117845117845118,0.19865319865319866,0.05723905723905724,0.23232323232323232,0.7676767676767676,0.2558922558922559,197.0,151.0,0.34517766497461927,0.5888324873096447,0.6700507614213198
3513,0.5387205387205387,0.15488215488215487,0.050505050505050504,0.2558922558922559,0.7441077441077442,0.2053872053872054,189.0,140.0,0.36507936507936506,0.5873015873015873,0.6455026455026455
3514,0.569023569023569,0.17845117845117844,0.07407407407407407,0.17845117845117844,0.8215488215488216,0.25252525252525254,180.0,125.0,0.39444444444444443,0.6277777777777778,0.7055555555555556
3515,0.5723905723905723,0.18855218855218855,0.05723905723905724,0.18181818181818182,0.8181818181818182,0.24579124579124578,180.0,124.0,0.3888888888888889,0.6333333333333333,0.7111111111111111
3516,0.5454545454545454,0.1717171717171717,0.05723905723905724,0.2255892255892256,0.7744107744107744,0.22895622895622897,192.0,143.0,0.3958333333333333,0.6197916666666666,0.6875
3517,0.5185185185185185,0.19528619528619529,0.06397306397306397,0.2222222222222222,0.7777777777777778,0.25925925925925924,195.0,142.0,0.358974358974359,0.6102564102564103,0.6923076923076923
3518,0.5387205387205387,0.1717171717171717,0.04040404040404041,0.24915824915824916,0.7508417508417509,0.21212121212121213,191.0,140.0,0.36649214659685864,0.581151832460733,0.6282722513089005
3519,0.5757575757575758,0.15824915824915825,0.050505050505050504,0.21548821548821548,0.7845117845117845,0.20875420875420875,178.0,127.0,0.37640449438202245,0.6067415730337079,0.6797752808988764
3520,0.5858585858585859,0.16835016835016836,0.03367003367003367,0.21212121212121213,0.7878787878787878,0.20202020202020202,175.0,115.0,0.42857142857142855,0.6457142857142857,0.6971428571428572
3521,0.5151515151515151,0.18518518518518517,0.05723905723905724,0.24242424242424243,0.7575757575757576,0.24242424242424243,198.0,141.0,0.3686868686868687,0.5808080808080808,0.6565656565656566
3522,0.5757575757575758,0.20202020202020202,0.05723905723905724,0.16498316498316498,0.835016835016835,0.25925925925925924,193.0,143.0,0.39896373056994816,0.6683937823834197,0.7512953367875648
3523,0.6127946127946128,0.1447811447811448,0.030303030303030304,0.21212121212121213,0.7878787878787878,0.1750841750841751,177.0,123.0,0.423728813559322,0.615819209039548,0.6666666666666666
3524,0.5925925925925926,0.16498316498316498,0.030303030303030304,0.21212121212121213,0.7878787878787878,0.19528619528619529,182.0,121.0,0.42857142857142855,0.6318681318681318,0.6758241758241759
3525,0.5252525252525253,0.20202020202020202,0.06397306397306397,0.20875420875420875,0.7912457912457912,0.265993265993266,187.0,128.0,0.36363636363636365,0.6096256684491979,0.6844919786096256
3526,0.5252525252525253,0.18518518518518517,0.06060606060606061,0.22895622895622897,0.7710437710437711,0.24579124579124578,188.0,139.0,0.34574468085106386,0.5638297872340425,0.648936170212766
3527,0.5454545454545454,0.21212121212121213,0.020202020202020204,0.2222222222222222,0.7777777777777778,0.23232323232323232,182.0,126.0,0.3516483516483517,0.6208791208791209,0.6538461538461539
3528,0.5286195286195287,0.16161616161616163,0.05723905723905724,0.25252525252525254,0.7474747474747475,0.21885521885521886,194.0,150.0,0.34536082474226804,0.5567010309278351,0.634020618556701
3529,0.5151515151515151,0.17845117845117844,0.037037037037037035,0.26936026936026936,0.7306397306397306,0.21548821548821548,196.0,147.0,0.3622448979591837,0.5612244897959183,0.6173469387755102
3530,0.4983164983164983,0.18518518518518517,0.06734006734006734,0.24915824915824916,0.7508417508417509,0.25252525252525254,202.0,152.0,0.3811881188118812,0.5891089108910891,0.6633663366336634
3531,0.5589225589225589,0.15488215488215487,0.05387205387205387,0.23232323232323232,0.7676767676767676,0.20875420875420875,191.0,142.0,0.4031413612565445,0.6073298429319371,0.6649214659685864
3532,0.5084175084175084,0.19865319865319866,0.05387205387205387,0.23905723905723905,0.7609427609427609,0.25252525252525254,195.0,145.0,0.3435897435897436,0.5794871794871795,0.6564102564102564
3533,0.5959595959595959,0.13468013468013468,0.050505050505050504,0.21885521885521886,0.7811447811447811,0.18518518518518517,175.0,126.0,0.41714285714285715,0.5885714285714285,0.6571428571428571
3534,0.5218855218855218,0.15151515151515152,0.04713804713804714,0.27946127946127947,0.7205387205387206,0.19865319865319866,197.0,151.0,0.3401015228426396,0.5482233502538071,0.6192893401015228
3535,0.5286195286195287,0.17845117845117844,0.06397306397306397,0.22895622895622897,0.7710437710437711,0.24242424242424243,182.0,124.0,0.3956043956043956,0.5989010989010989,0.6593406593406593
3536,0.5656565656565656,0.1750841750841751,0.04040404040404041,0.21885521885521886,0.7811447811447811,0.21548821548821548,188.0,130.0,0.4308510638297872,0.6436170212765957,0.7021276595744681
3537,0.5420875420875421,0.1750841750841751,0.02356902356902357,0.25925925925925924,0.7407407407407407,0.19865319865319866,195.0,144.0,0.3641025641025641,0.5897435897435898,0.6256410256410256
3538,0.5488215488215489,0.19865319865319866,0.050505050505050504,0.20202020202020202,0.797979797979798,0.24915824915824916,184.0,122.0,0.4076086956521739,0.6413043478260869,0.7065217391304348
3539,0.494949494949495,0.16835016835016836,0.037037037037037035,0.2996632996632997,0.7003367003367004,0.2053872053872054,198.0,144.0,0.3282828282828283,0.5353535353535354,0.5808080808080808
3540,0.5555555555555556,0.15488215488215487,0.05387205387205387,0.2356902356902357,0.7643097643097643,0.20875420875420875,191.0,138.0,0.387434554973822,0.581151832460733,0.643979057591623
3541,0.5050505050505051,0.22895622895622897,0.04040404040404041,0.2255892255892256,0.7744107744107744,0.26936026936026936,201.0,157.0,0.34328358208955223,0.6169154228855721,0.6716417910447762
3542,0.5185185185185185,0.18518518518518517,0.02356902356902357,0.2727272727272727,0.7272727272727273,0.20875420875420875,206.0,160.0,0.3446601941747573,0.5825242718446602,0.616504854368932
3543,0.531986531986532,0.19865319865319866,0.05387205387205387,0.21548821548821548,0.7845117845117845,0.25252525252525254,192.0,138.0,0.390625,0.6197916666666666,0.6822916666666666
3544,0.5925925925925926,0.1447811447811448,0.03367003367003367,0.22895622895622897,0.7710437710437711,0.17845117845117844,183.0,133.0,0.39344262295081966,0.5956284153005464,0.6502732240437158
3545,0.6060606060606061,0.16161616161616163,0.020202020202020204,0.21212121212121213,0.7878787878787878,0.18181818181818182,180.0,124.0,0.42777777777777776,0.6388888888888888,0.6722222222222223
3546,0.5589225589225589,0.1717171717171717,0.04377104377104377,0.2255892255892256,0.7744107744107744,0.21548821548821548,187.0,140.0,0.40106951871657753,0.6096256684491979,0.6684491978609626
3547,0.5252525252525253,0.16161616161616163,0.05723905723905724,0.2558922558922559,0.7441077441077442,0.21885521885521886,193.0,138.0,0.36787564766839376,0.5595854922279793,0.6269430051813472
3548,0.5521885521885522,0.2053872053872054,0.03367003367003367,0.20875420875420875,0.7912457912457912,0.23905723905723905,178.0,128.0,0.34831460674157305,0.6179775280898876,0.6741573033707865
3549,0.5723905723905723,0.20202020202020202,0.02356902356902357,0.20202020202020202,0.797979797979798,0.2255892255892256,181.0,129.0,0.3867403314917127,0.6464088397790055,0.6850828729281768
3550,0.531986531986532,0.16161616161616163,0.04377104377104377,0.26262626262626265,0.7373737373737373,0.2053872053872054,201.0,152.0,0.3681592039800995,0.5920398009950248,0.6467661691542289
3551,0.5858585858585859,0.17845117845117844,0.05387205387205387,0.18181818181818182,0.8181818181818182,0.23232323232323232,181.0,130.0,0.4088397790055249,0.6519337016574586,0.7237569060773481
3552,0.5420875420875421,0.16835016835016836,0.03367003367003367,0.2558922558922559,0.7441077441077442,0.20202020202020202,192.0,141.0,0.390625,0.6041666666666666,0.6458333333333334
3553,0.5454545454545454,0.16498316498316498,0.037037037037037035,0.25252525252525254,0.7474747474747475,0.20202020202020202,193.0,137.0,0.38341968911917096,0.5854922279792746,0.6373056994818653
3554,0.5993265993265994,0.16161616161616163,0.04040404040404041,0.19865319865319866,0.8013468013468014,0.20202020202020202,185.0,132.0,0.43783783783783786,0.6486486486486487,0.6972972972972973
3555,0.5387205387205387,0.12121212121212122,0.050505050505050504,0.2895622895622896,0.7104377104377104,0.1717171717171717,206.0,154.0,0.3932038834951456,0.5533980582524272,0.616504854368932
3556,0.5622895622895623,0.1717171717171717,0.037037037037037035,0.22895622895622897,0.7710437710437711,0.20875420875420875,182.0,131.0,0.3626373626373626,0.5879120879120879,0.6373626373626373
3557,0.5151515151515151,0.1750841750841751,0.037037037037037035,0.2727272727272727,0.7272727272727273,0.21212121212121213,195.0,145.0,0.3384615384615385,0.5538461538461539,0.6
3558,0.5757575757575758,0.18855218855218855,0.037037037037037035,0.19865319865319866,0.8013468013468014,0.2255892255892256,179.0,129.0,0.3687150837988827,0.6201117318435754,0.6815642458100558
3559,0.5925925925925926,0.15824915824915825,0.03367003367003367,0.21548821548821548,0.7845117845117845,0.1919191919191919,194.0,141.0,0.42783505154639173,0.6443298969072165,0.6907216494845361
3560,0.5286195286195287,0.1717171717171717,0.037037037037037035,0.26262626262626265,0.7373737373737373,0.20875420875420875,192.0,147.0,0.3541666666666667,0.5677083333333334,0.6197916666666666
3561,0.5656565656565656,0.1717171717171717,0.04040404040404041,0.2222222222222222,0.7777777777777778,0.21212121212121213,179.0,123.0,0.37988826815642457,0.6033519553072626,0.6536312849162011
3562,0.5622895622895623,0.15824915824915825,0.04040404040404041,0.23905723905723905,0.7609427609427609,0.19865319865319866,190.0,148.0,0.38421052631578945,0.5894736842105263,0.6473684210526316
3563,0.5824915824915825,0.18181818181818182,0.03367003367003367,0.20202020202020202,0.797979797979798,0.21548821548821548,188.0,143.0,0.4095744680851064,0.6542553191489362,0.6968085106382979
3564,0.5488215488215489,0.17845117845117844,0.030303030303030304,0.24242424242424243,0.7575757575757576,0.20875420875420875,180.0,126.0,0.36666666666666664,0.6055555555555555,0.65
3565,0.5286195286195287,0.18518518518518517,0.04713804713804714,0.23905723905723905,0.7609427609427609,0.23232323232323232,187.0,138.0,0.3689839572192513,0.5614973262032086,0.6256684491978609
3566,0.5454545454545454,0.1447811447811448,0.03367003367003367,0.2760942760942761,0.7239057239057239,0.17845117845117844,195.0,149.0,0.358974358974359,0.558974358974359,0.6102564102564103
3567,0.5656565656565656,0.1750841750841751,0.037037037037037035,0.2222222222222222,0.7777777777777778,0.21212121212121213,183.0,130.0,0.39344262295081966,0.6120218579234973,0.6612021857923497
3568,0.48484848484848486,0.19865319865319866,0.06397306397306397,0.25252525252525254,0.7474747474747475,0.26262626262626265,203.0,151.0,0.3399014778325123,0.5714285714285714,0.6502463054187192
3569,0.4983164983164983,0.16161616161616163,0.05723905723905724,0.2828282828282828,0.7171717171717171,0.21885521885521886,200.0,150.0,0.34,0.53,0.61
3570,0.5286195286195287,0.1919191919191919,0.050505050505050504,0.22895622895622897,0.7710437710437711,0.24242424242424243,189.0,141.0,0.37566137566137564,0.6190476190476191,0.6772486772486772
3571,0.6161616161616161,0.12794612794612795,0.05387205387205387,0.20202020202020202,0.797979797979798,0.18181818181818182,172.0,110.0,0.4186046511627907,0.6046511627906976,0.6802325581395349
3572,0.5622895622895623,0.16498316498316498,0.06734006734006734,0.2053872053872054,0.7946127946127947,0.23232323232323232,182.0,128.0,0.37362637362637363,0.5879120879120879,0.6868131868131868
3573,0.5218855218855218,0.19865319865319866,0.03367003367003367,0.24579124579124578,0.7542087542087542,0.23232323232323232,191.0,131.0,0.36649214659685864,0.612565445026178,0.6544502617801047
3574,0.5387205387205387,0.1919191919191919,0.03367003367003367,0.2356902356902357,0.7643097643097643,0.2255892255892256,198.0,143.0,0.3787878787878788,0.6212121212121212,0.6616161616161617
3575,0.5555555555555556,0.1414141414141414,0.04040404040404041,0.26262626262626265,0.7373737373737373,0.18181818181818182,189.0,135.0,0.3862433862433862,0.5714285714285714,0.6190476190476191
3576,0.5488215488215489,0.20875420875420875,0.030303030303030304,0.21212121212121213,0.7878787878787878,0.23905723905723905,183.0,131.0,0.366120218579235,0.6174863387978142,0.6666666666666666
3577,0.5589225589225589,0.1750841750841751,0.037037037037037035,0.22895622895622897,0.7710437710437711,0.21212121212121213,185.0,133.0,0.3567567567567568,0.5945945945945946,0.6486486486486487
3578,0.5387205387205387,0.1717171717171717,0.030303030303030304,0.25925925925925924,0.7407407407407407,0.20202020202020202,189.0,132.0,0.37037037037037035,0.582010582010582,0.6296296296296297
3579,0.5185185185185185,0.15824915824915825,0.04377104377104377,0.27946127946127947,0.7205387205387206,0.20202020202020202,195.0,148.0,0.3435897435897436,0.5384615384615384,0.5948717948717949
3580,0.531986531986532,0.24242424242424243,0.037037037037037035,0.18855218855218855,0.8114478114478114,0.27946127946127947,190.0,138.0,0.37894736842105264,0.6578947368421053,0.7157894736842105
3581,0.5589225589225589,0.19865319865319866,0.03367003367003367,0.20875420875420875,0.7912457912457912,0.23232323232323232,187.0,131.0,0.37967914438502676,0.6363636363636364,0.679144385026738
3582,0.5488215488215489,0.17845117845117844,0.03367003367003367,0.23905723905723905,0.7609427609427609,0.21212121212121213,183.0,131.0,0.3442622950819672,0.5901639344262295,0.644808743169399
3583,0.569023569023569,0.17845117845117844,0.020202020202020204,0.23232323232323232,0.7676767676767676,0.19865319865319866,189.0,143.0,0.37566137566137564,0.6137566137566137,0.6455026455026455
3584,0.5084175084175084,0.15151515151515152,0.0707070707070707,0.26936026936026936,0.7306397306397306,0.2222222222222222,206.0,160.0,0.34951456310679613,0.5436893203883495,0.6213592233009708
3585,0.5892255892255892,0.17845117845117844,0.020202020202020204,0.21212121212121213,0.7878787878787878,0.19865319865319866,178.0,121.0,0.38764044943820225,0.6404494382022472,0.6685393258426966
3586,0.5420875420875421,0.19865319865319866,0.04377104377104377,0.21548821548821548,0.7845117845117845,0.24242424242424243,200.0,148.0,0.375,0.64,0.69
3587,0.5286195286195287,0.16161616161616163,0.04040404040404041,0.26936026936026936,0.7306397306397306,0.20202020202020202,197.0,143.0,0.36548223350253806,0.5888324873096447,0.6446700507614214
3588,0.5858585858585859,0.1919191919191919,0.04713804713804714,0.1750841750841751,0.8249158249158249,0.23905723905723905,185.0,137.0,0.40540540540540543,0.654054054054054,0.7243243243243244
3589,0.5353535353535354,0.1717171717171717,0.04040404040404041,0.25252525252525254,0.7474747474747475,0.21212121212121213,192.0,136.0,0.375,0.5989583333333334,0.6458333333333334
3590,0.5622895622895623,0.1717171717171717,0.037037037037037035,0.22895622895622897,0.7710437710437711,0.20875420875420875,190.0,137.0,0.4052631578947368,0.6210526315789474,0.6684210526315789
3591,0.5555555555555556,0.17845117845117844,0.03367003367003367,0.23232323232323232,0.7676767676767676,0.21212121212121213,189.0,134.0,0.37566137566137564,0.6031746031746031,0.6455026455026455
3592,0.5387205387205387,0.16835016835016836,0.03367003367003367,0.25925925925925924,0.7407407407407407,0.20202020202020202,194.0,140.0,0.3917525773195876,0.5927835051546392,0.634020618556701
3593,0.531986531986532,0.1750841750841751,0.07744107744107744,0.21548821548821548,0.7845117845117845,0.25252525252525254,190.0,140.0,0.3684210526315789,0.5947368421052631,0.6947368421052632
3594,0.5454545454545454,0.19865319865319866,0.030303030303030304,0.2255892255892256,0.7744107744107744,0.22895622895622897,194.0,145.0,0.3711340206185567,0.6185567010309279,0.6649484536082474
3595,0.531986531986532,0.1717171717171717,0.06060606060606061,0.2356902356902357,0.7643097643097643,0.23232323232323232,192.0,147.0,0.359375,0.5833333333333334,0.6614583333333334
3596,0.5286195286195287,0.18855218855218855,0.06060606060606061,0.2222222222222222,0.7777777777777778,0.24915824915824916,181.0,132.0,0.34806629834254144,0.580110497237569,0.6574585635359116
3597,0.5488215488215489,0.13804713804713806,0.04377104377104377,0.26936026936026936,0.7306397306397306,0.18181818181818182,189.0,134.0,0.38095238095238093,0.5555555555555556,0.6137566137566137
3598,0.5858585858585859,0.15488215488215487,0.04040404040404041,0.21885521885521886,0.7811447811447811,0.19528619528619529,186.0,138.0,0.40860215053763443,0.6075268817204301,0.6666666666666666
3599,0.5353535353535354,0.16835016835016836,0.026936026936026935,0.26936026936026936,0.7306397306397306,0.19528619528619529,197.0,146.0,0.38578680203045684,0.5888324873096447,0.6243654822335025
3600,0.5622895622895623,0.18518518518518517,0.050505050505050504,0.20202020202020202,0.797979797979798,0.2356902356902357,187.0,132.0,0.4117647058823529,0.6363636363636364,0.7005347593582888
3601,0.5723905723905723,0.18518518518518517,0.05723905723905724,0.18518518518518517,0.8148148148148148,0.24242424242424243,183.0,131.0,0.37158469945355194,0.6284153005464481,0.7049180327868853
3602,0.5589225589225589,0.19528619528619529,0.03367003367003367,0.21212121212121213,0.7878787878787878,0.22895622895622897,181.0,119.0,0.3812154696132597,0.6132596685082873,0.6629834254143646
3603,0.5420875420875421,0.1750841750841751,0.04377104377104377,0.23905723905723905,0.7609427609427609,0.21885521885521886,197.0,158.0,0.36548223350253806,0.6040609137055838,0.6649746192893401
3604,0.5723905723905723,0.15824915824915825,0.03367003367003367,0.2356902356902357,0.7643097643097643,0.1919191919191919,185.0,134.0,0.3891891891891892,0.6054054054054054,0.654054054054054
3605,0.5555555555555556,0.20202020202020202,0.05723905723905724,0.18518518518518517,0.8148148148148148,0.25925925925925924,182.0,125.0,0.38461538461538464,0.6428571428571429,0.7197802197802198
3606,0.5488215488215489,0.16498316498316498,0.04377104377104377,0.24242424242424243,0.7575757575757576,0.20875420875420875,196.0,146.0,0.37755102040816324,0.5816326530612245,0.6479591836734694
3607,0.5791245791245792,0.17845117845117844,0.030303030303030304,0.21212121212121213,0.7878787878787878,0.20875420875420875,180.0,127.0,0.39444444444444443,0.6277777777777778,0.6722222222222223
3608,0.5521885521885522,0.1919191919191919,0.026936026936026935,0.22895622895622897,0.7710437710437711,0.21885521885521886,188.0,134.0,0.3829787234042553,0.6436170212765957,0.675531914893617
3609,0.5791245791245792,0.1447811447811448,0.037037037037037035,0.23905723905723905,0.7609427609427609,0.18181818181818182,183.0,128.0,0.4098360655737705,0.6010928961748634,0.644808743169399
3610,0.5488215488215489,0.13131313131313133,0.050505050505050504,0.26936026936026936,0.7306397306397306,0.18181818181818182,191.0,140.0,0.387434554973822,0.5445026178010471,0.6178010471204188
3611,0.5488215488215489,0.15151515151515152,0.06060606060606061,0.23905723905723905,0.7609427609427609,0.21212121212121213,191.0,147.0,0.3769633507853403,0.581151832460733,0.6387434554973822
3612,0.5892255892255892,0.16498316498316498,0.04713804713804714,0.19865319865319866,0.8013468013468014,0.21212121212121213,178.0,129.0,0.398876404494382,0.6067415730337079,0.6797752808988764
3613,0.5622895622895623,0.17845117845117844,0.037037037037037035,0.2222222222222222,0.7777777777777778,0.21548821548821548,187.0,133.0,0.39037433155080214,0.6203208556149733,0.6684491978609626
3614,0.4983164983164983,0.18855218855218855,0.06060606060606061,0.25252525252525254,0.7474747474747475,0.24915824915824916,205.0,157.0,0.37073170731707317,0.6,0.6585365853658537
3615,0.5387205387205387,0.18181818181818182,0.037037037037037035,0.24242424242424243,0.7575757575757576,0.21885521885521886,190.0,142.0,0.33157894736842103,0.5736842105263158,0.631578947368421
3616,0.531986531986532,0.1717171717171717,0.050505050505050504,0.24579124579124578,0.7542087542087542,0.2222222222222222,193.0,135.0,0.37823834196891193,0.5751295336787565,0.6476683937823834
3617,0.5117845117845118,0.16498316498316498,0.050505050505050504,0.2727272727272727,0.7272727272727273,0.21548821548821548,197.0,145.0,0.3299492385786802,0.5482233502538071,0.6142131979695431
3618,0.5252525252525253,0.1919191919191919,0.04377104377104377,0.23905723905723905,0.7609427609427609,0.2356902356902357,192.0,144.0,0.3489583333333333,0.5833333333333334,0.6354166666666666
3619,0.5185185185185185,0.21548821548821548,0.05387205387205387,0.21212121212121213,0.7878787878787878,0.26936026936026936,193.0,135.0,0.36787564766839376,0.6217616580310881,0.689119170984456
3620,0.47474747474747475,0.22895622895622897,0.04377104377104377,0.25252525252525254,0.7474747474747475,0.2727272727272727,198.0,141.0,0.3383838383838384,0.5959595959595959,0.6464646464646465
3621,0.5757575757575758,0.18518518518518517,0.037037037037037035,0.20202020202020202,0.797979797979798,0.2222222222222222,175.0,121.0,0.3942857142857143,0.6228571428571429,0.6742857142857143
3622,0.5387205387205387,0.2053872053872054,0.030303030303030304,0.2255892255892256,0.7744107744107744,0.2356902356902357,182.0,124.0,0.3901098901098901,0.6208791208791209,0.6648351648351648
3623,0.5218855218855218,0.2053872053872054,0.05387205387205387,0.21885521885521886,0.7811447811447811,0.25925925925925924,197.0,141.0,0.350253807106599,0.6091370558375635,0.6802030456852792
3624,0.5488215488215489,0.17845117845117844,0.03367003367003367,0.23905723905723905,0.7609427609427609,0.21212121212121213,192.0,141.0,0.3645833333333333,0.6041666666666666,0.6510416666666666
3625,0.5454545454545454,0.19865319865319866,0.030303030303030304,0.2255892255892256,0.7744107744107744,0.22895622895622897,192.0,134.0,0.3958333333333333,0.6302083333333334,0.671875
3626,0.5791245791245792,0.16498316498316498,0.026936026936026935,0.22895622895622897,0.7710437710437711,0.1919191919191919,189.0,140.0,0.3862433862433862,0.6084656084656085,0.6455026455026455
3627,0.5892255892255892,0.16161616161616163,0.037037037037037035,0.21212121212121213,0.7878787878787878,0.19865319865319866,179.0,120.0,0.39664804469273746,0.6145251396648045,0.6703910614525139
3628,0.5420875420875421,0.1750841750841751,0.06060606060606061,0.2222222222222222,0.7777777777777778,0.2356902356902357,192.0,137.0,0.390625,0.5989583333333334,0.6822916666666666
3629,0.5353535353535354,0.21548821548821548,0.04040404040404041,0.20875420875420875,0.7912457912457912,0.2558922558922559,180.0,124.0,0.3888888888888889,0.6222222222222222,0.6888888888888889
3630,0.5791245791245792,0.1717171717171717,0.03367003367003367,0.21548821548821548,0.7845117845117845,0.2053872053872054,189.0,137.0,0.4497354497354497,0.6507936507936508,0.6825396825396826
3631,0.6094276094276094,0.16835016835016836,0.06397306397306397,0.15824915824915825,0.8417508417508418,0.23232323232323232,182.0,126.0,0.42857142857142855,0.6648351648351648,0.7527472527472527
3632,0.5353535353535354,0.19528619528619529,0.020202020202020204,0.24915824915824916,0.7508417508417509,0.21548821548821548,194.0,140.0,0.36597938144329895,0.6134020618556701,0.6443298969072165
3633,0.5622895622895623,0.17845117845117844,0.04713804713804714,0.21212121212121213,0.7878787878787878,0.2255892255892256,187.0,139.0,0.4117647058823529,0.6149732620320856,0.6844919786096256
3634,0.5656565656565656,0.18181818181818182,0.04040404040404041,0.21212121212121213,0.7878787878787878,0.2222222222222222,185.0,131.0,0.4,0.6378378378378379,0.6810810810810811
3635,0.5420875420875421,0.21212121212121213,0.02356902356902357,0.2222222222222222,0.7777777777777778,0.2356902356902357,189.0,136.0,0.35978835978835977,0.6190476190476191,0.656084656084656
3636,0.569023569023569,0.16835016835016836,0.04377104377104377,0.21885521885521886,0.7811447811447811,0.21212121212121213,190.0,144.0,0.38421052631578945,0.6157894736842106,0.6789473684210526
3637,0.5353535353535354,0.16498316498316498,0.04377104377104377,0.2558922558922559,0.7441077441077442,0.20875420875420875,195.0,148.0,0.35384615384615387,0.5692307692307692,0.6256410256410256
3638,0.5387205387205387,0.15488215488215487,0.05387205387205387,0.25252525252525254,0.7474747474747475,0.20875420875420875,195.0,142.0,0.39487179487179486,0.5794871794871795,0.6410256410256411
3639,0.5858585858585859,0.1919191919191919,0.04040404040404041,0.18181818181818182,0.8181818181818182,0.23232323232323232,187.0,145.0,0.39572192513368987,0.6524064171122995,0.7112299465240641
3640,0.5488215488215489,0.21548821548821548,0.04040404040404041,0.19528619528619529,0.8047138047138047,0.2558922558922559,186.0,131.0,0.3709677419354839,0.6827956989247311,0.7258064516129032
3641,0.5420875420875421,0.1919191919191919,0.04713804713804714,0.21885521885521886,0.7811447811447811,0.23905723905723905,186.0,140.0,0.3870967741935484,0.6182795698924731,0.6612903225806451
3642,0.5218855218855218,0.1919191919191919,0.030303030303030304,0.2558922558922559,0.7441077441077442,0.2222222222222222,195.0,143.0,0.36923076923076925,0.6,0.6358974358974359
3643,0.5656565656565656,0.1414141414141414,0.04040404040404041,0.25252525252525254,0.7474747474747475,0.18181818181818182,185.0,136.0,0.372972972972973,0.5567567567567567,0.6054054054054054
3644,0.531986531986532,0.16835016835016836,0.04040404040404041,0.25925925925925924,0.7407407407407407,0.20875420875420875,194.0,135.0,0.37628865979381443,0.5876288659793815,0.6443298969072165
3645,0.569023569023569,0.18518518518518517,0.030303030303030304,0.21548821548821548,0.7845117845117845,0.21548821548821548,194.0,143.0,0.4020618556701031,0.6391752577319587,0.6855670103092784
3646,0.5353535353535354,0.18518518518518517,0.02356902356902357,0.2558922558922559,0.7441077441077442,0.20875420875420875,188.0,135.0,0.3723404255319149,0.5957446808510638,0.6276595744680851
3647,0.6026936026936027,0.16161616161616163,0.05387205387205387,0.18181818181818182,0.8181818181818182,0.21548821548821548,179.0,128.0,0.39664804469273746,0.6424581005586593,0.7262569832402235
3648,0.6026936026936027,0.15824915824915825,0.04713804713804714,0.1919191919191919,0.8080808080808081,0.2053872053872054,184.0,131.0,0.41847826086956524,0.6521739130434783,0.717391304347826
3649,0.5488215488215489,0.15824915824915825,0.05723905723905724,0.2356902356902357,0.7643097643097643,0.21548821548821548,188.0,129.0,0.3829787234042553,0.5851063829787234,0.6542553191489362
3650,0.6161616161616161,0.12457912457912458,0.026936026936026935,0.23232323232323232,0.7676767676767676,0.15151515151515152,189.0,144.0,0.4126984126984127,0.5925925925925926,0.6349206349206349
3651,0.5454545454545454,0.1717171717171717,0.04377104377104377,0.23905723905723905,0.7609427609427609,0.21548821548821548,188.0,132.0,0.40425531914893614,0.5957446808510638,0.6542553191489362
3652,0.5454545454545454,0.18181818181818182,0.05387205387205387,0.21885521885521886,0.7811447811447811,0.2356902356902357,196.0,141.0,0.37244897959183676,0.6173469387755102,0.6785714285714286
3653,0.5993265993265994,0.12794612794612795,0.030303030303030304,0.24242424242424243,0.7575757575757576,0.15824915824915825,191.0,135.0,0.43455497382198954,0.6020942408376964,0.6387434554973822
3654,0.5185185185185185,0.1717171717171717,0.04377104377104377,0.265993265993266,0.734006734006734,0.21548821548821548,199.0,150.0,0.36683417085427134,0.5829145728643216,0.6381909547738693
3655,0.5353535353535354,0.18181818181818182,0.037037037037037035,0.24579124579124578,0.7542087542087542,0.21885521885521886,190.0,137.0,0.35789473684210527,0.5789473684210527,0.631578947368421
3656,0.5420875420875421,0.17845117845117844,0.05387205387205387,0.2255892255892256,0.7744107744107744,0.23232323232323232,201.0,158.0,0.3880597014925373,0.6169154228855721,0.6766169154228856
3657,0.5858585858585859,0.1717171717171717,0.02356902356902357,0.21885521885521886,0.7811447811447811,0.19528619528619529,186.0,132.0,0.4032258064516129,0.6397849462365591,0.6774193548387096
3658,0.5521885521885522,0.20875420875420875,0.03367003367003367,0.2053872053872054,0.7946127946127947,0.24242424242424243,186.0,132.0,0.3763440860215054,0.6451612903225806,0.6935483870967742
3659,0.531986531986532,0.17845117845117844,0.05723905723905724,0.23232323232323232,0.7676767676767676,0.2356902356902357,192.0,143.0,0.3541666666666667,0.578125,0.6510416666666666
3660,0.5252525252525253,0.2255892255892256,0.04040404040404041,0.20875420875420875,0.7912457912457912,0.265993265993266,192.0,140.0,0.375,0.640625,0.6875
3661,0.5353535353535354,0.19865319865319866,0.05723905723905724,0.20875420875420875,0.7912457912457912,0.2558922558922559,180.0,128.0,0.35,0.6277777777777778,0.6944444444444444
3662,0.5353535353535354,0.18518518518518517,0.04713804713804714,0.23232323232323232,0.7676767676767676,0.23232323232323232,185.0,128.0,0.3783783783783784,0.5891891891891892,0.6594594594594595
3663,0.5589225589225589,0.2053872053872054,0.04377104377104377,0.1919191919191919,0.8080808080808081,0.24915824915824916,192.0,139.0,0.390625,0.6666666666666666,0.71875
3664,0.5555555555555556,0.15824915824915825,0.05387205387205387,0.23232323232323232,0.7676767676767676,0.21212121212121213,195.0,143.0,0.4,0.5897435897435898,0.6615384615384615
3665,0.569023569023569,0.1919191919191919,0.030303030303030304,0.20875420875420875,0.7912457912457912,0.2222222222222222,181.0,126.0,0.4088397790055249,0.6408839779005525,0.6795580110497238
3666,0.5555555555555556,0.18518518518518517,0.04377104377104377,0.21548821548821548,0.7845117845117845,0.22895622895622897,185.0,132.0,0.3783783783783784,0.6162162162162163,0.6702702702702703
3667,0.5454545454545454,0.21212121212121213,0.037037037037037035,0.2053872053872054,0.7946127946127947,0.24915824915824916,185.0,139.0,0.3567567567567568,0.6324324324324324,0.6864864864864865
3668,0.5757575757575758,0.1414141414141414,0.06060606060606061,0.2222222222222222,0.7777777777777778,0.20202020202020202,190.0,146.0,0.37894736842105264,0.5684210526315789,0.6631578947368421
3669,0.569023569023569,0.15151515151515152,0.06734006734006734,0.21212121212121213,0.7878787878787878,0.21885521885521886,192.0,143.0,0.3958333333333333,0.5989583333333334,0.6875
3670,0.5555555555555556,0.19865319865319866,0.06060606060606061,0.18518518518518517,0.8148148148148148,0.25925925925925924,179.0,120.0,0.3854748603351955,0.6256983240223464,0.7094972067039106
3671,0.531986531986532,0.16835016835016836,0.05387205387205387,0.24579124579124578,0.7542087542087542,0.2222222222222222,186.0,130.0,0.3602150537634409,0.5645161290322581,0.6344086021505376
3672,0.569023569023569,0.18855218855218855,0.02356902356902357,0.21885521885521886,0.7811447811447811,0.21212121212121213,181.0,123.0,0.40331491712707185,0.6408839779005525,0.6740331491712708
3673,0.5387205387205387,0.1717171717171717,0.04040404040404041,0.24915824915824916,0.7508417508417509,0.21212121212121213,192.0,141.0,0.3697916666666667,0.5833333333333334,0.640625
3674,0.5656565656565656,0.16161616161616163,0.05723905723905724,0.21548821548821548,0.7845117845117845,0.21885521885521886,179.0,123.0,0.3854748603351955,0.5921787709497207,0.664804469273743
3675,0.5185185185185185,0.15824915824915825,0.050505050505050504,0.2727272727272727,0.7272727272727273,0.20875420875420875,198.0,153.0,0.32323232323232326,0.5404040404040404,0.6060606060606061
3676,0.5622895622895623,0.18855218855218855,0.04040404040404041,0.20875420875420875,0.7912457912457912,0.22895622895622897,172.0,116.0,0.38953488372093026,0.6453488372093024,0.7034883720930233
3677,0.49158249158249157,0.20202020202020202,0.04377104377104377,0.26262626262626265,0.7373737373737373,0.24579124579124578,194.0,140.0,0.32989690721649484,0.5773195876288659,0.6237113402061856
3678,0.5858585858585859,0.14814814814814814,0.04713804713804714,0.21885521885521886,0.7811447811447811,0.19528619528619529,181.0,123.0,0.4198895027624309,0.6132596685082873,0.6740331491712708
3679,0.5757575757575758,0.15824915824915825,0.04377104377104377,0.2222222222222222,0.7777777777777778,0.20202020202020202,189.0,141.0,0.38095238095238093,0.5978835978835979,0.656084656084656
3680,0.5286195286195287,0.20875420875420875,0.04713804713804714,0.21548821548821548,0.7845117845117845,0.2558922558922559,189.0,136.0,0.35978835978835977,0.6190476190476191,0.671957671957672
3681,0.5420875420875421,0.13468013468013468,0.04377104377104377,0.27946127946127947,0.7205387205387206,0.17845117845117844,186.0,131.0,0.3655913978494624,0.532258064516129,0.5967741935483871
3682,0.5387205387205387,0.15824915824915825,0.05723905723905724,0.24579124579124578,0.7542087542087542,0.21548821548821548,191.0,142.0,0.35602094240837695,0.5759162303664922,0.6492146596858639
3683,0.5723905723905723,0.16498316498316498,0.04040404040404041,0.2222222222222222,0.7777777777777778,0.2053872053872054,186.0,130.0,0.40860215053763443,0.5967741935483871,0.6612903225806451
3684,0.5387205387205387,0.18181818181818182,0.04713804713804714,0.23232323232323232,0.7676767676767676,0.22895622895622897,193.0,145.0,0.38341968911917096,0.5906735751295337,0.6424870466321243
3685,0.5286195286195287,0.20202020202020202,0.050505050505050504,0.21885521885521886,0.7811447811447811,0.25252525252525254,191.0,142.0,0.35602094240837695,0.6178010471204188,0.675392670157068
3686,0.5521885521885522,0.15824915824915825,0.05387205387205387,0.2356902356902357,0.7643097643097643,0.21212121212121213,194.0,141.0,0.38144329896907214,0.5979381443298969,0.6701030927835051
3687,0.5387205387205387,0.18181818181818182,0.04377104377104377,0.2356902356902357,0.7643097643097643,0.2255892255892256,197.0,146.0,0.38071065989847713,0.6192893401015228,0.6751269035532995
3688,0.5656565656565656,0.16498316498316498,0.04040404040404041,0.22895622895622897,0.7710437710437711,0.2053872053872054,178.0,123.0,0.38202247191011235,0.5898876404494382,0.6460674157303371
3689,0.5252525252525253,0.1919191919191919,0.05723905723905724,0.2255892255892256,0.7744107744107744,0.24915824915824916,186.0,131.0,0.34946236559139787,0.6075268817204301,0.6720430107526881
3690,0.531986531986532,0.18181818181818182,0.050505050505050504,0.2356902356902357,0.7643097643097643,0.23232323232323232,192.0,143.0,0.3802083333333333,0.5885416666666666,0.6510416666666666
3691,0.5488215488215489,0.18518518518518517,0.03367003367003367,0.23232323232323232,0.7676767676767676,0.21885521885521886,192.0,143.0,0.375,0.6145833333333334,0.65625
3692,0.5454545454545454,0.20875420875420875,0.04713804713804714,0.19865319865319866,0.8013468013468014,0.2558922558922559,170.0,114.0,0.36470588235294116,0.6294117647058823,0.6882352941176471
3693,0.5488215488215489,0.18855218855218855,0.05387205387205387,0.20875420875420875,0.7912457912457912,0.24242424242424243,195.0,141.0,0.38461538461538464,0.6461538461538462,0.717948717948718
3694,0.569023569023569,0.15151515151515152,0.06734006734006734,0.21212121212121213,0.7878787878787878,0.21885521885521886,183.0,134.0,0.39344262295081966,0.6010928961748634,0.6775956284153005
3695,0.5589225589225589,0.1919191919191919,0.04040404040404041,0.20875420875420875,0.7912457912457912,0.23232323232323232,190.0,136.0,0.4,0.6473684210526316,0.7
3696,0.5151515151515151,0.1919191919191919,0.04040404040404041,0.25252525252525254,0.7474747474747475,0.23232323232323232,191.0,136.0,0.3507853403141361,0.5916230366492147,0.6387434554973822
3697,0.6161616161616161,0.14814814814814814,0.037037037037037035,0.19865319865319866,0.8013468013468014,0.18518518518518517,186.0,139.0,0.43010752688172044,0.6397849462365591,0.6881720430107527
3698,0.5589225589225589,0.19528619528619529,0.02356902356902357,0.2222222222222222,0.7777777777777778,0.21885521885521886,185.0,134.0,0.3783783783783784,0.6216216216216216,0.6594594594594595
3699,0.5521885521885522,0.19528619528619529,0.030303030303030304,0.2222222222222222,0.7777777777777778,0.2255892255892256,192.0,146.0,0.359375,0.625,0.6666666666666666
3700,0.5353535353535354,0.19865319865319866,0.030303030303030304,0.2356902356902357,0.7643097643097643,0.22895622895622897,188.0,136.0,0.3776595744680851,0.6170212765957447,0.6595744680851063
3701,0.5353535353535354,0.18855218855218855,0.04377104377104377,0.23232323232323232,0.7676767676767676,0.23232323232323232,191.0,136.0,0.3769633507853403,0.5968586387434555,0.6492146596858639
3702,0.5555555555555556,0.1447811447811448,0.04040404040404041,0.25925925925925924,0.7407407407407407,0.18518518518518517,197.0,139.0,0.39593908629441626,0.583756345177665,0.6243654822335025
3703,0.5218855218855218,0.16161616161616163,0.04713804713804714,0.26936026936026936,0.7306397306397306,0.20875420875420875,198.0,150.0,0.35353535353535354,0.5555555555555556,0.6262626262626263
3704,0.5353535353535354,0.16835016835016836,0.037037037037037035,0.25925925925925924,0.7407407407407407,0.2053872053872054,196.0,147.0,0.3673469387755102,0.5867346938775511,0.6275510204081632
3705,0.5555555555555556,0.1750841750841751,0.037037037037037035,0.23232323232323232,0.7676767676767676,0.21212121212121213,183.0,131.0,0.366120218579235,0.5846994535519126,0.644808743169399
3706,0.5286195286195287,0.16498316498316498,0.050505050505050504,0.2558922558922559,0.7441077441077442,0.21548821548821548,180.0,121.0,0.36666666666666664,0.5777777777777777,0.6444444444444445
3707,0.5656565656565656,0.1750841750841751,0.04040404040404041,0.21885521885521886,0.7811447811447811,0.21548821548821548,186.0,133.0,0.3655913978494624,0.6021505376344086,0.6612903225806451
3708,0.5622895622895623,0.13804713804713806,0.04040404040404041,0.25925925925925924,0.7407407407407407,0.17845117845117844,196.0,146.0,0.37755102040816324,0.5714285714285714,0.6275510204081632
3709,0.5488215488215489,0.18181818181818182,0.037037037037037035,0.23232323232323232,0.7676767676767676,0.21885521885521886,188.0,136.0,0.3776595744680851,0.601063829787234,0.6542553191489362
3710,0.5387205387205387,0.18855218855218855,0.04040404040404041,0.23232323232323232,0.7676767676767676,0.22895622895622897,186.0,131.0,0.3709677419354839,0.6075268817204301,0.6559139784946236
3711,0.5286195286195287,0.19528619528619529,0.05387205387205387,0.2222222222222222,0.7777777777777778,0.24915824915824916,194.0,141.0,0.39690721649484534,0.634020618556701,0.6958762886597938
3712,0.5488215488215489,0.16835016835016836,0.04040404040404041,0.24242424242424243,0.7575757575757576,0.20875420875420875,187.0,136.0,0.37433155080213903,0.5775401069518716,0.6310160427807486
3713,0.5185185185185185,0.1717171717171717,0.0707070707070707,0.23905723905723905,0.7609427609427609,0.24242424242424243,195.0,146.0,0.35384615384615387,0.5794871794871795,0.6564102564102564
3714,0.5488215488215489,0.16835016835016836,0.05723905723905724,0.2255892255892256,0.7744107744107744,0.2255892255892256,187.0,137.0,0.3582887700534759,0.5882352941176471,0.6577540106951871
3715,0.5454545454545454,0.16161616161616163,0.06060606060606061,0.23232323232323232,0.7676767676767676,0.2222222222222222,200.0,157.0,0.385,0.585,0.66
3716,0.5454545454545454,0.1919191919191919,0.04040404040404041,0.2222222222222222,0.7777777777777778,0.23232323232323232,194.0,144.0,0.38144329896907214,0.6185567010309279,0.6701030927835051
3717,0.5151515151515151,0.20202020202020202,0.020202020202020204,0.26262626262626265,0.7373737373737373,0.2222222222222222,194.0,143.0,0.37628865979381443,0.5927835051546392,0.6237113402061856
3718,0.5117845117845118,0.16498316498316498,0.06060606060606061,0.26262626262626265,0.7373737373737373,0.2255892255892256,203.0,156.0,0.3497536945812808,0.5517241379310345,0.6354679802955665
3719,0.5353535353535354,0.19528619528619529,0.04040404040404041,0.22895622895622897,0.7710437710437711,0.2356902356902357,194.0,141.0,0.37628865979381443,0.6030927835051546,0.6597938144329897
3720,0.569023569023569,0.16161616161616163,0.050505050505050504,0.21885521885521886,0.7811447811447811,0.21212121212121213,182.0,126.0,0.4065934065934066,0.6263736263736264,0.6703296703296703
3721,0.5420875420875421,0.1717171717171717,0.06734006734006734,0.21885521885521886,0.7811447811447811,0.23905723905723905,192.0,145.0,0.3697916666666667,0.59375,0.671875
3722,0.5656565656565656,0.15488215488215487,0.04377104377104377,0.2356902356902357,0.7643097643097643,0.19865319865319866,186.0,133.0,0.3763440860215054,0.5806451612903226,0.6451612903225806
3723,0.5252525252525253,0.14814814814814814,0.05387205387205387,0.2727272727272727,0.7272727272727273,0.20202020202020202,199.0,145.0,0.36180904522613067,0.5376884422110553,0.6130653266331658
3724,0.5521885521885522,0.16498316498316498,0.04377104377104377,0.23905723905723905,0.7609427609427609,0.20875420875420875,189.0,136.0,0.37566137566137564,0.582010582010582,0.6402116402116402
3725,0.48148148148148145,0.15824915824915825,0.08754208754208755,0.2727272727272727,0.7272727272727273,0.24579124579124578,191.0,139.0,0.3403141361256545,0.518324607329843,0.6178010471204188
3726,0.5387205387205387,0.16835016835016836,0.03367003367003367,0.25925925925925924,0.7407407407407407,0.20202020202020202,191.0,141.0,0.36649214659685864,0.5759162303664922,0.6282722513089005
3727,0.5050505050505051,0.21212121212121213,0.06397306397306397,0.21885521885521886,0.7811447811447811,0.2760942760942761,192.0,138.0,0.34375,0.5989583333333334,0.6875
3728,0.5454545454545454,0.18518518518518517,0.04377104377104377,0.2255892255892256,0.7744107744107744,0.22895622895622897,188.0,132.0,0.3829787234042553,0.6117021276595744,0.675531914893617
3729,0.5723905723905723,0.1750841750841751,0.05723905723905724,0.19528619528619529,0.8047138047138047,0.23232323232323232,182.0,134.0,0.3791208791208791,0.6208791208791209,0.6868131868131868
3730,0.5959595959595959,0.1919191919191919,0.04713804713804714,0.16498316498316498,0.835016835016835,0.23905723905723905,184.0,136.0,0.40217391304347827,0.6630434782608695,0.7336956521739131
3731,0.5521885521885522,0.15151515151515152,0.04713804713804714,0.24915824915824916,0.7508417508417509,0.19865319865319866,187.0,137.0,0.37433155080213903,0.5721925133689839,0.6470588235294118
3732,0.569023569023569,0.19865319865319866,0.016835016835016835,0.21548821548821548,0.7845117845117845,0.21548821548821548,175.0,125.0,0.3657142857142857,0.6228571428571429,0.6514285714285715
3733,0.5622895622895623,0.16161616161616163,0.07407407407407407,0.20202020202020202,0.797979797979798,0.2356902356902357,191.0,139.0,0.4031413612565445,0.6178010471204188,0.7120418848167539
3734,0.5420875420875421,0.17845117845117844,0.06397306397306397,0.21548821548821548,0.7845117845117845,0.24242424242424243,194.0,142.0,0.38144329896907214,0.6134020618556701,0.6958762886597938
3735,0.5757575757575758,0.19865319865319866,0.05723905723905724,0.16835016835016836,0.8316498316498316,0.2558922558922559,180.0,125.0,0.40555555555555556,0.6611111111111111,0.7388888888888889
3736,0.5723905723905723,0.1447811447811448,0.03367003367003367,0.24915824915824916,0.7508417508417509,0.17845117845117844,181.0,130.0,0.3812154696132597,0.585635359116022,0.6298342541436464
3737,0.5420875420875421,0.17845117845117844,0.037037037037037035,0.24242424242424243,0.7575757575757576,0.21548821548821548,184.0,134.0,0.3695652173913043,0.5815217391304348,0.6304347826086957
3738,0.5589225589225589,0.1919191919191919,0.037037037037037035,0.21212121212121213,0.7878787878787878,0.22895622895622897,199.0,150.0,0.40703517587939697,0.6432160804020101,0.6934673366834171
3739,0.5084175084175084,0.1919191919191919,0.030303030303030304,0.26936026936026936,0.7306397306397306,0.2222222222222222,186.0,128.0,0.3655913978494624,0.5698924731182796,0.6129032258064516
3740,0.5521885521885522,0.17845117845117844,0.026936026936026935,0.24242424242424243,0.7575757575757576,0.2053872053872054,182.0,128.0,0.3626373626373626,0.5934065934065934,0.6318681318681318
3741,0.5757575757575758,0.15488215488215487,0.05723905723905724,0.21212121212121213,0.7878787878787878,0.21212121212121213,196.0,147.0,0.39285714285714285,0.6020408163265306,0.6887755102040817
3742,0.5454545454545454,0.1919191919191919,0.020202020202020204,0.24242424242424243,0.7575757575757576,0.21212121212121213,190.0,137.0,0.3684210526315789,0.6105263157894737,0.6421052631578947
3743,0.5757575757575758,0.18518518518518517,0.050505050505050504,0.18855218855218855,0.8114478114478114,0.2356902356902357,175.0,118.0,0.4057142857142857,0.6342857142857142,0.7142857142857143
3744,0.5656565656565656,0.20875420875420875,0.04713804713804714,0.17845117845117844,0.8215488215488216,0.2558922558922559,184.0,127.0,0.4076086956521739,0.6739130434782609,0.7336956521739131
3745,0.5555555555555556,0.16161616161616163,0.03367003367003367,0.24915824915824916,0.7508417508417509,0.19528619528619529,178.0,118.0,0.38764044943820225,0.5898876404494382,0.6292134831460674
3746,0.5454545454545454,0.16835016835016836,0.013468013468013467,0.2727272727272727,0.7272727272727273,0.18181818181818182,188.0,137.0,0.3617021276595745,0.5957446808510638,0.6117021276595744
3747,0.5555555555555556,0.16835016835016836,0.05387205387205387,0.2222222222222222,0.7777777777777778,0.2222222222222222,187.0,135.0,0.3850267379679144,0.5989304812834224,0.6844919786096256
3748,0.5858585858585859,0.1919191919191919,0.037037037037037035,0.18518518518518517,0.8148148148148148,0.22895622895622897,181.0,129.0,0.39226519337016574,0.6519337016574586,0.6961325966850829
3749,0.5892255892255892,0.1447811447811448,0.026936026936026935,0.23905723905723905,0.7609427609427609,0.1717171717171717,173.0,119.0,0.3815028901734104,0.5953757225433526,0.630057803468208
3750,0.531986531986532,0.17845117845117844,0.03367003367003367,0.2558922558922559,0.7441077441077442,0.21212121212121213,195.0,144.0,0.3487179487179487,0.5743589743589743,0.6256410256410256
3751,0.5892255892255892,0.16161616161616163,0.05723905723905724,0.1919191919191919,0.8080808080808081,0.21885521885521886,183.0,133.0,0.3989071038251366,0.6284153005464481,0.7103825136612022
3752,0.569023569023569,0.1750841750841751,0.06734006734006734,0.18855218855218855,0.8114478114478114,0.24242424242424243,190.0,140.0,0.39473684210526316,0.6263157894736842,0.7105263157894737
3753,0.5454545454545454,0.15488215488215487,0.04040404040404041,0.25925925925925924,0.7407407407407407,0.19528619528619529,196.0,146.0,0.37244897959183676,0.5663265306122449,0.6173469387755102
3754,0.5218855218855218,0.18518518518518517,0.06060606060606061,0.23232323232323232,0.7676767676767676,0.24579124579124578,193.0,141.0,0.3626943005181347,0.5854922279792746,0.6683937823834197
3755,0.5723905723905723,0.16498316498316498,0.03367003367003367,0.22895622895622897,0.7710437710437711,0.19865319865319866,178.0,124.0,0.38764044943820225,0.5898876404494382,0.6404494382022472
3756,0.5993265993265994,0.16498316498316498,0.02356902356902357,0.21212121212121213,0.7878787878787878,0.18855218855218855,177.0,127.0,0.4067796610169492,0.6384180790960452,0.6610169491525424
3757,0.5185185185185185,0.15488215488215487,0.05723905723905724,0.26936026936026936,0.7306397306397306,0.21212121212121213,192.0,140.0,0.3541666666666667,0.546875,0.609375
3758,0.5656565656565656,0.17845117845117844,0.04377104377104377,0.21212121212121213,0.7878787878787878,0.2222222222222222,185.0,135.0,0.41081081081081083,0.6216216216216216,0.6918918918918919
3759,0.5723905723905723,0.13804713804713806,0.030303030303030304,0.25925925925925924,0.7407407407407407,0.16835016835016836,189.0,138.0,0.3915343915343915,0.5714285714285714,0.6137566137566137
3760,0.5824915824915825,0.16161616161616163,0.05387205387205387,0.20202020202020202,0.797979797979798,0.21548821548821548,179.0,124.0,0.40782122905027934,0.5977653631284916,0.6703910614525139
3761,0.5252525252525253,0.19528619528619529,0.06397306397306397,0.21548821548821548,0.7845117845117845,0.25925925925925924,197.0,144.0,0.38071065989847713,0.6192893401015228,0.6903553299492385
3762,0.5824915824915825,0.1750841750841751,0.05387205387205387,0.18855218855218855,0.8114478114478114,0.22895622895622897,177.0,120.0,0.4067796610169492,0.6440677966101694,0.7062146892655368
3763,0.5959595959595959,0.1447811447811448,0.030303030303030304,0.22895622895622897,0.7710437710437711,0.1750841750841751,181.0,130.0,0.4088397790055249,0.6077348066298343,0.6464088397790055
3764,0.5723905723905723,0.16161616161616163,0.04713804713804714,0.21885521885521886,0.7811447811447811,0.20875420875420875,182.0,128.0,0.4065934065934066,0.6098901098901099,0.6703296703296703
3765,0.5252525252525253,0.16835016835016836,0.050505050505050504,0.2558922558922559,0.7441077441077442,0.21885521885521886,197.0,150.0,0.36548223350253806,0.5685279187817259,0.6243654822335025
3766,0.5757575757575758,0.18855218855218855,0.016835016835016835,0.21885521885521886,0.7811447811447811,0.2053872053872054,179.0,123.0,0.4022346368715084,0.6480446927374302,0.6759776536312849
3767,0.5454545454545454,0.21548821548821548,0.02356902356902357,0.21548821548821548,0.7845117845117845,0.23905723905723905,183.0,133.0,0.37158469945355194,0.639344262295082,0.6775956284153005
3768,0.531986531986532,0.18518518518518517,0.030303030303030304,0.25252525252525254,0.7474747474747475,0.21548821548821548,182.0,130.0,0.34065934065934067,0.6043956043956044,0.6428571428571429
3769,0.5622895622895623,0.16161616161616163,0.02356902356902357,0.25252525252525254,0.7474747474747475,0.18518518518518517,188.0,138.0,0.39893617021276595,0.6170212765957447,0.648936170212766
3770,0.5420875420875421,0.19528619528619529,0.06060606060606061,0.20202020202020202,0.797979797979798,0.2558922558922559,196.0,139.0,0.37755102040816324,0.6275510204081632,0.7142857142857143
3771,0.5387205387205387,0.1750841750841751,0.06060606060606061,0.2255892255892256,0.7744107744107744,0.2356902356902357,181.0,127.0,0.34806629834254144,0.5580110497237569,0.6408839779005525
3772,0.5454545454545454,0.2053872053872054,0.04377104377104377,0.2053872053872054,0.7946127946127947,0.24915824915824916,192.0,141.0,0.375,0.6302083333333334,0.6875
3773,0.5420875420875421,0.19528619528619529,0.020202020202020204,0.24242424242424243,0.7575757575757576,0.21548821548821548,195.0,140.0,0.4205128205128205,0.6615384615384615,0.6871794871794872
3774,0.5420875420875421,0.16161616161616163,0.06734006734006734,0.22895622895622897,0.7710437710437711,0.22895622895622897,191.0,136.0,0.38219895287958117,0.5706806282722513,0.6492146596858639
3775,0.5791245791245792,0.13804713804713806,0.06734006734006734,0.21548821548821548,0.7845117845117845,0.2053872053872054,181.0,137.0,0.39226519337016574,0.5966850828729282,0.6629834254143646
3776,0.5420875420875421,0.1717171717171717,0.06397306397306397,0.2222222222222222,0.7777777777777778,0.2356902356902357,197.0,144.0,0.37055837563451777,0.5939086294416244,0.6751269035532995
3777,0.5757575757575758,0.20875420875420875,0.04713804713804714,0.16835016835016836,0.8316498316498316,0.2558922558922559,184.0,128.0,0.40217391304347827,0.6739130434782609,0.7391304347826086
3778,0.6262626262626263,0.13131313131313133,0.037037037037037035,0.2053872053872054,0.7946127946127947,0.16835016835016836,173.0,119.0,0.41040462427745666,0.6069364161849711,0.6589595375722543
3779,0.5723905723905723,0.16498316498316498,0.04713804713804714,0.21548821548821548,0.7845117845117845,0.21212121212121213,189.0,133.0,0.3862433862433862,0.6031746031746031,0.6666666666666666
3780,0.5387205387205387,0.19865319865319866,0.04377104377104377,0.21885521885521886,0.7811447811447811,0.24242424242424243,197.0,147.0,0.37055837563451777,0.6345177664974619,0.6903553299492385
3781,0.5622895622895623,0.1717171717171717,0.06734006734006734,0.19865319865319866,0.8013468013468014,0.23905723905723905,182.0,128.0,0.36813186813186816,0.5989010989010989,0.6923076923076923
3782,0.5252525252525253,0.1447811447811448,0.06734006734006734,0.26262626262626265,0.7373737373737373,0.21212121212121213,193.0,142.0,0.34196891191709844,0.5492227979274611,0.6321243523316062
3783,0.5286195286195287,0.1919191919191919,0.05723905723905724,0.2222222222222222,0.7777777777777778,0.24915824915824916,193.0,134.0,0.38341968911917096,0.6217616580310881,0.694300518134715
3784,0.5791245791245792,0.14814814814814814,0.04040404040404041,0.23232323232323232,0.7676767676767676,0.18855218855218855,196.0,144.0,0.42857142857142855,0.6275510204081632,0.6836734693877551
3785,0.5555555555555556,0.21212121212121213,0.04377104377104377,0.18855218855218855,0.8114478114478114,0.2558922558922559,176.0,121.0,0.35795454545454547,0.6363636363636364,0.7045454545454546
3786,0.5656565656565656,0.18855218855218855,0.050505050505050504,0.19528619528619529,0.8047138047138047,0.23905723905723905,172.0,115.0,0.36046511627906974,0.6162790697674418,0.6918604651162791
3787,0.5050505050505051,0.19528619528619529,0.05387205387205387,0.24579124579124578,0.7542087542087542,0.24915824915824916,205.0,161.0,0.32195121951219513,0.5756097560975609,0.6487804878048781
3788,0.5521885521885522,0.16498316498316498,0.04377104377104377,0.23905723905723905,0.7609427609427609,0.20875420875420875,187.0,135.0,0.34759358288770054,0.5935828877005348,0.6577540106951871
3789,0.5589225589225589,0.2053872053872054,0.03367003367003367,0.20202020202020202,0.797979797979798,0.23905723905723905,186.0,133.0,0.4032258064516129,0.6505376344086021,0.6881720430107527
3790,0.5993265993265994,0.15151515151515152,0.04713804713804714,0.20202020202020202,0.797979797979798,0.19865319865319866,185.0,129.0,0.43783783783783786,0.6486486486486487,0.7135135135135136
3791,0.5353535353535354,0.15488215488215487,0.04713804713804714,0.26262626262626265,0.7373737373737373,0.20202020202020202,177.0,119.0,0.3728813559322034,0.5480225988700564,0.615819209039548
3792,0.569023569023569,0.2053872053872054,0.04377104377104377,0.18181818181818182,0.8181818181818182,0.24915824915824916,189.0,137.0,0.3968253968253968,0.671957671957672,0.7248677248677249
3793,0.569023569023569,0.14814814814814814,0.03367003367003367,0.24915824915824916,0.7508417508417509,0.18181818181818182,192.0,143.0,0.3802083333333333,0.5885416666666666,0.640625
3794,0.468013468013468,0.23232323232323232,0.04377104377104377,0.2558922558922559,0.7441077441077442,0.2760942760942761,202.0,151.0,0.33663366336633666,0.5891089108910891,0.6386138613861386
3795,0.5185185185185185,0.19528619528619529,0.04040404040404041,0.24579124579124578,0.7542087542087542,0.2356902356902357,187.0,138.0,0.33689839572192515,0.5775401069518716,0.6203208556149733
3796,0.5757575757575758,0.1717171717171717,0.08080808080808081,0.1717171717171717,0.8282828282828283,0.25252525252525254,185.0,131.0,0.41081081081081083,0.6378378378378379,0.7351351351351352
3797,0.5488215488215489,0.2053872053872054,0.02356902356902357,0.2222222222222222,0.7777777777777778,0.22895622895622897,186.0,130.0,0.3817204301075269,0.6397849462365591,0.6720430107526881
3798,0.5589225589225589,0.16498316498316498,0.04040404040404041,0.2356902356902357,0.7643097643097643,0.2053872053872054,189.0,136.0,0.38095238095238093,0.6031746031746031,0.6613756613756614
3799,0.5656565656565656,0.1750841750841751,0.06734006734006734,0.1919191919191919,0.8080808080808081,0.24242424242424243,191.0,137.0,0.39267015706806285,0.6230366492146597,0.7068062827225131
3800,0.5420875420875421,0.18855218855218855,0.04377104377104377,0.2255892255892256,0.7744107744107744,0.23232323232323232,195.0,144.0,0.358974358974359,0.6051282051282051,0.6615384615384615
3801,0.5656565656565656,0.18518518518518517,0.030303030303030304,0.21885521885521886,0.7811447811447811,0.21548821548821548,188.0,135.0,0.39893617021276595,0.6276595744680851,0.6702127659574468
3802,0.5084175084175084,0.19528619528619529,0.06060606060606061,0.2356902356902357,0.7643097643097643,0.2558922558922559,203.0,155.0,0.35467980295566504,0.5960591133004927,0.6798029556650246
3803,0.5791245791245792,0.20202020202020202,0.04377104377104377,0.1750841750841751,0.8249158249158249,0.24579124579124578,180.0,124.0,0.4,0.6611111111111111,0.7333333333333333
3804,0.531986531986532,0.19528619528619529,0.050505050505050504,0.2222222222222222,0.7777777777777778,0.24579124579124578,193.0,143.0,0.34196891191709844,0.5906735751295337,0.6632124352331606
3805,0.5420875420875421,0.20202020202020202,0.05723905723905724,0.19865319865319866,0.8013468013468014,0.25925925925925924,185.0,123.0,0.3891891891891892,0.6270270270270271,0.7027027027027027
3806,0.5656565656565656,0.16835016835016836,0.020202020202020204,0.24579124579124578,0.7542087542087542,0.18855218855218855,184.0,133.0,0.3804347826086957,0.5978260869565217,0.6304347826086957
3807,0.569023569023569,0.18855218855218855,0.020202020202020204,0.2222222222222222,0.7777777777777778,0.20875420875420875,187.0,133.0,0.41711229946524064,0.6417112299465241,0.6684491978609626
3808,0.5454545454545454,0.18518518518518517,0.030303030303030304,0.23905723905723905,0.7609427609427609,0.21548821548821548,187.0,131.0,0.37433155080213903,0.5935828877005348,0.6363636363636364
3809,0.5218855218855218,0.18855218855218855,0.06060606060606061,0.22895622895622897,0.7710437710437711,0.24915824915824916,192.0,135.0,0.3802083333333333,0.6041666666666666,0.6770833333333334
3810,0.5117845117845118,0.16161616161616163,0.06734006734006734,0.25925925925925924,0.7407407407407407,0.22895622895622897,195.0,145.0,0.3641025641025641,0.5435897435897435,0.6358974358974359
3811,0.5824915824915825,0.14814814814814814,0.04377104377104377,0.2255892255892256,0.7744107744107744,0.1919191919191919,173.0,116.0,0.37572254335260113,0.5838150289017341,0.653179190751445
3812,0.5151515151515151,0.2222222222222222,0.05723905723905724,0.2053872053872054,0.7946127946127947,0.27946127946127947,188.0,138.0,0.35106382978723405,0.6223404255319149,0.6861702127659575
3813,0.48484848484848486,0.20202020202020202,0.02356902356902357,0.2895622895622896,0.7104377104377104,0.2255892255892256,212.0,167.0,0.35377358490566035,0.589622641509434,0.6226415094339622
3814,0.5252525252525253,0.15151515151515152,0.06397306397306397,0.25925925925925924,0.7407407407407407,0.21548821548821548,190.0,136.0,0.35789473684210527,0.5526315789473685,0.6368421052631579
3815,0.5622895622895623,0.16498316498316498,0.05387205387205387,0.21885521885521886,0.7811447811447811,0.21885521885521886,188.0,140.0,0.3776595744680851,0.6063829787234043,0.6808510638297872
3816,0.5488215488215489,0.1750841750841751,0.06060606060606061,0.21548821548821548,0.7845117845117845,0.2356902356902357,186.0,132.0,0.3548387096774194,0.5967741935483871,0.6774193548387096
3817,0.5656565656565656,0.16498316498316498,0.030303030303030304,0.23905723905723905,0.7609427609427609,0.19528619528619529,187.0,132.0,0.41711229946524064,0.6042780748663101,0.6417112299465241
3818,0.531986531986532,0.18518518518518517,0.04040404040404041,0.24242424242424243,0.7575757575757576,0.2255892255892256,189.0,134.0,0.3386243386243386,0.5873015873015873,0.6349206349206349
3819,0.4983164983164983,0.21548821548821548,0.04713804713804714,0.23905723905723905,0.7609427609427609,0.26262626262626265,193.0,138.0,0.35751295336787564,0.6062176165803109,0.6632124352331606
3820,0.5151515151515151,0.1919191919191919,0.04377104377104377,0.24915824915824916,0.7508417508417509,0.2356902356902357,194.0,140.0,0.36082474226804123,0.6030927835051546,0.6443298969072165
3821,0.5185185185185185,0.17845117845117844,0.0707070707070707,0.23232323232323232,0.7676767676767676,0.24915824915824916,192.0,146.0,0.3541666666666667,0.59375,0.6614583333333334
3822,0.5723905723905723,0.18181818181818182,0.020202020202020204,0.2255892255892256,0.7744107744107744,0.20202020202020202,178.0,124.0,0.3707865168539326,0.6179775280898876,0.6404494382022472
3823,0.5488215488215489,0.15151515151515152,0.030303030303030304,0.26936026936026936,0.7306397306397306,0.18181818181818182,192.0,141.0,0.3697916666666667,0.5677083333333334,0.6145833333333334
3824,0.5454545454545454,0.19528619528619529,0.030303030303030304,0.22895622895622897,0.7710437710437711,0.2255892255892256,193.0,141.0,0.40932642487046633,0.6373056994818653,0.6683937823834197
3825,0.5420875420875421,0.2053872053872054,0.05387205387205387,0.19865319865319866,0.8013468013468014,0.25925925925925924,188.0,125.0,0.4148936170212766,0.6436170212765957,0.7074468085106383
3826,0.5824915824915825,0.18855218855218855,0.030303030303030304,0.19865319865319866,0.8013468013468014,0.21885521885521886,182.0,126.0,0.4175824175824176,0.6538461538461539,0.6923076923076923
3827,0.5454545454545454,0.18181818181818182,0.04713804713804714,0.2255892255892256,0.7744107744107744,0.22895622895622897,187.0,136.0,0.37433155080213903,0.6042780748663101,0.6684491978609626
3828,0.6195286195286195,0.1414141414141414,0.04040404040404041,0.19865319865319866,0.8013468013468014,0.18181818181818182,179.0,125.0,0.40782122905027934,0.6256983240223464,0.6871508379888268
3829,0.5791245791245792,0.16835016835016836,0.026936026936026935,0.2255892255892256,0.7744107744107744,0.19528619528619529,175.0,124.0,0.38285714285714284,0.6171428571428571,0.6514285714285715
3830,0.5521885521885522,0.18181818181818182,0.03367003367003367,0.23232323232323232,0.7676767676767676,0.21548821548821548,195.0,141.0,0.39487179487179486,0.6358974358974359,0.6717948717948717
3831,0.5252525252525253,0.16835016835016836,0.05387205387205387,0.25252525252525254,0.7474747474747475,0.2222222222222222,192.0,140.0,0.3697916666666667,0.5885416666666666,0.6458333333333334
3832,0.5488215488215489,0.15824915824915825,0.050505050505050504,0.24242424242424243,0.7575757575757576,0.20875420875420875,193.0,137.0,0.38860103626943004,0.6010362694300518,0.6528497409326425
3833,0.5521885521885522,0.1919191919191919,0.050505050505050504,0.2053872053872054,0.7946127946127947,0.24242424242424243,195.0,143.0,0.4,0.6410256410256411,0.6974358974358974
3834,0.4882154882154882,0.19528619528619529,0.05387205387205387,0.26262626262626265,0.7373737373737373,0.24915824915824916,195.0,140.0,0.3333333333333333,0.5538461538461539,0.6205128205128205
3835,0.5925925925925926,0.17845117845117844,0.037037037037037035,0.1919191919191919,0.8080808080808081,0.21548821548821548,178.0,122.0,0.38202247191011235,0.6460674157303371,0.702247191011236
3836,0.6127946127946128,0.1750841750841751,0.030303030303030304,0.18181818181818182,0.8181818181818182,0.2053872053872054,172.0,120.0,0.436046511627907,0.6627906976744186,0.7093023255813954
3837,0.5723905723905723,0.1919191919191919,0.02356902356902357,0.21212121212121213,0.7878787878787878,0.21548821548821548,189.0,135.0,0.4021164021164021,0.656084656084656,0.6878306878306878
3838,0.5252525252525253,0.13804713804713806,0.04040404040404041,0.2962962962962963,0.7037037037037037,0.17845117845117844,198.0,144.0,0.36363636363636365,0.5151515151515151,0.5757575757575758
3839,0.5353535353535354,0.1750841750841751,0.04040404040404041,0.24915824915824916,0.7508417508417509,0.21548821548821548,193.0,144.0,0.35233160621761656,0.5803108808290155,0.6373056994818653
3840,0.5589225589225589,0.1717171717171717,0.06397306397306397,0.2053872053872054,0.7946127946127947,0.2356902356902357,186.0,131.0,0.3763440860215054,0.5967741935483871,0.6881720430107527
3841,0.5387205387205387,0.1750841750841751,0.037037037037037035,0.24915824915824916,0.7508417508417509,0.21212121212121213,195.0,151.0,0.37435897435897436,0.5897435897435898,0.6358974358974359
3842,0.5185185185185185,0.18855218855218855,0.030303030303030304,0.26262626262626265,0.7373737373737373,0.21885521885521886,191.0,142.0,0.3403141361256545,0.5863874345549738,0.6335078534031413
3843,0.5488215488215489,0.15151515151515152,0.05387205387205387,0.24579124579124578,0.7542087542087542,0.2053872053872054,193.0,140.0,0.38341968911917096,0.5647668393782384,0.6373056994818653
3844,0.5622895622895623,0.15824915824915825,0.04713804713804714,0.23232323232323232,0.7676767676767676,0.2053872053872054,186.0,135.0,0.3655913978494624,0.5698924731182796,0.6451612903225806
3845,0.5286195286195287,0.17845117845117844,0.037037037037037035,0.2558922558922559,0.7441077441077442,0.21548821548821548,195.0,145.0,0.3487179487179487,0.5743589743589743,0.6256410256410256
3846,0.5892255892255892,0.1717171717171717,0.03367003367003367,0.2053872053872054,0.7946127946127947,0.2053872053872054,186.0,131.0,0.42473118279569894,0.6397849462365591,0.6935483870967742
3847,0.5387205387205387,0.1717171717171717,0.05723905723905724,0.23232323232323232,0.7676767676767676,0.22895622895622897,192.0,136.0,0.3697916666666667,0.5885416666666666,0.6614583333333334
3848,0.5757575757575758,0.15151515151515152,0.026936026936026935,0.24579124579124578,0.7542087542087542,0.17845117845117844,187.0,132.0,0.40641711229946526,0.5828877005347594,0.6203208556149733
3849,0.5824915824915825,0.1447811447811448,0.04713804713804714,0.2255892255892256,0.7744107744107744,0.1919191919191919,192.0,141.0,0.4114583333333333,0.5885416666666666,0.65625
3850,0.531986531986532,0.19528619528619529,0.050505050505050504,0.2222222222222222,0.7777777777777778,0.24579124579124578,196.0,141.0,0.3673469387755102,0.6020408163265306,0.673469387755102
3851,0.531986531986532,0.16161616161616163,0.06397306397306397,0.24242424242424243,0.7575757575757576,0.2255892255892256,180.0,121.0,0.36666666666666664,0.5777777777777777,0.6444444444444445
3852,0.5420875420875421,0.19865319865319866,0.04040404040404041,0.21885521885521886,0.7811447811447811,0.23905723905723905,194.0,137.0,0.3917525773195876,0.6391752577319587,0.6907216494845361
3853,0.5218855218855218,0.18181818181818182,0.050505050505050504,0.24579124579124578,0.7542087542087542,0.23232323232323232,199.0,153.0,0.33668341708542715,0.5829145728643216,0.6532663316582915
3854,0.4983164983164983,0.1717171717171717,0.06060606060606061,0.26936026936026936,0.7306397306397306,0.23232323232323232,203.0,157.0,0.33497536945812806,0.541871921182266,0.6206896551724138
3855,0.5521885521885522,0.1919191919191919,0.030303030303030304,0.2255892255892256,0.7744107744107744,0.2222222222222222,186.0,125.0,0.4032258064516129,0.6344086021505376,0.6774193548387096
3856,0.5353535353535354,0.1750841750841751,0.05723905723905724,0.23232323232323232,0.7676767676767676,0.23232323232323232,191.0,137.0,0.36649214659685864,0.6073298429319371,0.680628272251309
3857,0.5252525252525253,0.1750841750841751,0.06397306397306397,0.2356902356902357,0.7643097643097643,0.23905723905723905,191.0,139.0,0.35602094240837695,0.581151832460733,0.6492146596858639
3858,0.5117845117845118,0.24915824915824916,0.04713804713804714,0.1919191919191919,0.8080808080808081,0.2962962962962963,186.0,131.0,0.34946236559139787,0.6505376344086021,0.7150537634408602
3859,0.5521885521885522,0.17845117845117844,0.08417508417508418,0.18518518518518517,0.8148148148148148,0.26262626262626265,190.0,136.0,0.39473684210526316,0.6263157894736842,0.7315789473684211
3860,0.5656565656565656,0.16835016835016836,0.04377104377104377,0.2222222222222222,0.7777777777777778,0.21212121212121213,180.0,122.0,0.3888888888888889,0.6166666666666667,0.6666666666666666
3861,0.5656565656565656,0.15151515151515152,0.050505050505050504,0.23232323232323232,0.7676767676767676,0.20202020202020202,185.0,134.0,0.3945945945945946,0.6,0.6486486486486487
3862,0.531986531986532,0.17845117845117844,0.05387205387205387,0.2356902356902357,0.7643097643097643,0.23232323232323232,193.0,150.0,0.35233160621761656,0.5854922279792746,0.6528497409326425
3863,0.531986531986532,0.1750841750841751,0.037037037037037035,0.2558922558922559,0.7441077441077442,0.21212121212121213,200.0,149.0,0.345,0.59,0.635
3864,0.5892255892255892,0.15488215488215487,0.04713804713804714,0.20875420875420875,0.7912457912457912,0.20202020202020202,187.0,133.0,0.42780748663101603,0.6203208556149733,0.6844919786096256
3865,0.5925925925925926,0.13131313131313133,0.04377104377104377,0.23232323232323232,0.7676767676767676,0.1750841750841751,180.0,124.0,0.43333333333333335,0.6222222222222222,0.6777777777777778
3866,0.5521885521885522,0.18181818181818182,0.026936026936026935,0.23905723905723905,0.7609427609427609,0.20875420875420875,184.0,132.0,0.3695652173913043,0.5869565217391305,0.6195652173913043
3867,0.5286195286195287,0.1750841750841751,0.030303030303030304,0.265993265993266,0.734006734006734,0.2053872053872054,193.0,141.0,0.35751295336787564,0.5647668393782384,0.6062176165803109
3868,0.5286195286195287,0.16161616161616163,0.06060606060606061,0.24915824915824916,0.7508417508417509,0.2222222222222222,188.0,133.0,0.35106382978723405,0.5585106382978723,0.6276595744680851
3869,0.5521885521885522,0.18518518518518517,0.04713804713804714,0.21548821548821548,0.7845117845117845,0.23232323232323232,182.0,127.0,0.3901098901098901,0.6263736263736264,0.6923076923076923
3870,0.531986531986532,0.17845117845117844,0.04040404040404041,0.24915824915824916,0.7508417508417509,0.21885521885521886,191.0,136.0,0.3717277486910995,0.5968586387434555,0.6492146596858639
3871,0.5555555555555556,0.1717171717171717,0.050505050505050504,0.2222222222222222,0.7777777777777778,0.2222222222222222,190.0,141.0,0.3631578947368421,0.6052631578947368,0.6684210526315789
3872,0.531986531986532,0.20202020202020202,0.05387205387205387,0.21212121212121213,0.7878787878787878,0.2558922558922559,183.0,130.0,0.3551912568306011,0.5901639344262295,0.6612021857923497
3873,0.569023569023569,0.1717171717171717,0.06060606060606061,0.19865319865319866,0.8013468013468014,0.23232323232323232,184.0,135.0,0.375,0.6141304347826086,0.6956521739130435
3874,0.6127946127946128,0.1414141414141414,0.06397306397306397,0.18181818181818182,0.8181818181818182,0.2053872053872054,179.0,123.0,0.441340782122905,0.6312849162011173,0.7039106145251397
3875,0.5420875420875421,0.16161616161616163,0.05723905723905724,0.23905723905723905,0.7609427609427609,0.21885521885521886,184.0,133.0,0.34782608695652173,0.5652173913043478,0.6358695652173914
3876,0.5488215488215489,0.17845117845117844,0.050505050505050504,0.2222222222222222,0.7777777777777778,0.22895622895622897,194.0,138.0,0.38144329896907214,0.6134020618556701,0.6804123711340206
3877,0.5824915824915825,0.18518518518518517,0.04713804713804714,0.18518518518518517,0.8148148148148148,0.23232323232323232,197.0,144.0,0.4416243654822335,0.6751269035532995,0.7360406091370558
3878,0.5622895622895623,0.16835016835016836,0.05723905723905724,0.21212121212121213,0.7878787878787878,0.2255892255892256,185.0,133.0,0.3675675675675676,0.5945945945945946,0.6810810810810811
3879,0.5858585858585859,0.15824915824915825,0.03367003367003367,0.2222222222222222,0.7777777777777778,0.1919191919191919,182.0,134.0,0.38461538461538464,0.5989010989010989,0.6428571428571429
3880,0.5286195286195287,0.1750841750841751,0.04040404040404041,0.2558922558922559,0.7441077441077442,0.21548821548821548,187.0,136.0,0.3422459893048128,0.5721925133689839,0.6310160427807486
3881,0.531986531986532,0.18518518518518517,0.03367003367003367,0.24915824915824916,0.7508417508417509,0.21885521885521886,197.0,144.0,0.38578680203045684,0.5989847715736041,0.6446700507614214
3882,0.569023569023569,0.18181818181818182,0.03367003367003367,0.21548821548821548,0.7845117845117845,0.21548821548821548,180.0,127.0,0.4,0.6166666666666667,0.6611111111111111
3883,0.5185185185185185,0.21548821548821548,0.037037037037037035,0.22895622895622897,0.7710437710437711,0.25252525252525254,198.0,151.0,0.35353535353535354,0.6161616161616161,0.6666666666666666
3884,0.5252525252525253,0.18181818181818182,0.04040404040404041,0.25252525252525254,0.7474747474747475,0.2222222222222222,192.0,144.0,0.3385416666666667,0.578125,0.640625
3885,0.5723905723905723,0.1447811447811448,0.04377104377104377,0.23905723905723905,0.7609427609427609,0.18855218855218855,182.0,136.0,0.3626373626373626,0.5714285714285714,0.6208791208791209
3886,0.5723905723905723,0.16498316498316498,0.04713804713804714,0.21548821548821548,0.7845117845117845,0.21212121212121213,188.0,137.0,0.39361702127659576,0.6063829787234043,0.6702127659574468
3887,0.6127946127946128,0.12794612794612795,0.03367003367003367,0.2255892255892256,0.7744107744107744,0.16161616161616163,181.0,132.0,0.4143646408839779,0.585635359116022,0.6408839779005525
3888,0.5252525252525253,0.18855218855218855,0.07407407407407407,0.21212121212121213,0.7878787878787878,0.26262626262626265,193.0,144.0,0.35233160621761656,0.6010362694300518,0.689119170984456
3889,0.48148148148148145,0.19865319865319866,0.05723905723905724,0.26262626262626265,0.7373737373737373,0.2558922558922559,202.0,156.0,0.32673267326732675,0.5643564356435643,0.6386138613861386
3890,0.569023569023569,0.16498316498316498,0.04040404040404041,0.2255892255892256,0.7744107744107744,0.2053872053872054,195.0,146.0,0.40512820512820513,0.6153846153846154,0.6615384615384615
3891,0.569023569023569,0.1717171717171717,0.030303030303030304,0.22895622895622897,0.7710437710437711,0.20202020202020202,185.0,137.0,0.4,0.6162162162162163,0.654054054054054
3892,0.5555555555555556,0.17845117845117844,0.04377104377104377,0.2222222222222222,0.7777777777777778,0.2222222222222222,191.0,137.0,0.4031413612565445,0.6282722513089005,0.680628272251309
3893,0.5622895622895623,0.16161616161616163,0.04040404040404041,0.2356902356902357,0.7643097643097643,0.20202020202020202,188.0,131.0,0.40425531914893614,0.601063829787234,0.6542553191489362
3894,0.5387205387205387,0.18181818181818182,0.04713804713804714,0.23232323232323232,0.7676767676767676,0.22895622895622897,201.0,150.0,0.3781094527363184,0.6019900497512438,0.6716417910447762
3895,0.5084175084175084,0.19528619528619529,0.05723905723905724,0.23905723905723905,0.7609427609427609,0.25252525252525254,194.0,141.0,0.36082474226804123,0.5824742268041238,0.6597938144329897
3896,0.569023569023569,0.16835016835016836,0.04040404040404041,0.2222222222222222,0.7777777777777778,0.20875420875420875,194.0,140.0,0.4175257731958763,0.6288659793814433,0.6701030927835051
3897,0.5050505050505051,0.18181818181818182,0.037037037037037035,0.2760942760942761,0.7239057239057239,0.21885521885521886,198.0,147.0,0.37373737373737376,0.5606060606060606,0.6111111111111112
3898,0.531986531986532,0.1750841750841751,0.0707070707070707,0.2222222222222222,0.7777777777777778,0.24579124579124578,196.0,144.0,0.3877551020408163,0.5969387755102041,0.6887755102040817
3899,0.5757575757575758,0.16498316498316498,0.04377104377104377,0.21548821548821548,0.7845117845117845,0.20875420875420875,187.0,128.0,0.40106951871657753,0.6203208556149733,0.679144385026738
3900,0.5521885521885522,0.17845117845117844,0.026936026936026935,0.24242424242424243,0.7575757575757576,0.2053872053872054,189.0,135.0,0.35978835978835977,0.5925925925925926,0.6296296296296297
3901,0.5589225589225589,0.18518518518518517,0.04713804713804714,0.20875420875420875,0.7912457912457912,0.23232323232323232,181.0,132.0,0.39226519337016574,0.6132596685082873,0.6795580110497238
3902,0.5791245791245792,0.15824915824915825,0.037037037037037035,0.2255892255892256,0.7744107744107744,0.19528619528619529,187.0,128.0,0.43315508021390375,0.6149732620320856,0.6577540106951871
3903,0.5656565656565656,0.1717171717171717,0.037037037037037035,0.2255892255892256,0.7744107744107744,0.20875420875420875,190.0,134.0,0.4052631578947368,0.6368421052631579,0.6894736842105263
3904,0.5723905723905723,0.1750841750841751,0.050505050505050504,0.20202020202020202,0.797979797979798,0.2255892255892256,188.0,141.0,0.39361702127659576,0.6276595744680851,0.7021276595744681
3905,0.5420875420875421,0.1717171717171717,0.04713804713804714,0.23905723905723905,0.7609427609427609,0.21885521885521886,195.0,149.0,0.36923076923076925,0.5846153846153846,0.6461538461538462
3906,0.5791245791245792,0.1111111111111111,0.04040404040404041,0.26936026936026936,0.7306397306397306,0.15151515151515152,192.0,141.0,0.4010416666666667,0.5416666666666666,0.6041666666666666
3907,0.5353535353535354,0.14814814814814814,0.05723905723905724,0.25925925925925924,0.7407407407407407,0.2053872053872054,192.0,140.0,0.3489583333333333,0.5364583333333334,0.6197916666666666
3908,0.5824915824915825,0.16498316498316498,0.04713804713804714,0.2053872053872054,0.7946127946127947,0.21212121212121213,183.0,130.0,0.4207650273224044,0.6284153005464481,0.6830601092896175
3909,0.531986531986532,0.16835016835016836,0.02356902356902357,0.2760942760942761,0.7239057239057239,0.1919191919191919,206.0,148.0,0.3640776699029126,0.587378640776699,0.6213592233009708
3910,0.4983164983164983,0.20875420875420875,0.05387205387205387,0.23905723905723905,0.7609427609427609,0.26262626262626265,193.0,143.0,0.3316062176165803,0.5854922279792746,0.6632124352331606
3911,0.531986531986532,0.18518518518518517,0.06060606060606061,0.2222222222222222,0.7777777777777778,0.24579124579124578,179.0,126.0,0.35195530726256985,0.5754189944134078,0.6480446927374302
3912,0.622895622895623,0.15488215488215487,0.04377104377104377,0.17845117845117844,0.8215488215488216,0.19865319865319866,167.0,112.0,0.40119760479041916,0.6227544910179641,0.6946107784431138
3913,0.569023569023569,0.15151515151515152,0.03367003367003367,0.24579124579124578,0.7542087542087542,0.18518518518518517,175.0,127.0,0.37714285714285717,0.5828571428571429,0.6285714285714286
3914,0.5589225589225589,0.15824915824915825,0.04377104377104377,0.23905723905723905,0.7609427609427609,0.20202020202020202,193.0,142.0,0.39378238341968913,0.6062176165803109,0.6683937823834197
3915,0.531986531986532,0.1717171717171717,0.037037037037037035,0.25925925925925924,0.7407407407407407,0.20875420875420875,200.0,150.0,0.375,0.595,0.645
3916,0.5151515151515151,0.20202020202020202,0.05387205387205387,0.22895622895622897,0.7710437710437711,0.2558922558922559,196.0,139.0,0.3622448979591837,0.6173469387755102,0.6785714285714286
3917,0.569023569023569,0.16161616161616163,0.04377104377104377,0.2255892255892256,0.7744107744107744,0.2053872053872054,193.0,149.0,0.39896373056994816,0.5958549222797928,0.6580310880829016
3918,0.5723905723905723,0.18181818181818182,0.04040404040404041,0.2053872053872054,0.7946127946127947,0.2222222222222222,178.0,116.0,0.42134831460674155,0.6292134831460674,0.6797752808988764
3919,0.5353535353535354,0.1750841750841751,0.04040404040404041,0.24915824915824916,0.7508417508417509,0.21548821548821548,194.0,145.0,0.3711340206185567,0.5876288659793815,0.6288659793814433
3920,0.5656565656565656,0.16835016835016836,0.04040404040404041,0.2255892255892256,0.7744107744107744,0.20875420875420875,189.0,132.0,0.42328042328042326,0.6402116402116402,0.6931216931216931
3921,0.5488215488215489,0.15824915824915825,0.04713804713804714,0.24579124579124578,0.7542087542087542,0.2053872053872054,190.0,143.0,0.3684210526315789,0.5684210526315789,0.6421052631578947
3922,0.5454545454545454,0.17845117845117844,0.04040404040404041,0.2356902356902357,0.7643097643097643,0.21885521885521886,189.0,130.0,0.3915343915343915,0.6084656084656085,0.671957671957672
3923,0.5454545454545454,0.17845117845117844,0.04040404040404041,0.2356902356902357,0.7643097643097643,0.21885521885521886,191.0,140.0,0.39790575916230364,0.6020942408376964,0.6492146596858639
3924,0.5185185185185185,0.20875420875420875,0.06060606060606061,0.21212121212121213,0.7878787878787878,0.26936026936026936,195.0,147.0,0.3384615384615385,0.6,0.676923076923077
3925,0.531986531986532,0.21548821548821548,0.05387205387205387,0.19865319865319866,0.8013468013468014,0.26936026936026936,184.0,125.0,0.3695652173913043,0.6195652173913043,0.7010869565217391
3926,0.5858585858585859,0.16498316498316498,0.04713804713804714,0.20202020202020202,0.797979797979798,0.21212121212121213,179.0,129.0,0.3854748603351955,0.6145251396648045,0.6927374301675978
3927,0.5387205387205387,0.15488215488215487,0.05723905723905724,0.24915824915824916,0.7508417508417509,0.21212121212121213,209.0,161.0,0.3923444976076555,0.5885167464114832,0.6555023923444976
3928,0.5656565656565656,0.16498316498316498,0.07744107744107744,0.1919191919191919,0.8080808080808081,0.24242424242424243,190.0,139.0,0.3894736842105263,0.6263157894736842,0.7052631578947368
3929,0.5757575757575758,0.14814814814814814,0.06060606060606061,0.21548821548821548,0.7845117845117845,0.20875420875420875,182.0,131.0,0.3791208791208791,0.5934065934065934,0.6648351648351648
3930,0.5656565656565656,0.16498316498316498,0.016835016835016835,0.25252525252525254,0.7474747474747475,0.18181818181818182,180.0,126.0,0.37777777777777777,0.6,0.6277777777777778
3931,0.5858585858585859,0.13804713804713806,0.05387205387205387,0.2222222222222222,0.7777777777777778,0.1919191919191919,183.0,134.0,0.4098360655737705,0.5956284153005464,0.6666666666666666
3932,0.5791245791245792,0.17845117845117844,0.03367003367003367,0.20875420875420875,0.7912457912457912,0.21212121212121213,181.0,129.0,0.425414364640884,0.6408839779005525,0.6850828729281768
3933,0.5185185185185185,0.1919191919191919,0.06734006734006734,0.2222222222222222,0.7777777777777778,0.25925925925925924,193.0,139.0,0.37305699481865284,0.6010362694300518,0.6787564766839378
3934,0.5488215488215489,0.1717171717171717,0.05723905723905724,0.2222222222222222,0.7777777777777778,0.22895622895622897,189.0,138.0,0.3492063492063492,0.6031746031746031,0.6825396825396826
3935,0.5925925925925926,0.16498316498316498,0.037037037037037035,0.2053872053872054,0.7946127946127947,0.20202020202020202,175.0,126.0,0.37714285714285717,0.6057142857142858,0.6628571428571428
3936,0.5218855218855218,0.1750841750841751,0.04713804713804714,0.2558922558922559,0.7441077441077442,0.2222222222222222,192.0,139.0,0.375,0.59375,0.6458333333333334
3937,0.5117845117845118,0.18518518518518517,0.04040404040404041,0.26262626262626265,0.7373737373737373,0.2255892255892256,198.0,148.0,0.36363636363636365,0.5757575757575758,0.6313131313131313
3938,0.5622895622895623,0.1717171717171717,0.04713804713804714,0.21885521885521886,0.7811447811447811,0.21885521885521886,183.0,133.0,0.37158469945355194,0.5956284153005464,0.6557377049180327
3939,0.5488215488215489,0.14814814814814814,0.06397306397306397,0.23905723905723905,0.7609427609427609,0.21212121212121213,191.0,143.0,0.35602094240837695,0.5497382198952879,0.6387434554973822
3940,0.5420875420875421,0.18181818181818182,0.037037037037037035,0.23905723905723905,0.7609427609427609,0.21885521885521886,182.0,128.0,0.36813186813186816,0.5824175824175825,0.6318681318681318
3941,0.5723905723905723,0.1447811447811448,0.06060606060606061,0.2222222222222222,0.7777777777777778,0.2053872053872054,185.0,127.0,0.42702702702702705,0.5891891891891892,0.6756756756756757
3942,0.5824915824915825,0.19528619528619529,0.026936026936026935,0.19528619528619529,0.8047138047138047,0.2222222222222222,188.0,139.0,0.39361702127659576,0.6595744680851063,0.6968085106382979
3943,0.5252525252525253,0.1750841750841751,0.04713804713804714,0.25252525252525254,0.7474747474747475,0.2222222222222222,202.0,150.0,0.37623762376237624,0.5841584158415841,0.6435643564356436
3944,0.531986531986532,0.18855218855218855,0.05387205387205387,0.2255892255892256,0.7744107744107744,0.24242424242424243,195.0,145.0,0.38461538461538464,0.6256410256410256,0.6923076923076923
3945,0.5353535353535354,0.16498316498316498,0.050505050505050504,0.24915824915824916,0.7508417508417509,0.21548821548821548,189.0,136.0,0.3862433862433862,0.5714285714285714,0.6455026455026455
3946,0.5117845117845118,0.17845117845117844,0.050505050505050504,0.25925925925925924,0.7407407407407407,0.22895622895622897,201.0,146.0,0.3781094527363184,0.582089552238806,0.6318407960199005
3947,0.5117845117845118,0.13131313131313133,0.04713804713804714,0.30976430976430974,0.6902356902356902,0.17845117845117844,190.0,135.0,0.3263157894736842,0.5105263157894737,0.5736842105263158
3948,0.5622895622895623,0.1717171717171717,0.04040404040404041,0.2255892255892256,0.7744107744107744,0.21212121212121213,186.0,130.0,0.4032258064516129,0.6075268817204301,0.6559139784946236
3949,0.5622895622895623,0.16835016835016836,0.02356902356902357,0.24579124579124578,0.7542087542087542,0.1919191919191919,201.0,155.0,0.40298507462686567,0.6268656716417911,0.6567164179104478
3950,0.5959595959595959,0.15824915824915825,0.06734006734006734,0.17845117845117844,0.8215488215488216,0.2255892255892256,181.0,132.0,0.40331491712707185,0.6464088397790055,0.7182320441988951
3951,0.5252525252525253,0.16835016835016836,0.05723905723905724,0.24915824915824916,0.7508417508417509,0.2255892255892256,193.0,148.0,0.34196891191709844,0.5647668393782384,0.6373056994818653
3952,0.5656565656565656,0.17845117845117844,0.04377104377104377,0.21212121212121213,0.7878787878787878,0.2222222222222222,179.0,117.0,0.4134078212290503,0.6145251396648045,0.6759776536312849
3953,0.5387205387205387,0.18855218855218855,0.02356902356902357,0.24915824915824916,0.7508417508417509,0.21212121212121213,191.0,142.0,0.35602094240837695,0.5968586387434555,0.6335078534031413
3954,0.5420875420875421,0.20875420875420875,0.030303030303030304,0.21885521885521886,0.7811447811447811,0.23905723905723905,194.0,142.0,0.3865979381443299,0.634020618556701,0.6752577319587629
3955,0.5117845117845118,0.16835016835016836,0.04040404040404041,0.27946127946127947,0.7205387205387206,0.20875420875420875,202.0,154.0,0.3712871287128713,0.5742574257425742,0.6237623762376238
3956,0.5084175084175084,0.2053872053872054,0.05387205387205387,0.23232323232323232,0.7676767676767676,0.25925925925925924,197.0,148.0,0.3197969543147208,0.5888324873096447,0.6598984771573604
3957,0.5218855218855218,0.2053872053872054,0.020202020202020204,0.25252525252525254,0.7474747474747475,0.2255892255892256,197.0,143.0,0.3553299492385787,0.5989847715736041,0.6294416243654822
3958,0.5252525252525253,0.19865319865319866,0.06060606060606061,0.21548821548821548,0.7845117845117845,0.25925925925925924,196.0,144.0,0.3673469387755102,0.6020408163265306,0.6938775510204082
3959,0.531986531986532,0.18518518518518517,0.030303030303030304,0.25252525252525254,0.7474747474747475,0.21548821548821548,195.0,145.0,0.37435897435897436,0.5948717948717949,0.6410256410256411
3960,0.5454545454545454,0.17845117845117844,0.050505050505050504,0.2255892255892256,0.7744107744107744,0.22895622895622897,188.0,140.0,0.3670212765957447,0.601063829787234,0.6595744680851063
3961,0.569023569023569,0.14814814814814814,0.0707070707070707,0.21212121212121213,0.7878787878787878,0.21885521885521886,199.0,144.0,0.40703517587939697,0.6030150753768844,0.6884422110552764
3962,0.5656565656565656,0.16498316498316498,0.04713804713804714,0.2222222222222222,0.7777777777777778,0.21212121212121213,188.0,135.0,0.3829787234042553,0.5957446808510638,0.6648936170212766
3963,0.531986531986532,0.1750841750841751,0.05723905723905724,0.2356902356902357,0.7643097643097643,0.23232323232323232,187.0,130.0,0.3582887700534759,0.5561497326203209,0.6417112299465241
3964,0.5185185185185185,0.19528619528619529,0.037037037037037035,0.24915824915824916,0.7508417508417509,0.23232323232323232,203.0,156.0,0.3694581280788177,0.5911330049261084,0.645320197044335
3965,0.5117845117845118,0.18855218855218855,0.04713804713804714,0.25252525252525254,0.7474747474747475,0.2356902356902357,197.0,142.0,0.37055837563451777,0.6142131979695431,0.6700507614213198
3966,0.5454545454545454,0.18181818181818182,0.04377104377104377,0.22895622895622897,0.7710437710437711,0.2255892255892256,184.0,124.0,0.358695652173913,0.6032608695652174,0.6521739130434783
3967,0.49158249158249157,0.2053872053872054,0.08080808080808081,0.2222222222222222,0.7777777777777778,0.28619528619528617,198.0,145.0,0.3383838383838384,0.5858585858585859,0.6868686868686869
3968,0.5387205387205387,0.19865319865319866,0.04040404040404041,0.2222222222222222,0.7777777777777778,0.23905723905723905,181.0,128.0,0.3812154696132597,0.6077348066298343,0.6685082872928176
3969,0.5185185185185185,0.21548821548821548,0.04377104377104377,0.2222222222222222,0.7777777777777778,0.25925925925925924,194.0,139.0,0.32989690721649484,0.6185567010309279,0.6804123711340206
3970,0.5286195286195287,0.19865319865319866,0.05387205387205387,0.21885521885521886,0.7811447811447811,0.25252525252525254,193.0,141.0,0.38341968911917096,0.6113989637305699,0.6787564766839378
3971,0.5521885521885522,0.17845117845117844,0.037037037037037035,0.23232323232323232,0.7676767676767676,0.21548821548821548,190.0,135.0,0.38421052631578945,0.6210526315789474,0.6684210526315789
3972,0.5521885521885522,0.18855218855218855,0.020202020202020204,0.23905723905723905,0.7609427609427609,0.20875420875420875,184.0,126.0,0.3858695652173913,0.6195652173913043,0.6521739130434783
3973,0.5757575757575758,0.20202020202020202,0.020202020202020204,0.20202020202020202,0.797979797979798,0.2222222222222222,176.0,126.0,0.375,0.6420454545454546,0.6761363636363636
3974,0.5555555555555556,0.15824915824915825,0.06734006734006734,0.21885521885521886,0.7811447811447811,0.2255892255892256,182.0,118.0,0.3956043956043956,0.5769230769230769,0.6648351648351648
3975,0.5555555555555556,0.23232323232323232,0.016835016835016835,0.19528619528619529,0.8047138047138047,0.24915824915824916,186.0,131.0,0.3817204301075269,0.6720430107526881,0.6989247311827957
3976,0.5521885521885522,0.19865319865319866,0.04713804713804714,0.20202020202020202,0.797979797979798,0.24579124579124578,194.0,147.0,0.3711340206185567,0.6443298969072165,0.7164948453608248
3977,0.531986531986532,0.19528619528619529,0.026936026936026935,0.24579124579124578,0.7542087542087542,0.2222222222222222,196.0,141.0,0.4030612244897959,0.6275510204081632,0.6683673469387755
3978,0.6026936026936027,0.1717171717171717,0.013468013468013467,0.21212121212121213,0.7878787878787878,0.18518518518518517,173.0,119.0,0.4277456647398844,0.6242774566473989,0.6416184971098265
3979,0.5858585858585859,0.1447811447811448,0.05723905723905724,0.21212121212121213,0.7878787878787878,0.20202020202020202,187.0,132.0,0.42245989304812837,0.6149732620320856,0.6951871657754011
3980,0.5656565656565656,0.17845117845117844,0.04713804713804714,0.20875420875420875,0.7912457912457912,0.2255892255892256,191.0,142.0,0.39267015706806285,0.6230366492146597,0.680628272251309
3981,0.5420875420875421,0.18181818181818182,0.037037037037037035,0.23905723905723905,0.7609427609427609,0.21885521885521886,197.0,145.0,0.37055837563451777,0.5989847715736041,0.6446700507614214
3982,0.5488215488215489,0.15488215488215487,0.05723905723905724,0.23905723905723905,0.7609427609427609,0.21212121212121213,195.0,148.0,0.37948717948717947,0.5794871794871795,0.6512820512820513
3983,0.5791245791245792,0.1447811447811448,0.04377104377104377,0.23232323232323232,0.7676767676767676,0.18855218855218855,185.0,137.0,0.3945945945945946,0.6,0.6486486486486487
3984,0.5589225589225589,0.20202020202020202,0.05387205387205387,0.18518518518518517,0.8148148148148148,0.2558922558922559,191.0,146.0,0.36649214659685864,0.6387434554973822,0.7225130890052356
3985,0.5993265993265994,0.15824915824915825,0.04713804713804714,0.19528619528619529,0.8047138047138047,0.2053872053872054,175.0,117.0,0.41714285714285715,0.6228571428571429,0.6971428571428572
3986,0.5252525252525253,0.16498316498316498,0.05387205387205387,0.2558922558922559,0.7441077441077442,0.21885521885521886,195.0,140.0,0.358974358974359,0.5692307692307692,0.6358974358974359
3987,0.5488215488215489,0.16835016835016836,0.026936026936026935,0.2558922558922559,0.7441077441077442,0.19528619528619529,192.0,147.0,0.3541666666666667,0.5885416666666666,0.625
3988,0.5488215488215489,0.18181818181818182,0.037037037037037035,0.23232323232323232,0.7676767676767676,0.21885521885521886,186.0,144.0,0.34408602150537637,0.5967741935483871,0.6451612903225806
3989,0.569023569023569,0.16498316498316498,0.037037037037037035,0.22895622895622897,0.7710437710437711,0.20202020202020202,196.0,145.0,0.37755102040816324,0.6122448979591837,0.6632653061224489
3990,0.5488215488215489,0.16498316498316498,0.02356902356902357,0.26262626262626265,0.7373737373737373,0.18855218855218855,188.0,137.0,0.3829787234042553,0.5904255319148937,0.6276595744680851
3991,0.5757575757575758,0.13804713804713806,0.04713804713804714,0.23905723905723905,0.7609427609427609,0.18518518518518517,176.0,123.0,0.3806818181818182,0.5738636363636364,0.6136363636363636
3992,0.5454545454545454,0.1750841750841751,0.037037037037037035,0.24242424242424243,0.7575757575757576,0.21212121212121213,191.0,141.0,0.3403141361256545,0.581151832460733,0.6335078534031413
3993,0.5420875420875421,0.18855218855218855,0.06734006734006734,0.20202020202020202,0.797979797979798,0.2558922558922559,190.0,137.0,0.37894736842105264,0.6263157894736842,0.7105263157894737
3994,0.5050505050505051,0.21548821548821548,0.04377104377104377,0.2356902356902357,0.7643097643097643,0.25925925925925924,201.0,147.0,0.373134328358209,0.6119402985074627,0.6716417910447762
3995,0.5555555555555556,0.16498316498316498,0.06060606060606061,0.21885521885521886,0.7811447811447811,0.2255892255892256,189.0,134.0,0.3968253968253968,0.5925925925925926,0.671957671957672
3996,0.5656565656565656,0.15151515151515152,0.026936026936026935,0.2558922558922559,0.7441077441077442,0.17845117845117844,190.0,145.0,0.38421052631578945,0.5842105263157895,0.6210526315789474
3997,0.5622895622895623,0.16498316498316498,0.06060606060606061,0.21212121212121213,0.7878787878787878,0.2255892255892256,183.0,129.0,0.3825136612021858,0.5792349726775956,0.6721311475409836
3998,0.5555555555555556,0.17845117845117844,0.037037037037037035,0.22895622895622897,0.7710437710437711,0.21548821548821548,195.0,139.0,0.4,0.6102564102564103,0.6666666666666666
3999,0.5286195286195287,0.2053872053872054,0.013468013468013467,0.25252525252525254,0.7474747474747475,0.21885521885521886,191.0,139.0,0.35602094240837695,0.612565445026178,0.6335078534031413
4000,0.5723905723905723,0.16161616161616163,0.037037037037037035,0.22895622895622897,0.7710437710437711,0.19865319865319866,184.0,130.0,0.3967391304347826,0.6195652173913043,0.6630434782608695
4001,0.5555555555555556,0.13131313131313133,0.04377104377104377,0.26936026936026936,0.7306397306397306,0.1750841750841751,197.0,147.0,0.38071065989847713,0.5583756345177665,0.6243654822335025
4002,0.5117845117845118,0.17845117845117844,0.04713804713804714,0.26262626262626265,0.7373737373737373,0.2255892255892256,200.0,145.0,0.375,0.58,0.64
4003,0.5723905723905723,0.16498316498316498,0.030303030303030304,0.23232323232323232,0.7676767676767676,0.19528619528619529,189.0,138.0,0.42857142857142855,0.6243386243386243,0.6666666666666666
4004,0.5218855218855218,0.16835016835016836,0.04713804713804714,0.26262626262626265,0.7373737373737373,0.21548821548821548,193.0,142.0,0.33678756476683935,0.5440414507772021,0.6113989637305699
4005,0.5589225589225589,0.17845117845117844,0.04713804713804714,0.21548821548821548,0.7845117845117845,0.2255892255892256,188.0,133.0,0.39893617021276595,0.6117021276595744,0.6808510638297872
4006,0.6026936026936027,0.12457912457912458,0.04377104377104377,0.22895622895622897,0.7710437710437711,0.16835016835016836,175.0,123.0,0.4,0.5771428571428572,0.6457142857142857
4007,0.5488215488215489,0.1717171717171717,0.013468013468013467,0.265993265993266,0.734006734006734,0.18518518518518517,192.0,138.0,0.3854166666666667,0.609375,0.6302083333333334
4008,0.5454545454545454,0.1717171717171717,0.03367003367003367,0.24915824915824916,0.7508417508417509,0.2053872053872054,186.0,135.0,0.3602150537634409,0.5591397849462365,0.6129032258064516
4009,0.5723905723905723,0.18518518518518517,0.04377104377104377,0.19865319865319866,0.8013468013468014,0.22895622895622897,180.0,131.0,0.36666666666666664,0.6277777777777778,0.6777777777777778
4010,0.5420875420875421,0.18518518518518517,0.03367003367003367,0.23905723905723905,0.7609427609427609,0.21885521885521886,191.0,140.0,0.39790575916230364,0.6020942408376964,0.6544502617801047
4011,0.5959595959595959,0.13804713804713806,0.04713804713804714,0.21885521885521886,0.7811447811447811,0.18518518518518517,180.0,126.0,0.40555555555555556,0.6,0.65
4012,0.5521885521885522,0.15824915824915825,0.04377104377104377,0.24579124579124578,0.7542087542087542,0.20202020202020202,184.0,130.0,0.391304347826087,0.5815217391304348,0.6413043478260869
4013,0.5723905723905723,0.1717171717171717,0.04040404040404041,0.21548821548821548,0.7845117845117845,0.21212121212121213,188.0,139.0,0.3723404255319149,0.6117021276595744,0.6702127659574468
4014,0.5084175084175084,0.1750841750841751,0.04377104377104377,0.2727272727272727,0.7272727272727273,0.21885521885521886,206.0,166.0,0.3446601941747573,0.5679611650485437,0.6262135922330098
4015,0.5959595959595959,0.1717171717171717,0.05387205387205387,0.17845117845117844,0.8215488215488216,0.2255892255892256,183.0,124.0,0.4262295081967213,0.644808743169399,0.7158469945355191
4016,0.5589225589225589,0.16835016835016836,0.050505050505050504,0.2222222222222222,0.7777777777777778,0.21885521885521886,193.0,138.0,0.40414507772020725,0.616580310880829,0.689119170984456
4017,0.5286195286195287,0.1717171717171717,0.06397306397306397,0.2356902356902357,0.7643097643097643,0.2356902356902357,200.0,146.0,0.375,0.585,0.66
4018,0.5757575757575758,0.1750841750841751,0.04713804713804714,0.20202020202020202,0.797979797979798,0.2222222222222222,177.0,125.0,0.4067796610169492,0.6384180790960452,0.7005649717514124
4019,0.5555555555555556,0.18181818181818182,0.026936026936026935,0.2356902356902357,0.7643097643097643,0.20875420875420875,185.0,132.0,0.372972972972973,0.6054054054054054,0.6432432432432432
4020,0.5252525252525253,0.1717171717171717,0.04713804713804714,0.2558922558922559,0.7441077441077442,0.21885521885521886,189.0,133.0,0.4021164021164021,0.5925925925925926,0.656084656084656
4021,0.5521885521885522,0.18181818181818182,0.04713804713804714,0.21885521885521886,0.7811447811447811,0.22895622895622897,187.0,137.0,0.3850267379679144,0.6096256684491979,0.6737967914438503
4022,0.5589225589225589,0.17845117845117844,0.050505050505050504,0.21212121212121213,0.7878787878787878,0.22895622895622897,188.0,138.0,0.3829787234042553,0.6170212765957447,0.6808510638297872
4023,0.5286195286195287,0.19865319865319866,0.05387205387205387,0.21885521885521886,0.7811447811447811,0.25252525252525254,192.0,147.0,0.3541666666666667,0.6041666666666666,0.6770833333333334
4024,0.5420875420875421,0.21548821548821548,0.04040404040404041,0.20202020202020202,0.797979797979798,0.2558922558922559,194.0,144.0,0.36082474226804123,0.6391752577319587,0.6958762886597938
4025,0.569023569023569,0.1447811447811448,0.06060606060606061,0.2255892255892256,0.7744107744107744,0.2053872053872054,187.0,139.0,0.37433155080213903,0.5775401069518716,0.6631016042780749
4026,0.5151515151515151,0.16835016835016836,0.050505050505050504,0.265993265993266,0.734006734006734,0.21885521885521886,194.0,141.0,0.3556701030927835,0.5773195876288659,0.6391752577319587
4027,0.569023569023569,0.15824915824915825,0.04040404040404041,0.23232323232323232,0.7676767676767676,0.19865319865319866,186.0,128.0,0.3978494623655914,0.6021505376344086,0.6451612903225806
4028,0.5791245791245792,0.15151515151515152,0.04040404040404041,0.22895622895622897,0.7710437710437711,0.1919191919191919,184.0,131.0,0.3967391304347826,0.6032608695652174,0.657608695652174
4029,0.4882154882154882,0.18181818181818182,0.04713804713804714,0.2828282828282828,0.7171717171717171,0.22895622895622897,209.0,161.0,0.3349282296650718,0.5406698564593302,0.6028708133971292
4030,0.5555555555555556,0.16161616161616163,0.06397306397306397,0.21885521885521886,0.7811447811447811,0.2255892255892256,193.0,142.0,0.40414507772020725,0.616580310880829,0.689119170984456
4031,0.5555555555555556,0.18181818181818182,0.05723905723905724,0.2053872053872054,0.7946127946127947,0.23905723905723905,187.0,137.0,0.3850267379679144,0.6363636363636364,0.6951871657754011
4032,0.5353535353535354,0.19865319865319866,0.06060606060606061,0.2053872053872054,0.7946127946127947,0.25925925925925924,190.0,143.0,0.3526315789473684,0.6263157894736842,0.7052631578947368
4033,0.5454545454545454,0.16498316498316498,0.06060606060606061,0.22895622895622897,0.7710437710437711,0.2255892255892256,193.0,141.0,0.36787564766839376,0.5854922279792746,0.6632124352331606
4034,0.5286195286195287,0.1750841750841751,0.06397306397306397,0.23232323232323232,0.7676767676767676,0.23905723905723905,185.0,131.0,0.3621621621621622,0.5891891891891892,0.6702702702702703
4035,0.5387205387205387,0.16835016835016836,0.050505050505050504,0.24242424242424243,0.7575757575757576,0.21885521885521886,192.0,139.0,0.375,0.5885416666666666,0.65625
4036,0.5454545454545454,0.18855218855218855,0.03367003367003367,0.23232323232323232,0.7676767676767676,0.2222222222222222,188.0,135.0,0.34574468085106386,0.5904255319148937,0.6436170212765957
4037,0.5420875420875421,0.18181818181818182,0.03367003367003367,0.24242424242424243,0.7575757575757576,0.21548821548821548,191.0,141.0,0.36649214659685864,0.612565445026178,0.6649214659685864
4038,0.5521885521885522,0.17845117845117844,0.08754208754208755,0.18181818181818182,0.8181818181818182,0.265993265993266,186.0,135.0,0.3763440860215054,0.6129032258064516,0.7150537634408602
4039,0.5521885521885522,0.17845117845117844,0.04040404040404041,0.22895622895622897,0.7710437710437711,0.21885521885521886,196.0,146.0,0.3979591836734694,0.6173469387755102,0.6785714285714286
4040,0.5521885521885522,0.16835016835016836,0.04040404040404041,0.23905723905723905,0.7609427609427609,0.20875420875420875,188.0,137.0,0.3882978723404255,0.5957446808510638,0.6436170212765957
4041,0.5185185185185185,0.18518518518518517,0.037037037037037035,0.25925925925925924,0.7407407407407407,0.2222222222222222,203.0,158.0,0.3497536945812808,0.5911330049261084,0.6354679802955665
4042,0.5488215488215489,0.1447811447811448,0.037037037037037035,0.26936026936026936,0.7306397306397306,0.18181818181818182,190.0,138.0,0.35789473684210527,0.5526315789473685,0.6
4043,0.5151515151515151,0.17845117845117844,0.04377104377104377,0.26262626262626265,0.7373737373737373,0.2222222222222222,197.0,148.0,0.34517766497461927,0.5685279187817259,0.6243654822335025
4044,0.5858585858585859,0.16498316498316498,0.0707070707070707,0.17845117845117844,0.8215488215488216,0.2356902356902357,185.0,131.0,0.4,0.6162162162162163,0.7189189189189189
4045,0.5723905723905723,0.18181818181818182,0.04713804713804714,0.19865319865319866,0.8013468013468014,0.22895622895622897,176.0,121.0,0.38636363636363635,0.625,0.6988636363636364
4046,0.5252525252525253,0.16161616161616163,0.05723905723905724,0.2558922558922559,0.7441077441077442,0.21885521885521886,190.0,142.0,0.33157894736842103,0.5263157894736842,0.6
4047,0.5218855218855218,0.1750841750841751,0.050505050505050504,0.25252525252525254,0.7474747474747475,0.2255892255892256,190.0,141.0,0.3631578947368421,0.5789473684210527,0.6368421052631579
4048,0.5050505050505051,0.18855218855218855,0.030303030303030304,0.2760942760942761,0.7239057239057239,0.21885521885521886,193.0,140.0,0.32124352331606215,0.5647668393782384,0.6010362694300518
4049,0.5622895622895623,0.16835016835016836,0.037037037037037035,0.23232323232323232,0.7676767676767676,0.2053872053872054,195.0,144.0,0.39487179487179486,0.6153846153846154,0.6666666666666666
4050,0.5084175084175084,0.1919191919191919,0.06734006734006734,0.23232323232323232,0.7676767676767676,0.25925925925925924,193.0,142.0,0.34196891191709844,0.5699481865284974,0.6632124352331606
4051,0.5791245791245792,0.15488215488215487,0.04377104377104377,0.2222222222222222,0.7777777777777778,0.19865319865319866,188.0,135.0,0.39361702127659576,0.6063829787234043,0.6702127659574468
4052,0.5925925925925926,0.13804713804713806,0.04713804713804714,0.2222222222222222,0.7777777777777778,0.18518518518518517,185.0,134.0,0.4,0.5783783783783784,0.6486486486486487
4053,0.5151515151515151,0.18181818181818182,0.06734006734006734,0.2356902356902357,0.7643097643097643,0.24915824915824916,191.0,142.0,0.33507853403141363,0.5706806282722513,0.6596858638743456
4054,0.5723905723905723,0.13804713804713806,0.03367003367003367,0.2558922558922559,0.7441077441077442,0.1717171717171717,190.0,140.0,0.3684210526315789,0.5631578947368421,0.6105263157894737
4055,0.5420875420875421,0.15151515151515152,0.050505050505050504,0.2558922558922559,0.7441077441077442,0.20202020202020202,194.0,138.0,0.36597938144329895,0.5721649484536082,0.6443298969072165
4056,0.6161616161616161,0.16498316498316498,0.04040404040404041,0.17845117845117844,0.8215488215488216,0.2053872053872054,173.0,123.0,0.3930635838150289,0.6416184971098265,0.7052023121387283
4057,0.5353535353535354,0.18181818181818182,0.037037037037037035,0.24579124579124578,0.7542087542087542,0.21885521885521886,190.0,136.0,0.3473684210526316,0.5842105263157895,0.6368421052631579
4058,0.5723905723905723,0.16835016835016836,0.04377104377104377,0.21548821548821548,0.7845117845117845,0.21212121212121213,189.0,131.0,0.42857142857142855,0.6190476190476191,0.6825396825396826
4059,0.5353535353535354,0.1717171717171717,0.037037037037037035,0.2558922558922559,0.7441077441077442,0.20875420875420875,203.0,151.0,0.3793103448275862,0.6009852216748769,0.6551724137931034
4060,0.5791245791245792,0.14814814814814814,0.05723905723905724,0.21548821548821548,0.7845117845117845,0.2053872053872054,189.0,135.0,0.41798941798941797,0.6137566137566137,0.6825396825396826
4061,0.5252525252525253,0.18855218855218855,0.06060606060606061,0.2255892255892256,0.7744107744107744,0.24915824915824916,190.0,138.0,0.35789473684210527,0.6052631578947368,0.6736842105263158
4062,0.5218855218855218,0.16161616161616163,0.050505050505050504,0.265993265993266,0.734006734006734,0.21212121212121213,199.0,151.0,0.3316582914572864,0.542713567839196,0.6180904522613065
4063,0.5286195286195287,0.21885521885521886,0.04377104377104377,0.20875420875420875,0.7912457912457912,0.26262626262626265,189.0,133.0,0.3915343915343915,0.6507936507936508,0.7142857142857143
4064,0.5454545454545454,0.1750841750841751,0.016835016835016835,0.26262626262626265,0.7373737373737373,0.1919191919191919,195.0,146.0,0.3641025641025641,0.5846153846153846,0.6102564102564103
4065,0.5656565656565656,0.19865319865319866,0.04040404040404041,0.19528619528619529,0.8047138047138047,0.23905723905723905,179.0,120.0,0.40782122905027934,0.6536312849162011,0.7094972067039106
4066,0.5555555555555556,0.17845117845117844,0.05387205387205387,0.21212121212121213,0.7878787878787878,0.23232323232323232,183.0,133.0,0.3770491803278688,0.6120218579234973,0.6885245901639344
4067,0.5050505050505051,0.18181818181818182,0.05387205387205387,0.25925925925925924,0.7407407407407407,0.2356902356902357,190.0,130.0,0.3526315789473684,0.5631578947368421,0.6263157894736842
4068,0.5555555555555556,0.1717171717171717,0.04377104377104377,0.22895622895622897,0.7710437710437711,0.21548821548821548,190.0,142.0,0.37894736842105264,0.6,0.6631578947368421
4069,0.5521885521885522,0.14814814814814814,0.050505050505050504,0.24915824915824916,0.7508417508417509,0.19865319865319866,194.0,141.0,0.38144329896907214,0.5824742268041238,0.6494845360824743
4070,0.5151515151515151,0.20202020202020202,0.05387205387205387,0.22895622895622897,0.7710437710437711,0.2558922558922559,183.0,131.0,0.36065573770491804,0.5956284153005464,0.6666666666666666
4071,0.5791245791245792,0.16161616161616163,0.030303030303030304,0.22895622895622897,0.7710437710437711,0.1919191919191919,185.0,135.0,0.4,0.6054054054054054,0.654054054054054
4072,0.5656565656565656,0.15824915824915825,0.037037037037037035,0.23905723905723905,0.7609427609427609,0.19528619528619529,186.0,134.0,0.3870967741935484,0.5860215053763441,0.6451612903225806
4073,0.5488215488215489,0.19528619528619529,0.026936026936026935,0.22895622895622897,0.7710437710437711,0.2222222222222222,198.0,148.0,0.3939393939393939,0.6414141414141414,0.6818181818181818
4074,0.5589225589225589,0.15824915824915825,0.037037037037037035,0.24579124579124578,0.7542087542087542,0.19528619528619529,181.0,130.0,0.35359116022099446,0.574585635359116,0.6243093922651933
4075,0.5521885521885522,0.20202020202020202,0.02356902356902357,0.2222222222222222,0.7777777777777778,0.2255892255892256,177.0,118.0,0.3672316384180791,0.6384180790960452,0.672316384180791
4076,0.5084175084175084,0.21885521885521886,0.04040404040404041,0.23232323232323232,0.7676767676767676,0.25925925925925924,195.0,142.0,0.3641025641025641,0.6102564102564103,0.6512820512820513
4077,0.5589225589225589,0.1717171717171717,0.04713804713804714,0.2222222222222222,0.7777777777777778,0.21885521885521886,188.0,141.0,0.35638297872340424,0.5851063829787234,0.6595744680851063
4078,0.6363636363636364,0.12121212121212122,0.03367003367003367,0.20875420875420875,0.7912457912457912,0.15488215488215487,171.0,111.0,0.43859649122807015,0.6081871345029239,0.6608187134502924
4079,0.5521885521885522,0.18518518518518517,0.037037037037037035,0.2255892255892256,0.7744107744107744,0.2222222222222222,193.0,143.0,0.38860103626943004,0.6217616580310881,0.6787564766839378
4080,0.5286195286195287,0.19528619528619529,0.05387205387205387,0.2222222222222222,0.7777777777777778,0.24915824915824916,189.0,137.0,0.37037037037037035,0.6137566137566137,0.6772486772486772
4081,0.5791245791245792,0.16835016835016836,0.06060606060606061,0.1919191919191919,0.8080808080808081,0.22895622895622897,180.0,126.0,0.3888888888888889,0.6277777777777778,0.6944444444444444
4082,0.5589225589225589,0.1919191919191919,0.037037037037037035,0.21212121212121213,0.7878787878787878,0.22895622895622897,192.0,143.0,0.3802083333333333,0.6458333333333334,0.6979166666666666
4083,0.5555555555555556,0.18181818181818182,0.05723905723905724,0.2053872053872054,0.7946127946127947,0.23905723905723905,179.0,128.0,0.3743016759776536,0.6145251396648045,0.6983240223463687
4084,0.5622895622895623,0.17845117845117844,0.05387205387205387,0.2053872053872054,0.7946127946127947,0.23232323232323232,183.0,124.0,0.3825136612021858,0.6010928961748634,0.6830601092896175
4085,0.531986531986532,0.15488215488215487,0.050505050505050504,0.26262626262626265,0.7373737373737373,0.2053872053872054,197.0,148.0,0.37055837563451777,0.5634517766497462,0.6294416243654822
4086,0.5454545454545454,0.16835016835016836,0.05723905723905724,0.22895622895622897,0.7710437710437711,0.2255892255892256,188.0,136.0,0.3776595744680851,0.5797872340425532,0.6542553191489362
4087,0.5858585858585859,0.16498316498316498,0.050505050505050504,0.19865319865319866,0.8013468013468014,0.21548821548821548,174.0,113.0,0.39080459770114945,0.603448275862069,0.6781609195402298
4088,0.5151515151515151,0.1919191919191919,0.037037037037037035,0.2558922558922559,0.7441077441077442,0.22895622895622897,197.0,146.0,0.38071065989847713,0.5989847715736041,0.6446700507614214
4089,0.569023569023569,0.14814814814814814,0.050505050505050504,0.23232323232323232,0.7676767676767676,0.19865319865319866,188.0,137.0,0.3882978723404255,0.5691489361702128,0.6382978723404256
4090,0.5656565656565656,0.17845117845117844,0.03367003367003367,0.2222222222222222,0.7777777777777778,0.21212121212121213,187.0,132.0,0.40641711229946526,0.6363636363636364,0.679144385026738
4091,0.5185185185185185,0.16835016835016836,0.030303030303030304,0.2828282828282828,0.7171717171717171,0.19865319865319866,204.0,156.0,0.3382352941176471,0.553921568627451,0.5980392156862745
4092,0.5387205387205387,0.19865319865319866,0.05387205387205387,0.20875420875420875,0.7912457912457912,0.25252525252525254,194.0,142.0,0.37628865979381443,0.6237113402061856,0.6907216494845361
4093,0.5050505050505051,0.19528619528619529,0.020202020202020204,0.27946127946127947,0.7205387205387206,0.21548821548821548,193.0,143.0,0.32642487046632124,0.5803108808290155,0.6062176165803109
4094,0.5218855218855218,0.18518518518518517,0.06060606060606061,0.23232323232323232,0.7676767676767676,0.24579124579124578,191.0,137.0,0.3612565445026178,0.5863874345549738,0.6596858638743456
4095,0.5353535353535354,0.1447811447811448,0.0707070707070707,0.24915824915824916,0.7508417508417509,0.21548821548821548,197.0,146.0,0.350253807106599,0.5532994923857868,0.6345177664974619
4096,0.5218855218855218,0.21548821548821548,0.04377104377104377,0.21885521885521886,0.7811447811447811,0.25925925925925924,197.0,141.0,0.39086294416243655,0.6395939086294417,0.6903553299492385
4097,0.5420875420875421,0.20202020202020202,0.030303030303030304,0.2255892255892256,0.7744107744107744,0.23232323232323232,184.0,132.0,0.3532608695652174,0.6195652173913043,0.6630434782608695
4098,0.5521885521885522,0.1750841750841751,0.04713804713804714,0.2255892255892256,0.7744107744107744,0.2222222222222222,192.0,144.0,0.3854166666666667,0.609375,0.6666666666666666
4099,0.5454545454545454,0.17845117845117844,0.04713804713804714,0.22895622895622897,0.7710437710437711,0.2255892255892256,201.0,152.0,0.39303482587064675,0.6019900497512438,0.6666666666666666
4100,0.5218855218855218,0.19865319865319866,0.037037037037037035,0.24242424242424243,0.7575757575757576,0.2356902356902357,191.0,138.0,0.3612565445026178,0.581151832460733,0.6282722513089005
4101,0.6026936026936027,0.13804713804713806,0.037037037037037035,0.2222222222222222,0.7777777777777778,0.1750841750841751,178.0,124.0,0.4101123595505618,0.5898876404494382,0.6460674157303371
4102,0.5791245791245792,0.1919191919191919,0.050505050505050504,0.17845117845117844,0.8215488215488216,0.24242424242424243,184.0,135.0,0.3804347826086957,0.6467391304347826,0.717391304347826
4103,0.5387205387205387,0.16498316498316498,0.050505050505050504,0.24579124579124578,0.7542087542087542,0.21548821548821548,184.0,130.0,0.375,0.5760869565217391,0.6358695652173914
4104,0.5420875420875421,0.1717171717171717,0.05387205387205387,0.23232323232323232,0.7676767676767676,0.2255892255892256,197.0,157.0,0.3604060913705584,0.5786802030456852,0.649746192893401
4105,0.5521885521885522,0.16161616161616163,0.04713804713804714,0.23905723905723905,0.7609427609427609,0.20875420875420875,194.0,146.0,0.36597938144329895,0.5824742268041238,0.654639175257732
4106,0.468013468013468,0.1919191919191919,0.0707070707070707,0.26936026936026936,0.7306397306397306,0.26262626262626265,210.0,164.0,0.3238095238095238,0.5428571428571428,0.6285714285714286
4107,0.5151515151515151,0.1750841750841751,0.050505050505050504,0.25925925925925924,0.7407407407407407,0.2255892255892256,200.0,155.0,0.35,0.56,0.625
4108,0.531986531986532,0.16498316498316498,0.04040404040404041,0.26262626262626265,0.7373737373737373,0.2053872053872054,181.0,120.0,0.3425414364640884,0.5469613259668509,0.5966850828729282
4109,0.5117845117845118,0.1919191919191919,0.04377104377104377,0.25252525252525254,0.7474747474747475,0.2356902356902357,196.0,141.0,0.3622448979591837,0.5816326530612245,0.6479591836734694
4110,0.5824915824915825,0.1750841750841751,0.04377104377104377,0.19865319865319866,0.8013468013468014,0.21885521885521886,175.0,121.0,0.4114285714285714,0.6342857142857142,0.6914285714285714
4111,0.5151515151515151,0.1919191919191919,0.0707070707070707,0.2222222222222222,0.7777777777777778,0.26262626262626265,200.0,149.0,0.36,0.595,0.69
4112,0.5791245791245792,0.13468013468013468,0.037037037037037035,0.24915824915824916,0.7508417508417509,0.1717171717171717,184.0,135.0,0.40217391304347827,0.5815217391304348,0.6304347826086957
4113,0.5959595959595959,0.1447811447811448,0.037037037037037035,0.2222222222222222,0.7777777777777778,0.18181818181818182,181.0,131.0,0.4088397790055249,0.6022099447513812,0.6519337016574586
4114,0.5286195286195287,0.16835016835016836,0.06060606060606061,0.24242424242424243,0.7575757575757576,0.22895622895622897,197.0,153.0,0.34517766497461927,0.5685279187817259,0.6548223350253807
4115,0.5454545454545454,0.17845117845117844,0.06060606060606061,0.21548821548821548,0.7845117845117845,0.23905723905723905,184.0,132.0,0.3641304347826087,0.5978260869565217,0.6684782608695652
4116,0.5993265993265994,0.11784511784511785,0.050505050505050504,0.23232323232323232,0.7676767676767676,0.16835016835016836,184.0,134.0,0.41304347826086957,0.5815217391304348,0.6630434782608695
4117,0.5185185185185185,0.16498316498316498,0.06060606060606061,0.2558922558922559,0.7441077441077442,0.2255892255892256,193.0,140.0,0.3626943005181347,0.5595854922279793,0.6373056994818653
4118,0.5622895622895623,0.19528619528619529,0.016835016835016835,0.2255892255892256,0.7744107744107744,0.21212121212121213,189.0,147.0,0.35978835978835977,0.6243386243386243,0.6507936507936508
4119,0.5420875420875421,0.1750841750841751,0.04040404040404041,0.24242424242424243,0.7575757575757576,0.21548821548821548,191.0,141.0,0.38219895287958117,0.5968586387434555,0.6387434554973822
4120,0.5488215488215489,0.1717171717171717,0.04040404040404041,0.23905723905723905,0.7609427609427609,0.21212121212121213,191.0,138.0,0.4031413612565445,0.6020942408376964,0.6492146596858639
4121,0.49158249158249157,0.19528619528619529,0.06734006734006734,0.24579124579124578,0.7542087542087542,0.26262626262626265,200.0,151.0,0.35,0.555,0.65
4122,0.6195286195286195,0.14814814814814814,0.05387205387205387,0.17845117845117844,0.8215488215488216,0.20202020202020202,177.0,120.0,0.4406779661016949,0.6271186440677966,0.7005649717514124
4123,0.5117845117845118,0.18855218855218855,0.0707070707070707,0.22895622895622897,0.7710437710437711,0.25925925925925924,185.0,135.0,0.32972972972972975,0.5513513513513514,0.6594594594594595
4124,0.5555555555555556,0.19528619528619529,0.037037037037037035,0.21212121212121213,0.7878787878787878,0.23232323232323232,191.0,135.0,0.4083769633507853,0.675392670157068,0.7225130890052356
4125,0.5488215488215489,0.19528619528619529,0.050505050505050504,0.2053872053872054,0.7946127946127947,0.24579124579124578,181.0,129.0,0.36464088397790057,0.5966850828729282,0.6685082872928176
4126,0.569023569023569,0.16835016835016836,0.037037037037037035,0.2255892255892256,0.7744107744107744,0.2053872053872054,177.0,116.0,0.3954802259887006,0.615819209039548,0.655367231638418
4127,0.5622895622895623,0.1414141414141414,0.05387205387205387,0.24242424242424243,0.7575757575757576,0.19528619528619529,190.0,140.0,0.38421052631578945,0.5789473684210527,0.6526315789473685
4128,0.5656565656565656,0.13804713804713806,0.04040404040404041,0.2558922558922559,0.7441077441077442,0.17845117845117844,180.0,121.0,0.3888888888888889,0.5722222222222222,0.6222222222222222
4129,0.5521885521885522,0.18855218855218855,0.05723905723905724,0.20202020202020202,0.797979797979798,0.24579124579124578,193.0,140.0,0.37823834196891193,0.6269430051813472,0.7098445595854922
4130,0.5454545454545454,0.1717171717171717,0.050505050505050504,0.23232323232323232,0.7676767676767676,0.2222222222222222,180.0,130.0,0.3888888888888889,0.5833333333333334,0.6444444444444445
4131,0.5117845117845118,0.17845117845117844,0.05387205387205387,0.2558922558922559,0.7441077441077442,0.23232323232323232,197.0,143.0,0.38578680203045684,0.5989847715736041,0.6598984771573604
4132,0.5420875420875421,0.17845117845117844,0.06397306397306397,0.21548821548821548,0.7845117845117845,0.24242424242424243,190.0,143.0,0.3631578947368421,0.6,0.6789473684210526
4133,0.5791245791245792,0.16835016835016836,0.050505050505050504,0.20202020202020202,0.797979797979798,0.21885521885521886,183.0,126.0,0.39344262295081966,0.6229508196721312,0.6994535519125683
4134,0.5286195286195287,0.23905723905723905,0.050505050505050504,0.18181818181818182,0.8181818181818182,0.2895622895622896,188.0,133.0,0.3723404255319149,0.6595744680851063,0.7287234042553191
4135,0.5420875420875421,0.1919191919191919,0.06060606060606061,0.2053872053872054,0.7946127946127947,0.25252525252525254,185.0,133.0,0.41621621621621624,0.6108108108108108,0.6810810810810811
4136,0.5757575757575758,0.15151515151515152,0.050505050505050504,0.2222222222222222,0.7777777777777778,0.20202020202020202,176.0,125.0,0.38636363636363635,0.6022727272727273,0.6647727272727273
4137,0.5286195286195287,0.16161616161616163,0.0707070707070707,0.23905723905723905,0.7609427609427609,0.23232323232323232,184.0,134.0,0.391304347826087,0.5815217391304348,0.6739130434782609
4138,0.5117845117845118,0.16835016835016836,0.06060606060606061,0.25925925925925924,0.7407407407407407,0.22895622895622897,190.0,142.0,0.3368421052631579,0.5473684210526316,0.631578947368421
4139,0.5488215488215489,0.18181818181818182,0.04040404040404041,0.22895622895622897,0.7710437710437711,0.2222222222222222,192.0,135.0,0.3958333333333333,0.6197916666666666,0.6770833333333334
4140,0.5656565656565656,0.16835016835016836,0.037037037037037035,0.22895622895622897,0.7710437710437711,0.2053872053872054,188.0,136.0,0.3829787234042553,0.6063829787234043,0.6595744680851063
4141,0.5286195286195287,0.15824915824915825,0.03367003367003367,0.27946127946127947,0.7205387205387206,0.1919191919191919,194.0,147.0,0.3247422680412371,0.5515463917525774,0.6030927835051546
4142,0.569023569023569,0.16161616161616163,0.050505050505050504,0.21885521885521886,0.7811447811447811,0.21212121212121213,179.0,128.0,0.3743016759776536,0.5977653631284916,0.659217877094972
4143,0.5656565656565656,0.15824915824915825,0.03367003367003367,0.24242424242424243,0.7575757575757576,0.1919191919191919,186.0,137.0,0.3870967741935484,0.5967741935483871,0.6397849462365591
4144,0.5420875420875421,0.18181818181818182,0.06060606060606061,0.21548821548821548,0.7845117845117845,0.24242424242424243,196.0,149.0,0.3877551020408163,0.6173469387755102,0.6836734693877551
4145,0.5858585858585859,0.16498316498316498,0.02356902356902357,0.2255892255892256,0.7744107744107744,0.18855218855218855,182.0,127.0,0.41208791208791207,0.6263736263736264,0.6648351648351648
4146,0.5218855218855218,0.18181818181818182,0.05387205387205387,0.24242424242424243,0.7575757575757576,0.2356902356902357,200.0,149.0,0.35,0.59,0.655
4147,0.5791245791245792,0.1414141414141414,0.037037037037037035,0.24242424242424243,0.7575757575757576,0.17845117845117844,187.0,141.0,0.39037433155080214,0.5935828877005348,0.6417112299465241
4148,0.5791245791245792,0.1414141414141414,0.06060606060606061,0.21885521885521886,0.7811447811447811,0.20202020202020202,188.0,142.0,0.39361702127659576,0.601063829787234,0.675531914893617
4149,0.47474747474747475,0.2053872053872054,0.04040404040404041,0.27946127946127947,0.7205387205387206,0.24579124579124578,205.0,158.0,0.32195121951219513,0.5560975609756098,0.6097560975609756
4150,0.5622895622895623,0.16161616161616163,0.04377104377104377,0.23232323232323232,0.7676767676767676,0.2053872053872054,188.0,130.0,0.4148936170212766,0.5957446808510638,0.6542553191489362
4151,0.5252525252525253,0.13804713804713806,0.08080808080808081,0.2558922558922559,0.7441077441077442,0.21885521885521886,200.0,154.0,0.36,0.545,0.65
4152,0.5656565656565656,0.18518518518518517,0.07744107744107744,0.1717171717171717,0.8282828282828283,0.26262626262626265,183.0,128.0,0.40437158469945356,0.6174863387978142,0.73224043715847
4153,0.5723905723905723,0.1717171717171717,0.04040404040404041,0.21548821548821548,0.7845117845117845,0.21212121212121213,183.0,126.0,0.3989071038251366,0.6174863387978142,0.6721311475409836
4154,0.4983164983164983,0.20202020202020202,0.04377104377104377,0.2558922558922559,0.7441077441077442,0.24579124579124578,198.0,149.0,0.3333333333333333,0.5858585858585859,0.6313131313131313
4155,0.5353535353535354,0.18518518518518517,0.04377104377104377,0.2356902356902357,0.7643097643097643,0.22895622895622897,187.0,137.0,0.37433155080213903,0.6042780748663101,0.6631016042780749
4156,0.5151515151515151,0.1717171717171717,0.06734006734006734,0.24579124579124578,0.7542087542087542,0.23905723905723905,182.0,127.0,0.3626373626373626,0.5604395604395604,0.6428571428571429
4157,0.5858585858585859,0.13468013468013468,0.037037037037037035,0.24242424242424243,0.7575757575757576,0.1717171717171717,180.0,126.0,0.39444444444444443,0.5666666666666667,0.6111111111111112
4158,0.5791245791245792,0.13131313131313133,0.05387205387205387,0.2356902356902357,0.7643097643097643,0.18518518518518517,185.0,127.0,0.41621621621621624,0.5837837837837838,0.6486486486486487
4159,0.4781144781144781,0.20202020202020202,0.04713804713804714,0.2727272727272727,0.7272727272727273,0.24915824915824916,197.0,149.0,0.3248730964467005,0.5786802030456852,0.6243654822335025
4160,0.5589225589225589,0.18518518518518517,0.037037037037037035,0.21885521885521886,0.7811447811447811,0.2222222222222222,183.0,132.0,0.366120218579235,0.6065573770491803,0.6557377049180327
4161,0.5824915824915825,0.1414141414141414,0.04040404040404041,0.2356902356902357,0.7643097643097643,0.18181818181818182,187.0,139.0,0.39037433155080214,0.5828877005347594,0.6417112299465241
4162,0.5791245791245792,0.18181818181818182,0.013468013468013467,0.2255892255892256,0.7744107744107744,0.19528619528619529,180.0,124.0,0.40555555555555556,0.6388888888888888,0.6611111111111111
4163,0.5555555555555556,0.16161616161616163,0.04040404040404041,0.24242424242424243,0.7575757575757576,0.20202020202020202,194.0,147.0,0.36082474226804123,0.5876288659793815,0.634020618556701
4164,0.5420875420875421,0.1919191919191919,0.037037037037037035,0.22895622895622897,0.7710437710437711,0.22895622895622897,193.0,145.0,0.38860103626943004,0.6321243523316062,0.6839378238341969
4165,0.5791245791245792,0.18855218855218855,0.026936026936026935,0.2053872053872054,0.7946127946127947,0.21548821548821548,181.0,129.0,0.39226519337016574,0.6519337016574586,0.6795580110497238
4166,0.569023569023569,0.15151515151515152,0.04040404040404041,0.23905723905723905,0.7609427609427609,0.1919191919191919,184.0,124.0,0.391304347826087,0.6032608695652174,0.6684782608695652
4167,0.5454545454545454,0.16498316498316498,0.037037037037037035,0.25252525252525254,0.7474747474747475,0.20202020202020202,200.0,149.0,0.375,0.59,0.64
4168,0.5555555555555556,0.18181818181818182,0.02356902356902357,0.23905723905723905,0.7609427609427609,0.2053872053872054,187.0,140.0,0.3689839572192513,0.6042780748663101,0.6363636363636364
4169,0.5488215488215489,0.1750841750841751,0.04713804713804714,0.22895622895622897,0.7710437710437711,0.2222222222222222,191.0,137.0,0.387434554973822,0.612565445026178,0.675392670157068
4170,0.5656565656565656,0.16835016835016836,0.04713804713804714,0.21885521885521886,0.7811447811447811,0.21548821548821548,180.0,117.0,0.4,0.6166666666666667,0.6777777777777778
4171,0.4713804713804714,0.19528619528619529,0.05723905723905724,0.2760942760942761,0.7239057239057239,0.25252525252525254,206.0,158.0,0.3155339805825243,0.5388349514563107,0.616504854368932
4172,0.5218855218855218,0.15824915824915825,0.05387205387205387,0.265993265993266,0.734006734006734,0.21212121212121213,191.0,138.0,0.35602094240837695,0.5497382198952879,0.6230366492146597
4173,0.5353535353535354,0.16835016835016836,0.03367003367003367,0.26262626262626265,0.7373737373737373,0.20202020202020202,188.0,133.0,0.3723404255319149,0.574468085106383,0.6170212765957447
4174,0.5488215488215489,0.14814814814814814,0.026936026936026935,0.2760942760942761,0.7239057239057239,0.1750841750841751,188.0,139.0,0.3723404255319149,0.574468085106383,0.6117021276595744
4175,0.5117845117845118,0.18181818181818182,0.050505050505050504,0.2558922558922559,0.7441077441077442,0.23232323232323232,205.0,156.0,0.33658536585365856,0.5707317073170731,0.6439024390243903
4176,0.5555555555555556,0.20202020202020202,0.04377104377104377,0.19865319865319866,0.8013468013468014,0.24579124579124578,172.0,109.0,0.36627906976744184,0.627906976744186,0.6802325581395349
4177,0.5656565656565656,0.1919191919191919,0.04713804713804714,0.19528619528619529,0.8047138047138047,0.23905723905723905,180.0,126.0,0.3888888888888889,0.6222222222222222,0.6833333333333333
4178,0.5757575757575758,0.17845117845117844,0.030303030303030304,0.21548821548821548,0.7845117845117845,0.20875420875420875,177.0,115.0,0.3898305084745763,0.6214689265536724,0.672316384180791
4179,0.5757575757575758,0.18181818181818182,0.03367003367003367,0.20875420875420875,0.7912457912457912,0.21548821548821548,193.0,144.0,0.39378238341968913,0.6373056994818653,0.6839378238341969
4180,0.5286195286195287,0.1919191919191919,0.05723905723905724,0.2222222222222222,0.7777777777777778,0.24915824915824916,193.0,144.0,0.35751295336787564,0.5906735751295337,0.6683937823834197
4181,0.5286195286195287,0.16498316498316498,0.06734006734006734,0.23905723905723905,0.7609427609427609,0.23232323232323232,198.0,149.0,0.3787878787878788,0.5858585858585859,0.6717171717171717
4182,0.5218855218855218,0.1919191919191919,0.050505050505050504,0.2356902356902357,0.7643097643097643,0.24242424242424243,188.0,133.0,0.3776595744680851,0.6117021276595744,0.6648936170212766
4183,0.5521885521885522,0.1750841750841751,0.050505050505050504,0.2222222222222222,0.7777777777777778,0.2255892255892256,187.0,131.0,0.37433155080213903,0.5775401069518716,0.6524064171122995
4184,0.5420875420875421,0.20875420875420875,0.030303030303030304,0.21885521885521886,0.7811447811447811,0.23905723905723905,189.0,133.0,0.38095238095238093,0.6296296296296297,0.6772486772486772
4185,0.4882154882154882,0.1750841750841751,0.04377104377104377,0.29292929292929293,0.7070707070707071,0.21885521885521886,200.0,143.0,0.34,0.54,0.6
4186,0.5555555555555556,0.21212121212121213,0.05387205387205387,0.17845117845117844,0.8215488215488216,0.265993265993266,181.0,126.0,0.36464088397790057,0.6629834254143646,0.7237569060773481
4187,0.5084175084175084,0.19528619528619529,0.04713804713804714,0.24915824915824916,0.7508417508417509,0.24242424242424243,188.0,132.0,0.32978723404255317,0.574468085106383,0.6436170212765957
4188,0.569023569023569,0.13804713804713806,0.037037037037037035,0.2558922558922559,0.7441077441077442,0.1750841750841751,188.0,134.0,0.3829787234042553,0.5904255319148937,0.6382978723404256
4189,0.531986531986532,0.21548821548821548,0.06060606060606061,0.1919191919191919,0.8080808080808081,0.2760942760942761,185.0,132.0,0.40540540540540543,0.6432432432432432,0.7189189189189189
4190,0.5723905723905723,0.12794612794612795,0.06397306397306397,0.2356902356902357,0.7643097643097643,0.1919191919191919,183.0,129.0,0.3770491803278688,0.5519125683060109,0.639344262295082
4191,0.5824915824915825,0.16498316498316498,0.04713804713804714,0.2053872053872054,0.7946127946127947,0.21212121212121213,177.0,122.0,0.3954802259887006,0.615819209039548,0.672316384180791
4192,0.5555555555555556,0.19528619528619529,0.037037037037037035,0.21212121212121213,0.7878787878787878,0.23232323232323232,185.0,125.0,0.3783783783783784,0.6162162162162163,0.6756756756756757
4193,0.5892255892255892,0.11784511784511785,0.04713804713804714,0.24579124579124578,0.7542087542087542,0.16498316498316498,181.0,130.0,0.39226519337016574,0.569060773480663,0.6298342541436464
4194,0.5387205387205387,0.18855218855218855,0.0707070707070707,0.20202020202020202,0.797979797979798,0.25925925925925924,198.0,155.0,0.3787878787878788,0.6262626262626263,0.7070707070707071
4195,0.6026936026936027,0.1750841750841751,0.04040404040404041,0.18181818181818182,0.8181818181818182,0.21548821548821548,181.0,127.0,0.4198895027624309,0.6519337016574586,0.7182320441988951
4196,0.5488215488215489,0.15824915824915825,0.030303030303030304,0.26262626262626265,0.7373737373737373,0.18855218855218855,195.0,139.0,0.37948717948717947,0.5794871794871795,0.6205128205128205
4197,0.5454545454545454,0.18855218855218855,0.06060606060606061,0.2053872053872054,0.7946127946127947,0.24915824915824916,189.0,144.0,0.36507936507936506,0.6137566137566137,0.6931216931216931
4198,0.4983164983164983,0.18518518518518517,0.050505050505050504,0.265993265993266,0.734006734006734,0.2356902356902357,198.0,147.0,0.3484848484848485,0.5808080808080808,0.6363636363636364
4199,0.5252525252525253,0.19528619528619529,0.06397306397306397,0.21548821548821548,0.7845117845117845,0.25925925925925924,184.0,133.0,0.34782608695652173,0.6032608695652174,0.6847826086956522
4200,0.5016835016835017,0.1717171717171717,0.04040404040404041,0.28619528619528617,0.7138047138047138,0.21212121212121213,202.0,161.0,0.32673267326732675,0.5396039603960396,0.594059405940594
4201,0.5757575757575758,0.15151515151515152,0.04377104377104377,0.22895622895622897,0.7710437710437711,0.19528619528619529,186.0,129.0,0.3978494623655914,0.5967741935483871,0.6612903225806451
4202,0.5353535353535354,0.17845117845117844,0.04713804713804714,0.23905723905723905,0.7609427609427609,0.2255892255892256,193.0,144.0,0.37305699481865284,0.5803108808290155,0.6528497409326425
4203,0.5252525252525253,0.1717171717171717,0.06060606060606061,0.24242424242424243,0.7575757575757576,0.23232323232323232,198.0,154.0,0.3686868686868687,0.5808080808080808,0.6464646464646465
4204,0.5622895622895623,0.16498316498316498,0.04040404040404041,0.23232323232323232,0.7676767676767676,0.2053872053872054,177.0,119.0,0.384180790960452,0.5932203389830508,0.6497175141242938
4205,0.5420875420875421,0.15824915824915825,0.026936026936026935,0.2727272727272727,0.7272727272727273,0.18518518518518517,195.0,144.0,0.37948717948717947,0.5794871794871795,0.6102564102564103
4206,0.5824915824915825,0.1447811447811448,0.04377104377104377,0.22895622895622897,0.7710437710437711,0.18855218855218855,184.0,135.0,0.3858695652173913,0.5869565217391305,0.657608695652174
4207,0.5723905723905723,0.18181818181818182,0.037037037037037035,0.20875420875420875,0.7912457912457912,0.21885521885521886,178.0,121.0,0.38764044943820225,0.6179775280898876,0.6629213483146067
4208,0.5387205387205387,0.1717171717171717,0.04040404040404041,0.24915824915824916,0.7508417508417509,0.21212121212121213,197.0,153.0,0.3756345177664975,0.5786802030456852,0.6395939086294417
4209,0.5286195286195287,0.1919191919191919,0.05723905723905724,0.2222222222222222,0.7777777777777778,0.24915824915824916,189.0,129.0,0.35978835978835977,0.5925925925925926,0.6666666666666666
4210,0.5488215488215489,0.20202020202020202,0.050505050505050504,0.19865319865319866,0.8013468013468014,0.25252525252525254,177.0,121.0,0.3728813559322034,0.6271186440677966,0.7062146892655368
4211,0.5656565656565656,0.19528619528619529,0.016835016835016835,0.2222222222222222,0.7777777777777778,0.21212121212121213,181.0,134.0,0.39226519337016574,0.6132596685082873,0.6408839779005525
4212,0.5353535353535354,0.18518518518518517,0.06060606060606061,0.21885521885521886,0.7811447811447811,0.24579124579124578,179.0,126.0,0.35195530726256985,0.5921787709497207,0.664804469273743
4213,0.5993265993265994,0.1414141414141414,0.03367003367003367,0.2255892255892256,0.7744107744107744,0.1750841750841751,176.0,118.0,0.3977272727272727,0.6022727272727273,0.6590909090909091
4214,0.5488215488215489,0.17845117845117844,0.037037037037037035,0.2356902356902357,0.7643097643097643,0.21548821548821548,190.0,140.0,0.3736842105263158,0.5947368421052631,0.6473684210526316
4215,0.5185185185185185,0.2053872053872054,0.03367003367003367,0.24242424242424243,0.7575757575757576,0.23905723905723905,195.0,138.0,0.37435897435897436,0.6051282051282051,0.6461538461538462
4216,0.5353535353535354,0.19528619528619529,0.026936026936026935,0.24242424242424243,0.7575757575757576,0.2222222222222222,194.0,146.0,0.38144329896907214,0.6134020618556701,0.6494845360824743
4217,0.5656565656565656,0.15488215488215487,0.04040404040404041,0.23905723905723905,0.7609427609427609,0.19528619528619529,175.0,117.0,0.4,0.5828571428571429,0.6457142857142857
4218,0.5353535353535354,0.20875420875420875,0.04040404040404041,0.21548821548821548,0.7845117845117845,0.24915824915824916,194.0,142.0,0.38144329896907214,0.6391752577319587,0.6958762886597938
4219,0.5353535353535354,0.17845117845117844,0.05723905723905724,0.22895622895622897,0.7710437710437711,0.2356902356902357,193.0,141.0,0.36787564766839376,0.5906735751295337,0.6735751295336787
4220,0.5151515151515151,0.20202020202020202,0.05723905723905724,0.2255892255892256,0.7744107744107744,0.25925925925925924,194.0,145.0,0.3711340206185567,0.5979381443298969,0.6752577319587629
4221,0.5589225589225589,0.16498316498316498,0.06060606060606061,0.21548821548821548,0.7845117845117845,0.2255892255892256,183.0,133.0,0.37158469945355194,0.5956284153005464,0.6612021857923497
4222,0.5791245791245792,0.15824915824915825,0.04040404040404041,0.2222222222222222,0.7777777777777778,0.19865319865319866,191.0,147.0,0.387434554973822,0.6073298429319371,0.6596858638743456
4223,0.5488215488215489,0.15824915824915825,0.04377104377104377,0.24915824915824916,0.7508417508417509,0.20202020202020202,185.0,132.0,0.372972972972973,0.5621621621621622,0.6270270270270271
4224,0.5589225589225589,0.18518518518518517,0.04713804713804714,0.20875420875420875,0.7912457912457912,0.23232323232323232,183.0,132.0,0.366120218579235,0.6229508196721312,0.6775956284153005
4225,0.5117845117845118,0.1750841750841751,0.050505050505050504,0.26262626262626265,0.7373737373737373,0.2255892255892256,195.0,145.0,0.358974358974359,0.5743589743589743,0.6410256410256411
4226,0.5387205387205387,0.2255892255892256,0.04377104377104377,0.1919191919191919,0.8080808080808081,0.26936026936026936,190.0,133.0,0.3684210526315789,0.6631578947368421,0.7210526315789474
4227,0.5420875420875421,0.15824915824915825,0.04713804713804714,0.25252525252525254,0.7474747474747475,0.2053872053872054,189.0,138.0,0.36507936507936506,0.5661375661375662,0.6243386243386243
4228,0.5218855218855218,0.16835016835016836,0.05387205387205387,0.2558922558922559,0.7441077441077442,0.2222222222222222,196.0,146.0,0.3622448979591837,0.5663265306122449,0.6428571428571429
4229,0.6127946127946128,0.1447811447811448,0.04377104377104377,0.19865319865319866,0.8013468013468014,0.18855218855218855,178.0,123.0,0.43258426966292135,0.6348314606741573,0.6853932584269663
4230,0.5656565656565656,0.18518518518518517,0.04040404040404041,0.20875420875420875,0.7912457912457912,0.2255892255892256,189.0,139.0,0.42328042328042326,0.656084656084656,0.7037037037037037
4231,0.5589225589225589,0.18855218855218855,0.04713804713804714,0.2053872053872054,0.7946127946127947,0.2356902356902357,179.0,129.0,0.3743016759776536,0.6201117318435754,0.6815642458100558
4232,0.5791245791245792,0.16498316498316498,0.05723905723905724,0.19865319865319866,0.8013468013468014,0.2222222222222222,182.0,133.0,0.4175824175824176,0.6263736263736264,0.6868131868131868
4233,0.5791245791245792,0.17845117845117844,0.026936026936026935,0.21548821548821548,0.7845117845117845,0.2053872053872054,189.0,136.0,0.41798941798941797,0.656084656084656,0.6878306878306878
4234,0.5959595959595959,0.15488215488215487,0.05387205387205387,0.19528619528619529,0.8047138047138047,0.20875420875420875,178.0,117.0,0.4101123595505618,0.6348314606741573,0.702247191011236
4235,0.6262626262626263,0.14814814814814814,0.04713804713804714,0.17845117845117844,0.8215488215488216,0.19528619528619529,168.0,113.0,0.42857142857142855,0.6309523809523809,0.7083333333333334
4236,0.5791245791245792,0.1717171717171717,0.04377104377104377,0.2053872053872054,0.7946127946127947,0.21548821548821548,182.0,132.0,0.3901098901098901,0.6098901098901099,0.6648351648351648
4237,0.5420875420875421,0.18518518518518517,0.04713804713804714,0.2255892255892256,0.7744107744107744,0.23232323232323232,186.0,134.0,0.3655913978494624,0.6129032258064516,0.6720430107526881
4238,0.5589225589225589,0.2053872053872054,0.03367003367003367,0.20202020202020202,0.797979797979798,0.23905723905723905,186.0,127.0,0.3978494623655914,0.6559139784946236,0.6989247311827957
4239,0.5723905723905723,0.1750841750841751,0.04040404040404041,0.21212121212121213,0.7878787878787878,0.21548821548821548,180.0,121.0,0.4222222222222222,0.6166666666666667,0.6833333333333333
4240,0.5521885521885522,0.18855218855218855,0.020202020202020204,0.23905723905723905,0.7609427609427609,0.20875420875420875,189.0,134.0,0.37037037037037035,0.6137566137566137,0.6455026455026455
4241,0.5286195286195287,0.2053872053872054,0.04040404040404041,0.2255892255892256,0.7744107744107744,0.24579124579124578,198.0,152.0,0.35353535353535354,0.6212121212121212,0.6767676767676768
4242,0.5521885521885522,0.1750841750841751,0.030303030303030304,0.24242424242424243,0.7575757575757576,0.2053872053872054,185.0,128.0,0.3945945945945946,0.5945945945945946,0.6324324324324324
4243,0.5757575757575758,0.17845117845117844,0.030303030303030304,0.21548821548821548,0.7845117845117845,0.20875420875420875,182.0,131.0,0.3901098901098901,0.6428571428571429,0.6813186813186813
4244,0.5925925925925926,0.1447811447811448,0.03367003367003367,0.22895622895622897,0.7710437710437711,0.17845117845117844,187.0,135.0,0.41711229946524064,0.6096256684491979,0.6470588235294118
4245,0.5185185185185185,0.21212121212121213,0.04040404040404041,0.22895622895622897,0.7710437710437711,0.25252525252525254,199.0,145.0,0.3768844221105528,0.628140703517588,0.678391959798995
4246,0.5117845117845118,0.1750841750841751,0.04040404040404041,0.2727272727272727,0.7272727272727273,0.21548821548821548,189.0,139.0,0.35978835978835977,0.5873015873015873,0.6349206349206349
4247,0.5084175084175084,0.16835016835016836,0.05387205387205387,0.26936026936026936,0.7306397306397306,0.2222222222222222,207.0,166.0,0.34782608695652173,0.5748792270531401,0.642512077294686
4248,0.5589225589225589,0.16161616161616163,0.04040404040404041,0.23905723905723905,0.7609427609427609,0.20202020202020202,169.0,113.0,0.35502958579881655,0.5857988165680473,0.6331360946745562
4249,0.5892255892255892,0.13131313131313133,0.04713804713804714,0.23232323232323232,0.7676767676767676,0.17845117845117844,190.0,131.0,0.41578947368421054,0.6,0.6578947368421053
4250,0.5622895622895623,0.16161616161616163,0.050505050505050504,0.2255892255892256,0.7744107744107744,0.21212121212121213,180.0,126.0,0.36666666666666664,0.6,0.6666666666666666
4251,0.5286195286195287,0.16498316498316498,0.03367003367003367,0.2727272727272727,0.7272727272727273,0.19865319865319866,190.0,130.0,0.35789473684210527,0.5631578947368421,0.6105263157894737
4252,0.5555555555555556,0.18181818181818182,0.026936026936026935,0.2356902356902357,0.7643097643097643,0.20875420875420875,184.0,130.0,0.4076086956521739,0.6141304347826086,0.6467391304347826
4253,0.5488215488215489,0.13468013468013468,0.06397306397306397,0.25252525252525254,0.7474747474747475,0.19865319865319866,193.0,137.0,0.39378238341968913,0.5544041450777202,0.6269430051813472
4254,0.5656565656565656,0.16835016835016836,0.05723905723905724,0.20875420875420875,0.7912457912457912,0.2255892255892256,188.0,136.0,0.40425531914893614,0.6170212765957447,0.6861702127659575
4255,0.5420875420875421,0.20202020202020202,0.03367003367003367,0.2222222222222222,0.7777777777777778,0.2356902356902357,187.0,135.0,0.37433155080213903,0.6310160427807486,0.679144385026738
4256,0.5353535353535354,0.16161616161616163,0.03367003367003367,0.26936026936026936,0.7306397306397306,0.19528619528619529,194.0,144.0,0.3402061855670103,0.5463917525773195,0.5979381443298969
4257,0.5757575757575758,0.16835016835016836,0.026936026936026935,0.22895622895622897,0.7710437710437711,0.19528619528619529,192.0,145.0,0.390625,0.625,0.65625
4258,0.5589225589225589,0.1919191919191919,0.04040404040404041,0.20875420875420875,0.7912457912457912,0.23232323232323232,180.0,128.0,0.37777777777777777,0.6166666666666667,0.6666666666666666
4259,0.5252525252525253,0.16161616161616163,0.04377104377104377,0.26936026936026936,0.7306397306397306,0.2053872053872054,191.0,136.0,0.3612565445026178,0.5602094240837696,0.612565445026178
4260,0.6094276094276094,0.16498316498316498,0.04713804713804714,0.17845117845117844,0.8215488215488216,0.21212121212121213,169.0,109.0,0.42011834319526625,0.6331360946745562,0.6982248520710059
4261,0.5589225589225589,0.19528619528619529,0.03367003367003367,0.21212121212121213,0.7878787878787878,0.22895622895622897,183.0,126.0,0.37158469945355194,0.6284153005464481,0.6775956284153005
4262,0.5824915824915825,0.1750841750841751,0.050505050505050504,0.1919191919191919,0.8080808080808081,0.2255892255892256,184.0,130.0,0.40217391304347827,0.6304347826086957,0.7010869565217391
4263,0.5454545454545454,0.18181818181818182,0.04713804713804714,0.2255892255892256,0.7744107744107744,0.22895622895622897,181.0,127.0,0.36464088397790057,0.5966850828729282,0.6629834254143646
4264,0.5656565656565656,0.11447811447811448,0.05723905723905724,0.26262626262626265,0.7373737373737373,0.1717171717171717,193.0,138.0,0.39378238341968913,0.5492227979274611,0.6321243523316062
4265,0.5387205387205387,0.16498316498316498,0.04377104377104377,0.25252525252525254,0.7474747474747475,0.20875420875420875,185.0,134.0,0.34594594594594597,0.5621621621621622,0.6270270270270271
4266,0.5589225589225589,0.16161616161616163,0.037037037037037035,0.24242424242424243,0.7575757575757576,0.19865319865319866,192.0,145.0,0.3645833333333333,0.6041666666666666,0.6614583333333334
4267,0.569023569023569,0.13804713804713806,0.06397306397306397,0.22895622895622897,0.7710437710437711,0.20202020202020202,191.0,141.0,0.38219895287958117,0.5759162303664922,0.6596858638743456
4268,0.531986531986532,0.20875420875420875,0.05387205387205387,0.2053872053872054,0.7946127946127947,0.26262626262626265,198.0,147.0,0.35858585858585856,0.6212121212121212,0.696969696969697
4269,0.5016835016835017,0.21885521885521886,0.050505050505050504,0.22895622895622897,0.7710437710437711,0.26936026936026936,203.0,150.0,0.35960591133004927,0.5960591133004927,0.6699507389162561
4270,0.569023569023569,0.16161616161616163,0.04713804713804714,0.2222222222222222,0.7777777777777778,0.20875420875420875,178.0,126.0,0.38202247191011235,0.5898876404494382,0.6460674157303371
4271,0.569023569023569,0.16161616161616163,0.03367003367003367,0.2356902356902357,0.7643097643097643,0.19528619528619529,187.0,136.0,0.3850267379679144,0.6042780748663101,0.6524064171122995
4272,0.5892255892255892,0.1750841750841751,0.04040404040404041,0.19528619528619529,0.8047138047138047,0.21548821548821548,174.0,125.0,0.39655172413793105,0.632183908045977,0.6896551724137931
4273,0.5454545454545454,0.16161616161616163,0.04713804713804714,0.24579124579124578,0.7542087542087542,0.20875420875420875,197.0,149.0,0.3756345177664975,0.5786802030456852,0.6446700507614214
4274,0.5656565656565656,0.13468013468013468,0.050505050505050504,0.24915824915824916,0.7508417508417509,0.18518518518518517,178.0,126.0,0.38202247191011235,0.5674157303370787,0.6292134831460674
4275,0.5622895622895623,0.16498316498316498,0.05723905723905724,0.21548821548821548,0.7845117845117845,0.2222222222222222,187.0,133.0,0.40106951871657753,0.6042780748663101,0.6737967914438503
4276,0.5555555555555556,0.21212121212121213,0.037037037037037035,0.19528619528619529,0.8047138047138047,0.24915824915824916,193.0,138.0,0.39896373056994816,0.6683937823834197,0.7098445595854922
4277,0.5555555555555556,0.18181818181818182,0.037037037037037035,0.2255892255892256,0.7744107744107744,0.21885521885521886,178.0,120.0,0.39325842696629215,0.6235955056179775,0.6741573033707865
4278,0.5084175084175084,0.16835016835016836,0.05387205387205387,0.26936026936026936,0.7306397306397306,0.2222222222222222,194.0,137.0,0.35051546391752575,0.5515463917525774,0.6237113402061856
4279,0.5151515151515151,0.18181818181818182,0.026936026936026935,0.2760942760942761,0.7239057239057239,0.20875420875420875,197.0,143.0,0.38578680203045684,0.6040609137055838,0.6395939086294417
4280,0.5387205387205387,0.18518518518518517,0.04377104377104377,0.23232323232323232,0.7676767676767676,0.22895622895622897,203.0,153.0,0.3793103448275862,0.6206896551724138,0.6798029556650246
4281,0.5858585858585859,0.1750841750841751,0.037037037037037035,0.20202020202020202,0.797979797979798,0.21212121212121213,180.0,127.0,0.4166666666666667,0.6388888888888888,0.6888888888888889
4282,0.5521885521885522,0.16835016835016836,0.04040404040404041,0.23905723905723905,0.7609427609427609,0.20875420875420875,183.0,127.0,0.37158469945355194,0.5901639344262295,0.6502732240437158
4283,0.5959595959595959,0.13131313131313133,0.04377104377104377,0.22895622895622897,0.7710437710437711,0.1750841750841751,187.0,134.0,0.40106951871657753,0.5828877005347594,0.6524064171122995
4284,0.5858585858585859,0.15824915824915825,0.037037037037037035,0.21885521885521886,0.7811447811447811,0.19528619528619529,192.0,142.0,0.4322916666666667,0.6354166666666666,0.6927083333333334
4285,0.5454545454545454,0.12794612794612795,0.04040404040404041,0.28619528619528617,0.7138047138047138,0.16835016835016836,196.0,145.0,0.3979591836734694,0.5510204081632653,0.6020408163265306
4286,0.531986531986532,0.16835016835016836,0.05723905723905724,0.24242424242424243,0.7575757575757576,0.2255892255892256,196.0,151.0,0.37244897959183676,0.5969387755102041,0.6530612244897959
4287,0.5286195286195287,0.20875420875420875,0.050505050505050504,0.21212121212121213,0.7878787878787878,0.25925925925925924,195.0,150.0,0.358974358974359,0.6205128205128205,0.6974358974358974
4288,0.5521885521885522,0.1717171717171717,0.04713804713804714,0.22895622895622897,0.7710437710437711,0.21885521885521886,196.0,140.0,0.40816326530612246,0.5969387755102041,0.6581632653061225
4289,0.5723905723905723,0.16161616161616163,0.04377104377104377,0.2222222222222222,0.7777777777777778,0.2053872053872054,190.0,138.0,0.4,0.6157894736842106,0.6684210526315789
4290,0.5521885521885522,0.16498316498316498,0.050505050505050504,0.23232323232323232,0.7676767676767676,0.21548821548821548,185.0,131.0,0.372972972972973,0.5945945945945946,0.654054054054054
4291,0.5420875420875421,0.1717171717171717,0.04713804713804714,0.23905723905723905,0.7609427609427609,0.21885521885521886,192.0,140.0,0.375,0.578125,0.640625
4292,0.5824915824915825,0.18855218855218855,0.037037037037037035,0.1919191919191919,0.8080808080808081,0.2255892255892256,178.0,119.0,0.398876404494382,0.6404494382022472,0.6853932584269663
4293,0.5589225589225589,0.18181818181818182,0.04040404040404041,0.21885521885521886,0.7811447811447811,0.2222222222222222,185.0,133.0,0.35135135135135137,0.6,0.654054054054054
4294,0.5656565656565656,0.20202020202020202,0.030303030303030304,0.20202020202020202,0.797979797979798,0.23232323232323232,188.0,129.0,0.4148936170212766,0.6542553191489362,0.6914893617021277
4295,0.5925925925925926,0.14814814814814814,0.03367003367003367,0.2255892255892256,0.7744107744107744,0.18181818181818182,185.0,137.0,0.42162162162162165,0.6162162162162163,0.6648648648648648
4296,0.5555555555555556,0.1750841750841751,0.04713804713804714,0.2222222222222222,0.7777777777777778,0.2222222222222222,184.0,130.0,0.3695652173913043,0.592391304347826,0.6521739130434783
4297,0.569023569023569,0.18181818181818182,0.050505050505050504,0.19865319865319866,0.8013468013468014,0.23232323232323232,188.0,135.0,0.3776595744680851,0.6117021276595744,0.6861702127659575
4298,0.5185185185185185,0.18518518518518517,0.04040404040404041,0.2558922558922559,0.7441077441077442,0.2255892255892256,194.0,144.0,0.36082474226804123,0.5670103092783505,0.6134020618556701
4299,0.5387205387205387,0.18855218855218855,0.04713804713804714,0.2255892255892256,0.7744107744107744,0.2356902356902357,195.0,148.0,0.37948717948717947,0.6051282051282051,0.6717948717948717
4300,0.47474747474747475,0.17845117845117844,0.03367003367003367,0.31313131313131315,0.6868686868686869,0.21212121212121213,206.0,156.0,0.3300970873786408,0.5388349514563107,0.5825242718446602
4301,0.5589225589225589,0.1414141414141414,0.06397306397306397,0.2356902356902357,0.7643097643097643,0.2053872053872054,196.0,149.0,0.3673469387755102,0.5561224489795918,0.6428571428571429
4302,0.5521885521885522,0.18181818181818182,0.03367003367003367,0.23232323232323232,0.7676767676767676,0.21548821548821548,190.0,135.0,0.4052631578947368,0.6210526315789474,0.6684210526315789
4303,0.5656565656565656,0.15488215488215487,0.030303030303030304,0.24915824915824916,0.7508417508417509,0.18518518518518517,180.0,126.0,0.37222222222222223,0.5888888888888889,0.6333333333333333
4304,0.5622895622895623,0.15824915824915825,0.0707070707070707,0.20875420875420875,0.7912457912457912,0.22895622895622897,165.0,102.0,0.3878787878787879,0.5878787878787879,0.6787878787878788
4305,0.5723905723905723,0.2053872053872054,0.04040404040404041,0.18181818181818182,0.8181818181818182,0.24579124579124578,187.0,136.0,0.39037433155080214,0.6737967914438503,0.732620320855615
4306,0.5387205387205387,0.1717171717171717,0.030303030303030304,0.25925925925925924,0.7407407407407407,0.20202020202020202,193.0,140.0,0.3626943005181347,0.5699481865284974,0.616580310880829
4307,0.5824915824915825,0.16498316498316498,0.037037037037037035,0.21548821548821548,0.7845117845117845,0.20202020202020202,190.0,139.0,0.41578947368421054,0.6421052631578947,0.6947368421052632
4308,0.5185185185185185,0.16161616161616163,0.04713804713804714,0.2727272727272727,0.7272727272727273,0.20875420875420875,199.0,149.0,0.36683417085427134,0.5678391959798995,0.6130653266331658
4309,0.5791245791245792,0.1717171717171717,0.037037037037037035,0.21212121212121213,0.7878787878787878,0.20875420875420875,184.0,136.0,0.42391304347826086,0.6358695652173914,0.6956521739130435
4310,0.5656565656565656,0.17845117845117844,0.03367003367003367,0.2222222222222222,0.7777777777777778,0.21212121212121213,181.0,125.0,0.36464088397790057,0.6132596685082873,0.6574585635359116
4311,0.5353535353535354,0.16498316498316498,0.04040404040404041,0.25925925925925924,0.7407407407407407,0.2053872053872054,194.0,151.0,0.36597938144329895,0.5824742268041238,0.634020618556701
4312,0.632996632996633,0.13804713804713806,0.030303030303030304,0.19865319865319866,0.8013468013468014,0.16835016835016836,165.0,106.0,0.44242424242424244,0.6242424242424243,0.6727272727272727
4313,0.5286195286195287,0.17845117845117844,0.03367003367003367,0.25925925925925924,0.7407407407407407,0.21212121212121213,192.0,140.0,0.3854166666666667,0.5885416666666666,0.640625
4314,0.5185185185185185,0.1919191919191919,0.0707070707070707,0.21885521885521886,0.7811447811447811,0.26262626262626265,180.0,125.0,0.35,0.5833333333333334,0.6722222222222223
4315,0.5824915824915825,0.15824915824915825,0.030303030303030304,0.22895622895622897,0.7710437710437711,0.18855218855218855,184.0,130.0,0.4076086956521739,0.5978260869565217,0.6413043478260869
4316,0.5117845117845118,0.19865319865319866,0.04040404040404041,0.24915824915824916,0.7508417508417509,0.23905723905723905,199.0,148.0,0.36180904522613067,0.5979899497487438,0.6432160804020101
4317,0.5656565656565656,0.15488215488215487,0.050505050505050504,0.22895622895622897,0.7710437710437711,0.2053872053872054,193.0,137.0,0.38341968911917096,0.6010362694300518,0.6735751295336787
4318,0.5050505050505051,0.2222222222222222,0.030303030303030304,0.24242424242424243,0.7575757575757576,0.25252525252525254,195.0,142.0,0.3487179487179487,0.6102564102564103,0.6410256410256411
4319,0.5084175084175084,0.23232323232323232,0.03367003367003367,0.2255892255892256,0.7744107744107744,0.265993265993266,188.0,130.0,0.3670212765957447,0.6382978723404256,0.6914893617021277
4320,0.5387205387205387,0.15488215488215487,0.02356902356902357,0.2828282828282828,0.7171717171717171,0.17845117845117844,193.0,136.0,0.38341968911917096,0.5906735751295337,0.616580310880829
4321,0.5185185185185185,0.17845117845117844,0.05387205387205387,0.24915824915824916,0.7508417508417509,0.23232323232323232,191.0,138.0,0.3717277486910995,0.5759162303664922,0.6492146596858639
4322,0.5454545454545454,0.17845117845117844,0.05387205387205387,0.2222222222222222,0.7777777777777778,0.23232323232323232,190.0,137.0,0.38421052631578945,0.5947368421052631,0.6684210526315789
4323,0.5757575757575758,0.16498316498316498,0.05723905723905724,0.20202020202020202,0.797979797979798,0.2222222222222222,189.0,136.0,0.4126984126984127,0.6137566137566137,0.6984126984126984
4324,0.5723905723905723,0.14814814814814814,0.04713804713804714,0.23232323232323232,0.7676767676767676,0.19528619528619529,188.0,137.0,0.3776595744680851,0.601063829787234,0.6595744680851063
4325,0.5959595959595959,0.15488215488215487,0.04713804713804714,0.20202020202020202,0.797979797979798,0.20202020202020202,172.0,114.0,0.4069767441860465,0.6104651162790697,0.6802325581395349
4326,0.5420875420875421,0.19528619528619529,0.04040404040404041,0.2222222222222222,0.7777777777777778,0.2356902356902357,182.0,133.0,0.36813186813186816,0.6043956043956044,0.6648351648351648
4327,0.5622895622895623,0.1919191919191919,0.026936026936026935,0.21885521885521886,0.7811447811447811,0.21885521885521886,189.0,136.0,0.4074074074074074,0.6507936507936508,0.6825396825396826
4328,0.5723905723905723,0.13804713804713806,0.04377104377104377,0.24579124579124578,0.7542087542087542,0.18181818181818182,179.0,122.0,0.3854748603351955,0.553072625698324,0.6201117318435754
4329,0.5016835016835017,0.18855218855218855,0.050505050505050504,0.25925925925925924,0.7407407407407407,0.23905723905723905,198.0,152.0,0.3282828282828283,0.5656565656565656,0.6262626262626263
4330,0.5791245791245792,0.13468013468013468,0.04040404040404041,0.24579124579124578,0.7542087542087542,0.1750841750841751,187.0,134.0,0.40106951871657753,0.5775401069518716,0.6417112299465241
4331,0.5791245791245792,0.1717171717171717,0.06060606060606061,0.18855218855218855,0.8114478114478114,0.23232323232323232,181.0,124.0,0.4143646408839779,0.6408839779005525,0.7071823204419889
4332,0.5959595959595959,0.13468013468013468,0.030303030303030304,0.23905723905723905,0.7609427609427609,0.16498316498316498,191.0,139.0,0.41361256544502617,0.612565445026178,0.643979057591623
4333,0.5656565656565656,0.14814814814814814,0.050505050505050504,0.2356902356902357,0.7643097643097643,0.19865319865319866,197.0,143.0,0.4010152284263959,0.5939086294416244,0.6700507614213198
4334,0.5353535353535354,0.1447811447811448,0.04040404040404041,0.27946127946127947,0.7205387205387206,0.18518518518518517,193.0,145.0,0.3626943005181347,0.5595854922279793,0.6010362694300518
4335,0.5521885521885522,0.2053872053872054,0.04713804713804714,0.19528619528619529,0.8047138047138047,0.25252525252525254,184.0,132.0,0.375,0.6467391304347826,0.7065217391304348
4336,0.5757575757575758,0.16835016835016836,0.05387205387205387,0.20202020202020202,0.797979797979798,0.2222222222222222,177.0,122.0,0.4350282485875706,0.632768361581921,0.6836158192090396
4337,0.5454545454545454,0.17845117845117844,0.037037037037037035,0.23905723905723905,0.7609427609427609,0.21548821548821548,194.0,143.0,0.37628865979381443,0.5979381443298969,0.6494845360824743
4338,0.5925925925925926,0.1717171717171717,0.020202020202020204,0.21548821548821548,0.7845117845117845,0.1919191919191919,183.0,132.0,0.40437158469945356,0.6284153005464481,0.6612021857923497
4339,0.5454545454545454,0.18518518518518517,0.03367003367003367,0.2356902356902357,0.7643097643097643,0.21885521885521886,185.0,134.0,0.372972972972973,0.6054054054054054,0.6486486486486487
4340,0.5757575757575758,0.12794612794612795,0.03367003367003367,0.26262626262626265,0.7373737373737373,0.16161616161616163,184.0,128.0,0.41847826086956524,0.5597826086956522,0.6032608695652174
4341,0.5252525252525253,0.15151515151515152,0.04377104377104377,0.27946127946127947,0.7205387205387206,0.19528619528619529,189.0,136.0,0.3544973544973545,0.5608465608465608,0.6137566137566137
4342,0.5521885521885522,0.16498316498316498,0.05387205387205387,0.22895622895622897,0.7710437710437711,0.21885521885521886,189.0,137.0,0.38095238095238093,0.5978835978835979,0.6666666666666666
4343,0.5555555555555556,0.1717171717171717,0.037037037037037035,0.2356902356902357,0.7643097643097643,0.20875420875420875,190.0,132.0,0.3894736842105263,0.6105263157894737,0.6578947368421053
4344,0.5185185185185185,0.1750841750841751,0.030303030303030304,0.2760942760942761,0.7239057239057239,0.2053872053872054,193.0,146.0,0.34196891191709844,0.5492227979274611,0.5906735751295337
4345,0.5589225589225589,0.15824915824915825,0.04040404040404041,0.24242424242424243,0.7575757575757576,0.19865319865319866,185.0,129.0,0.3837837837837838,0.6,0.6324324324324324
4346,0.5993265993265994,0.16835016835016836,0.050505050505050504,0.18181818181818182,0.8181818181818182,0.21885521885521886,173.0,119.0,0.3988439306358382,0.6184971098265896,0.7052023121387283
4347,0.5622895622895623,0.19528619528619529,0.04040404040404041,0.20202020202020202,0.797979797979798,0.2356902356902357,185.0,130.0,0.40540540540540543,0.6324324324324324,0.6972972972972973
4348,0.531986531986532,0.14814814814814814,0.05387205387205387,0.265993265993266,0.734006734006734,0.20202020202020202,191.0,146.0,0.35602094240837695,0.5445026178010471,0.6073298429319371
4349,0.5084175084175084,0.19528619528619529,0.037037037037037035,0.25925925925925924,0.7407407407407407,0.23232323232323232,194.0,149.0,0.3556701030927835,0.5721649484536082,0.6237113402061856
4350,0.5824915824915825,0.1750841750841751,0.04377104377104377,0.19865319865319866,0.8013468013468014,0.21885521885521886,184.0,137.0,0.391304347826087,0.6304347826086957,0.6847826086956522
4351,0.5016835016835017,0.23905723905723905,0.037037037037037035,0.2222222222222222,0.7777777777777778,0.2760942760942761,202.0,155.0,0.3465346534653465,0.6237623762376238,0.6732673267326733
4352,0.569023569023569,0.16835016835016836,0.04377104377104377,0.21885521885521886,0.7811447811447811,0.21212121212121213,188.0,133.0,0.3776595744680851,0.601063829787234,0.6648936170212766
4353,0.5555555555555556,0.15824915824915825,0.03367003367003367,0.25252525252525254,0.7474747474747475,0.1919191919191919,192.0,145.0,0.359375,0.578125,0.6302083333333334
4354,0.5252525252525253,0.1717171717171717,0.06060606060606061,0.24242424242424243,0.7575757575757576,0.23232323232323232,189.0,136.0,0.37566137566137564,0.5714285714285714,0.6402116402116402
4355,0.5488215488215489,0.18181818181818182,0.03367003367003367,0.2356902356902357,0.7643097643097643,0.21548821548821548,195.0,148.0,0.37948717948717947,0.6102564102564103,0.6615384615384615
4356,0.5151515151515151,0.2356902356902357,0.04713804713804714,0.20202020202020202,0.797979797979798,0.2828282828282828,187.0,136.0,0.37433155080213903,0.6363636363636364,0.6844919786096256
4357,0.5555555555555556,0.19865319865319866,0.05387205387205387,0.1919191919191919,0.8080808080808081,0.25252525252525254,189.0,137.0,0.3915343915343915,0.6349206349206349,0.7142857142857143
4358,0.5589225589225589,0.16498316498316498,0.04377104377104377,0.23232323232323232,0.7676767676767676,0.20875420875420875,190.0,139.0,0.38421052631578945,0.5894736842105263,0.6473684210526316
4359,0.5252525252525253,0.16161616161616163,0.05723905723905724,0.2558922558922559,0.7441077441077442,0.21885521885521886,196.0,143.0,0.35714285714285715,0.5561224489795918,0.6326530612244898
4360,0.5555555555555556,0.18518518518518517,0.050505050505050504,0.20875420875420875,0.7912457912457912,0.2356902356902357,189.0,130.0,0.41798941798941797,0.6190476190476191,0.6772486772486772
4361,0.5488215488215489,0.1717171717171717,0.050505050505050504,0.22895622895622897,0.7710437710437711,0.2222222222222222,188.0,136.0,0.3723404255319149,0.5904255319148937,0.6436170212765957
4362,0.5757575757575758,0.17845117845117844,0.026936026936026935,0.21885521885521886,0.7811447811447811,0.2053872053872054,187.0,139.0,0.40106951871657753,0.6417112299465241,0.6737967914438503
4363,0.5151515151515151,0.18855218855218855,0.04377104377104377,0.25252525252525254,0.7474747474747475,0.23232323232323232,202.0,156.0,0.3564356435643564,0.5891089108910891,0.6435643564356436
4364,0.5723905723905723,0.1414141414141414,0.05723905723905724,0.22895622895622897,0.7710437710437711,0.19865319865319866,177.0,122.0,0.4124293785310734,0.5875706214689266,0.6497175141242938
4365,0.5488215488215489,0.20202020202020202,0.037037037037037035,0.21212121212121213,0.7878787878787878,0.23905723905723905,190.0,140.0,0.38421052631578945,0.6263157894736842,0.6789473684210526
4366,0.5185185185185185,0.18855218855218855,0.05723905723905724,0.2356902356902357,0.7643097643097643,0.24579124579124578,198.0,144.0,0.3686868686868687,0.5959595959595959,0.6767676767676768
4367,0.5656565656565656,0.16835016835016836,0.03367003367003367,0.23232323232323232,0.7676767676767676,0.20202020202020202,186.0,132.0,0.3763440860215054,0.6021505376344086,0.6451612903225806
4368,0.531986531986532,0.15488215488215487,0.05723905723905724,0.2558922558922559,0.7441077441077442,0.21212121212121213,195.0,138.0,0.36923076923076925,0.5692307692307692,0.6256410256410256
4369,0.48484848484848486,0.17845117845117844,0.050505050505050504,0.28619528619528617,0.7138047138047138,0.22895622895622897,195.0,142.0,0.3333333333333333,0.5384615384615384,0.5897435897435898
4370,0.5589225589225589,0.18855218855218855,0.030303030303030304,0.2222222222222222,0.7777777777777778,0.21885521885521886,185.0,135.0,0.3837837837837838,0.6216216216216216,0.6702702702702703
4371,0.5387205387205387,0.18855218855218855,0.03367003367003367,0.23905723905723905,0.7609427609427609,0.2222222222222222,183.0,128.0,0.36065573770491804,0.5901639344262295,0.6338797814207651
4372,0.5656565656565656,0.12794612794612795,0.06397306397306397,0.24242424242424243,0.7575757575757576,0.1919191919191919,181.0,132.0,0.3756906077348066,0.5469613259668509,0.6353591160220995
4373,0.5488215488215489,0.16498316498316498,0.04040404040404041,0.24579124579124578,0.7542087542087542,0.2053872053872054,184.0,131.0,0.3695652173913043,0.5706521739130435,0.6304347826086957
4374,0.5286195286195287,0.18855218855218855,0.05723905723905724,0.2255892255892256,0.7744107744107744,0.24579124579124578,183.0,121.0,0.39344262295081966,0.6174863387978142,0.6775956284153005
4375,0.5286195286195287,0.20202020202020202,0.05387205387205387,0.21548821548821548,0.7845117845117845,0.2558922558922559,190.0,135.0,0.3631578947368421,0.6210526315789474,0.6842105263157895
4376,0.5420875420875421,0.13131313131313133,0.04713804713804714,0.27946127946127947,0.7205387205387206,0.17845117845117844,204.0,152.0,0.37745098039215685,0.5441176470588235,0.6078431372549019
4377,0.5521885521885522,0.16161616161616163,0.05723905723905724,0.22895622895622897,0.7710437710437711,0.21885521885521886,187.0,136.0,0.34759358288770054,0.5614973262032086,0.6470588235294118
4378,0.5286195286195287,0.18518518518518517,0.04377104377104377,0.24242424242424243,0.7575757575757576,0.22895622895622897,196.0,146.0,0.3826530612244898,0.6071428571428571,0.6581632653061225
4379,0.5353535353535354,0.16835016835016836,0.04713804713804714,0.24915824915824916,0.7508417508417509,0.21548821548821548,186.0,136.0,0.3225806451612903,0.553763440860215,0.6182795698924731
4380,0.5757575757575758,0.13804713804713806,0.04713804713804714,0.23905723905723905,0.7609427609427609,0.18518518518518517,182.0,126.0,0.3956043956043956,0.5769230769230769,0.6318681318681318
4381,0.569023569023569,0.16835016835016836,0.04040404040404041,0.2222222222222222,0.7777777777777778,0.20875420875420875,181.0,130.0,0.39226519337016574,0.5966850828729282,0.6519337016574586
4382,0.5420875420875421,0.1717171717171717,0.06734006734006734,0.21885521885521886,0.7811447811447811,0.23905723905723905,186.0,129.0,0.3978494623655914,0.6129032258064516,0.6989247311827957
4383,0.5016835016835017,0.20875420875420875,0.04040404040404041,0.24915824915824916,0.7508417508417509,0.24915824915824916,191.0,134.0,0.3717277486910995,0.6020942408376964,0.6649214659685864
4384,0.5555555555555556,0.17845117845117844,0.04377104377104377,0.2222222222222222,0.7777777777777778,0.2222222222222222,185.0,134.0,0.40540540540540543,0.6378378378378379,0.6918918918918919
4385,0.5892255892255892,0.17845117845117844,0.04040404040404041,0.1919191919191919,0.8080808080808081,0.21885521885521886,184.0,126.0,0.42934782608695654,0.6630434782608695,0.7119565217391305
4386,0.5117845117845118,0.18181818181818182,0.06397306397306397,0.24242424242424243,0.7575757575757576,0.24579124579124578,201.0,148.0,0.373134328358209,0.5870646766169154,0.6666666666666666
4387,0.5555555555555556,0.18518518518518517,0.04040404040404041,0.21885521885521886,0.7811447811447811,0.2255892255892256,186.0,137.0,0.3924731182795699,0.6129032258064516,0.6720430107526881
4388,0.4276094276094276,0.23232323232323232,0.05387205387205387,0.28619528619528617,0.7138047138047138,0.28619528619528617,197.0,139.0,0.3350253807106599,0.5685279187817259,0.6345177664974619
4389,0.5555555555555556,0.16498316498316498,0.0707070707070707,0.20875420875420875,0.7912457912457912,0.2356902356902357,190.0,142.0,0.3631578947368421,0.5789473684210527,0.6789473684210526
4390,0.5387205387205387,0.16498316498316498,0.04377104377104377,0.25252525252525254,0.7474747474747475,0.20875420875420875,202.0,153.0,0.38613861386138615,0.599009900990099,0.6534653465346535
4391,0.5757575757575758,0.1717171717171717,0.030303030303030304,0.2222222222222222,0.7777777777777778,0.20202020202020202,188.0,134.0,0.39893617021276595,0.6276595744680851,0.6702127659574468
4392,0.5824915824915825,0.12457912457912458,0.050505050505050504,0.24242424242424243,0.7575757575757576,0.1750841750841751,186.0,134.0,0.4032258064516129,0.5752688172043011,0.6397849462365591
4393,0.5420875420875421,0.20875420875420875,0.03367003367003367,0.21548821548821548,0.7845117845117845,0.24242424242424243,185.0,135.0,0.34594594594594597,0.6162162162162163,0.6702702702702703
4394,0.5555555555555556,0.19865319865319866,0.050505050505050504,0.19528619528619529,0.8047138047138047,0.24915824915824916,188.0,131.0,0.39893617021276595,0.6329787234042553,0.6968085106382979
4395,0.5757575757575758,0.15824915824915825,0.04377104377104377,0.2222222222222222,0.7777777777777778,0.20202020202020202,185.0,134.0,0.4,0.6,0.6594594594594595
4396,0.5521885521885522,0.16161616161616163,0.04040404040404041,0.24579124579124578,0.7542087542087542,0.20202020202020202,188.0,134.0,0.3776595744680851,0.5851063829787234,0.6382978723404256
4397,0.5858585858585859,0.1447811447811448,0.04377104377104377,0.2255892255892256,0.7744107744107744,0.18855218855218855,182.0,133.0,0.38461538461538464,0.5989010989010989,0.6428571428571429
4398,0.5521885521885522,0.15824915824915825,0.06734006734006734,0.2222222222222222,0.7777777777777778,0.2255892255892256,184.0,138.0,0.3641304347826087,0.5543478260869565,0.6413043478260869
4399,0.4882154882154882,0.20202020202020202,0.03367003367003367,0.2760942760942761,0.7239057239057239,0.2356902356902357,202.0,145.0,0.3415841584158416,0.5841584158415841,0.6188118811881188
4400,0.5454545454545454,0.16161616161616163,0.08080808080808081,0.21212121212121213,0.7878787878787878,0.24242424242424243,193.0,139.0,0.37823834196891193,0.5906735751295337,0.6787564766839378
4401,0.6195286195286195,0.1717171717171717,0.04377104377104377,0.16498316498316498,0.835016835016835,0.21548821548821548,172.0,113.0,0.43023255813953487,0.6744186046511628,0.7325581395348837
4402,0.5218855218855218,0.2053872053872054,0.03367003367003367,0.23905723905723905,0.7609427609427609,0.23905723905723905,189.0,136.0,0.35978835978835977,0.6031746031746031,0.6455026455026455
4403,0.5925925925925926,0.15824915824915825,0.037037037037037035,0.21212121212121213,0.7878787878787878,0.19528619528619529,174.0,118.0,0.3793103448275862,0.6149425287356322,0.6724137931034483
4404,0.5555555555555556,0.20202020202020202,0.03367003367003367,0.20875420875420875,0.7912457912457912,0.2356902356902357,192.0,135.0,0.3854166666666667,0.6458333333333334,0.6875
4405,0.5791245791245792,0.18855218855218855,0.04377104377104377,0.18855218855218855,0.8114478114478114,0.23232323232323232,189.0,141.0,0.42328042328042326,0.6772486772486772,0.7248677248677249
4406,0.5858585858585859,0.16161616161616163,0.04377104377104377,0.20875420875420875,0.7912457912457912,0.2053872053872054,180.0,122.0,0.39444444444444443,0.6166666666666667,0.6722222222222223
4407,0.5589225589225589,0.15488215488215487,0.037037037037037035,0.24915824915824916,0.7508417508417509,0.1919191919191919,191.0,135.0,0.36649214659685864,0.5706806282722513,0.6282722513089005
4408,0.5791245791245792,0.16161616161616163,0.05387205387205387,0.2053872053872054,0.7946127946127947,0.21548821548821548,188.0,134.0,0.4148936170212766,0.6276595744680851,0.6968085106382979
4409,0.5555555555555556,0.16498316498316498,0.037037037037037035,0.24242424242424243,0.7575757575757576,0.20202020202020202,185.0,132.0,0.3837837837837838,0.5837837837837838,0.6270270270270271
4410,0.5420875420875421,0.18181818181818182,0.050505050505050504,0.2255892255892256,0.7744107744107744,0.23232323232323232,189.0,138.0,0.37037037037037035,0.582010582010582,0.656084656084656
4411,0.531986531986532,0.15824915824915825,0.04040404040404041,0.26936026936026936,0.7306397306397306,0.19865319865319866,192.0,145.0,0.3541666666666667,0.5677083333333334,0.609375
4412,0.5723905723905723,0.10437710437710437,0.05387205387205387,0.26936026936026936,0.7306397306397306,0.15824915824915825,191.0,138.0,0.387434554973822,0.5445026178010471,0.6230366492146597
4413,0.5387205387205387,0.1717171717171717,0.04713804713804714,0.24242424242424243,0.7575757575757576,0.21885521885521886,193.0,135.0,0.39378238341968913,0.6113989637305699,0.6683937823834197
4414,0.531986531986532,0.16161616161616163,0.04040404040404041,0.265993265993266,0.734006734006734,0.20202020202020202,197.0,143.0,0.36548223350253806,0.5583756345177665,0.6040609137055838
4415,0.531986531986532,0.1750841750841751,0.05387205387205387,0.23905723905723905,0.7609427609427609,0.22895622895622897,190.0,139.0,0.3631578947368421,0.5684210526315789,0.6368421052631579
4416,0.531986531986532,0.14814814814814814,0.04040404040404041,0.27946127946127947,0.7205387205387206,0.18855218855218855,195.0,146.0,0.38461538461538464,0.558974358974359,0.6051282051282051
4417,0.5521885521885522,0.2255892255892256,0.02356902356902357,0.19865319865319866,0.8013468013468014,0.24915824915824916,187.0,135.0,0.37433155080213903,0.6577540106951871,0.6951871657754011
4418,0.5656565656565656,0.1919191919191919,0.03367003367003367,0.20875420875420875,0.7912457912457912,0.2255892255892256,187.0,141.0,0.37433155080213903,0.6203208556149733,0.6737967914438503
4419,0.531986531986532,0.1750841750841751,0.04377104377104377,0.24915824915824916,0.7508417508417509,0.21885521885521886,186.0,135.0,0.3387096774193548,0.5698924731182796,0.6344086021505376
4420,0.48484848484848486,0.1919191919191919,0.05387205387205387,0.26936026936026936,0.7306397306397306,0.24579124579124578,211.0,169.0,0.36018957345971564,0.5687203791469194,0.6350710900473934
4421,0.5959595959595959,0.10774410774410774,0.037037037037037035,0.25925925925925924,0.7407407407407407,0.1447811447811448,177.0,121.0,0.4180790960451977,0.5649717514124294,0.6045197740112994
4422,0.531986531986532,0.19865319865319866,0.05723905723905724,0.21212121212121213,0.7878787878787878,0.2558922558922559,195.0,145.0,0.36923076923076925,0.6153846153846154,0.6871794871794872
4423,0.5622895622895623,0.1414141414141414,0.06397306397306397,0.23232323232323232,0.7676767676767676,0.2053872053872054,186.0,139.0,0.3817204301075269,0.5860215053763441,0.6505376344086021
4424,0.5151515151515151,0.17845117845117844,0.050505050505050504,0.2558922558922559,0.7441077441077442,0.22895622895622897,202.0,150.0,0.36633663366336633,0.5742574257425742,0.6485148514851485
4425,0.5791245791245792,0.1717171717171717,0.06734006734006734,0.18181818181818182,0.8181818181818182,0.23905723905723905,172.0,118.0,0.38372093023255816,0.6046511627906976,0.6918604651162791
4426,0.5353535353535354,0.15151515151515152,0.05387205387205387,0.25925925925925924,0.7407407407407407,0.2053872053872054,200.0,154.0,0.36,0.55,0.63
4427,0.5050505050505051,0.1717171717171717,0.06397306397306397,0.25925925925925924,0.7407407407407407,0.2356902356902357,201.0,157.0,0.34328358208955223,0.5771144278606966,0.6467661691542289
4428,0.5084175084175084,0.1919191919191919,0.05723905723905724,0.24242424242424243,0.7575757575757576,0.24915824915824916,192.0,142.0,0.3489583333333333,0.5729166666666666,0.6458333333333334
4429,0.5084175084175084,0.20875420875420875,0.050505050505050504,0.23232323232323232,0.7676767676767676,0.25925925925925924,191.0,139.0,0.39267015706806285,0.6230366492146597,0.675392670157068
4430,0.5824915824915825,0.1717171717171717,0.04040404040404041,0.2053872053872054,0.7946127946127947,0.21212121212121213,173.0,119.0,0.41040462427745666,0.6184971098265896,0.6820809248554913
4431,0.5151515151515151,0.20875420875420875,0.04040404040404041,0.2356902356902357,0.7643097643097643,0.24915824915824916,194.0,144.0,0.35051546391752575,0.5927835051546392,0.654639175257732
4432,0.5656565656565656,0.16498316498316498,0.05387205387205387,0.21548821548821548,0.7845117845117845,0.21885521885521886,183.0,128.0,0.3825136612021858,0.6010928961748634,0.6775956284153005
4433,0.5387205387205387,0.2222222222222222,0.04377104377104377,0.19528619528619529,0.8047138047138047,0.265993265993266,187.0,138.0,0.3689839572192513,0.6470588235294118,0.7112299465240641
4434,0.531986531986532,0.1750841750841751,0.05387205387205387,0.23905723905723905,0.7609427609427609,0.22895622895622897,193.0,147.0,0.34196891191709844,0.5699481865284974,0.6528497409326425
4435,0.5050505050505051,0.19528619528619529,0.030303030303030304,0.26936026936026936,0.7306397306397306,0.2255892255892256,201.0,151.0,0.35323383084577115,0.5870646766169154,0.6268656716417911
4436,0.5252525252525253,0.20202020202020202,0.04713804713804714,0.2255892255892256,0.7744107744107744,0.24915824915824916,188.0,133.0,0.3776595744680851,0.6382978723404256,0.6861702127659575
4437,0.5925925925925926,0.13804713804713806,0.030303030303030304,0.23905723905723905,0.7609427609427609,0.16835016835016836,174.0,127.0,0.367816091954023,0.5747126436781609,0.6264367816091954
4438,0.5151515151515151,0.19528619528619529,0.06060606060606061,0.22895622895622897,0.7710437710437711,0.2558922558922559,183.0,123.0,0.366120218579235,0.5956284153005464,0.6666666666666666
4439,0.5353535353535354,0.20202020202020202,0.030303030303030304,0.23232323232323232,0.7676767676767676,0.23232323232323232,192.0,140.0,0.3697916666666667,0.6302083333333334,0.6614583333333334
4440,0.5353535353535354,0.21212121212121213,0.04040404040404041,0.21212121212121213,0.7878787878787878,0.25252525252525254,188.0,131.0,0.40425531914893614,0.6436170212765957,0.6914893617021277
4441,0.5016835016835017,0.18855218855218855,0.06397306397306397,0.24579124579124578,0.7542087542087542,0.25252525252525254,205.0,162.0,0.33170731707317075,0.5707317073170731,0.6487804878048781
4442,0.5993265993265994,0.1750841750841751,0.06060606060606061,0.16498316498316498,0.835016835016835,0.2356902356902357,179.0,128.0,0.45251396648044695,0.6703910614525139,0.7318435754189944
4443,0.5488215488215489,0.1717171717171717,0.06060606060606061,0.21885521885521886,0.7811447811447811,0.23232323232323232,198.0,152.0,0.3939393939393939,0.5909090909090909,0.6818181818181818
4444,0.5925925925925926,0.12794612794612795,0.04377104377104377,0.2356902356902357,0.7643097643097643,0.1717171717171717,183.0,130.0,0.41530054644808745,0.5846994535519126,0.639344262295082
4445,0.5353535353535354,0.18181818181818182,0.06397306397306397,0.21885521885521886,0.7811447811447811,0.24579124579124578,194.0,139.0,0.3711340206185567,0.6030927835051546,0.6855670103092784
4446,0.5454545454545454,0.18518518518518517,0.04040404040404041,0.22895622895622897,0.7710437710437711,0.2255892255892256,184.0,130.0,0.3858695652173913,0.6195652173913043,0.657608695652174
4447,0.5353535353535354,0.19865319865319866,0.04040404040404041,0.2255892255892256,0.7744107744107744,0.23905723905723905,181.0,120.0,0.35911602209944754,0.6077348066298343,0.6574585635359116
4448,0.5589225589225589,0.1717171717171717,0.06734006734006734,0.20202020202020202,0.797979797979798,0.23905723905723905,187.0,134.0,0.40641711229946526,0.6042780748663101,0.6898395721925134
4449,0.5353535353535354,0.19865319865319866,0.03367003367003367,0.23232323232323232,0.7676767676767676,0.23232323232323232,195.0,144.0,0.36923076923076925,0.6102564102564103,0.6564102564102564
4450,0.5252525252525253,0.19528619528619529,0.050505050505050504,0.22895622895622897,0.7710437710437711,0.24579124579124578,198.0,151.0,0.36363636363636365,0.6161616161616161,0.6767676767676768
4451,0.5252525252525253,0.15824915824915825,0.03367003367003367,0.2828282828282828,0.7171717171717171,0.1919191919191919,202.0,153.0,0.37623762376237624,0.5594059405940595,0.6039603960396039
4452,0.6127946127946128,0.1750841750841751,0.013468013468013467,0.19865319865319866,0.8013468013468014,0.18855218855218855,177.0,123.0,0.4293785310734463,0.655367231638418,0.6779661016949152
4453,0.5454545454545454,0.2053872053872054,0.026936026936026935,0.2222222222222222,0.7777777777777778,0.23232323232323232,184.0,123.0,0.391304347826087,0.6358695652173914,0.6793478260869565
4454,0.5622895622895623,0.15824915824915825,0.05723905723905724,0.2222222222222222,0.7777777777777778,0.21548821548821548,190.0,144.0,0.35789473684210527,0.5894736842105263,0.6631578947368421
4455,0.5252525252525253,0.17845117845117844,0.04377104377104377,0.25252525252525254,0.7474747474747475,0.2222222222222222,197.0,143.0,0.3756345177664975,0.583756345177665,0.6345177664974619
4456,0.6060606060606061,0.15488215488215487,0.03367003367003367,0.2053872053872054,0.7946127946127947,0.18855218855218855,176.0,128.0,0.4090909090909091,0.625,0.6704545454545454
4457,0.5622895622895623,0.16835016835016836,0.06734006734006734,0.20202020202020202,0.797979797979798,0.2356902356902357,186.0,142.0,0.3978494623655914,0.6075268817204301,0.6827956989247311
4458,0.5286195286195287,0.14814814814814814,0.07407407407407407,0.24915824915824916,0.7508417508417509,0.2222222222222222,193.0,141.0,0.36787564766839376,0.5544041450777202,0.6373056994818653
4459,0.531986531986532,0.18181818181818182,0.030303030303030304,0.2558922558922559,0.7441077441077442,0.21212121212121213,201.0,153.0,0.36318407960199006,0.5920398009950248,0.6368159203980099
4460,0.5488215488215489,0.13804713804713806,0.07407407407407407,0.23905723905723905,0.7609427609427609,0.21212121212121213,193.0,150.0,0.3626943005181347,0.5595854922279793,0.6528497409326425
4461,0.5521885521885522,0.13804713804713806,0.05387205387205387,0.2558922558922559,0.7441077441077442,0.1919191919191919,187.0,129.0,0.39572192513368987,0.5614973262032086,0.6256684491978609
4462,0.5454545454545454,0.18181818181818182,0.037037037037037035,0.2356902356902357,0.7643097643097643,0.21885521885521886,191.0,147.0,0.387434554973822,0.6073298429319371,0.6492146596858639
4463,0.5622895622895623,0.1717171717171717,0.04040404040404041,0.2255892255892256,0.7744107744107744,0.21212121212121213,185.0,125.0,0.3837837837837838,0.6216216216216216,0.6756756756756757
4464,0.5185185185185185,0.18181818181818182,0.05723905723905724,0.24242424242424243,0.7575757575757576,0.23905723905723905,196.0,148.0,0.3520408163265306,0.5969387755102041,0.673469387755102
4465,0.5521885521885522,0.17845117845117844,0.04377104377104377,0.2255892255892256,0.7744107744107744,0.2222222222222222,191.0,141.0,0.3717277486910995,0.6073298429319371,0.6701570680628273
4466,0.5488215488215489,0.17845117845117844,0.04377104377104377,0.22895622895622897,0.7710437710437711,0.2222222222222222,193.0,136.0,0.40414507772020725,0.616580310880829,0.6787564766839378
4467,0.5454545454545454,0.1750841750841751,0.04040404040404041,0.23905723905723905,0.7609427609427609,0.21548821548821548,190.0,145.0,0.3631578947368421,0.5842105263157895,0.6421052631578947
4468,0.5589225589225589,0.1750841750841751,0.05387205387205387,0.21212121212121213,0.7878787878787878,0.22895622895622897,191.0,134.0,0.39790575916230364,0.6073298429319371,0.680628272251309
4469,0.5454545454545454,0.16161616161616163,0.06397306397306397,0.22895622895622897,0.7710437710437711,0.2255892255892256,188.0,136.0,0.3776595744680851,0.5851063829787234,0.6595744680851063
4470,0.5925925925925926,0.1717171717171717,0.04040404040404041,0.19528619528619529,0.8047138047138047,0.21212121212121213,184.0,131.0,0.42391304347826086,0.6413043478260869,0.7010869565217391
4471,0.5084175084175084,0.18518518518518517,0.05387205387205387,0.25252525252525254,0.7474747474747475,0.23905723905723905,202.0,147.0,0.3712871287128713,0.5841584158415841,0.6435643564356436
4472,0.5387205387205387,0.16161616161616163,0.04377104377104377,0.2558922558922559,0.7441077441077442,0.2053872053872054,186.0,140.0,0.34946236559139787,0.5591397849462365,0.6236559139784946
4473,0.5252525252525253,0.17845117845117844,0.05387205387205387,0.24242424242424243,0.7575757575757576,0.23232323232323232,193.0,137.0,0.37823834196891193,0.5854922279792746,0.6476683937823834
4474,0.5656565656565656,0.1447811447811448,0.037037037037037035,0.25252525252525254,0.7474747474747475,0.18181818181818182,189.0,139.0,0.3915343915343915,0.582010582010582,0.6296296296296297
4475,0.5353535353535354,0.16498316498316498,0.04713804713804714,0.25252525252525254,0.7474747474747475,0.21212121212121213,191.0,140.0,0.3769633507853403,0.581151832460733,0.643979057591623
4476,0.5084175084175084,0.16161616161616163,0.04377104377104377,0.28619528619528617,0.7138047138047138,0.2053872053872054,209.0,159.0,0.3684210526315789,0.569377990430622,0.631578947368421
4477,0.5993265993265994,0.15824915824915825,0.03367003367003367,0.20875420875420875,0.7912457912457912,0.1919191919191919,175.0,122.0,0.4057142857142857,0.6171428571428571,0.6571428571428571
4478,0.5656565656565656,0.19528619528619529,0.06734006734006734,0.1717171717171717,0.8282828282828283,0.26262626262626265,183.0,130.0,0.4262295081967213,0.6502732240437158,0.7377049180327869
4479,0.5016835016835017,0.21212121212121213,0.06734006734006734,0.21885521885521886,0.7811447811447811,0.27946127946127947,187.0,134.0,0.34759358288770054,0.5935828877005348,0.6631016042780749
4480,0.5420875420875421,0.15151515151515152,0.06397306397306397,0.24242424242424243,0.7575757575757576,0.21548821548821548,189.0,135.0,0.3862433862433862,0.5925925925925926,0.6613756613756614
4481,0.5488215488215489,0.20202020202020202,0.020202020202020204,0.22895622895622897,0.7710437710437711,0.2222222222222222,190.0,142.0,0.3526315789473684,0.6263157894736842,0.6578947368421053
4482,0.5791245791245792,0.15151515151515152,0.06734006734006734,0.20202020202020202,0.797979797979798,0.21885521885521886,186.0,134.0,0.3870967741935484,0.6075268817204301,0.6881720430107527
4483,0.569023569023569,0.14814814814814814,0.020202020202020204,0.26262626262626265,0.7373737373737373,0.16835016835016836,191.0,139.0,0.4083769633507853,0.5916230366492147,0.6230366492146597
4484,0.6060606060606061,0.1414141414141414,0.050505050505050504,0.20202020202020202,0.797979797979798,0.1919191919191919,170.0,117.0,0.40588235294117647,0.6,0.6588235294117647
4485,0.5420875420875421,0.1750841750841751,0.06060606060606061,0.2222222222222222,0.7777777777777778,0.2356902356902357,188.0,139.0,0.35638297872340424,0.5904255319148937,0.6648936170212766
4486,0.48148148148148145,0.18855218855218855,0.06734006734006734,0.26262626262626265,0.7373737373737373,0.2558922558922559,207.0,159.0,0.3526570048309179,0.5700483091787439,0.642512077294686
4487,0.5218855218855218,0.17845117845117844,0.05387205387205387,0.24579124579124578,0.7542087542087542,0.23232323232323232,189.0,140.0,0.3333333333333333,0.5873015873015873,0.6455026455026455
4488,0.5723905723905723,0.21548821548821548,0.02356902356902357,0.18855218855218855,0.8114478114478114,0.23905723905723905,185.0,133.0,0.372972972972973,0.6756756756756757,0.7081081081081081
4489,0.5521885521885522,0.1750841750841751,0.020202020202020204,0.25252525252525254,0.7474747474747475,0.19528619528619529,191.0,146.0,0.3769633507853403,0.6073298429319371,0.6387434554973822
4490,0.5555555555555556,0.2222222222222222,0.04040404040404041,0.18181818181818182,0.8181818181818182,0.26262626262626265,183.0,132.0,0.3825136612021858,0.6666666666666666,0.7213114754098361
4491,0.5488215488215489,0.1750841750841751,0.04040404040404041,0.2356902356902357,0.7643097643097643,0.21548821548821548,187.0,138.0,0.3582887700534759,0.5935828877005348,0.6470588235294118
4492,0.5353535353535354,0.20202020202020202,0.04713804713804714,0.21548821548821548,0.7845117845117845,0.24915824915824916,183.0,129.0,0.37158469945355194,0.6338797814207651,0.6885245901639344
4493,0.5723905723905723,0.15824915824915825,0.04040404040404041,0.22895622895622897,0.7710437710437711,0.19865319865319866,182.0,129.0,0.3791208791208791,0.5879120879120879,0.6373626373626373
4494,0.5353535353535354,0.2053872053872054,0.04713804713804714,0.21212121212121213,0.7878787878787878,0.25252525252525254,190.0,133.0,0.38421052631578945,0.631578947368421,0.6947368421052632
4495,0.5589225589225589,0.16498316498316498,0.04377104377104377,0.23232323232323232,0.7676767676767676,0.20875420875420875,193.0,146.0,0.39896373056994816,0.6062176165803109,0.6683937823834197
4496,0.5959595959595959,0.15824915824915825,0.02356902356902357,0.2222222222222222,0.7777777777777778,0.18181818181818182,183.0,133.0,0.4098360655737705,0.644808743169399,0.6775956284153005
4497,0.4983164983164983,0.16161616161616163,0.06734006734006734,0.2727272727272727,0.7272727272727273,0.22895622895622897,200.0,150.0,0.34,0.54,0.615
4498,0.5993265993265994,0.12457912457912458,0.02356902356902357,0.25252525252525254,0.7474747474747475,0.14814814814814814,187.0,134.0,0.39572192513368987,0.5828877005347594,0.6203208556149733
4499,0.5488215488215489,0.14814814814814814,0.037037037037037035,0.265993265993266,0.734006734006734,0.18518518518518517,185.0,131.0,0.35135135135135137,0.5513513513513514,0.6
4500,0.5151515151515151,0.1447811447811448,0.04713804713804714,0.29292929292929293,0.7070707070707071,0.1919191919191919,197.0,145.0,0.3604060913705584,0.5279187817258884,0.5786802030456852
4501,0.569023569023569,0.15824915824915825,0.050505050505050504,0.2222222222222222,0.7777777777777778,0.20875420875420875,177.0,118.0,0.3954802259887006,0.5988700564971752,0.6666666666666666
4502,0.5589225589225589,0.18518518518518517,0.037037037037037035,0.21885521885521886,0.7811447811447811,0.2222222222222222,188.0,138.0,0.3829787234042553,0.6329787234042553,0.6648936170212766
4503,0.5252525252525253,0.2053872053872054,0.037037037037037035,0.23232323232323232,0.7676767676767676,0.24242424242424243,192.0,142.0,0.3333333333333333,0.5833333333333334,0.640625
4504,0.569023569023569,0.16161616161616163,0.037037037037037035,0.23232323232323232,0.7676767676767676,0.19865319865319866,177.0,119.0,0.3898305084745763,0.6045197740112994,0.655367231638418
4505,0.5353535353535354,0.19865319865319866,0.04040404040404041,0.2255892255892256,0.7744107744107744,0.23905723905723905,199.0,139.0,0.3869346733668342,0.628140703517588,0.6733668341708543
4506,0.5892255892255892,0.18518518518518517,0.037037037037037035,0.18855218855218855,0.8114478114478114,0.2222222222222222,184.0,124.0,0.41304347826086957,0.6467391304347826,0.7065217391304348
4507,0.5353535353535354,0.17845117845117844,0.03367003367003367,0.25252525252525254,0.7474747474747475,0.21212121212121213,191.0,133.0,0.3717277486910995,0.5916230366492147,0.6335078534031413
4508,0.5488215488215489,0.1750841750841751,0.05387205387205387,0.2222222222222222,0.7777777777777778,0.22895622895622897,192.0,143.0,0.390625,0.625,0.671875
4509,0.5791245791245792,0.1447811447811448,0.04040404040404041,0.2356902356902357,0.7643097643097643,0.18518518518518517,192.0,136.0,0.421875,0.6041666666666666,0.65625
4510,0.5488215488215489,0.1919191919191919,0.037037037037037035,0.2222222222222222,0.7777777777777778,0.22895622895622897,188.0,135.0,0.3776595744680851,0.6276595744680851,0.675531914893617
4511,0.5723905723905723,0.16498316498316498,0.05387205387205387,0.20875420875420875,0.7912457912457912,0.21885521885521886,201.0,146.0,0.4129353233830846,0.6417910447761194,0.7064676616915423
4512,0.5521885521885522,0.1447811447811448,0.04713804713804714,0.2558922558922559,0.7441077441077442,0.1919191919191919,196.0,149.0,0.3877551020408163,0.5663265306122449,0.6275510204081632
4513,0.5892255892255892,0.16498316498316498,0.02356902356902357,0.2222222222222222,0.7777777777777778,0.18855218855218855,186.0,140.0,0.4032258064516129,0.6397849462365591,0.6720430107526881
4514,0.6026936026936027,0.1447811447811448,0.02356902356902357,0.22895622895622897,0.7710437710437711,0.16835016835016836,192.0,141.0,0.4427083333333333,0.6197916666666666,0.65625
4515,0.5521885521885522,0.18181818181818182,0.04377104377104377,0.2222222222222222,0.7777777777777778,0.2255892255892256,182.0,128.0,0.3791208791208791,0.6153846153846154,0.6703296703296703
4516,0.5723905723905723,0.1447811447811448,0.050505050505050504,0.23232323232323232,0.7676767676767676,0.19528619528619529,186.0,134.0,0.3870967741935484,0.5806451612903226,0.6612903225806451
4517,0.5117845117845118,0.20875420875420875,0.026936026936026935,0.25252525252525254,0.7474747474747475,0.2356902356902357,192.0,141.0,0.3489583333333333,0.6197916666666666,0.65625
4518,0.5723905723905723,0.17845117845117844,0.04040404040404041,0.20875420875420875,0.7912457912457912,0.21885521885521886,183.0,131.0,0.4098360655737705,0.6229508196721312,0.6830601092896175
4519,0.48484848484848486,0.18181818181818182,0.07744107744107744,0.2558922558922559,0.7441077441077442,0.25925925925925924,198.0,145.0,0.3282828282828283,0.5505050505050505,0.6363636363636364
4520,0.5084175084175084,0.20875420875420875,0.05723905723905724,0.2255892255892256,0.7744107744107744,0.265993265993266,188.0,136.0,0.32978723404255317,0.5851063829787234,0.6648936170212766
4521,0.5521885521885522,0.15151515151515152,0.04040404040404041,0.2558922558922559,0.7441077441077442,0.1919191919191919,179.0,127.0,0.37988826815642457,0.5698324022346368,0.6312849162011173
4522,0.5622895622895623,0.1414141414141414,0.04377104377104377,0.25252525252525254,0.7474747474747475,0.18518518518518517,179.0,130.0,0.37988826815642457,0.5754189944134078,0.6256983240223464
4523,0.5185185185185185,0.1750841750841751,0.04377104377104377,0.26262626262626265,0.7373737373737373,0.21885521885521886,192.0,142.0,0.3489583333333333,0.5729166666666666,0.6354166666666666
4524,0.531986531986532,0.18518518518518517,0.030303030303030304,0.25252525252525254,0.7474747474747475,0.21548821548821548,192.0,133.0,0.3645833333333333,0.5833333333333334,0.6197916666666666
4525,0.5656565656565656,0.1447811447811448,0.04377104377104377,0.24579124579124578,0.7542087542087542,0.18855218855218855,186.0,136.0,0.3870967741935484,0.5645161290322581,0.6290322580645161
4526,0.5858585858585859,0.1414141414141414,0.05387205387205387,0.21885521885521886,0.7811447811447811,0.19528619528619529,183.0,132.0,0.41530054644808745,0.5956284153005464,0.6666666666666666
4527,0.531986531986532,0.1919191919191919,0.037037037037037035,0.23905723905723905,0.7609427609427609,0.22895622895622897,192.0,144.0,0.3645833333333333,0.6197916666666666,0.6614583333333334
4528,0.5589225589225589,0.1750841750841751,0.05723905723905724,0.20875420875420875,0.7912457912457912,0.23232323232323232,183.0,128.0,0.40437158469945356,0.6120218579234973,0.6939890710382514
4529,0.5656565656565656,0.1447811447811448,0.05387205387205387,0.2356902356902357,0.7643097643097643,0.19865319865319866,198.0,149.0,0.4090909090909091,0.5858585858585859,0.6616161616161617
4530,0.5959595959595959,0.16498316498316498,0.026936026936026935,0.21212121212121213,0.7878787878787878,0.1919191919191919,176.0,123.0,0.4090909090909091,0.625,0.6704545454545454
4531,0.5656565656565656,0.18181818181818182,0.020202020202020204,0.23232323232323232,0.7676767676767676,0.20202020202020202,189.0,143.0,0.35978835978835977,0.6243386243386243,0.6507936507936508
4532,0.5993265993265994,0.1414141414141414,0.04040404040404041,0.21885521885521886,0.7811447811447811,0.18181818181818182,177.0,126.0,0.3954802259887006,0.5875706214689266,0.6497175141242938
4533,0.5050505050505051,0.21885521885521886,0.050505050505050504,0.2255892255892256,0.7744107744107744,0.26936026936026936,196.0,146.0,0.3469387755102041,0.6071428571428571,0.673469387755102
4534,0.5791245791245792,0.16498316498316498,0.04377104377104377,0.21212121212121213,0.7878787878787878,0.20875420875420875,179.0,121.0,0.37988826815642457,0.5977653631284916,0.659217877094972
4535,0.5555555555555556,0.16161616161616163,0.04713804713804714,0.2356902356902357,0.7643097643097643,0.20875420875420875,189.0,139.0,0.3915343915343915,0.5925925925925926,0.6666666666666666
4536,0.5757575757575758,0.15824915824915825,0.037037037037037035,0.22895622895622897,0.7710437710437711,0.19528619528619529,194.0,142.0,0.3917525773195876,0.6134020618556701,0.6597938144329897
4537,0.5925925925925926,0.16835016835016836,0.02356902356902357,0.21548821548821548,0.7845117845117845,0.1919191919191919,183.0,135.0,0.39344262295081966,0.6229508196721312,0.6502732240437158
4538,0.5791245791245792,0.1447811447811448,0.0707070707070707,0.2053872053872054,0.7946127946127947,0.21548821548821548,180.0,127.0,0.40555555555555556,0.6,0.6944444444444444
4539,0.5353535353535354,0.17845117845117844,0.050505050505050504,0.2356902356902357,0.7643097643097643,0.22895622895622897,184.0,124.0,0.3858695652173913,0.6032608695652174,0.6684782608695652
4540,0.5824915824915825,0.13804713804713806,0.02356902356902357,0.2558922558922559,0.7441077441077442,0.16161616161616163,186.0,137.0,0.4032258064516129,0.5860215053763441,0.6236559139784946
4541,0.5791245791245792,0.18518518518518517,0.03367003367003367,0.20202020202020202,0.797979797979798,0.21885521885521886,183.0,135.0,0.3989071038251366,0.6284153005464481,0.6775956284153005
4542,0.5218855218855218,0.19865319865319866,0.04377104377104377,0.2356902356902357,0.7643097643097643,0.24242424242424243,196.0,140.0,0.37755102040816324,0.6071428571428571,0.6632653061224489
4543,0.5387205387205387,0.16498316498316498,0.04377104377104377,0.25252525252525254,0.7474747474747475,0.20875420875420875,195.0,151.0,0.36923076923076925,0.5897435897435898,0.6410256410256411
4544,0.5824915824915825,0.16161616161616163,0.06397306397306397,0.1919191919191919,0.8080808080808081,0.2255892255892256,179.0,124.0,0.4022346368715084,0.5977653631284916,0.6927374301675978
4545,0.5252525252525253,0.18181818181818182,0.04713804713804714,0.24579124579124578,0.7542087542087542,0.22895622895622897,189.0,136.0,0.37566137566137564,0.6084656084656085,0.671957671957672
4546,0.5656565656565656,0.1750841750841751,0.03367003367003367,0.2255892255892256,0.7744107744107744,0.20875420875420875,185.0,134.0,0.4,0.6108108108108108,0.6594594594594595
4547,0.5353535353535354,0.20202020202020202,0.04713804713804714,0.21548821548821548,0.7845117845117845,0.24915824915824916,191.0,136.0,0.3507853403141361,0.5968586387434555,0.6649214659685864
4548,0.5420875420875421,0.17845117845117844,0.030303030303030304,0.24915824915824916,0.7508417508417509,0.20875420875420875,197.0,140.0,0.38578680203045684,0.6091370558375635,0.649746192893401
4549,0.5488215488215489,0.20202020202020202,0.04040404040404041,0.20875420875420875,0.7912457912457912,0.24242424242424243,195.0,143.0,0.38974358974358975,0.6461538461538462,0.6974358974358974
4550,0.5387205387205387,0.15488215488215487,0.04713804713804714,0.25925925925925924,0.7407407407407407,0.20202020202020202,186.0,129.0,0.3709677419354839,0.5698924731182796,0.6290322580645161
4551,0.5622895622895623,0.19528619528619529,0.037037037037037035,0.2053872053872054,0.7946127946127947,0.23232323232323232,184.0,129.0,0.3967391304347826,0.6304347826086957,0.6847826086956522
4552,0.569023569023569,0.18518518518518517,0.020202020202020204,0.2255892255892256,0.7744107744107744,0.2053872053872054,181.0,129.0,0.40331491712707185,0.6519337016574586,0.6740331491712708
4553,0.5656565656565656,0.18181818181818182,0.030303030303030304,0.2222222222222222,0.7777777777777778,0.21212121212121213,182.0,126.0,0.3956043956043956,0.6208791208791209,0.6593406593406593
4554,0.5892255892255892,0.16161616161616163,0.04040404040404041,0.20875420875420875,0.7912457912457912,0.20202020202020202,177.0,122.0,0.423728813559322,0.632768361581921,0.6779661016949152
4555,0.569023569023569,0.18518518518518517,0.02356902356902357,0.2222222222222222,0.7777777777777778,0.20875420875420875,196.0,147.0,0.4030612244897959,0.6428571428571429,0.6785714285714286
4556,0.569023569023569,0.15488215488215487,0.06734006734006734,0.20875420875420875,0.7912457912457912,0.2222222222222222,186.0,129.0,0.3978494623655914,0.6021505376344086,0.6935483870967742
4557,0.5387205387205387,0.15488215488215487,0.04377104377104377,0.26262626262626265,0.7373737373737373,0.19865319865319866,187.0,132.0,0.34759358288770054,0.5561497326203209,0.6149732620320856
4558,0.5993265993265994,0.16835016835016836,0.020202020202020204,0.21212121212121213,0.7878787878787878,0.18855218855218855,172.0,107.0,0.43023255813953487,0.6627906976744186,0.6918604651162791
4559,0.5488215488215489,0.18855218855218855,0.050505050505050504,0.21212121212121213,0.7878787878787878,0.23905723905723905,189.0,134.0,0.37037037037037035,0.6084656084656085,0.6772486772486772
4560,0.5185185185185185,0.1750841750841751,0.06060606060606061,0.24579124579124578,0.7542087542087542,0.2356902356902357,193.0,141.0,0.3626943005181347,0.5803108808290155,0.6580310880829016
4561,0.5016835016835017,0.21885521885521886,0.04713804713804714,0.23232323232323232,0.7676767676767676,0.265993265993266,203.0,148.0,0.3645320197044335,0.6157635467980296,0.6748768472906403
4562,0.5555555555555556,0.18181818181818182,0.037037037037037035,0.2255892255892256,0.7744107744107744,0.21885521885521886,182.0,128.0,0.3626373626373626,0.5989010989010989,0.6538461538461539
4563,0.5454545454545454,0.19528619528619529,0.05387205387205387,0.2053872053872054,0.7946127946127947,0.24915824915824916,188.0,138.0,0.3670212765957447,0.6223404255319149,0.6968085106382979
4564,0.5353535353535354,0.1750841750841751,0.04040404040404041,0.24915824915824916,0.7508417508417509,0.21548821548821548,195.0,144.0,0.37948717948717947,0.6,0.6410256410256411
4565,0.5622895622895623,0.1919191919191919,0.06060606060606061,0.18518518518518517,0.8148148148148148,0.25252525252525254,192.0,143.0,0.3802083333333333,0.6510416666666666,0.7291666666666666
4566,0.5824915824915825,0.15824915824915825,0.02356902356902357,0.2356902356902357,0.7643097643097643,0.18181818181818182,190.0,138.0,0.4052631578947368,0.6210526315789474,0.6473684210526316
4567,0.5218855218855218,0.16835016835016836,0.04377104377104377,0.265993265993266,0.734006734006734,0.21212121212121213,195.0,145.0,0.35384615384615387,0.5692307692307692,0.6205128205128205
4568,0.5757575757575758,0.16835016835016836,0.04040404040404041,0.21548821548821548,0.7845117845117845,0.20875420875420875,179.0,122.0,0.40782122905027934,0.6256983240223464,0.6759776536312849
4569,0.5723905723905723,0.15151515151515152,0.06397306397306397,0.21212121212121213,0.7878787878787878,0.21548821548821548,181.0,128.0,0.40331491712707185,0.5966850828729282,0.6740331491712708
4570,0.5286195286195287,0.19528619528619529,0.06060606060606061,0.21548821548821548,0.7845117845117845,0.2558922558922559,191.0,141.0,0.3612565445026178,0.6073298429319371,0.680628272251309
4571,0.5791245791245792,0.21212121212121213,0.030303030303030304,0.17845117845117844,0.8215488215488216,0.24242424242424243,180.0,120.0,0.4111111111111111,0.6833333333333333,0.7333333333333333
4572,0.5252525252525253,0.15151515151515152,0.04713804713804714,0.2760942760942761,0.7239057239057239,0.19865319865319866,198.0,148.0,0.3686868686868687,0.5606060606060606,0.6161616161616161
4573,0.5454545454545454,0.18181818181818182,0.02356902356902357,0.24915824915824916,0.7508417508417509,0.2053872053872054,193.0,142.0,0.35751295336787564,0.5906735751295337,0.6269430051813472
4574,0.5757575757575758,0.2053872053872054,0.05387205387205387,0.16498316498316498,0.835016835016835,0.25925925925925924,184.0,129.0,0.41304347826086957,0.6847826086956522,0.75
4575,0.569023569023569,0.18518518518518517,0.037037037037037035,0.20875420875420875,0.7912457912457912,0.2222222222222222,182.0,129.0,0.3956043956043956,0.6318681318681318,0.6813186813186813
4576,0.5555555555555556,0.2053872053872054,0.037037037037037035,0.20202020202020202,0.797979797979798,0.24242424242424243,180.0,122.0,0.37222222222222223,0.6388888888888888,0.6888888888888889
4577,0.5824915824915825,0.16835016835016836,0.026936026936026935,0.2222222222222222,0.7777777777777778,0.19528619528619529,193.0,146.0,0.40414507772020725,0.6424870466321243,0.6787564766839378
4578,0.5555555555555556,0.14814814814814814,0.06397306397306397,0.23232323232323232,0.7676767676767676,0.21212121212121213,184.0,131.0,0.3695652173913043,0.5760869565217391,0.6684782608695652
4579,0.5757575757575758,0.1414141414141414,0.06397306397306397,0.21885521885521886,0.7811447811447811,0.2053872053872054,195.0,142.0,0.4256410256410256,0.6205128205128205,0.7025641025641025
4580,0.5858585858585859,0.13131313131313133,0.05387205387205387,0.22895622895622897,0.7710437710437711,0.18518518518518517,188.0,139.0,0.39893617021276595,0.5904255319148937,0.648936170212766
4581,0.5622895622895623,0.18181818181818182,0.04040404040404041,0.21548821548821548,0.7845117845117845,0.2222222222222222,182.0,130.0,0.3901098901098901,0.6043956043956044,0.6593406593406593
4582,0.5084175084175084,0.21212121212121213,0.026936026936026935,0.25252525252525254,0.7474747474747475,0.23905723905723905,196.0,143.0,0.3520408163265306,0.6071428571428571,0.6479591836734694
4583,0.5286195286195287,0.22895622895622897,0.05723905723905724,0.18518518518518517,0.8148148148148148,0.28619528619528617,179.0,127.0,0.3687150837988827,0.6424581005586593,0.7094972067039106
4584,0.5824915824915825,0.1750841750841751,0.05387205387205387,0.18855218855218855,0.8114478114478114,0.22895622895622897,182.0,123.0,0.4175824175824176,0.6373626373626373,0.7197802197802198
4585,0.4983164983164983,0.19865319865319866,0.06060606060606061,0.24242424242424243,0.7575757575757576,0.25925925925925924,197.0,146.0,0.3401015228426396,0.5888324873096447,0.6700507614213198
4586,0.5925925925925926,0.12121212121212122,0.04713804713804714,0.23905723905723905,0.7609427609427609,0.16835016835016836,183.0,134.0,0.40437158469945356,0.5628415300546448,0.6284153005464481
4587,0.5387205387205387,0.16835016835016836,0.06397306397306397,0.22895622895622897,0.7710437710437711,0.23232323232323232,200.0,152.0,0.395,0.595,0.67
4588,0.5589225589225589,0.19865319865319866,0.026936026936026935,0.21548821548821548,0.7845117845117845,0.2255892255892256,183.0,129.0,0.3825136612021858,0.639344262295082,0.6830601092896175
4589,0.5117845117845118,0.1717171717171717,0.04377104377104377,0.2727272727272727,0.7272727272727273,0.21548821548821548,191.0,142.0,0.3403141361256545,0.5549738219895288,0.612565445026178
4590,0.5252525252525253,0.16498316498316498,0.04713804713804714,0.26262626262626265,0.7373737373737373,0.21212121212121213,191.0,141.0,0.34554973821989526,0.5706806282722513,0.6230366492146597
4591,0.5656565656565656,0.18181818181818182,0.06397306397306397,0.18855218855218855,0.8114478114478114,0.24579124579124578,176.0,123.0,0.4034090909090909,0.6420454545454546,0.7329545454545454
4592,0.5622895622895623,0.19528619528619529,0.04040404040404041,0.20202020202020202,0.797979797979798,0.2356902356902357,185.0,130.0,0.4,0.654054054054054,0.7081081081081081
4593,0.5555555555555556,0.14814814814814814,0.06734006734006734,0.22895622895622897,0.7710437710437711,0.21548821548821548,183.0,131.0,0.37158469945355194,0.5737704918032787,0.6502732240437158
4594,0.5084175084175084,0.20202020202020202,0.04377104377104377,0.24579124579124578,0.7542087542087542,0.24579124579124578,197.0,150.0,0.34517766497461927,0.5888324873096447,0.6395939086294417
4595,0.5656565656565656,0.18181818181818182,0.04377104377104377,0.20875420875420875,0.7912457912457912,0.2255892255892256,186.0,131.0,0.3817204301075269,0.6344086021505376,0.6935483870967742
4596,0.5589225589225589,0.1717171717171717,0.04713804713804714,0.2222222222222222,0.7777777777777778,0.21885521885521886,187.0,131.0,0.40641711229946526,0.6149732620320856,0.6844919786096256
4597,0.569023569023569,0.18855218855218855,0.037037037037037035,0.2053872053872054,0.7946127946127947,0.2255892255892256,180.0,123.0,0.3888888888888889,0.6277777777777778,0.6833333333333333
4598,0.5892255892255892,0.15488215488215487,0.037037037037037035,0.21885521885521886,0.7811447811447811,0.1919191919191919,186.0,133.0,0.42473118279569894,0.6182795698924731,0.6720430107526881
4599,0.5723905723905723,0.18855218855218855,0.04040404040404041,0.19865319865319866,0.8013468013468014,0.22895622895622897,187.0,131.0,0.37967914438502676,0.6470588235294118,0.7005347593582888
4600,0.5084175084175084,0.1750841750841751,0.0707070707070707,0.24579124579124578,0.7542087542087542,0.24579124579124578,194.0,150.0,0.32989690721649484,0.5515463917525774,0.634020618556701
4601,0.5521885521885522,0.1717171717171717,0.026936026936026935,0.24915824915824916,0.7508417508417509,0.19865319865319866,188.0,140.0,0.34574468085106386,0.5904255319148937,0.6276595744680851
4602,0.5589225589225589,0.1750841750841751,0.05723905723905724,0.20875420875420875,0.7912457912457912,0.23232323232323232,188.0,141.0,0.3882978723404255,0.601063829787234,0.6861702127659575
4603,0.5488215488215489,0.16161616161616163,0.050505050505050504,0.23905723905723905,0.7609427609427609,0.21212121212121213,187.0,139.0,0.3689839572192513,0.5775401069518716,0.6470588235294118
4604,0.5420875420875421,0.19865319865319866,0.037037037037037035,0.2222222222222222,0.7777777777777778,0.2356902356902357,193.0,134.0,0.38341968911917096,0.6269430051813472,0.6839378238341969
4605,0.5656565656565656,0.16498316498316498,0.03367003367003367,0.2356902356902357,0.7643097643097643,0.19865319865319866,198.0,156.0,0.3787878787878788,0.601010101010101,0.6464646464646465
4606,0.5252525252525253,0.19865319865319866,0.050505050505050504,0.2255892255892256,0.7744107744107744,0.24915824915824916,191.0,145.0,0.3769633507853403,0.6282722513089005,0.680628272251309
4607,0.5353535353535354,0.18181818181818182,0.04040404040404041,0.24242424242424243,0.7575757575757576,0.2222222222222222,196.0,140.0,0.3673469387755102,0.6071428571428571,0.6581632653061225
4608,0.5723905723905723,0.18855218855218855,0.04713804713804714,0.1919191919191919,0.8080808080808081,0.2356902356902357,200.0,146.0,0.425,0.675,0.73
4609,0.5521885521885522,0.16498316498316498,0.037037037037037035,0.24579124579124578,0.7542087542087542,0.20202020202020202,195.0,141.0,0.38461538461538464,0.5948717948717949,0.6461538461538462
4610,0.5454545454545454,0.16498316498316498,0.05723905723905724,0.23232323232323232,0.7676767676767676,0.2222222222222222,191.0,146.0,0.35602094240837695,0.5759162303664922,0.6544502617801047
4611,0.6195286195286195,0.13468013468013468,0.026936026936026935,0.21885521885521886,0.7811447811447811,0.16161616161616163,175.0,123.0,0.4057142857142857,0.6,0.64
4612,0.5286195286195287,0.1750841750841751,0.05387205387205387,0.24242424242424243,0.7575757575757576,0.22895622895622897,178.0,122.0,0.37640449438202245,0.5786516853932584,0.6404494382022472
4613,0.5993265993265994,0.18181818181818182,0.016835016835016835,0.20202020202020202,0.797979797979798,0.19865319865319866,173.0,115.0,0.3988439306358382,0.6647398843930635,0.6936416184971098
4614,0.5353535353535354,0.1919191919191919,0.04377104377104377,0.22895622895622897,0.7710437710437711,0.2356902356902357,190.0,137.0,0.35789473684210527,0.6105263157894737,0.6631578947368421
4615,0.5454545454545454,0.1447811447811448,0.04040404040404041,0.26936026936026936,0.7306397306397306,0.18518518518518517,192.0,144.0,0.359375,0.5416666666666666,0.5989583333333334
4616,0.5185185185185185,0.1750841750841751,0.03367003367003367,0.2727272727272727,0.7272727272727273,0.20875420875420875,197.0,148.0,0.3553299492385787,0.5786802030456852,0.6142131979695431
4617,0.5589225589225589,0.19865319865319866,0.037037037037037035,0.2053872053872054,0.7946127946127947,0.2356902356902357,184.0,129.0,0.3967391304347826,0.6304347826086957,0.6847826086956522
4618,0.5555555555555556,0.20202020202020202,0.016835016835016835,0.2255892255892256,0.7744107744107744,0.21885521885521886,179.0,130.0,0.3575418994413408,0.6256983240223464,0.6536312849162011
4619,0.5656565656565656,0.18181818181818182,0.04713804713804714,0.2053872053872054,0.7946127946127947,0.22895622895622897,189.0,140.0,0.37037037037037035,0.6084656084656085,0.6772486772486772
4620,0.5589225589225589,0.17845117845117844,0.026936026936026935,0.2356902356902357,0.7643097643097643,0.2053872053872054,182.0,139.0,0.36813186813186816,0.6098901098901099,0.6538461538461539
4621,0.5656565656565656,0.16161616161616163,0.020202020202020204,0.25252525252525254,0.7474747474747475,0.18181818181818182,183.0,132.0,0.3770491803278688,0.5956284153005464,0.6284153005464481
4622,0.5622895622895623,0.13804713804713806,0.05723905723905724,0.24242424242424243,0.7575757575757576,0.19528619528619529,186.0,135.0,0.3870967741935484,0.5698924731182796,0.6236559139784946
4623,0.5151515151515151,0.20202020202020202,0.030303030303030304,0.25252525252525254,0.7474747474747475,0.23232323232323232,198.0,141.0,0.3686868686868687,0.6111111111111112,0.6565656565656566
4624,0.5993265993265994,0.16161616161616163,0.026936026936026935,0.21212121212121213,0.7878787878787878,0.18855218855218855,173.0,121.0,0.4046242774566474,0.6069364161849711,0.653179190751445
4625,0.5185185185185185,0.16498316498316498,0.06734006734006734,0.24915824915824916,0.7508417508417509,0.23232323232323232,197.0,146.0,0.36548223350253806,0.5685279187817259,0.6446700507614214
4626,0.569023569023569,0.18518518518518517,0.04713804713804714,0.19865319865319866,0.8013468013468014,0.23232323232323232,189.0,132.0,0.41798941798941797,0.6455026455026455,0.7037037037037037
4627,0.5185185185185185,0.14814814814814814,0.07744107744107744,0.2558922558922559,0.7441077441077442,0.2255892255892256,192.0,146.0,0.3489583333333333,0.5208333333333334,0.6302083333333334
4628,0.5387205387205387,0.18855218855218855,0.037037037037037035,0.2356902356902357,0.7643097643097643,0.2255892255892256,189.0,138.0,0.38095238095238093,0.5925925925925926,0.6402116402116402
4629,0.6060606060606061,0.14814814814814814,0.03367003367003367,0.21212121212121213,0.7878787878787878,0.18181818181818182,186.0,134.0,0.42473118279569894,0.6236559139784946,0.6720430107526881
4630,0.5723905723905723,0.15151515151515152,0.050505050505050504,0.2255892255892256,0.7744107744107744,0.20202020202020202,191.0,139.0,0.387434554973822,0.5759162303664922,0.6492146596858639
4631,0.5185185185185185,0.1717171717171717,0.04713804713804714,0.26262626262626265,0.7373737373737373,0.21885521885521886,202.0,152.0,0.36633663366336633,0.594059405940594,0.6584158415841584
4632,0.5589225589225589,0.16835016835016836,0.03367003367003367,0.23905723905723905,0.7609427609427609,0.20202020202020202,180.0,130.0,0.36666666666666664,0.5944444444444444,0.6388888888888888
4633,0.5589225589225589,0.18855218855218855,0.04377104377104377,0.20875420875420875,0.7912457912457912,0.23232323232323232,180.0,131.0,0.38333333333333336,0.6388888888888888,0.6888888888888889
4634,0.5656565656565656,0.16161616161616163,0.04040404040404041,0.23232323232323232,0.7676767676767676,0.20202020202020202,184.0,132.0,0.3858695652173913,0.6195652173913043,0.6521739130434783
4635,0.5387205387205387,0.15824915824915825,0.04377104377104377,0.25925925925925924,0.7407407407407407,0.20202020202020202,188.0,135.0,0.3617021276595745,0.5638297872340425,0.6170212765957447
4636,0.5589225589225589,0.15151515151515152,0.05723905723905724,0.23232323232323232,0.7676767676767676,0.20875420875420875,194.0,142.0,0.37628865979381443,0.5876288659793815,0.6701030927835051
4637,0.5286195286195287,0.1919191919191919,0.04377104377104377,0.2356902356902357,0.7643097643097643,0.2356902356902357,190.0,139.0,0.37894736842105264,0.6052631578947368,0.6684210526315789
4638,0.4882154882154882,0.19865319865319866,0.04713804713804714,0.265993265993266,0.734006734006734,0.24579124579124578,199.0,152.0,0.3316582914572864,0.5778894472361809,0.628140703517588
4639,0.4781144781144781,0.19528619528619529,0.050505050505050504,0.2760942760942761,0.7239057239057239,0.24579124579124578,199.0,151.0,0.31155778894472363,0.5527638190954773,0.6180904522613065
4640,0.5286195286195287,0.1717171717171717,0.05387205387205387,0.24579124579124578,0.7542087542087542,0.2255892255892256,199.0,141.0,0.3768844221105528,0.6030150753768844,0.6733668341708543
4641,0.531986531986532,0.19528619528619529,0.050505050505050504,0.2222222222222222,0.7777777777777778,0.24579124579124578,191.0,128.0,0.39790575916230364,0.6230366492146597,0.6858638743455497
4642,0.5757575757575758,0.16161616161616163,0.026936026936026935,0.2356902356902357,0.7643097643097643,0.18855218855218855,178.0,128.0,0.37640449438202245,0.5898876404494382,0.6348314606741573
4643,0.5858585858585859,0.1447811447811448,0.030303030303030304,0.23905723905723905,0.7609427609427609,0.1750841750841751,186.0,133.0,0.41935483870967744,0.5967741935483871,0.6344086021505376
4644,0.569023569023569,0.16835016835016836,0.04713804713804714,0.21548821548821548,0.7845117845117845,0.21548821548821548,190.0,138.0,0.3894736842105263,0.6210526315789474,0.6894736842105263
4645,0.5791245791245792,0.1919191919191919,0.04040404040404041,0.18855218855218855,0.8114478114478114,0.23232323232323232,178.0,126.0,0.39325842696629215,0.6348314606741573,0.6966292134831461
4646,0.5353535353535354,0.17845117845117844,0.04377104377104377,0.24242424242424243,0.7575757575757576,0.2222222222222222,195.0,147.0,0.36923076923076925,0.5846153846153846,0.6410256410256411
4647,0.5521885521885522,0.17845117845117844,0.06734006734006734,0.20202020202020202,0.797979797979798,0.24579124579124578,188.0,130.0,0.3776595744680851,0.601063829787234,0.6968085106382979
4648,0.5185185185185185,0.19528619528619529,0.026936026936026935,0.25925925925925924,0.7407407407407407,0.2222222222222222,196.0,144.0,0.3469387755102041,0.5867346938775511,0.6224489795918368
4649,0.6060606060606061,0.15151515151515152,0.03367003367003367,0.20875420875420875,0.7912457912457912,0.18518518518518517,176.0,120.0,0.4090909090909091,0.6136363636363636,0.6704545454545454
4650,0.5521885521885522,0.20875420875420875,0.026936026936026935,0.21212121212121213,0.7878787878787878,0.2356902356902357,195.0,138.0,0.37948717948717947,0.6512820512820513,0.6871794871794872
4651,0.5723905723905723,0.15824915824915825,0.050505050505050504,0.21885521885521886,0.7811447811447811,0.20875420875420875,177.0,121.0,0.3672316384180791,0.5932203389830508,0.672316384180791
4652,0.5555555555555556,0.17845117845117844,0.04377104377104377,0.2222222222222222,0.7777777777777778,0.2222222222222222,185.0,130.0,0.3837837837837838,0.6216216216216216,0.6756756756756757
4653,0.569023569023569,0.16835016835016836,0.037037037037037035,0.2255892255892256,0.7744107744107744,0.2053872053872054,182.0,130.0,0.38461538461538464,0.5934065934065934,0.6483516483516484
4654,0.5286195286195287,0.18518518518518517,0.050505050505050504,0.2356902356902357,0.7643097643097643,0.2356902356902357,196.0,139.0,0.35714285714285715,0.5969387755102041,0.6581632653061225
4655,0.5387205387205387,0.15151515151515152,0.050505050505050504,0.25925925925925924,0.7407407407407407,0.20202020202020202,185.0,131.0,0.372972972972973,0.5567567567567567,0.6162162162162163
4656,0.5555555555555556,0.1750841750841751,0.050505050505050504,0.21885521885521886,0.7811447811447811,0.2255892255892256,193.0,139.0,0.41450777202072536,0.6424870466321243,0.7046632124352331
4657,0.5993265993265994,0.15824915824915825,0.030303030303030304,0.21212121212121213,0.7878787878787878,0.18855218855218855,182.0,130.0,0.42857142857142855,0.6263736263736264,0.6703296703296703
4658,0.5656565656565656,0.18518518518518517,0.050505050505050504,0.19865319865319866,0.8013468013468014,0.2356902356902357,176.0,125.0,0.3693181818181818,0.6022727272727273,0.6704545454545454
4659,0.5387205387205387,0.18181818181818182,0.06397306397306397,0.21548821548821548,0.7845117845117845,0.24579124579124578,189.0,138.0,0.37037037037037035,0.5873015873015873,0.6878306878306878
4660,0.5387205387205387,0.16498316498316498,0.050505050505050504,0.24579124579124578,0.7542087542087542,0.21548821548821548,187.0,137.0,0.3315508021390374,0.5508021390374331,0.6256684491978609
4661,0.5892255892255892,0.15151515151515152,0.04377104377104377,0.21548821548821548,0.7845117845117845,0.19528619528619529,179.0,126.0,0.37988826815642457,0.6033519553072626,0.664804469273743
4662,0.5286195286195287,0.20875420875420875,0.050505050505050504,0.21212121212121213,0.7878787878787878,0.25925925925925924,185.0,128.0,0.3675675675675676,0.6270270270270271,0.6918918918918919
4663,0.5521885521885522,0.19528619528619529,0.06397306397306397,0.18855218855218855,0.8114478114478114,0.25925925925925924,184.0,126.0,0.3967391304347826,0.6304347826086957,0.7065217391304348
4664,0.5521885521885522,0.1717171717171717,0.037037037037037035,0.23905723905723905,0.7609427609427609,0.20875420875420875,191.0,137.0,0.3769633507853403,0.612565445026178,0.6649214659685864
4665,0.5488215488215489,0.1919191919191919,0.04377104377104377,0.21548821548821548,0.7845117845117845,0.2356902356902357,190.0,135.0,0.41578947368421054,0.6473684210526316,0.6947368421052632
4666,0.5555555555555556,0.1750841750841751,0.03367003367003367,0.2356902356902357,0.7643097643097643,0.20875420875420875,188.0,133.0,0.3723404255319149,0.6063829787234043,0.6595744680851063
4667,0.6026936026936027,0.1447811447811448,0.03367003367003367,0.21885521885521886,0.7811447811447811,0.17845117845117844,175.0,120.0,0.4228571428571429,0.6,0.6514285714285715
4668,0.5723905723905723,0.12457912457912458,0.06734006734006734,0.2356902356902357,0.7643097643097643,0.1919191919191919,183.0,129.0,0.3879781420765027,0.5683060109289617,0.6502732240437158
4669,0.5185185185185185,0.1717171717171717,0.037037037037037035,0.2727272727272727,0.7272727272727273,0.20875420875420875,200.0,150.0,0.375,0.585,0.63
4670,0.5117845117845118,0.18518518518518517,0.04713804713804714,0.2558922558922559,0.7441077441077442,0.23232323232323232,204.0,151.0,0.3627450980392157,0.5931372549019608,0.6470588235294118
4671,0.569023569023569,0.16161616161616163,0.037037037037037035,0.23232323232323232,0.7676767676767676,0.19865319865319866,182.0,127.0,0.3956043956043956,0.6098901098901099,0.6593406593406593
4672,0.5420875420875421,0.1919191919191919,0.06397306397306397,0.20202020202020202,0.797979797979798,0.2558922558922559,188.0,140.0,0.3617021276595745,0.601063829787234,0.6914893617021277
4673,0.5589225589225589,0.1750841750841751,0.04377104377104377,0.2222222222222222,0.7777777777777778,0.21885521885521886,183.0,132.0,0.3770491803278688,0.5956284153005464,0.6557377049180327
4674,0.6161616161616161,0.11447811447811448,0.06397306397306397,0.2053872053872054,0.7946127946127947,0.17845117845117844,186.0,139.0,0.42473118279569894,0.5913978494623656,0.6827956989247311
4675,0.5555555555555556,0.1717171717171717,0.06060606060606061,0.21212121212121213,0.7878787878787878,0.23232323232323232,185.0,127.0,0.3891891891891892,0.6,0.6756756756756757
4676,0.5218855218855218,0.16498316498316498,0.05387205387205387,0.25925925925925924,0.7407407407407407,0.21885521885521886,188.0,134.0,0.3617021276595745,0.574468085106383,0.648936170212766
4677,0.5589225589225589,0.1717171717171717,0.04040404040404041,0.22895622895622897,0.7710437710437711,0.21212121212121213,187.0,134.0,0.35294117647058826,0.5882352941176471,0.6470588235294118
4678,0.5420875420875421,0.18855218855218855,0.04040404040404041,0.22895622895622897,0.7710437710437711,0.22895622895622897,186.0,133.0,0.3655913978494624,0.6236559139784946,0.6774193548387096
4679,0.5454545454545454,0.16161616161616163,0.050505050505050504,0.24242424242424243,0.7575757575757576,0.21212121212121213,200.0,148.0,0.39,0.595,0.66
4680,0.5488215488215489,0.15488215488215487,0.050505050505050504,0.24579124579124578,0.7542087542087542,0.2053872053872054,194.0,148.0,0.38144329896907214,0.5824742268041238,0.6443298969072165
4681,0.5656565656565656,0.1717171717171717,0.05723905723905724,0.2053872053872054,0.7946127946127947,0.22895622895622897,191.0,142.0,0.3717277486910995,0.6282722513089005,0.7068062827225131
4682,0.5252525252525253,0.17845117845117844,0.05723905723905724,0.23905723905723905,0.7609427609427609,0.2356902356902357,197.0,139.0,0.39086294416243655,0.6091370558375635,0.6852791878172588
4683,0.4983164983164983,0.21212121212121213,0.04713804713804714,0.24242424242424243,0.7575757575757576,0.25925925925925924,197.0,147.0,0.3553299492385787,0.5888324873096447,0.6548223350253807
4684,0.5521885521885522,0.15488215488215487,0.050505050505050504,0.24242424242424243,0.7575757575757576,0.2053872053872054,189.0,135.0,0.3915343915343915,0.5978835978835979,0.6455026455026455
4685,0.5420875420875421,0.19528619528619529,0.037037037037037035,0.2255892255892256,0.7744107744107744,0.23232323232323232,184.0,130.0,0.33695652173913043,0.6086956521739131,0.6630434782608695
4686,0.5791245791245792,0.13131313131313133,0.04713804713804714,0.24242424242424243,0.7575757575757576,0.17845117845117844,192.0,149.0,0.4010416666666667,0.578125,0.640625
4687,0.5117845117845118,0.21548821548821548,0.04040404040404041,0.23232323232323232,0.7676767676767676,0.2558922558922559,181.0,122.0,0.35911602209944754,0.6022099447513812,0.6574585635359116
4688,0.5993265993265994,0.14814814814814814,0.03367003367003367,0.21885521885521886,0.7811447811447811,0.18181818181818182,175.0,121.0,0.4,0.5828571428571429,0.64
4689,0.5589225589225589,0.18181818181818182,0.05387205387205387,0.2053872053872054,0.7946127946127947,0.2356902356902357,184.0,129.0,0.375,0.6195652173913043,0.7010869565217391
4690,0.5387205387205387,0.17845117845117844,0.04377104377104377,0.23905723905723905,0.7609427609427609,0.2222222222222222,197.0,148.0,0.37055837563451777,0.5939086294416244,0.6548223350253807
4691,0.5185185185185185,0.2356902356902357,0.026936026936026935,0.21885521885521886,0.7811447811447811,0.26262626262626265,200.0,146.0,0.375,0.66,0.695
4692,0.5454545454545454,0.16498316498316498,0.05387205387205387,0.2356902356902357,0.7643097643097643,0.21885521885521886,191.0,140.0,0.38219895287958117,0.5916230366492147,0.6649214659685864
4693,0.5521885521885522,0.19528619528619529,0.04377104377104377,0.20875420875420875,0.7912457912457912,0.23905723905723905,181.0,129.0,0.3701657458563536,0.6077348066298343,0.6685082872928176
4694,0.5622895622895623,0.1414141414141414,0.050505050505050504,0.24579124579124578,0.7542087542087542,0.1919191919191919,190.0,142.0,0.37894736842105264,0.5842105263157895,0.6473684210526316
4695,0.531986531986532,0.15824915824915825,0.037037037037037035,0.2727272727272727,0.7272727272727273,0.19528619528619529,194.0,134.0,0.38144329896907214,0.5876288659793815,0.634020618556701
4696,0.5555555555555556,0.15151515151515152,0.06060606060606061,0.23232323232323232,0.7676767676767676,0.21212121212121213,177.0,120.0,0.3954802259887006,0.5819209039548022,0.6610169491525424
4697,0.5286195286195287,0.18855218855218855,0.05387205387205387,0.22895622895622897,0.7710437710437711,0.24242424242424243,193.0,143.0,0.35233160621761656,0.5958549222797928,0.6787564766839378
4698,0.5151515151515151,0.2255892255892256,0.05387205387205387,0.2053872053872054,0.7946127946127947,0.27946127946127947,199.0,143.0,0.36683417085427134,0.6331658291457286,0.7085427135678392
4699,0.5521885521885522,0.16161616161616163,0.04713804713804714,0.23905723905723905,0.7609427609427609,0.20875420875420875,193.0,146.0,0.38341968911917096,0.6113989637305699,0.6683937823834197
4700,0.5286195286195287,0.18181818181818182,0.030303030303030304,0.25925925925925924,0.7407407407407407,0.21212121212121213,187.0,135.0,0.35294117647058826,0.5989304812834224,0.6363636363636364
4701,0.5892255892255892,0.13804713804713806,0.04713804713804714,0.2255892255892256,0.7744107744107744,0.18518518518518517,176.0,130.0,0.375,0.5909090909090909,0.6477272727272727
4702,0.5757575757575758,0.15488215488215487,0.050505050505050504,0.21885521885521886,0.7811447811447811,0.2053872053872054,179.0,124.0,0.39664804469273746,0.6033519553072626,0.659217877094972
4703,0.5286195286195287,0.17845117845117844,0.05723905723905724,0.2356902356902357,0.7643097643097643,0.2356902356902357,192.0,137.0,0.375,0.5833333333333334,0.6614583333333334
4704,0.5824915824915825,0.18518518518518517,0.06060606060606061,0.1717171717171717,0.8282828282828283,0.24579124579124578,179.0,124.0,0.40782122905027934,0.6480446927374302,0.7318435754189944
4705,0.5892255892255892,0.16161616161616163,0.03367003367003367,0.21548821548821548,0.7845117845117845,0.19528619528619529,178.0,121.0,0.4157303370786517,0.6179775280898876,0.6685393258426966
4706,0.5488215488215489,0.20202020202020202,0.06734006734006734,0.18181818181818182,0.8181818181818182,0.26936026936026936,178.0,127.0,0.38202247191011235,0.6292134831460674,0.7191011235955056
4707,0.5252525252525253,0.18181818181818182,0.05387205387205387,0.23905723905723905,0.7609427609427609,0.2356902356902357,195.0,144.0,0.37435897435897436,0.6,0.6666666666666666
4708,0.5488215488215489,0.1919191919191919,0.04040404040404041,0.21885521885521886,0.7811447811447811,0.23232323232323232,190.0,141.0,0.3894736842105263,0.6105263157894737,0.6736842105263158
4709,0.5521885521885522,0.17845117845117844,0.04713804713804714,0.2222222222222222,0.7777777777777778,0.2255892255892256,192.0,137.0,0.3854166666666667,0.6197916666666666,0.6666666666666666
4710,0.5050505050505051,0.18855218855218855,0.06060606060606061,0.24579124579124578,0.7542087542087542,0.24915824915824916,200.0,152.0,0.35,0.58,0.66
4711,0.5824915824915825,0.1414141414141414,0.05723905723905724,0.21885521885521886,0.7811447811447811,0.19865319865319866,189.0,140.0,0.38095238095238093,0.5714285714285714,0.6613756613756614
4712,0.5521885521885522,0.16835016835016836,0.04040404040404041,0.23905723905723905,0.7609427609427609,0.20875420875420875,199.0,150.0,0.38190954773869346,0.6030150753768844,0.6633165829145728
4713,0.5387205387205387,0.15824915824915825,0.04040404040404041,0.26262626262626265,0.7373737373737373,0.19865319865319866,192.0,144.0,0.3645833333333333,0.578125,0.6354166666666666
4714,0.5117845117845118,0.19865319865319866,0.05387205387205387,0.2356902356902357,0.7643097643097643,0.25252525252525254,201.0,155.0,0.3781094527363184,0.6069651741293532,0.6716417910447762
4715,0.5454545454545454,0.16835016835016836,0.05387205387205387,0.23232323232323232,0.7676767676767676,0.2222222222222222,193.0,144.0,0.39896373056994816,0.5958549222797928,0.6632124352331606
4716,0.5824915824915825,0.16498316498316498,0.050505050505050504,0.20202020202020202,0.797979797979798,0.21548821548821548,185.0,136.0,0.3891891891891892,0.6216216216216216,0.7027027027027027
4717,0.5622895622895623,0.1717171717171717,0.03367003367003367,0.23232323232323232,0.7676767676767676,0.2053872053872054,192.0,141.0,0.3802083333333333,0.625,0.6666666666666666
4718,0.5589225589225589,0.20202020202020202,0.04040404040404041,0.19865319865319866,0.8013468013468014,0.24242424242424243,186.0,129.0,0.3870967741935484,0.6451612903225806,0.6989247311827957
4719,0.531986531986532,0.19865319865319866,0.04377104377104377,0.2255892255892256,0.7744107744107744,0.24242424242424243,193.0,145.0,0.3471502590673575,0.616580310880829,0.6787564766839378
4720,0.5959595959595959,0.1414141414141414,0.04377104377104377,0.21885521885521886,0.7811447811447811,0.18518518518518517,175.0,118.0,0.4,0.6114285714285714,0.6685714285714286
4721,0.569023569023569,0.18181818181818182,0.04377104377104377,0.2053872053872054,0.7946127946127947,0.2255892255892256,181.0,125.0,0.39779005524861877,0.6353591160220995,0.6961325966850829
4722,0.5622895622895623,0.20202020202020202,0.04713804713804714,0.18855218855218855,0.8114478114478114,0.24915824915824916,188.0,134.0,0.3829787234042553,0.6542553191489362,0.7127659574468085
4723,0.569023569023569,0.1414141414141414,0.0707070707070707,0.21885521885521886,0.7811447811447811,0.21212121212121213,181.0,129.0,0.3867403314917127,0.580110497237569,0.6795580110497238
4724,0.5757575757575758,0.17845117845117844,0.016835016835016835,0.22895622895622897,0.7710437710437711,0.19528619528619529,184.0,139.0,0.41304347826086957,0.6304347826086957,0.6521739130434783
4725,0.5420875420875421,0.18855218855218855,0.050505050505050504,0.21885521885521886,0.7811447811447811,0.23905723905723905,189.0,139.0,0.36507936507936506,0.6084656084656085,0.6878306878306878
4726,0.5387205387205387,0.1919191919191919,0.05387205387205387,0.21548821548821548,0.7845117845117845,0.24579124579124578,191.0,138.0,0.3717277486910995,0.6178010471204188,0.6858638743455497
4727,0.5286195286195287,0.21885521885521886,0.037037037037037035,0.21548821548821548,0.7845117845117845,0.2558922558922559,183.0,128.0,0.366120218579235,0.6284153005464481,0.6721311475409836
4728,0.5723905723905723,0.18518518518518517,0.026936026936026935,0.21548821548821548,0.7845117845117845,0.21212121212121213,183.0,131.0,0.3879781420765027,0.639344262295082,0.6775956284153005
4729,0.5050505050505051,0.1750841750841751,0.05723905723905724,0.26262626262626265,0.7373737373737373,0.23232323232323232,198.0,147.0,0.3484848484848485,0.5505050505050505,0.6313131313131313
4730,0.5050505050505051,0.18855218855218855,0.06060606060606061,0.24579124579124578,0.7542087542087542,0.24915824915824916,191.0,135.0,0.35602094240837695,0.5654450261780105,0.6492146596858639
4731,0.5353535353535354,0.14814814814814814,0.050505050505050504,0.265993265993266,0.734006734006734,0.19865319865319866,190.0,137.0,0.3631578947368421,0.5736842105263158,0.631578947368421
4732,0.5050505050505051,0.1717171717171717,0.06060606060606061,0.26262626262626265,0.7373737373737373,0.23232323232323232,189.0,140.0,0.3439153439153439,0.5502645502645502,0.6084656084656085
4733,0.5185185185185185,0.18855218855218855,0.04040404040404041,0.25252525252525254,0.7474747474747475,0.22895622895622897,191.0,140.0,0.34554973821989526,0.5706806282722513,0.6230366492146597
4734,0.5454545454545454,0.12457912457912458,0.050505050505050504,0.27946127946127947,0.7205387205387206,0.1750841750841751,200.0,151.0,0.38,0.56,0.63
4735,0.5084175084175084,0.18181818181818182,0.04040404040404041,0.26936026936026936,0.7306397306397306,0.2222222222222222,207.0,160.0,0.3671497584541063,0.5845410628019324,0.6376811594202898
4736,0.49158249158249157,0.2053872053872054,0.05723905723905724,0.24579124579124578,0.7542087542087542,0.26262626262626265,186.0,130.0,0.34408602150537637,0.5806451612903226,0.6505376344086021
4737,0.531986531986532,0.18181818181818182,0.05723905723905724,0.22895622895622897,0.7710437710437711,0.23905723905723905,190.0,141.0,0.37894736842105264,0.5894736842105263,0.6526315789473685
4738,0.5521885521885522,0.16161616161616163,0.04713804713804714,0.23905723905723905,0.7609427609427609,0.20875420875420875,190.0,140.0,0.3684210526315789,0.6,0.6526315789473685
4739,0.5454545454545454,0.18181818181818182,0.050505050505050504,0.2222222222222222,0.7777777777777778,0.23232323232323232,180.0,127.0,0.37777777777777777,0.6,0.6666666666666666
4740,0.531986531986532,0.21885521885521886,0.026936026936026935,0.2222222222222222,0.7777777777777778,0.24579124579124578,191.0,144.0,0.35602094240837695,0.6230366492146597,0.6649214659685864
4741,0.494949494949495,0.21885521885521886,0.04377104377104377,0.24242424242424243,0.7575757575757576,0.26262626262626265,202.0,151.0,0.3465346534653465,0.6089108910891089,0.6683168316831684
4742,0.6195286195286195,0.13468013468013468,0.04040404040404041,0.2053872053872054,0.7946127946127947,0.1750841750841751,178.0,128.0,0.4101123595505618,0.6179775280898876,0.6741573033707865
4743,0.5521885521885522,0.18518518518518517,0.05387205387205387,0.20875420875420875,0.7912457912457912,0.23905723905723905,185.0,140.0,0.3783783783783784,0.6270270270270271,0.6810810810810811
4744,0.5622895622895623,0.1414141414141414,0.04377104377104377,0.25252525252525254,0.7474747474747475,0.18518518518518517,194.0,140.0,0.39690721649484534,0.5721649484536082,0.634020618556701
4745,0.5589225589225589,0.1717171717171717,0.04040404040404041,0.22895622895622897,0.7710437710437711,0.21212121212121213,194.0,141.0,0.38144329896907214,0.6185567010309279,0.6701030927835051
4746,0.5723905723905723,0.16161616161616163,0.05387205387205387,0.21212121212121213,0.7878787878787878,0.21548821548821548,190.0,139.0,0.4,0.6052631578947368,0.6789473684210526
4747,0.5791245791245792,0.16498316498316498,0.05387205387205387,0.20202020202020202,0.797979797979798,0.21885521885521886,181.0,133.0,0.39226519337016574,0.6187845303867403,0.6795580110497238
4748,0.5387205387205387,0.16498316498316498,0.04040404040404041,0.2558922558922559,0.7441077441077442,0.2053872053872054,195.0,143.0,0.38461538461538464,0.5948717948717949,0.6410256410256411
4749,0.5656565656565656,0.15488215488215487,0.05723905723905724,0.2222222222222222,0.7777777777777778,0.21212121212121213,181.0,134.0,0.35911602209944754,0.569060773480663,0.6408839779005525
4750,0.5521885521885522,0.1919191919191919,0.06060606060606061,0.19528619528619529,0.8047138047138047,0.25252525252525254,174.0,116.0,0.367816091954023,0.6206896551724138,0.7011494252873564
4751,0.4612794612794613,0.21548821548821548,0.07744107744107744,0.24579124579124578,0.7542087542087542,0.29292929292929293,206.0,149.0,0.32524271844660196,0.5728155339805825,0.6601941747572816
4752,0.5488215488215489,0.16498316498316498,0.05387205387205387,0.23232323232323232,0.7676767676767676,0.21885521885521886,188.0,135.0,0.35106382978723405,0.5797872340425532,0.648936170212766
4753,0.6060606060606061,0.13131313131313133,0.06734006734006734,0.19528619528619529,0.8047138047138047,0.19865319865319866,173.0,115.0,0.43352601156069365,0.5953757225433526,0.6820809248554913
4754,0.5252525252525253,0.18181818181818182,0.050505050505050504,0.24242424242424243,0.7575757575757576,0.23232323232323232,197.0,144.0,0.3604060913705584,0.5786802030456852,0.6446700507614214
4755,0.5521885521885522,0.1447811447811448,0.05723905723905724,0.24579124579124578,0.7542087542087542,0.20202020202020202,193.0,148.0,0.36787564766839376,0.5492227979274611,0.6373056994818653
4756,0.5656565656565656,0.16498316498316498,0.04377104377104377,0.2255892255892256,0.7744107744107744,0.20875420875420875,187.0,137.0,0.39037433155080214,0.6096256684491979,0.6631016042780749
4757,0.5252525252525253,0.1750841750841751,0.026936026936026935,0.2727272727272727,0.7272727272727273,0.20202020202020202,199.0,143.0,0.35678391959798994,0.5678391959798995,0.6030150753768844
4758,0.5218855218855218,0.20202020202020202,0.050505050505050504,0.2255892255892256,0.7744107744107744,0.25252525252525254,188.0,133.0,0.35106382978723405,0.5904255319148937,0.648936170212766
4759,0.569023569023569,0.1447811447811448,0.037037037037037035,0.24915824915824916,0.7508417508417509,0.18181818181818182,184.0,136.0,0.3641304347826087,0.5597826086956522,0.6086956521739131
4760,0.5454545454545454,0.18518518518518517,0.05723905723905724,0.21212121212121213,0.7878787878787878,0.24242424242424243,187.0,124.0,0.40641711229946526,0.6203208556149733,0.6951871657754011
4761,0.5420875420875421,0.16498316498316498,0.03367003367003367,0.25925925925925924,0.7407407407407407,0.19865319865319866,189.0,138.0,0.35978835978835977,0.5714285714285714,0.6190476190476191
4762,0.5185185185185185,0.21212121212121213,0.04377104377104377,0.2255892255892256,0.7744107744107744,0.2558922558922559,197.0,152.0,0.37055837563451777,0.6192893401015228,0.6649746192893401
4763,0.5420875420875421,0.16498316498316498,0.04713804713804714,0.24579124579124578,0.7542087542087542,0.21212121212121213,192.0,139.0,0.3802083333333333,0.59375,0.6614583333333334
4764,0.5387205387205387,0.20202020202020202,0.04713804713804714,0.21212121212121213,0.7878787878787878,0.24915824915824916,197.0,147.0,0.39593908629441626,0.6345177664974619,0.6903553299492385
4765,0.5959595959595959,0.16498316498316498,0.06060606060606061,0.17845117845117844,0.8215488215488216,0.2255892255892256,170.0,108.0,0.4176470588235294,0.611764705882353,0.7
4766,0.5454545454545454,0.16835016835016836,0.050505050505050504,0.2356902356902357,0.7643097643097643,0.21885521885521886,195.0,147.0,0.3641025641025641,0.5794871794871795,0.6512820512820513
4767,0.5959595959595959,0.13804713804713806,0.03367003367003367,0.23232323232323232,0.7676767676767676,0.1717171717171717,184.0,130.0,0.41847826086956524,0.6086956521739131,0.657608695652174
4768,0.5622895622895623,0.20875420875420875,0.037037037037037035,0.1919191919191919,0.8080808080808081,0.24579124579124578,185.0,131.0,0.3891891891891892,0.6432432432432432,0.7027027027027027
4769,0.5488215488215489,0.2053872053872054,0.04377104377104377,0.20202020202020202,0.797979797979798,0.24915824915824916,180.0,127.0,0.35,0.6166666666666667,0.6888888888888889
4770,0.5151515151515151,0.18181818181818182,0.030303030303030304,0.2727272727272727,0.7272727272727273,0.21212121212121213,198.0,152.0,0.3333333333333333,0.5757575757575758,0.6161616161616161
4771,0.5151515151515151,0.19528619528619529,0.06397306397306397,0.2255892255892256,0.7744107744107744,0.25925925925925924,197.0,144.0,0.39086294416243655,0.6192893401015228,0.6751269035532995
4772,0.5622895622895623,0.17845117845117844,0.04377104377104377,0.21548821548821548,0.7845117845117845,0.2222222222222222,189.0,137.0,0.38095238095238093,0.6137566137566137,0.6772486772486772
4773,0.4983164983164983,0.19528619528619529,0.050505050505050504,0.2558922558922559,0.7441077441077442,0.24579124579124578,204.0,152.0,0.38235294117647056,0.5980392156862745,0.6617647058823529
4774,0.5218855218855218,0.18518518518518517,0.050505050505050504,0.24242424242424243,0.7575757575757576,0.2356902356902357,189.0,134.0,0.3862433862433862,0.6031746031746031,0.6507936507936508
4775,0.5488215488215489,0.19528619528619529,0.04040404040404041,0.21548821548821548,0.7845117845117845,0.2356902356902357,183.0,130.0,0.3551912568306011,0.6174863387978142,0.6830601092896175
4776,0.5959595959595959,0.15824915824915825,0.04040404040404041,0.2053872053872054,0.7946127946127947,0.19865319865319866,180.0,129.0,0.3888888888888889,0.6277777777777778,0.6888888888888889
4777,0.6161616161616161,0.16161616161616163,0.030303030303030304,0.1919191919191919,0.8080808080808081,0.1919191919191919,177.0,122.0,0.4067796610169492,0.6384180790960452,0.6892655367231638
4778,0.4781144781144781,0.1750841750841751,0.05723905723905724,0.2895622895622896,0.7104377104377104,0.23232323232323232,200.0,150.0,0.31,0.53,0.605
4779,0.5959595959595959,0.15151515151515152,0.026936026936026935,0.2255892255892256,0.7744107744107744,0.17845117845117844,174.0,115.0,0.40229885057471265,0.6264367816091954,0.6609195402298851
4780,0.569023569023569,0.16498316498316498,0.04377104377104377,0.2222222222222222,0.7777777777777778,0.20875420875420875,186.0,132.0,0.3763440860215054,0.6075268817204301,0.6774193548387096
4781,0.6060606060606061,0.15824915824915825,0.03367003367003367,0.20202020202020202,0.797979797979798,0.1919191919191919,172.0,115.0,0.43023255813953487,0.6511627906976745,0.6918604651162791
4782,0.5454545454545454,0.16498316498316498,0.04377104377104377,0.24579124579124578,0.7542087542087542,0.20875420875420875,192.0,143.0,0.3645833333333333,0.578125,0.640625
4783,0.531986531986532,0.1717171717171717,0.05723905723905724,0.23905723905723905,0.7609427609427609,0.22895622895622897,190.0,140.0,0.35789473684210527,0.5894736842105263,0.6631578947368421
4784,0.531986531986532,0.2053872053872054,0.06734006734006734,0.19528619528619529,0.8047138047138047,0.2727272727272727,188.0,130.0,0.3670212765957447,0.6170212765957447,0.7074468085106383
4785,0.5622895622895623,0.1750841750841751,0.04377104377104377,0.21885521885521886,0.7811447811447811,0.21885521885521886,195.0,147.0,0.38461538461538464,0.6051282051282051,0.6666666666666666
4786,0.5050505050505051,0.18855218855218855,0.06397306397306397,0.24242424242424243,0.7575757575757576,0.25252525252525254,202.0,145.0,0.35148514851485146,0.5841584158415841,0.6633663366336634
4787,0.5555555555555556,0.1919191919191919,0.04040404040404041,0.21212121212121213,0.7878787878787878,0.23232323232323232,188.0,132.0,0.3723404255319149,0.6117021276595744,0.675531914893617
4788,0.5555555555555556,0.18181818181818182,0.04713804713804714,0.21548821548821548,0.7845117845117845,0.22895622895622897,198.0,142.0,0.3888888888888889,0.6262626262626263,0.6868686868686869
4789,0.5185185185185185,0.19865319865319866,0.06060606060606061,0.2222222222222222,0.7777777777777778,0.25925925925925924,192.0,142.0,0.34375,0.5989583333333334,0.6614583333333334
4790,0.5286195286195287,0.21548821548821548,0.026936026936026935,0.22895622895622897,0.7710437710437711,0.24242424242424243,194.0,139.0,0.36597938144329895,0.6288659793814433,0.6701030927835051
4791,0.5589225589225589,0.16835016835016836,0.04040404040404041,0.23232323232323232,0.7676767676767676,0.20875420875420875,185.0,129.0,0.3783783783783784,0.5891891891891892,0.6432432432432432
4792,0.5387205387205387,0.16498316498316498,0.05723905723905724,0.23905723905723905,0.7609427609427609,0.2222222222222222,195.0,143.0,0.37948717948717947,0.5948717948717949,0.6666666666666666
4793,0.5622895622895623,0.1919191919191919,0.030303030303030304,0.21548821548821548,0.7845117845117845,0.2222222222222222,185.0,133.0,0.3945945945945946,0.654054054054054,0.6810810810810811
4794,0.5521885521885522,0.15488215488215487,0.037037037037037035,0.2558922558922559,0.7441077441077442,0.1919191919191919,186.0,125.0,0.3655913978494624,0.5645161290322581,0.6236559139784946
4795,0.5353535353535354,0.15151515151515152,0.05723905723905724,0.2558922558922559,0.7441077441077442,0.20875420875420875,190.0,139.0,0.3473684210526316,0.5631578947368421,0.6263157894736842
4796,0.5589225589225589,0.16498316498316498,0.050505050505050504,0.2255892255892256,0.7744107744107744,0.21548821548821548,186.0,136.0,0.3548387096774194,0.5752688172043011,0.6559139784946236
4797,0.5488215488215489,0.15824915824915825,0.06060606060606061,0.23232323232323232,0.7676767676767676,0.21885521885521886,177.0,118.0,0.3898305084745763,0.5875706214689266,0.6610169491525424
4798,0.5488215488215489,0.18181818181818182,0.04377104377104377,0.2255892255892256,0.7744107744107744,0.2255892255892256,191.0,141.0,0.3612565445026178,0.5968586387434555,0.6596858638743456
4799,0.569023569023569,0.17845117845117844,0.02356902356902357,0.22895622895622897,0.7710437710437711,0.20202020202020202,193.0,140.0,0.40932642487046633,0.6321243523316062,0.6683937823834197
4800,0.531986531986532,0.16835016835016836,0.05387205387205387,0.24579124579124578,0.7542087542087542,0.2222222222222222,189.0,134.0,0.37566137566137564,0.582010582010582,0.6402116402116402
4801,0.5858585858585859,0.13468013468013468,0.037037037037037035,0.24242424242424243,0.7575757575757576,0.1717171717171717,191.0,145.0,0.387434554973822,0.581151832460733,0.6387434554973822
4802,0.5959595959595959,0.14814814814814814,0.04377104377104377,0.21212121212121213,0.7878787878787878,0.1919191919191919,179.0,125.0,0.41899441340782123,0.6368715083798883,0.6983240223463687
4803,0.5791245791245792,0.17845117845117844,0.050505050505050504,0.1919191919191919,0.8080808080808081,0.22895622895622897,185.0,130.0,0.3945945945945946,0.6432432432432432,0.7135135135135136
4804,0.5555555555555556,0.16161616161616163,0.04713804713804714,0.2356902356902357,0.7643097643097643,0.20875420875420875,189.0,142.0,0.36507936507936506,0.5873015873015873,0.656084656084656
4805,0.5555555555555556,0.18855218855218855,0.04713804713804714,0.20875420875420875,0.7912457912457912,0.2356902356902357,188.0,142.0,0.3776595744680851,0.6063829787234043,0.6702127659574468
4806,0.5925925925925926,0.1414141414141414,0.02356902356902357,0.24242424242424243,0.7575757575757576,0.16498316498316498,176.0,120.0,0.39204545454545453,0.5795454545454546,0.6193181818181818
4807,0.5521885521885522,0.13804713804713806,0.06397306397306397,0.24579124579124578,0.7542087542087542,0.20202020202020202,196.0,150.0,0.37755102040816324,0.5510204081632653,0.6326530612244898
4808,0.5151515151515151,0.19865319865319866,0.04377104377104377,0.24242424242424243,0.7575757575757576,0.24242424242424243,192.0,138.0,0.3541666666666667,0.59375,0.6458333333333334
4809,0.5420875420875421,0.18181818181818182,0.04377104377104377,0.23232323232323232,0.7676767676767676,0.2255892255892256,191.0,140.0,0.3612565445026178,0.5916230366492147,0.6544502617801047
4810,0.6094276094276094,0.1717171717171717,0.04040404040404041,0.17845117845117844,0.8215488215488216,0.21212121212121213,186.0,135.0,0.40860215053763443,0.6559139784946236,0.7204301075268817
4811,0.5151515151515151,0.16835016835016836,0.04377104377104377,0.2727272727272727,0.7272727272727273,0.21212121212121213,193.0,148.0,0.33678756476683935,0.5492227979274611,0.6010362694300518
4812,0.5521885521885522,0.18518518518518517,0.08417508417508418,0.17845117845117844,0.8215488215488216,0.26936026936026936,183.0,124.0,0.4262295081967213,0.639344262295082,0.73224043715847
4813,0.531986531986532,0.21212121212121213,0.05723905723905724,0.19865319865319866,0.8013468013468014,0.26936026936026936,187.0,127.0,0.37433155080213903,0.6310160427807486,0.7005347593582888
4814,0.4713804713804714,0.2222222222222222,0.05723905723905724,0.24915824915824916,0.7508417508417509,0.27946127946127947,205.0,149.0,0.33658536585365856,0.5853658536585366,0.6536585365853659
4815,0.5757575757575758,0.18855218855218855,0.04377104377104377,0.1919191919191919,0.8080808080808081,0.23232323232323232,182.0,136.0,0.38461538461538464,0.6263736263736264,0.6978021978021978
4816,0.5488215488215489,0.1717171717171717,0.04713804713804714,0.23232323232323232,0.7676767676767676,0.21885521885521886,187.0,129.0,0.3850267379679144,0.5989304812834224,0.6577540106951871
4817,0.5892255892255892,0.18181818181818182,0.03367003367003367,0.19528619528619529,0.8047138047138047,0.21548821548821548,185.0,130.0,0.40540540540540543,0.6432432432432432,0.6972972972972973
4818,0.5117845117845118,0.22895622895622897,0.030303030303030304,0.22895622895622897,0.7710437710437711,0.25925925925925924,195.0,145.0,0.3333333333333333,0.6256410256410256,0.6666666666666666
4819,0.5488215488215489,0.1414141414141414,0.03367003367003367,0.2760942760942761,0.7239057239057239,0.1750841750841751,191.0,142.0,0.3769633507853403,0.5497382198952879,0.5968586387434555
4820,0.531986531986532,0.2356902356902357,0.05723905723905724,0.1750841750841751,0.8249158249158249,0.29292929292929293,179.0,128.0,0.3743016759776536,0.6536312849162011,0.7374301675977654
4821,0.531986531986532,0.18855218855218855,0.0707070707070707,0.20875420875420875,0.7912457912457912,0.25925925925925924,193.0,139.0,0.37305699481865284,0.6062176165803109,0.694300518134715
4822,0.531986531986532,0.1919191919191919,0.03367003367003367,0.24242424242424243,0.7575757575757576,0.2255892255892256,190.0,142.0,0.3526315789473684,0.5842105263157895,0.631578947368421
4823,0.5589225589225589,0.14814814814814814,0.04713804713804714,0.24579124579124578,0.7542087542087542,0.19528619528619529,187.0,135.0,0.37967914438502676,0.5668449197860963,0.6363636363636364
4824,0.5353535353535354,0.18855218855218855,0.04713804713804714,0.22895622895622897,0.7710437710437711,0.2356902356902357,194.0,147.0,0.3865979381443299,0.6082474226804123,0.6649484536082474
4825,0.5286195286195287,0.1717171717171717,0.030303030303030304,0.26936026936026936,0.7306397306397306,0.20202020202020202,191.0,138.0,0.35602094240837695,0.5654450261780105,0.6073298429319371
4826,0.5420875420875421,0.1919191919191919,0.04713804713804714,0.21885521885521886,0.7811447811447811,0.23905723905723905,199.0,148.0,0.38190954773869346,0.6231155778894473,0.6934673366834171
4827,0.5488215488215489,0.16835016835016836,0.05387205387205387,0.22895622895622897,0.7710437710437711,0.2222222222222222,182.0,126.0,0.36813186813186816,0.5714285714285714,0.6483516483516484
4828,0.5555555555555556,0.14814814814814814,0.04377104377104377,0.25252525252525254,0.7474747474747475,0.1919191919191919,187.0,135.0,0.36363636363636365,0.5508021390374331,0.6096256684491979
4829,0.4882154882154882,0.1919191919191919,0.050505050505050504,0.26936026936026936,0.7306397306397306,0.24242424242424243,197.0,137.0,0.3553299492385787,0.5786802030456852,0.6395939086294417
4830,0.5892255892255892,0.17845117845117844,0.02356902356902357,0.20875420875420875,0.7912457912457912,0.20202020202020202,189.0,133.0,0.4126984126984127,0.656084656084656,0.6931216931216931
4831,0.5286195286195287,0.1414141414141414,0.04040404040404041,0.2895622895622896,0.7104377104377104,0.18181818181818182,206.0,153.0,0.3883495145631068,0.5728155339805825,0.6116504854368932
4832,0.6094276094276094,0.15488215488215487,0.04713804713804714,0.18855218855218855,0.8114478114478114,0.20202020202020202,176.0,118.0,0.4431818181818182,0.625,0.6988636363636364
4833,0.569023569023569,0.18518518518518517,0.037037037037037035,0.20875420875420875,0.7912457912457912,0.2222222222222222,192.0,139.0,0.3958333333333333,0.65625,0.6979166666666666
4834,0.531986531986532,0.18181818181818182,0.05723905723905724,0.22895622895622897,0.7710437710437711,0.23905723905723905,194.0,148.0,0.34536082474226804,0.5927835051546392,0.6649484536082474
4835,0.5925925925925926,0.15824915824915825,0.04040404040404041,0.20875420875420875,0.7912457912457912,0.19865319865319866,180.0,130.0,0.38333333333333336,0.6055555555555555,0.6666666666666666
4836,0.5185185185185185,0.20875420875420875,0.050505050505050504,0.2222222222222222,0.7777777777777778,0.25925925925925924,188.0,134.0,0.3617021276595745,0.6117021276595744,0.6702127659574468
4837,0.569023569023569,0.15824915824915825,0.037037037037037035,0.2356902356902357,0.7643097643097643,0.19528619528619529,182.0,135.0,0.38461538461538464,0.5824175824175825,0.6428571428571429
4838,0.5420875420875421,0.21212121212121213,0.04040404040404041,0.2053872053872054,0.7946127946127947,0.25252525252525254,189.0,138.0,0.35978835978835977,0.6349206349206349,0.6931216931216931
4839,0.5454545454545454,0.1750841750841751,0.050505050505050504,0.22895622895622897,0.7710437710437711,0.2255892255892256,187.0,132.0,0.39037433155080214,0.5935828877005348,0.6631016042780749
4840,0.5589225589225589,0.15824915824915825,0.03367003367003367,0.24915824915824916,0.7508417508417509,0.1919191919191919,187.0,134.0,0.39037433155080214,0.5828877005347594,0.6310160427807486
4841,0.468013468013468,0.20875420875420875,0.06397306397306397,0.25925925925925924,0.7407407407407407,0.2727272727272727,197.0,149.0,0.3350253807106599,0.5786802030456852,0.6548223350253807
4842,0.5555555555555556,0.19528619528619529,0.037037037037037035,0.21212121212121213,0.7878787878787878,0.23232323232323232,184.0,128.0,0.3858695652173913,0.6195652173913043,0.6793478260869565
4843,0.5791245791245792,0.14814814814814814,0.04377104377104377,0.22895622895622897,0.7710437710437711,0.1919191919191919,184.0,131.0,0.391304347826087,0.5978260869565217,0.657608695652174
4844,0.5387205387205387,0.14814814814814814,0.04377104377104377,0.26936026936026936,0.7306397306397306,0.1919191919191919,201.0,151.0,0.38308457711442784,0.5671641791044776,0.6218905472636815
4845,0.5353535353535354,0.15824915824915825,0.06734006734006734,0.23905723905723905,0.7609427609427609,0.2255892255892256,197.0,151.0,0.37055837563451777,0.5736040609137056,0.6598984771573604
4846,0.5488215488215489,0.16498316498316498,0.037037037037037035,0.24915824915824916,0.7508417508417509,0.20202020202020202,187.0,138.0,0.34759358288770054,0.5668449197860963,0.6149732620320856
4847,0.5218855218855218,0.18518518518518517,0.05387205387205387,0.23905723905723905,0.7609427609427609,0.23905723905723905,189.0,132.0,0.3439153439153439,0.5873015873015873,0.6455026455026455
4848,0.531986531986532,0.17845117845117844,0.05387205387205387,0.2356902356902357,0.7643097643097643,0.23232323232323232,193.0,134.0,0.39378238341968913,0.6010362694300518,0.6632124352331606
4849,0.5218855218855218,0.16498316498316498,0.04713804713804714,0.265993265993266,0.734006734006734,0.21212121212121213,188.0,136.0,0.3723404255319149,0.5585106382978723,0.6223404255319149
4850,0.531986531986532,0.1750841750841751,0.037037037037037035,0.2558922558922559,0.7441077441077442,0.21212121212121213,188.0,129.0,0.35638297872340424,0.574468085106383,0.6276595744680851
4851,0.48484848484848486,0.19528619528619529,0.06397306397306397,0.2558922558922559,0.7441077441077442,0.25925925925925924,195.0,141.0,0.3384615384615385,0.558974358974359,0.6205128205128205
4852,0.5252525252525253,0.1750841750841751,0.06734006734006734,0.23232323232323232,0.7676767676767676,0.24242424242424243,205.0,157.0,0.375609756097561,0.5951219512195122,0.6682926829268293
4853,0.5521885521885522,0.2053872053872054,0.037037037037037035,0.2053872053872054,0.7946127946127947,0.24242424242424243,183.0,132.0,0.39344262295081966,0.6338797814207651,0.6830601092896175
4854,0.5420875420875421,0.16835016835016836,0.06397306397306397,0.2255892255892256,0.7744107744107744,0.23232323232323232,180.0,131.0,0.39444444444444443,0.6055555555555555,0.65
4855,0.5218855218855218,0.18518518518518517,0.05723905723905724,0.2356902356902357,0.7643097643097643,0.24242424242424243,187.0,135.0,0.3422459893048128,0.5828877005347594,0.6417112299465241
4856,0.5454545454545454,0.15824915824915825,0.04040404040404041,0.2558922558922559,0.7441077441077442,0.19865319865319866,191.0,143.0,0.38219895287958117,0.5706806282722513,0.6230366492146597
4857,0.5858585858585859,0.16498316498316498,0.026936026936026935,0.2222222222222222,0.7777777777777778,0.1919191919191919,184.0,130.0,0.3967391304347826,0.6195652173913043,0.657608695652174
4858,0.5454545454545454,0.1919191919191919,0.020202020202020204,0.24242424242424243,0.7575757575757576,0.21212121212121213,191.0,132.0,0.3717277486910995,0.6073298429319371,0.6335078534031413
4859,0.5050505050505051,0.18855218855218855,0.05387205387205387,0.25252525252525254,0.7474747474747475,0.24242424242424243,192.0,137.0,0.3333333333333333,0.5677083333333334,0.6354166666666666
4860,0.5555555555555556,0.16161616161616163,0.04713804713804714,0.2356902356902357,0.7643097643097643,0.20875420875420875,189.0,131.0,0.3915343915343915,0.6031746031746031,0.6613756613756614
4861,0.5353535353535354,0.16498316498316498,0.04040404040404041,0.25925925925925924,0.7407407407407407,0.2053872053872054,184.0,129.0,0.358695652173913,0.5597826086956522,0.6195652173913043
4862,0.5387205387205387,0.18518518518518517,0.05387205387205387,0.2222222222222222,0.7777777777777778,0.23905723905723905,190.0,136.0,0.3684210526315789,0.6,0.6631578947368421
4863,0.6026936026936027,0.14814814814814814,0.04040404040404041,0.20875420875420875,0.7912457912457912,0.18855218855218855,177.0,128.0,0.4180790960451977,0.615819209039548,0.6836158192090396
4864,0.5723905723905723,0.15488215488215487,0.05723905723905724,0.21548821548821548,0.7845117845117845,0.21212121212121213,185.0,135.0,0.3945945945945946,0.6108108108108108,0.6810810810810811
4865,0.531986531986532,0.16835016835016836,0.08080808080808081,0.21885521885521886,0.7811447811447811,0.24915824915824916,187.0,136.0,0.35294117647058826,0.5454545454545454,0.6631016042780749
4866,0.569023569023569,0.17845117845117844,0.050505050505050504,0.20202020202020202,0.797979797979798,0.22895622895622897,184.0,127.0,0.40217391304347827,0.6413043478260869,0.6956521739130435
4867,0.5353535353535354,0.18518518518518517,0.050505050505050504,0.22895622895622897,0.7710437710437711,0.2356902356902357,195.0,147.0,0.37948717948717947,0.6102564102564103,0.6717948717948717
4868,0.5454545454545454,0.1750841750841751,0.050505050505050504,0.22895622895622897,0.7710437710437711,0.2255892255892256,191.0,137.0,0.39267015706806285,0.6178010471204188,0.680628272251309
4869,0.5016835016835017,0.2053872053872054,0.05723905723905724,0.2356902356902357,0.7643097643097643,0.26262626262626265,200.0,152.0,0.35,0.61,0.68
4870,0.531986531986532,0.16161616161616163,0.06060606060606061,0.24579124579124578,0.7542087542087542,0.2222222222222222,193.0,145.0,0.37305699481865284,0.5699481865284974,0.6632124352331606
4871,0.5488215488215489,0.18855218855218855,0.04377104377104377,0.21885521885521886,0.7811447811447811,0.23232323232323232,189.0,139.0,0.3915343915343915,0.6349206349206349,0.6984126984126984
4872,0.5387205387205387,0.1414141414141414,0.04713804713804714,0.2727272727272727,0.7272727272727273,0.18855218855218855,194.0,147.0,0.36597938144329895,0.5567010309278351,0.6185567010309279
4873,0.5824915824915825,0.15151515151515152,0.050505050505050504,0.21548821548821548,0.7845117845117845,0.20202020202020202,192.0,141.0,0.4114583333333333,0.6145833333333334,0.6875
4874,0.5286195286195287,0.18855218855218855,0.03367003367003367,0.24915824915824916,0.7508417508417509,0.2222222222222222,190.0,137.0,0.3631578947368421,0.5947368421052631,0.6473684210526316
4875,0.5488215488215489,0.14814814814814814,0.03367003367003367,0.26936026936026936,0.7306397306397306,0.18181818181818182,188.0,135.0,0.3670212765957447,0.5585106382978723,0.6063829787234043
4876,0.5824915824915825,0.1750841750841751,0.06397306397306397,0.17845117845117844,0.8215488215488216,0.23905723905723905,190.0,140.0,0.4,0.6421052631578947,0.7263157894736842
4877,0.5420875420875421,0.16161616161616163,0.04713804713804714,0.24915824915824916,0.7508417508417509,0.20875420875420875,192.0,146.0,0.359375,0.5572916666666666,0.625
4878,0.5656565656565656,0.20202020202020202,0.03367003367003367,0.19865319865319866,0.8013468013468014,0.2356902356902357,190.0,141.0,0.3894736842105263,0.6421052631578947,0.6947368421052632
4879,0.5757575757575758,0.16161616161616163,0.026936026936026935,0.2356902356902357,0.7643097643097643,0.18855218855218855,187.0,131.0,0.3850267379679144,0.6042780748663101,0.6417112299465241
4880,0.5218855218855218,0.2053872053872054,0.02356902356902357,0.24915824915824916,0.7508417508417509,0.22895622895622897,193.0,141.0,0.37305699481865284,0.6217616580310881,0.6528497409326425
4881,0.5892255892255892,0.14814814814814814,0.037037037037037035,0.2255892255892256,0.7744107744107744,0.18518518518518517,178.0,121.0,0.4044943820224719,0.601123595505618,0.651685393258427
4882,0.5420875420875421,0.15488215488215487,0.030303030303030304,0.2727272727272727,0.7272727272727273,0.18518518518518517,193.0,139.0,0.37823834196891193,0.5647668393782384,0.6062176165803109
4883,0.5387205387205387,0.15824915824915825,0.06734006734006734,0.2356902356902357,0.7643097643097643,0.2255892255892256,206.0,154.0,0.3883495145631068,0.587378640776699,0.6747572815533981
4884,0.5723905723905723,0.15488215488215487,0.050505050505050504,0.2222222222222222,0.7777777777777778,0.2053872053872054,184.0,131.0,0.3967391304347826,0.592391304347826,0.6521739130434783
4885,0.5454545454545454,0.1750841750841751,0.05723905723905724,0.2222222222222222,0.7777777777777778,0.23232323232323232,187.0,134.0,0.3689839572192513,0.5828877005347594,0.6631016042780749
4886,0.5387205387205387,0.19528619528619529,0.04040404040404041,0.2255892255892256,0.7744107744107744,0.2356902356902357,186.0,129.0,0.3924731182795699,0.6290322580645161,0.6774193548387096
4887,0.5218855218855218,0.17845117845117844,0.05387205387205387,0.24579124579124578,0.7542087542087542,0.23232323232323232,199.0,150.0,0.36683417085427134,0.5879396984924623,0.6532663316582915
4888,0.6094276094276094,0.15151515151515152,0.05387205387205387,0.18518518518518517,0.8148148148148148,0.2053872053872054,187.0,137.0,0.42780748663101603,0.6256684491978609,0.7058823529411765
4889,0.5555555555555556,0.1717171717171717,0.05387205387205387,0.21885521885521886,0.7811447811447811,0.2255892255892256,197.0,150.0,0.37055837563451777,0.5939086294416244,0.6700507614213198
4890,0.5622895622895623,0.16161616161616163,0.04377104377104377,0.23232323232323232,0.7676767676767676,0.2053872053872054,192.0,145.0,0.3802083333333333,0.5989583333333334,0.65625
4891,0.5454545454545454,0.2222222222222222,0.030303030303030304,0.20202020202020202,0.797979797979798,0.25252525252525254,192.0,136.0,0.421875,0.6770833333333334,0.7135416666666666
4892,0.5286195286195287,0.18855218855218855,0.04713804713804714,0.2356902356902357,0.7643097643097643,0.2356902356902357,202.0,149.0,0.3910891089108911,0.6188118811881188,0.6732673267326733
4893,0.5521885521885522,0.21212121212121213,0.04377104377104377,0.1919191919191919,0.8080808080808081,0.2558922558922559,187.0,133.0,0.37967914438502676,0.6417112299465241,0.7058823529411765
4894,0.5420875420875421,0.1750841750841751,0.06060606060606061,0.2222222222222222,0.7777777777777778,0.2356902356902357,184.0,130.0,0.3858695652173913,0.6195652173913043,0.6847826086956522
4895,0.5521885521885522,0.20202020202020202,0.037037037037037035,0.20875420875420875,0.7912457912457912,0.23905723905723905,189.0,137.0,0.38095238095238093,0.6402116402116402,0.6878306878306878
4896,0.5757575757575758,0.16161616161616163,0.03367003367003367,0.22895622895622897,0.7710437710437711,0.19528619528619529,180.0,126.0,0.4,0.6111111111111112,0.65
4897,0.5656565656565656,0.14814814814814814,0.04377104377104377,0.24242424242424243,0.7575757575757576,0.1919191919191919,187.0,136.0,0.39037433155080214,0.5882352941176471,0.6363636363636364
4898,0.5656565656565656,0.15151515151515152,0.04713804713804714,0.2356902356902357,0.7643097643097643,0.19865319865319866,189.0,135.0,0.3915343915343915,0.582010582010582,0.6507936507936508
4899,0.5791245791245792,0.18181818181818182,0.03367003367003367,0.2053872053872054,0.7946127946127947,0.21548821548821548,182.0,124.0,0.4175824175824176,0.6373626373626373,0.6813186813186813
4900,0.531986531986532,0.1717171717171717,0.06734006734006734,0.22895622895622897,0.7710437710437711,0.23905723905723905,191.0,137.0,0.3612565445026178,0.5863874345549738,0.6596858638743456
4901,0.5353535353535354,0.19865319865319866,0.05387205387205387,0.21212121212121213,0.7878787878787878,0.25252525252525254,187.0,129.0,0.3689839572192513,0.6096256684491979,0.6844919786096256
4902,0.569023569023569,0.1414141414141414,0.03367003367003367,0.2558922558922559,0.7441077441077442,0.1750841750841751,186.0,133.0,0.3978494623655914,0.5698924731182796,0.6075268817204301
4903,0.5420875420875421,0.19528619528619529,0.037037037037037035,0.2255892255892256,0.7744107744107744,0.23232323232323232,187.0,137.0,0.36363636363636365,0.6096256684491979,0.6684491978609626
4904,0.5892255892255892,0.13468013468013468,0.06060606060606061,0.21548821548821548,0.7845117845117845,0.19528619528619529,182.0,134.0,0.4230769230769231,0.5659340659340659,0.6538461538461539
4905,0.5488215488215489,0.18855218855218855,0.026936026936026935,0.2356902356902357,0.7643097643097643,0.21548821548821548,193.0,145.0,0.37823834196891193,0.616580310880829,0.6580310880829016
4906,0.5521885521885522,0.20202020202020202,0.04377104377104377,0.20202020202020202,0.797979797979798,0.24579124579124578,178.0,120.0,0.39325842696629215,0.6404494382022472,0.6966292134831461
4907,0.5555555555555556,0.16161616161616163,0.04713804713804714,0.2356902356902357,0.7643097643097643,0.20875420875420875,184.0,134.0,0.375,0.5760869565217391,0.6413043478260869
4908,0.569023569023569,0.1750841750841751,0.050505050505050504,0.2053872053872054,0.7946127946127947,0.2255892255892256,184.0,129.0,0.375,0.6032608695652174,0.6684782608695652
4909,0.5420875420875421,0.18181818181818182,0.04377104377104377,0.23232323232323232,0.7676767676767676,0.2255892255892256,187.0,137.0,0.39037433155080214,0.6096256684491979,0.6737967914438503
4910,0.531986531986532,0.2053872053872054,0.03367003367003367,0.22895622895622897,0.7710437710437711,0.23905723905723905,181.0,126.0,0.3701657458563536,0.6022099447513812,0.6519337016574586
4911,0.5252525252525253,0.15488215488215487,0.06060606060606061,0.25925925925925924,0.7407407407407407,0.21548821548821548,193.0,138.0,0.37305699481865284,0.5595854922279793,0.6269430051813472
4912,0.5050505050505051,0.1919191919191919,0.06734006734006734,0.2356902356902357,0.7643097643097643,0.25925925925925924,195.0,146.0,0.35384615384615387,0.5794871794871795,0.6615384615384615
4913,0.5622895622895623,0.14814814814814814,0.06734006734006734,0.2222222222222222,0.7777777777777778,0.21548821548821548,174.0,121.0,0.3735632183908046,0.5574712643678161,0.6436781609195402
4914,0.5488215488215489,0.16835016835016836,0.037037037037037035,0.24579124579124578,0.7542087542087542,0.2053872053872054,192.0,142.0,0.3645833333333333,0.59375,0.6354166666666666
4915,0.5824915824915825,0.1750841750841751,0.04377104377104377,0.19865319865319866,0.8013468013468014,0.21885521885521886,184.0,132.0,0.40217391304347827,0.6304347826086957,0.6956521739130435
4916,0.5791245791245792,0.18855218855218855,0.050505050505050504,0.18181818181818182,0.8181818181818182,0.23905723905723905,188.0,132.0,0.425531914893617,0.6808510638297872,0.7287234042553191
4917,0.5521885521885522,0.16835016835016836,0.037037037037037035,0.24242424242424243,0.7575757575757576,0.2053872053872054,190.0,139.0,0.3736842105263158,0.5894736842105263,0.6421052631578947
4918,0.5454545454545454,0.1919191919191919,0.037037037037037035,0.2255892255892256,0.7744107744107744,0.22895622895622897,186.0,135.0,0.3978494623655914,0.6129032258064516,0.6666666666666666
4919,0.5151515151515151,0.18518518518518517,0.04377104377104377,0.2558922558922559,0.7441077441077442,0.22895622895622897,191.0,132.0,0.3717277486910995,0.581151832460733,0.6387434554973822
4920,0.5858585858585859,0.15488215488215487,0.04377104377104377,0.21548821548821548,0.7845117845117845,0.19865319865319866,177.0,126.0,0.384180790960452,0.5988700564971752,0.6497175141242938
4921,0.5589225589225589,0.16835016835016836,0.06060606060606061,0.21212121212121213,0.7878787878787878,0.22895622895622897,187.0,137.0,0.35294117647058826,0.5989304812834224,0.6898395721925134
4922,0.5622895622895623,0.15151515151515152,0.04377104377104377,0.24242424242424243,0.7575757575757576,0.19528619528619529,186.0,137.0,0.3817204301075269,0.5860215053763441,0.6397849462365591
4923,0.5656565656565656,0.15151515151515152,0.04713804713804714,0.2356902356902357,0.7643097643097643,0.19865319865319866,182.0,125.0,0.37362637362637363,0.5769230769230769,0.6428571428571429
4924,0.6161616161616161,0.16835016835016836,0.050505050505050504,0.16498316498316498,0.835016835016835,0.21885521885521886,181.0,131.0,0.44751381215469616,0.6740331491712708,0.7458563535911602
4925,0.5387205387205387,0.1750841750841751,0.04040404040404041,0.24579124579124578,0.7542087542087542,0.21548821548821548,201.0,151.0,0.38308457711442784,0.5970149253731343,0.6417910447761194
4926,0.5218855218855218,0.18181818181818182,0.03367003367003367,0.26262626262626265,0.7373737373737373,0.21548821548821548,194.0,142.0,0.36597938144329895,0.6082474226804123,0.6494845360824743
4927,0.5824915824915825,0.16161616161616163,0.03367003367003367,0.2222222222222222,0.7777777777777778,0.19528619528619529,187.0,137.0,0.39037433155080214,0.6203208556149733,0.6684491978609626
4928,0.531986531986532,0.15824915824915825,0.04040404040404041,0.26936026936026936,0.7306397306397306,0.19865319865319866,194.0,149.0,0.3556701030927835,0.5721649484536082,0.6237113402061856
4929,0.5084175084175084,0.17845117845117844,0.06060606060606061,0.25252525252525254,0.7474747474747475,0.23905723905723905,199.0,146.0,0.33668341708542715,0.5728643216080402,0.6432160804020101
4930,0.4781144781144781,0.21548821548821548,0.037037037037037035,0.26936026936026936,0.7306397306397306,0.25252525252525254,209.0,157.0,0.3492822966507177,0.5980861244019139,0.6507177033492823
4931,0.5488215488215489,0.18855218855218855,0.050505050505050504,0.21212121212121213,0.7878787878787878,0.23905723905723905,192.0,137.0,0.375,0.6354166666666666,0.6927083333333334
4932,0.5387205387205387,0.1717171717171717,0.050505050505050504,0.23905723905723905,0.7609427609427609,0.2222222222222222,195.0,147.0,0.36923076923076925,0.5897435897435898,0.6512820512820513
4933,0.5757575757575758,0.20202020202020202,0.030303030303030304,0.1919191919191919,0.8080808080808081,0.23232323232323232,175.0,119.0,0.37714285714285717,0.6457142857142857,0.6857142857142857
4934,0.5218855218855218,0.19528619528619529,0.03367003367003367,0.24915824915824916,0.7508417508417509,0.22895622895622897,192.0,137.0,0.3802083333333333,0.59375,0.640625
4935,0.5824915824915825,0.1750841750841751,0.04040404040404041,0.20202020202020202,0.797979797979798,0.21548821548821548,186.0,139.0,0.3817204301075269,0.6236559139784946,0.6774193548387096
4936,0.5858585858585859,0.12794612794612795,0.04040404040404041,0.24579124579124578,0.7542087542087542,0.16835016835016836,184.0,141.0,0.391304347826087,0.5760869565217391,0.625
4937,0.5521885521885522,0.15488215488215487,0.04713804713804714,0.24579124579124578,0.7542087542087542,0.20202020202020202,185.0,133.0,0.3837837837837838,0.572972972972973,0.6486486486486487
4938,0.5589225589225589,0.1717171717171717,0.05387205387205387,0.21548821548821548,0.7845117845117845,0.2255892255892256,191.0,139.0,0.387434554973822,0.5968586387434555,0.6649214659685864
4939,0.5185185185185185,0.17845117845117844,0.07744107744107744,0.2255892255892256,0.7744107744107744,0.2558922558922559,187.0,134.0,0.34759358288770054,0.5614973262032086,0.6577540106951871
4940,0.5589225589225589,0.16498316498316498,0.04713804713804714,0.22895622895622897,0.7710437710437711,0.21212121212121213,190.0,132.0,0.4,0.6052631578947368,0.6684210526315789
4941,0.5622895622895623,0.16835016835016836,0.04377104377104377,0.2255892255892256,0.7744107744107744,0.21212121212121213,178.0,128.0,0.3651685393258427,0.5786516853932584,0.6292134831460674
4942,0.5218855218855218,0.1717171717171717,0.03367003367003367,0.2727272727272727,0.7272727272727273,0.2053872053872054,200.0,152.0,0.37,0.59,0.63
4943,0.5286195286195287,0.1750841750841751,0.05723905723905724,0.23905723905723905,0.7609427609427609,0.23232323232323232,190.0,135.0,0.35789473684210527,0.5789473684210527,0.6526315789473685
4944,0.5892255892255892,0.18181818181818182,0.030303030303030304,0.19865319865319866,0.8013468013468014,0.21212121212121213,185.0,136.0,0.40540540540540543,0.6432432432432432,0.6918918918918919
4945,0.5151515151515151,0.1919191919191919,0.04377104377104377,0.24915824915824916,0.7508417508417509,0.2356902356902357,192.0,138.0,0.3645833333333333,0.6041666666666666,0.6666666666666666
4946,0.5824915824915825,0.14814814814814814,0.04713804713804714,0.2222222222222222,0.7777777777777778,0.19528619528619529,183.0,126.0,0.43169398907103823,0.6120218579234973,0.6721311475409836
4947,0.5521885521885522,0.19865319865319866,0.030303030303030304,0.21885521885521886,0.7811447811447811,0.22895622895622897,184.0,137.0,0.3858695652173913,0.6086956521739131,0.6521739130434783
4948,0.5286195286195287,0.1717171717171717,0.050505050505050504,0.24915824915824916,0.7508417508417509,0.2222222222222222,191.0,141.0,0.34554973821989526,0.5549738219895288,0.6178010471204188
4949,0.5084175084175084,0.1750841750841751,0.04713804713804714,0.26936026936026936,0.7306397306397306,0.2222222222222222,198.0,135.0,0.3787878787878788,0.5707070707070707,0.6212121212121212
4950,0.5185185185185185,0.16835016835016836,0.04377104377104377,0.26936026936026936,0.7306397306397306,0.21212121212121213,195.0,143.0,0.3384615384615385,0.5487179487179488,0.6102564102564103
4951,0.5488215488215489,0.1750841750841751,0.06060606060606061,0.21548821548821548,0.7845117845117845,0.2356902356902357,186.0,125.0,0.3763440860215054,0.6075268817204301,0.6827956989247311
4952,0.5420875420875421,0.20202020202020202,0.050505050505050504,0.2053872053872054,0.7946127946127947,0.25252525252525254,189.0,133.0,0.3862433862433862,0.6455026455026455,0.708994708994709
4953,0.5218855218855218,0.19865319865319866,0.04377104377104377,0.2356902356902357,0.7643097643097643,0.24242424242424243,195.0,144.0,0.3384615384615385,0.6051282051282051,0.6615384615384615
4954,0.5521885521885522,0.18855218855218855,0.04377104377104377,0.21548821548821548,0.7845117845117845,0.23232323232323232,185.0,130.0,0.3675675675675676,0.6108108108108108,0.6594594594594595
4955,0.6127946127946128,0.15151515151515152,0.04377104377104377,0.1919191919191919,0.8080808080808081,0.19528619528619529,179.0,122.0,0.4134078212290503,0.6368715083798883,0.6927374301675978
4956,0.4983164983164983,0.17845117845117844,0.06397306397306397,0.25925925925925924,0.7407407407407407,0.24242424242424243,184.0,134.0,0.3423913043478261,0.5489130434782609,0.6086956521739131
4957,0.569023569023569,0.16498316498316498,0.030303030303030304,0.2356902356902357,0.7643097643097643,0.19528619528619529,182.0,124.0,0.4175824175824176,0.6263736263736264,0.6648351648351648
4958,0.5084175084175084,0.16835016835016836,0.05387205387205387,0.26936026936026936,0.7306397306397306,0.2222222222222222,201.0,154.0,0.34328358208955223,0.572139303482587,0.6467661691542289
4959,0.5016835016835017,0.16161616161616163,0.04713804713804714,0.2895622895622896,0.7104377104377104,0.20875420875420875,192.0,141.0,0.328125,0.53125,0.59375
4960,0.4713804713804714,0.16835016835016836,0.05723905723905724,0.30303030303030304,0.696969696969697,0.2255892255892256,201.0,144.0,0.34328358208955223,0.5671641791044776,0.6169154228855721
4961,0.5723905723905723,0.15824915824915825,0.06060606060606061,0.20875420875420875,0.7912457912457912,0.21885521885521886,183.0,132.0,0.3989071038251366,0.5792349726775956,0.6612021857923497
4962,0.5892255892255892,0.1717171717171717,0.04040404040404041,0.19865319865319866,0.8013468013468014,0.21212121212121213,174.0,115.0,0.39655172413793105,0.6436781609195402,0.6954022988505747
4963,0.5353535353535354,0.1750841750841751,0.05387205387205387,0.2356902356902357,0.7643097643097643,0.22895622895622897,191.0,147.0,0.3612565445026178,0.5916230366492147,0.6596858638743456
4964,0.5488215488215489,0.18855218855218855,0.03367003367003367,0.22895622895622897,0.7710437710437711,0.2222222222222222,191.0,134.0,0.39267015706806285,0.6387434554973822,0.6858638743455497
4965,0.5353535353535354,0.18181818181818182,0.02356902356902357,0.25925925925925924,0.7407407407407407,0.2053872053872054,206.0,154.0,0.38349514563106796,0.6116504854368932,0.6456310679611651
4966,0.5656565656565656,0.15824915824915825,0.04713804713804714,0.22895622895622897,0.7710437710437711,0.2053872053872054,182.0,121.0,0.4175824175824176,0.5989010989010989,0.6483516483516484
4967,0.5084175084175084,0.14814814814814814,0.050505050505050504,0.29292929292929293,0.7070707070707071,0.19865319865319866,198.0,139.0,0.35353535353535354,0.5353535353535354,0.6060606060606061
4968,0.5420875420875421,0.1919191919191919,0.030303030303030304,0.2356902356902357,0.7643097643097643,0.2222222222222222,198.0,153.0,0.35858585858585856,0.6212121212121212,0.6666666666666666
4969,0.5353535353535354,0.16161616161616163,0.050505050505050504,0.25252525252525254,0.7474747474747475,0.21212121212121213,190.0,130.0,0.4052631578947368,0.6052631578947368,0.6736842105263158
4970,0.5959595959595959,0.15488215488215487,0.06734006734006734,0.18181818181818182,0.8181818181818182,0.2222222222222222,173.0,110.0,0.41040462427745666,0.630057803468208,0.7225433526011561
4971,0.5252525252525253,0.18181818181818182,0.06397306397306397,0.22895622895622897,0.7710437710437711,0.24579124579124578,186.0,131.0,0.34408602150537637,0.5698924731182796,0.6505376344086021
4972,0.5521885521885522,0.1750841750841751,0.05387205387205387,0.21885521885521886,0.7811447811447811,0.22895622895622897,190.0,136.0,0.39473684210526316,0.6052631578947368,0.6789473684210526
4973,0.5488215488215489,0.2255892255892256,0.026936026936026935,0.19865319865319866,0.8013468013468014,0.25252525252525254,190.0,132.0,0.38421052631578945,0.6736842105263158,0.7105263157894737
4974,0.5589225589225589,0.16161616161616163,0.030303030303030304,0.24915824915824916,0.7508417508417509,0.1919191919191919,193.0,135.0,0.40414507772020725,0.6062176165803109,0.6528497409326425
4975,0.5488215488215489,0.16835016835016836,0.04377104377104377,0.23905723905723905,0.7609427609427609,0.21212121212121213,188.0,141.0,0.35106382978723405,0.574468085106383,0.6276595744680851
4976,0.5454545454545454,0.16161616161616163,0.030303030303030304,0.26262626262626265,0.7373737373737373,0.1919191919191919,193.0,133.0,0.37305699481865284,0.5751295336787565,0.6217616580310881
4977,0.5757575757575758,0.16835016835016836,0.04377104377104377,0.21212121212121213,0.7878787878787878,0.21212121212121213,182.0,129.0,0.38461538461538464,0.6153846153846154,0.6648351648351648
4978,0.5454545454545454,0.18518518518518517,0.026936026936026935,0.24242424242424243,0.7575757575757576,0.21212121212121213,202.0,153.0,0.38613861386138615,0.6237623762376238,0.6584158415841584
4979,0.5488215488215489,0.16161616161616163,0.03367003367003367,0.2558922558922559,0.7441077441077442,0.19528619528619529,186.0,139.0,0.3709677419354839,0.5860215053763441,0.6290322580645161
4980,0.5488215488215489,0.16835016835016836,0.05723905723905724,0.2255892255892256,0.7744107744107744,0.2255892255892256,186.0,128.0,0.3978494623655914,0.6075268817204301,0.6612903225806451
4981,0.5622895622895623,0.1919191919191919,0.05723905723905724,0.18855218855218855,0.8114478114478114,0.24915824915824916,188.0,143.0,0.39893617021276595,0.6382978723404256,0.7127659574468085
4982,0.5218855218855218,0.18518518518518517,0.05723905723905724,0.2356902356902357,0.7643097643097643,0.24242424242424243,184.0,132.0,0.34782608695652173,0.5760869565217391,0.6467391304347826
4983,0.4882154882154882,0.18518518518518517,0.05387205387205387,0.2727272727272727,0.7272727272727273,0.23905723905723905,192.0,143.0,0.3229166666666667,0.5416666666666666,0.6041666666666666
4984,0.5824915824915825,0.12121212121212122,0.050505050505050504,0.24579124579124578,0.7542087542087542,0.1717171717171717,185.0,134.0,0.40540540540540543,0.5621621621621622,0.6432432432432432
4985,0.5387205387205387,0.17845117845117844,0.04377104377104377,0.23905723905723905,0.7609427609427609,0.2222222222222222,194.0,145.0,0.37628865979381443,0.5927835051546392,0.6494845360824743
4986,0.5555555555555556,0.15824915824915825,0.04713804713804714,0.23905723905723905,0.7609427609427609,0.2053872053872054,185.0,130.0,0.3567567567567568,0.5567567567567567,0.6216216216216216
4987,0.5488215488215489,0.15488215488215487,0.050505050505050504,0.24579124579124578,0.7542087542087542,0.2053872053872054,191.0,138.0,0.3769633507853403,0.5863874345549738,0.6387434554973822
4988,0.5791245791245792,0.1750841750841751,0.05723905723905724,0.18855218855218855,0.8114478114478114,0.23232323232323232,187.0,133.0,0.40106951871657753,0.6363636363636364,0.7165775401069518
4989,0.531986531986532,0.1717171717171717,0.05723905723905724,0.23905723905723905,0.7609427609427609,0.22895622895622897,186.0,138.0,0.3602150537634409,0.5752688172043011,0.6559139784946236
4990,0.5454545454545454,0.16498316498316498,0.05387205387205387,0.2356902356902357,0.7643097643097643,0.21885521885521886,187.0,129.0,0.3689839572192513,0.5775401069518716,0.6470588235294118
4991,0.4983164983164983,0.19865319865319866,0.03367003367003367,0.26936026936026936,0.7306397306397306,0.23232323232323232,195.0,145.0,0.3282051282051282,0.5743589743589743,0.6205128205128205
4992,0.5622895622895623,0.18181818181818182,0.04040404040404041,0.21548821548821548,0.7845117845117845,0.2222222222222222,188.0,138.0,0.3829787234042553,0.6117021276595744,0.675531914893617
4993,0.5589225589225589,0.14814814814814814,0.04377104377104377,0.24915824915824916,0.7508417508417509,0.1919191919191919,182.0,130.0,0.37362637362637363,0.5714285714285714,0.6373626373626373
4994,0.49158249158249157,0.1919191919191919,0.037037037037037035,0.27946127946127947,0.7205387205387206,0.22895622895622897,198.0,148.0,0.3383838383838384,0.5555555555555556,0.6060606060606061
4995,0.5925925925925926,0.1414141414141414,0.06060606060606061,0.2053872053872054,0.7946127946127947,0.20202020202020202,186.0,137.0,0.40860215053763443,0.5913978494623656,0.6774193548387096
4996,0.5892255892255892,0.18181818181818182,0.06060606060606061,0.16835016835016836,0.8316498316498316,0.24242424242424243,168.0,117.0,0.4107142857142857,0.6190476190476191,0.7023809523809523
4997,0.5589225589225589,0.17845117845117844,0.04713804713804714,0.21548821548821548,0.7845117845117845,0.2255892255892256,193.0,135.0,0.39896373056994816,0.6269430051813472,0.6839378238341969
4998,0.569023569023569,0.1447811447811448,0.04713804713804714,0.23905723905723905,0.7609427609427609,0.1919191919191919,182.0,132.0,0.37362637362637363,0.5659340659340659,0.6318681318681318
4999,0.5488215488215489,0.15824915824915825,0.050505050505050504,0.24242424242424243,0.7575757575757576,0.20875420875420875,183.0,125.0,0.39344262295081966,0.5792349726775956,0.6502732240437158
5000,0.5723905723905723,0.16835016835016836,0.026936026936026935,0.23232323232323232,0.7676767676767676,0.19528619528619529,184.0,131.0,0.40217391304347827,0.6032608695652174,0.6467391304347826
