run,word_types,hapax_legomena,mean_word_length,word_length_sd,one_character_rate,eight_plus_rate,bigram_jsd,trigram_jsd,word_boundary_jsd,paragraph_start_gallows,neutral_restart_gallows,dead_ends
1,178.0,119.0,4.0,1.6184957891599903,0.037037037037037035,0.010101010101010102,0.04448085214813723,0.11176674351929763,0.09118503437561587,1.0,0.0625,0.0
2,190.0,137.0,4.043771043771044,1.568235810395444,0.04040404040404041,0.013468013468013467,0.03703694907616805,0.10737892882606542,0.12696966134344748,1.0,0.09375,0.0
3,184.0,135.0,3.9393939393939394,1.6564424689353272,0.037037037037037035,0.010101010101010102,0.04189747995293684,0.11400022519476384,0.11514083293449792,1.0,0.09375,0.0
4,182.0,128.0,3.973063973063973,1.6552991243861763,0.05387205387205387,0.013468013468013467,0.04074865860510617,0.10872227064276936,0.11581599184828668,1.0,0.0,0.0
5,188.0,130.0,3.946127946127946,1.6362250706874915,0.06060606060606061,0.006734006734006734,0.03536661002264814,0.10401374475987438,0.10294861841305,1.0,0.0,0.0
6,192.0,140.0,4.1447811447811445,1.6358508847341675,0.04040404040404041,0.016835016835016835,0.034901803664094205,0.0921054468980328,0.11184393716308666,1.0,0.09375,0.0
7,198.0,159.0,4.161616161616162,1.6353033102886936,0.020202020202020204,0.016835016835016835,0.03492616516704183,0.09375095006469233,0.13518701729761293,1.0,0.03125,0.0
8,177.0,123.0,3.8383838383838382,1.5376776667679248,0.05387205387205387,0.010101010101010102,0.03864297046346458,0.11344674069726274,0.10194919314325221,1.0,0.0,0.0
9,187.0,135.0,4.074074074074074,1.6680503048256237,0.026936026936026935,0.013468013468013467,0.034174382986675654,0.0921948432546798,0.12320289932725356,1.0,0.0,0.0
10,181.0,123.0,3.855218855218855,1.5750307685246543,0.03367003367003367,0.013468013468013467,0.04421078488822116,0.10913294425259802,0.10177860061826657,1.0,0.0,0.0
11,190.0,143.0,4.0673400673400675,1.6418897696457382,0.03367003367003367,0.016835016835016835,0.03738707458643674,0.10623897289487431,0.1213785346700475,1.0,0.0,0.0
12,175.0,123.0,3.9494949494949494,1.5744620418908053,0.03367003367003367,0.010101010101010102,0.04099899686801029,0.10946071306507302,0.12065816253650971,1.0,0.125,0.0
13,207.0,159.0,4.178451178451178,1.605485218348956,0.02356902356902357,0.003367003367003367,0.04129190581354649,0.10704832871229007,0.12606570956551144,1.0,0.1875,0.0
14,204.0,155.0,4.094276094276094,1.665009549279771,0.04040404040404041,0.013468013468013467,0.03554297814719457,0.1044664193005805,0.1237560482970157,1.0,0.0,0.0
15,184.0,134.0,3.962962962962963,1.579106631243442,0.030303030303030304,0.003367003367003367,0.04891726432552382,0.11608282214679011,0.13340560555561495,1.0,0.03125,0.0
16,193.0,146.0,4.057239057239057,1.624752699158868,0.04377104377104377,0.006734006734006734,0.0402210925635617,0.12179158230668458,0.1095333035477187,1.0,0.03125,0.0
17,194.0,142.0,4.047138047138047,1.648731853592552,0.04377104377104377,0.016835016835016835,0.03712212413473847,0.09822436362773994,0.10926691571837646,1.0,0.0,0.0
18,192.0,134.0,4.107744107744108,1.557594826954964,0.037037037037037035,0.006734006734006734,0.03540536351903247,0.09771500248813794,0.10882091136759395,1.0,0.03125,0.0
19,191.0,145.0,3.983164983164983,1.6277432942696508,0.037037037037037035,0.016835016835016835,0.03989112088033347,0.10066811087754665,0.11891669242139308,1.0,0.03125,0.0
20,184.0,134.0,4.05050505050505,1.6249759638133499,0.030303030303030304,0.020202020202020204,0.03183826204765045,0.10717987481257091,0.10681422119863401,1.0,0.0625,0.0
21,184.0,134.0,4.006734006734007,1.5699048117003052,0.04040404040404041,0.010101010101010102,0.03215666962328383,0.10002523017008572,0.1217110514745191,1.0,0.03125,0.0
22,191.0,135.0,4.090909090909091,1.5854403360188627,0.02356902356902357,0.020202020202020204,0.036348116100366146,0.08895270585514865,0.10979180462937788,1.0,0.0625,0.0
23,191.0,140.0,4.016835016835016,1.5471444587198566,0.04040404040404041,0.006734006734006734,0.038111515247846145,0.10773018719188067,0.09634203798136923,1.0,0.03125,0.0
24,190.0,141.0,4.047138047138047,1.6790851157880096,0.05723905723905724,0.013468013468013467,0.037567653046075296,0.10683514900842604,0.09314551953570142,1.0,0.0,0.0
25,183.0,132.0,4.047138047138047,1.6052733672607262,0.02356902356902357,0.013468013468013467,0.0370957739278657,0.1151074370562236,0.11881306633478556,1.0,0.0,0.0
26,185.0,136.0,3.993265993265993,1.576325834972513,0.037037037037037035,0.006734006734006734,0.04125665009166611,0.10658173431734651,0.10371355972932847,1.0,0.03125,0.0
27,178.0,128.0,3.8484848484848486,1.5636676842842308,0.05387205387205387,0.003367003367003367,0.04089382164563917,0.10047072698390025,0.12631255895115834,1.0,0.0,0.0
28,186.0,140.0,4.0033670033670035,1.5450547079290473,0.030303030303030304,0.006734006734006734,0.03770019292876101,0.09511742893496059,0.11446441167171609,1.0,0.0625,0.0
29,196.0,142.0,4.040404040404041,1.6138240671088142,0.04040404040404041,0.016835016835016835,0.037095659511167785,0.10383192212076532,0.12045677439094216,1.0,0.09375,0.0
30,192.0,137.0,4.053872053872054,1.6647848438228832,0.04040404040404041,0.026936026936026935,0.04231261329712987,0.11521273301811805,0.14387484500434328,1.0,0.03125,0.0
31,183.0,136.0,3.9124579124579126,1.530524332729514,0.04040404040404041,0.0,0.04037110086349386,0.12066395234539887,0.11036925444438439,1.0,0.03125,0.0
32,185.0,133.0,3.9562289562289563,1.550964700802246,0.04040404040404041,0.006734006734006734,0.03927668353851306,0.10119723660471569,0.08521191098823905,1.0,0.03125,0.0
33,187.0,130.0,3.9966329966329965,1.658562755559788,0.04713804713804714,0.016835016835016835,0.04210654084202536,0.1082076294624806,0.12843222234123106,1.0,0.0,0.0
34,203.0,149.0,4.121212121212121,1.5887190312927573,0.03367003367003367,0.020202020202020204,0.04195773773220038,0.10396162894627664,0.12202718937904308,1.0,0.0625,0.0
35,190.0,142.0,4.016835016835016,1.6906514841309024,0.04377104377104377,0.013468013468013467,0.03801669112981993,0.11850742556212829,0.1059716294937918,1.0,0.0625,0.0
36,190.0,130.0,4.151515151515151,1.5528639970083584,0.03367003367003367,0.003367003367003367,0.036334654504412894,0.09661107639265594,0.09545990918166121,1.0,0.03125,0.0
37,184.0,128.0,4.0673400673400675,1.676389015158907,0.06734006734006734,0.006734006734006734,0.04218925854283051,0.11231662175629759,0.12583815167680817,1.0,0.03125,0.0
38,178.0,123.0,3.9966329966329965,1.652461313897562,0.05387205387205387,0.016835016835016835,0.04754116181342115,0.1258123145734105,0.08484443009119047,1.0,0.03125,0.0
39,181.0,122.0,3.861952861952862,1.6178092050797062,0.06734006734006734,0.010101010101010102,0.038273271855667416,0.10847438810617009,0.1056185293441396,1.0,0.0,0.0
40,183.0,125.0,3.9663299663299663,1.6531403639253968,0.04713804713804714,0.010101010101010102,0.04401482208137885,0.10715702409358871,0.14853848904234693,1.0,0.03125,0.0
41,211.0,155.0,4.377104377104377,1.5846106594262745,0.03367003367003367,0.006734006734006734,0.04246101628296515,0.10634010061240004,0.11554894482884909,1.0,0.03125,0.0
42,198.0,148.0,4.127946127946128,1.6647848438228832,0.04040404040404041,0.006734006734006734,0.042858333511935354,0.11073833634266084,0.09843804612430293,1.0,0.03125,0.0
43,189.0,128.0,4.0033670033670035,1.6007117871677863,0.037037037037037035,0.010101010101010102,0.03621503518708306,0.10666071137635694,0.09596096923544564,1.0,0.0625,0.0
44,189.0,138.0,4.047138047138047,1.654847045878486,0.04713804713804714,0.013468013468013467,0.03929954886272617,0.11016984099619272,0.12617795981058155,1.0,0.0625,0.0
45,191.0,140.0,4.063973063973064,1.6368900789569172,0.04040404040404041,0.013468013468013467,0.03655507403099331,0.10561526064555811,0.10949910210050635,1.0,0.0,0.0
46,178.0,123.0,3.919191919191919,1.6018303987834315,0.04713804713804714,0.006734006734006734,0.04488437172344613,0.10913122592871852,0.12531014484091108,1.0,0.03125,0.0
47,179.0,122.0,4.063973063973064,1.689524579777328,0.04040404040404041,0.020202020202020204,0.0396296214531005,0.10639298870365503,0.09526744034251493,1.0,0.0,0.0
48,194.0,134.0,4.181818181818182,1.5722571843724662,0.020202020202020204,0.010101010101010102,0.04112380352290843,0.11058773617164394,0.10871714659638951,1.0,0.0,0.0
49,191.0,137.0,4.047138047138047,1.6198890797751053,0.04377104377104377,0.013468013468013467,0.047281397056114595,0.11658730471520978,0.12684514696809862,1.0,0.0,0.0
50,182.0,133.0,3.8383838383838382,1.6041218206953791,0.05387205387205387,0.006734006734006734,0.041559009709620204,0.1157433644168982,0.10086558748512864,1.0,0.03125,0.0
51,171.0,112.0,3.7777777777777777,1.6094557849413749,0.05387205387205387,0.003367003367003367,0.0480308694742111,0.11402699802080482,0.10266355746410374,1.0,0.0625,0.0
52,182.0,133.0,3.9797979797979797,1.6614856723193607,0.05387205387205387,0.016835016835016835,0.03205493083416541,0.10056204071999233,0.09069383906867587,1.0,0.03125,0.0
53,200.0,149.0,4.127946127946128,1.5945382865475988,0.037037037037037035,0.013468013468013467,0.039687598637432736,0.10869386535156988,0.11802118326663341,1.0,0.03125,0.0
54,192.0,148.0,3.962962962962963,1.635663759656976,0.04713804713804714,0.013468013468013467,0.03712239614784984,0.09257877304333233,0.14327417725535355,1.0,0.0625,0.0
55,193.0,131.0,4.074074074074074,1.5001350897310297,0.04040404040404041,0.006734006734006734,0.043232521645132714,0.11268735985334237,0.13360363295268346,1.0,0.03125,0.0
56,181.0,128.0,3.9797979797979797,1.528493446201224,0.04040404040404041,0.006734006734006734,0.039401825177989715,0.10445367713270826,0.08246773683226682,1.0,0.03125,0.0
57,188.0,138.0,3.942760942760943,1.6677036531824736,0.06397306397306397,0.010101010101010102,0.029893282961953427,0.08562060576856143,0.10154810245645621,1.0,0.0,0.0
58,193.0,137.0,4.262626262626263,1.6932378398222434,0.04377104377104377,0.013468013468013467,0.04178370662459855,0.10511396142436502,0.12018322254359476,1.0,0.0,0.0
59,190.0,136.0,3.993265993265993,1.612228660109944,0.06060606060606061,0.006734006734006734,0.034628565567937246,0.11204497796358585,0.13643043571581812,1.0,0.03125,0.0
60,182.0,129.0,3.946127946127946,1.617598968020265,0.04377104377104377,0.010101010101010102,0.04478041958383653,0.11150244787506365,0.09340159509793092,1.0,0.03125,0.0
61,188.0,133.0,3.9494949494949494,1.6435184646292191,0.07407407407407407,0.003367003367003367,0.03051544583696646,0.08478343750776636,0.0897112926033434,1.0,0.0625,0.0
62,196.0,144.0,4.185185185185185,1.6543126120028522,0.037037037037037035,0.020202020202020204,0.03659748700090705,0.10265261804596398,0.10716776044984602,1.0,0.0,0.0
63,174.0,120.0,3.8585858585858586,1.6247875862834382,0.05723905723905724,0.013468013468013467,0.037344221843168345,0.10604470426935857,0.12072903996036022,1.0,0.0,0.0
64,173.0,123.0,3.8383838383838382,1.6270466771746692,0.06060606060606061,0.013468013468013467,0.03429411412197631,0.09738546472621784,0.08593650773544578,1.0,0.03125,0.0
65,187.0,135.0,3.9865319865319866,1.6017100793432597,0.050505050505050504,0.010101010101010102,0.040900015948627425,0.1089105033920538,0.11892447507024236,1.0,0.03125,0.0
66,191.0,133.0,4.158249158249158,1.6992395700345921,0.06397306397306397,0.0,0.03216563782549577,0.0998017792824396,0.12419462275836471,1.0,0.09375,0.0
67,173.0,116.0,3.9764309764309766,1.6005418030834326,0.04713804713804714,0.016835016835016835,0.03661237937850863,0.09600787006369284,0.10487889653177195,1.0,0.0625,0.0
68,185.0,131.0,3.855218855218855,1.5750307685246543,0.037037037037037035,0.016835016835016835,0.03985667305871433,0.11131888870153946,0.11332229286906473,1.0,0.03125,0.0
69,185.0,132.0,3.9562289562289563,1.5378840862466068,0.050505050505050504,0.006734006734006734,0.04169656093566783,0.09999125007948949,0.11626604697667917,1.0,0.09375,0.0
70,202.0,148.0,4.228956228956229,1.5980111549306373,0.03367003367003367,0.006734006734006734,0.03631898544002663,0.09473910321255358,0.1107917514071391,1.0,0.0625,0.0
71,190.0,140.0,4.03030303030303,1.7683404237591194,0.05723905723905724,0.026936026936026935,0.03786550089299897,0.09980835577865593,0.11294343233127148,1.0,0.0,0.0
72,184.0,136.0,3.888888888888889,1.6425869935639223,0.05723905723905724,0.006734006734006734,0.04473052180527702,0.11289044972475548,0.08452554974832713,1.0,0.09375,0.0
73,181.0,128.0,3.936026936026936,1.6654384482362823,0.05387205387205387,0.016835016835016835,0.041397347421164764,0.10782182785051021,0.10941595478667475,1.0,0.0,0.0
74,200.0,152.0,4.02020202020202,1.6245991869105427,0.05723905723905724,0.020202020202020204,0.03285368732469562,0.09913688427834295,0.11081394280639636,1.0,0.0,0.0
75,184.0,130.0,3.9764309764309766,1.5535719858665762,0.03367003367003367,0.013468013468013467,0.03815978696910575,0.1105368932369534,0.13166658093797215,1.0,0.03125,0.0
76,189.0,139.0,3.9696969696969697,1.6254781971629446,0.037037037037037035,0.010101010101010102,0.04379676957571381,0.11619814960749951,0.10286022919563007,1.0,0.0625,0.0
77,182.0,131.0,3.9292929292929295,1.663142892596964,0.0707070707070707,0.013468013468013467,0.039728305612608046,0.10031034946227814,0.10416476028138155,1.0,0.0,0.0
78,200.0,152.0,4.191919191919192,1.7252927395781557,0.04377104377104377,0.02356902356902357,0.041998558755502124,0.09944734154762758,0.13476804383962954,1.0,0.0,0.0
79,182.0,130.0,3.9023569023569022,1.6372847998190023,0.06397306397306397,0.013468013468013467,0.042498265141535166,0.10283468115343808,0.1199791280357142,1.0,0.0,0.0
80,199.0,152.0,4.097643097643098,1.6413925579173205,0.04377104377104377,0.003367003367003367,0.03749905058775646,0.11406660933857231,0.12430020494398168,1.0,0.03125,0.0
81,192.0,135.0,3.9562289562289563,1.5789343212042382,0.050505050505050504,0.016835016835016835,0.03832599980139724,0.11079091944743782,0.08782039100379554,1.0,0.03125,0.0
82,180.0,124.0,4.006734006734007,1.5483090939666095,0.026936026936026935,0.006734006734006734,0.03971674114014837,0.09786598023087556,0.12950018098841426,1.0,0.03125,0.0
83,194.0,138.0,4.023569023569023,1.5665216103435846,0.037037037037037035,0.006734006734006734,0.04015532915240123,0.10044926936429097,0.11438554788968229,1.0,0.0625,0.0
84,188.0,133.0,3.9292929292929295,1.6448216379260505,0.06397306397306397,0.0,0.04161391814436498,0.11324690795681315,0.13326333871720641,1.0,0.0625,0.0
85,195.0,145.0,4.040404040404041,1.7149718529118696,0.04713804713804714,0.016835016835016835,0.029351905198156152,0.08962324146277958,0.08821257074431998,1.0,0.03125,0.0
86,204.0,153.0,4.121212121212121,1.7091911998656542,0.04713804713804714,0.016835016835016835,0.03875496228204488,0.10054126490047677,0.12558340550557018,1.0,0.03125,0.0
87,197.0,146.0,4.171717171717172,1.6516927591150883,0.04713804713804714,0.020202020202020204,0.037216878659950825,0.0939694061701082,0.11365704612969198,1.0,0.0,0.0
88,193.0,141.0,3.9865319865319866,1.6184397523979213,0.04377104377104377,0.013468013468013467,0.04583623411479231,0.12306665429196274,0.1295258630740817,1.0,0.03125,0.0
89,186.0,135.0,4.02020202020202,1.6955862566677733,0.06397306397306397,0.026936026936026935,0.030191196655789246,0.09752134001537918,0.10316558380549305,1.0,0.0,0.0
90,195.0,139.0,4.158249158249158,1.5565245426028078,0.04040404040404041,0.010101010101010102,0.03217696906807172,0.09728977460036672,0.10021594900708565,1.0,0.0,0.0
91,192.0,141.0,4.057239057239057,1.6596082212082892,0.04713804713804714,0.010101010101010102,0.03185480371186873,0.09826751728793409,0.11841583141808751,1.0,0.0,0.0
92,187.0,135.0,4.0,1.556997888323046,0.04040404040404041,0.013468013468013467,0.04147930598341341,0.11112703567308485,0.11017623728977333,1.0,0.0625,0.0
93,186.0,135.0,3.95959595959596,1.6033583772536946,0.03367003367003367,0.003367003367003367,0.047292989805178993,0.11380211981454683,0.12550005494027866,1.0,0.03125,0.0
94,183.0,132.0,3.9393939393939394,1.6482917296269297,0.04377104377104377,0.02356902356902357,0.04197578623800337,0.1137628733931323,0.09892517380936848,1.0,0.03125,0.0
95,182.0,128.0,3.9023569023569022,1.587162674114468,0.050505050505050504,0.010101010101010102,0.032361273247029775,0.10392301444564474,0.10469727500269335,1.0,0.03125,0.0
96,186.0,135.0,3.9797979797979797,1.6266703799001208,0.030303030303030304,0.020202020202020204,0.03595728476152536,0.10447991836944714,0.1384573957301306,1.0,0.03125,0.0
97,191.0,137.0,3.9865319865319866,1.6856955402337834,0.06397306397306397,0.010101010101010102,0.04448617044074657,0.12046273420688935,0.11897549031657154,1.0,0.03125,0.0
98,195.0,144.0,4.107744107744108,1.561912180125655,0.026936026936026935,0.010101010101010102,0.04162591686231097,0.11105887422063489,0.11477792419180878,1.0,0.03125,0.0
99,195.0,143.0,4.070707070707071,1.5586352827058227,0.03367003367003367,0.013468013468013467,0.037057062572093936,0.10571129577377122,0.09734880433106172,1.0,0.0,0.0
100,191.0,136.0,4.158249158249158,1.6732821127440698,0.04377104377104377,0.010101010101010102,0.037702871110207196,0.10293850200884767,0.11556747645238599,1.0,0.0,0.0
101,191.0,141.0,3.9696969696969697,1.631680541544244,0.050505050505050504,0.013468013468013467,0.04370743033060356,0.11727940967035155,0.10962440724973772,1.0,0.09375,0.0
102,192.0,143.0,4.084175084175084,1.5815600094911435,0.030303030303030304,0.010101010101010102,0.04145263107146503,0.1131210383338419,0.11172568843230997,1.0,0.0,0.0
103,186.0,135.0,4.0606060606060606,1.6111031949395465,0.04377104377104377,0.013468013468013467,0.05381937121043134,0.12832758993548957,0.12954823401934995,1.0,0.03125,0.0
104,189.0,143.0,4.0606060606060606,1.6786529501259742,0.05387205387205387,0.016835016835016835,0.03765257128487347,0.10008612704677408,0.09357619098929389,1.0,0.03125,0.0
105,190.0,137.0,4.090909090909091,1.6417792911636406,0.05723905723905724,0.013468013468013467,0.035634036178386105,0.10100753802693425,0.10475286995736272,1.0,0.0,0.0
106,189.0,143.0,4.047138047138047,1.4967305191437281,0.020202020202020204,0.010101010101010102,0.04506683900229178,0.12367930972255724,0.12006310192050287,1.0,0.0625,0.0
107,172.0,122.0,3.9696969696969697,1.5447611833418915,0.030303030303030304,0.0,0.05194766698028078,0.1190254551667645,0.12171684708054692,1.0,0.03125,0.0
108,174.0,117.0,3.7845117845117846,1.5914425557054466,0.050505050505050504,0.013468013468013467,0.03564850257100779,0.11045433415262382,0.10080205865766899,1.0,0.03125,0.0
109,196.0,151.0,4.087542087542087,1.661328730440048,0.050505050505050504,0.010101010101010102,0.030151181099513865,0.08726706803792011,0.09552516180139822,1.0,0.03125,0.0
110,177.0,116.0,3.9696969696969697,1.6088217165304683,0.04713804713804714,0.010101010101010102,0.03737029100630093,0.10214101293900697,0.10363498347539203,1.0,0.03125,0.0
111,196.0,142.0,4.164983164983165,1.600626797382115,0.03367003367003367,0.013468013468013467,0.04084219036244107,0.10975470935646371,0.13798395465490954,1.0,0.0,0.0
112,193.0,140.0,4.057239057239057,1.6514731063405528,0.050505050505050504,0.006734006734006734,0.036719210910889796,0.10674276769186963,0.14360108391138188,1.0,0.03125,0.0
113,194.0,153.0,4.03030303030303,1.6542235229037796,0.04377104377104377,0.016835016835016835,0.031277073814448414,0.10334954734265696,0.1039481826167981,1.0,0.03125,0.0
114,195.0,143.0,4.269360269360269,1.5639576604910639,0.020202020202020204,0.013468013468013467,0.03330422558858315,0.09087660760337023,0.11772553260993766,1.0,0.0,0.0
115,188.0,138.0,4.127946127946128,1.5881908975510886,0.04040404040404041,0.013468013468013467,0.0354378182370404,0.10611503370938186,0.1091009007453861,1.0,0.03125,0.0
116,185.0,132.0,4.077441077441078,1.5690813705917974,0.04040404040404041,0.006734006734006734,0.03287505759163306,0.09901163704177089,0.09764551133165421,1.0,0.0625,0.0
117,190.0,144.0,4.114478114478114,1.6269073179619653,0.04377104377104377,0.0,0.03757656705154206,0.11056219054569683,0.13208885627644443,1.0,0.0,0.0
118,178.0,122.0,3.8114478114478114,1.5778785116239795,0.07407407407407407,0.006734006734006734,0.03928230033092617,0.12038923647767096,0.11145427418488552,1.0,0.03125,0.0
119,187.0,131.0,3.942760942760943,1.5912502083833073,0.037037037037037035,0.02356902356902357,0.033989654873133046,0.10380194425328122,0.11735653700466636,1.0,0.0,0.0
120,186.0,131.0,3.8855218855218854,1.4634810952614627,0.037037037037037035,0.006734006734006734,0.03937087411697815,0.10770840095266528,0.0983316465611133,1.0,0.0625,0.0
121,181.0,124.0,3.973063973063973,1.5888760101736783,0.04377104377104377,0.006734006734006734,0.04265577338578549,0.11599184737019504,0.11629605401757011,1.0,0.0625,0.0
122,184.0,131.0,4.016835016835016,1.5794511949274215,0.04713804713804714,0.010101010101010102,0.053081917033359925,0.1279874560714349,0.14093359547085224,1.0,0.09375,0.0
123,205.0,165.0,4.225589225589226,1.610033274313204,0.03367003367003367,0.010101010101010102,0.03926292265987112,0.11114474303546593,0.12175746960785874,1.0,0.0,0.0
124,193.0,139.0,4.013468013468014,1.5351615450875462,0.030303030303030304,0.006734006734006734,0.041040609023418995,0.09838948373988388,0.126899681920909,1.0,0.03125,0.0
125,180.0,120.0,3.9562289562289563,1.6168629230360902,0.050505050505050504,0.003367003367003367,0.03803209063506035,0.10890777666174775,0.13780752474352378,1.0,0.03125,0.0
126,183.0,132.0,3.9023569023569022,1.6103289813501658,0.050505050505050504,0.013468013468013467,0.03582726723788506,0.1007393588282839,0.11155025008541883,1.0,0.0,0.0
127,201.0,149.0,4.141414141414141,1.6917910399227747,0.04377104377104377,0.013468013468013467,0.03412178894850582,0.10470796473855837,0.1069011390510934,1.0,0.03125,0.0
128,197.0,151.0,4.037037037037037,1.6982785823914175,0.050505050505050504,0.006734006734006734,0.038438402955068125,0.1044585638174381,0.10862493357165992,1.0,0.03125,0.0
129,181.0,123.0,3.9292929292929295,1.5715431858207078,0.050505050505050504,0.010101010101010102,0.04238107100653757,0.11030726973481503,0.1179984881950284,1.0,0.03125,0.0
130,190.0,143.0,4.070707070707071,1.7031513191363623,0.06060606060606061,0.020202020202020204,0.032379772296096614,0.09641337760909903,0.10684322975205354,1.0,0.0,0.0
131,188.0,137.0,4.023569023569023,1.4984110740778875,0.03367003367003367,0.003367003367003367,0.03484641393642253,0.10007600626499011,0.1300935113534181,1.0,0.0,0.0
132,181.0,121.0,4.026936026936027,1.6286414902155584,0.04713804713804714,0.006734006734006734,0.040513836030244214,0.11913328836052565,0.11064262719618909,1.0,0.0,0.0
133,197.0,151.0,4.104377104377105,1.6078137379813144,0.03367003367003367,0.013468013468013467,0.03798057537305807,0.10894212759319774,0.13590940638316257,1.0,0.03125,0.0
134,178.0,121.0,4.013468013468014,1.539541809430194,0.016835016835016835,0.013468013468013467,0.040344538474299835,0.11681761055092958,0.10811790013730538,1.0,0.0,0.0
135,184.0,129.0,3.98989898989899,1.5964709575862908,0.04040404040404041,0.020202020202020204,0.04137142255862544,0.10890374724602485,0.10334815965036842,1.0,0.03125,0.0
136,183.0,124.0,3.9764309764309766,1.562216995876515,0.020202020202020204,0.006734006734006734,0.03838536569327212,0.09909788505097841,0.11797521370779564,1.0,0.0625,0.0
137,198.0,150.0,4.097643097643098,1.6103289813501658,0.026936026936026935,0.006734006734006734,0.04536283225731759,0.11224036240514815,0.12080206113361885,1.0,0.0,0.0
138,202.0,156.0,4.161616161616162,1.5829929716492712,0.02356902356902357,0.0,0.03697580449328169,0.0948056090610847,0.12269865601742364,1.0,0.0625,0.0
139,189.0,141.0,4.03030303030303,1.6623451779531886,0.050505050505050504,0.010101010101010102,0.030480262426175672,0.09360332124763186,0.11270249959889847,1.0,0.0625,0.0
140,201.0,148.0,4.255892255892256,1.6232239074480983,0.030303030303030304,0.016835016835016835,0.03164940693755569,0.09019657114711141,0.1197559039524794,1.0,0.03125,0.0
141,181.0,128.0,3.909090909090909,1.6148984962999064,0.05723905723905724,0.003367003367003367,0.04147348082990084,0.1170820790549343,0.13065293696217434,1.0,0.0,0.0
142,199.0,151.0,4.040404040404041,1.5758223244920457,0.04040404040404041,0.006734006734006734,0.038891867521582364,0.10024870937882788,0.12491322774289315,1.0,0.0625,0.0
143,199.0,154.0,4.040404040404041,1.5949363808546013,0.04040404040404041,0.010101010101010102,0.03799403729571141,0.10470777149908614,0.14410645614002138,1.0,0.0625,0.0
144,189.0,141.0,4.127946127946128,1.6071578602210153,0.037037037037037035,0.010101010101010102,0.03886828918493394,0.09894948625244925,0.1174322698457176,1.0,0.0625,0.0
145,177.0,120.0,3.8686868686868685,1.4815120902867964,0.05387205387205387,0.003367003367003367,0.04267051802235778,0.12955639269709762,0.0936275976586709,1.0,0.0625,0.0
146,187.0,133.0,3.993265993265993,1.5330110904105216,0.04040404040404041,0.010101010101010102,0.046195608793811724,0.12150395606951093,0.10763712021251336,1.0,0.0,0.0
147,189.0,138.0,3.9865319865319866,1.6080041039971917,0.04377104377104377,0.010101010101010102,0.046639056408653984,0.11289308840832754,0.0953398768124255,1.0,0.0625,0.0
148,198.0,154.0,4.053872053872054,1.5732807377979574,0.04377104377104377,0.006734006734006734,0.03343214555952749,0.09930250183143556,0.12112881786940138,1.0,0.03125,0.0
149,186.0,137.0,3.9494949494949494,1.709788047039576,0.06397306397306397,0.006734006734006734,0.03335434295989585,0.09794665965631064,0.11420328855462997,1.0,0.09375,0.0
150,181.0,131.0,3.946127946127946,1.6382815657512275,0.04377104377104377,0.013468013468013467,0.04101178103920328,0.10771130295020151,0.15554880115027203,1.0,0.03125,0.0
151,197.0,151.0,3.9562289562289563,1.6189440134306115,0.04377104377104377,0.003367003367003367,0.035354697313324246,0.10678101934234835,0.10891079160618305,1.0,0.0,0.0
152,195.0,145.0,4.117845117845118,1.619406114772853,0.03367003367003367,0.006734006734006734,0.04197141530468271,0.11064569290484044,0.09730575894151237,1.0,0.0,0.0
153,185.0,128.0,3.983164983164983,1.6256734682296465,0.050505050505050504,0.006734006734006734,0.03403935109600967,0.09985866525655016,0.11332044840396624,1.0,0.09375,0.0
154,198.0,150.0,4.104377104377105,1.6754961170541904,0.037037037037037035,0.026936026936026935,0.03211352970262856,0.09961312555416402,0.09831306308773405,1.0,0.0,0.0
155,181.0,124.0,3.9494949494949494,1.5680333864918004,0.04377104377104377,0.016835016835016835,0.040390398372035986,0.10921267792834422,0.11854098389454026,1.0,0.0625,0.0
156,189.0,137.0,3.9292929292929295,1.6324932404716703,0.0707070707070707,0.010101010101010102,0.03182017010444946,0.09353506132279168,0.13133603914133835,1.0,0.03125,0.0
157,189.0,138.0,4.037037037037037,1.645924046949077,0.04040404040404041,0.016835016835016835,0.03327800371765505,0.09498604701655099,0.13366743645925433,1.0,0.0,0.0
158,197.0,148.0,4.104377104377105,1.757872441644146,0.06397306397306397,0.026936026936026935,0.0292344794468706,0.09340103035742316,0.11502810893164384,1.0,0.03125,0.0
159,197.0,148.0,4.191919191919192,1.606028841563781,0.03367003367003367,0.010101010101010102,0.032909455195793025,0.09715827780866895,0.11241943837856747,1.0,0.0,0.0
160,187.0,130.0,3.973063973063973,1.5567648745701215,0.03367003367003367,0.016835016835016835,0.03626216900145881,0.10444190454769763,0.10852201082641491,1.0,0.0,0.0
161,180.0,124.0,3.855218855218855,1.4960941412140882,0.03367003367003367,0.013468013468013467,0.03943166053995956,0.1078713474232056,0.09096862089925879,1.0,0.03125,0.0
162,187.0,136.0,4.094276094276094,1.6385099058750725,0.030303030303030304,0.006734006734006734,0.040819717387437886,0.11160158232228515,0.11770989696738474,1.0,0.03125,0.0
163,187.0,140.0,3.9158249158249157,1.6965955442373422,0.08080808080808081,0.013468013468013467,0.037068194249783984,0.09149663892479282,0.10393280426361982,1.0,0.03125,0.0
164,180.0,127.0,3.9562289562289563,1.570381343413332,0.037037037037037035,0.010101010101010102,0.04884582720753485,0.13229912086118953,0.1524685130339865,1.0,0.0,0.0
165,191.0,140.0,4.138047138047138,1.7897388663990108,0.04040404040404041,0.04040404040404041,0.039053291568769195,0.09783189687496557,0.11901027385721771,1.0,0.0625,0.0
166,187.0,134.0,3.962962962962963,1.680340466335124,0.05723905723905724,0.016835016835016835,0.04042631542653797,0.10192433287399887,0.12191469254220724,1.0,0.03125,0.0
167,183.0,135.0,3.8316498316498318,1.5801616202366755,0.06734006734006734,0.006734006734006734,0.039326993775540206,0.10162524544683338,0.1440715551263459,1.0,0.0625,0.0
168,188.0,134.0,4.077441077441078,1.6424696597588855,0.037037037037037035,0.016835016835016835,0.026422890520995237,0.0948462352109746,0.09379113955695739,1.0,0.0625,0.0
169,184.0,132.0,3.898989898989899,1.6006834577406308,0.05387205387205387,0.013468013468013467,0.04474492270817788,0.12432981662700959,0.10540490399614706,1.0,0.0,0.0
170,195.0,137.0,4.218855218855219,1.6255270171287601,0.026936026936026935,0.02356902356902357,0.03683035791342971,0.10590361738511013,0.09249847984930673,1.0,0.03125,0.0
171,188.0,136.0,3.9966329966329965,1.5406901171311835,0.026936026936026935,0.013468013468013467,0.03418333210071854,0.08888331405946179,0.12599473830904936,1.0,0.0,0.0
172,192.0,138.0,4.053872053872054,1.6526053781282273,0.05387205387205387,0.016835016835016835,0.04393354061724411,0.10980507105440838,0.12603687992425866,1.0,0.0625,0.0
173,185.0,131.0,4.043771043771044,1.6620450836355065,0.06060606060606061,0.013468013468013467,0.026384571023651722,0.09837675763821226,0.11927938210028448,1.0,0.09375,0.0
174,184.0,133.0,4.016835016835016,1.6069250650542939,0.04377104377104377,0.010101010101010102,0.03811010071784522,0.10056305481542743,0.10679276816572193,1.0,0.03125,0.0
175,188.0,144.0,3.898989898989899,1.5773754967700073,0.04713804713804714,0.006734006734006734,0.038875311409247326,0.10289804633836364,0.12397685707374075,1.0,0.03125,0.0
176,184.0,130.0,3.919191919191919,1.5934003261988683,0.037037037037037035,0.02356902356902357,0.03794694245031496,0.11492041523974772,0.1000993838398826,1.0,0.03125,0.0
177,188.0,138.0,3.9057239057239057,1.6670305353912487,0.04713804713804714,0.010101010101010102,0.045628434057222896,0.11309625333253569,0.13044876801606636,1.0,0.0,0.0
178,182.0,128.0,4.016835016835016,1.5644577431236717,0.03367003367003367,0.013468013468013467,0.03744341577672097,0.10584343729690765,0.10216266388547979,1.0,0.0,0.0
179,185.0,133.0,3.909090909090909,1.6458758320000326,0.050505050505050504,0.013468013468013467,0.043905269835230396,0.10937431645178543,0.13062060361108407,1.0,0.03125,0.0
180,200.0,152.0,4.175084175084175,1.6297896240017546,0.04377104377104377,0.020202020202020204,0.033083560940645074,0.09633845871371413,0.11912048881625131,1.0,0.03125,0.0
181,174.0,120.0,3.8282828282828283,1.5244830489293113,0.04040404040404041,0.003367003367003367,0.04020970213052566,0.12303571386201503,0.1098088270515147,1.0,0.0,0.0
182,185.0,136.0,3.98989898989899,1.6524338716676896,0.05387205387205387,0.016835016835016835,0.03838158639589894,0.10354225586845994,0.11592060110656996,1.0,0.0625,0.0
183,189.0,137.0,3.973063973063973,1.5524332066879116,0.050505050505050504,0.003367003367003367,0.030687059968248855,0.10183557408310379,0.07765023814180777,1.0,0.0625,0.0
184,183.0,133.0,4.0606060606060606,1.6006197146962737,0.030303030303030304,0.016835016835016835,0.030590077248384098,0.08817067418637317,0.10446734678584765,1.0,0.0,0.0
185,188.0,131.0,4.047138047138047,1.5366894182457218,0.026936026936026935,0.010101010101010102,0.03791784556429774,0.12254423185140736,0.1343902869034167,1.0,0.0,0.0
186,185.0,132.0,4.043771043771044,1.69016861712465,0.05723905723905724,0.006734006734006734,0.0375978237691551,0.10182365280689379,0.0956313133561576,1.0,0.0,0.0
187,188.0,134.0,3.9764309764309766,1.540513510121017,0.04377104377104377,0.003367003367003367,0.03912790646789855,0.10873531955256406,0.13333497089233162,1.0,0.03125,0.0
188,175.0,116.0,3.9966329966329965,1.5837948641493427,0.04040404040404041,0.02356902356902357,0.03669980587626683,0.12246485858714042,0.11713877763357144,1.0,0.03125,0.0
189,188.0,132.0,3.8047138047138045,1.564196850392919,0.05387205387205387,0.010101010101010102,0.038672278746344366,0.10764774862551053,0.10244849383361865,1.0,0.0625,0.0
190,199.0,150.0,4.134680134680135,1.6087019199911297,0.04040404040404041,0.010101010101010102,0.03269654651649314,0.0900266585430833,0.11629148466297823,1.0,0.03125,0.0
191,193.0,143.0,4.1952861952861955,1.5876982902469854,0.030303030303030304,0.010101010101010102,0.035579413387514504,0.09994793659763787,0.12373535990450027,1.0,0.0,0.0
192,186.0,135.0,4.040404040404041,1.5651025412724495,0.030303030303030304,0.013468013468013467,0.04034570276050988,0.11077839536749078,0.11878275632727943,1.0,0.0,0.0
193,180.0,125.0,3.942760942760943,1.6432977192310856,0.04040404040404041,0.016835016835016835,0.03990509930837108,0.10759391640575627,0.11808601493259288,1.0,0.03125,0.0
194,191.0,142.0,4.043771043771044,1.7119415960794708,0.06060606060606061,0.016835016835016835,0.03084143276937194,0.08276134490523741,0.09772237760893518,1.0,0.0,0.0
195,179.0,117.0,3.8484848484848486,1.4612639450525353,0.050505050505050504,0.003367003367003367,0.03822036670371583,0.11362257817515997,0.1105104436710107,1.0,0.03125,0.0
196,192.0,139.0,4.107744107744108,1.6211483112217295,0.04040404040404041,0.006734006734006734,0.034431416958487324,0.0951610376383778,0.11833075978063384,1.0,0.0625,0.0
197,197.0,143.0,3.993265993265993,1.5741884039935576,0.04713804713804714,0.006734006734006734,0.04066926564025323,0.11356009472451803,0.12904639120872402,1.0,0.0,0.0
198,178.0,124.0,3.9696969696969697,1.6704273458011412,0.05387205387205387,0.016835016835016835,0.0432133939349411,0.12194655528290273,0.11736456522290775,1.0,0.0,0.0
199,187.0,135.0,4.026936026936027,1.7366949839531174,0.050505050505050504,0.026936026936026935,0.042135639082963056,0.11910577517328316,0.12917049017791263,1.0,0.03125,0.0
200,188.0,133.0,4.0033670033670035,1.5752682770784814,0.04377104377104377,0.003367003367003367,0.03916285798541614,0.10495397041726826,0.10918716821201688,1.0,0.0625,0.0
201,187.0,139.0,3.952861952861953,1.6690286972939676,0.04713804713804714,0.010101010101010102,0.03885275065135522,0.11005994948738387,0.12597009711618035,1.0,0.0625,0.0
202,197.0,145.0,4.043771043771044,1.5937915917128989,0.04040404040404041,0.010101010101010102,0.0481677987450046,0.11267379750041194,0.10949727712149435,1.0,0.0,0.0
203,189.0,140.0,4.063973063973064,1.6430493452083543,0.030303030303030304,0.006734006734006734,0.03686046805665117,0.09525114337305915,0.11395350871430203,1.0,0.0625,0.0
204,201.0,151.0,4.239057239057239,1.64124750945617,0.04377104377104377,0.010101010101010102,0.0400376052065219,0.09909071537419908,0.12863381203056806,1.0,0.03125,0.0
205,192.0,135.0,4.033670033670034,1.7131530185186596,0.06060606060606061,0.013468013468013467,0.03643957950880254,0.09802370476037804,0.11310441568808326,1.0,0.0625,0.0
206,188.0,133.0,3.9326599326599325,1.676389015158907,0.06397306397306397,0.016835016835016835,0.04399447046926211,0.12036897716084732,0.0924188869584025,1.0,0.0,0.0
207,190.0,131.0,4.08080808080808,1.6977511428254153,0.04713804713804714,0.006734006734006734,0.04553950673248145,0.12487241098062372,0.08371325236148537,1.0,0.0625,0.0
208,204.0,156.0,4.063973063973064,1.6036411764617027,0.026936026936026935,0.016835016835016835,0.03825704364557696,0.09869264071087192,0.13037406373980634,1.0,0.03125,0.0
209,184.0,139.0,3.936026936026936,1.5973299604782518,0.04377104377104377,0.003367003367003367,0.038804174479844834,0.09826870443216017,0.09557978308046586,1.0,0.03125,0.0
210,179.0,126.0,3.9393939393939394,1.5687489824902767,0.03367003367003367,0.013468013468013467,0.0336198114137301,0.09796029609090334,0.10634567320153814,1.0,0.0,0.0
211,199.0,148.0,4.134680134680135,1.650030909426633,0.04040404040404041,0.016835016835016835,0.03399019723672466,0.08836819726296351,0.1008819702547412,1.0,0.0,0.0
212,185.0,129.0,4.033670033670034,1.724905013403241,0.06734006734006734,0.013468013468013467,0.03467239461886693,0.09655630645714564,0.09061290099841451,1.0,0.0625,0.0
213,202.0,149.0,4.202020202020202,1.6935993466775507,0.04377104377104377,0.020202020202020204,0.03411355540880167,0.09734232975071053,0.10650225511713515,1.0,0.03125,0.0
214,176.0,123.0,3.791245791245791,1.5731942660860172,0.06397306397306397,0.003367003367003367,0.054672196067056686,0.13951089708817116,0.10579562040481585,1.0,0.0,0.0
215,183.0,130.0,3.962962962962963,1.598181408177142,0.037037037037037035,0.010101010101010102,0.03645443608230134,0.10217044843707,0.11068621403680463,1.0,0.0625,0.0
216,194.0,143.0,4.016835016835016,1.5815815135147686,0.026936026936026935,0.010101010101010102,0.0397655760934947,0.11148121646546745,0.14470105265278557,1.0,0.0625,0.0
217,194.0,143.0,4.117845117845118,1.5879124861130118,0.04040404040404041,0.010101010101010102,0.03725894059604614,0.11004108636175433,0.13861133909046874,1.0,0.0,0.0
218,203.0,151.0,4.114478114478114,1.6413303958607002,0.04713804713804714,0.006734006734006734,0.04633051518469977,0.11792771801012639,0.12353070701496169,1.0,0.0,0.0
219,186.0,136.0,4.0606060606060606,1.6380462729381307,0.050505050505050504,0.010101010101010102,0.03748250824217449,0.11321163196822596,0.10444583960182388,1.0,0.03125,0.0
220,192.0,142.0,4.053872053872054,1.7263437621101396,0.050505050505050504,0.026936026936026935,0.03839856567473623,0.1052813737232241,0.13558664937942788,1.0,0.0625,0.0
221,195.0,151.0,4.1447811447811445,1.737654298334367,0.04040404040404041,0.020202020202020204,0.03790765955511504,0.10549173816518265,0.13029321099757052,1.0,0.0,0.0
222,188.0,135.0,4.05050505050505,1.6083142818177893,0.04040404040404041,0.013468013468013467,0.037837556279329436,0.10275999315726445,0.12264991439126564,1.0,0.03125,0.0
223,197.0,145.0,4.090909090909091,1.612812185785342,0.04040404040404041,0.010101010101010102,0.039950175597374175,0.10417633630365072,0.10420734634257148,1.0,0.03125,0.0
224,175.0,123.0,3.781144781144781,1.5005884488570256,0.05387205387205387,0.003367003367003367,0.05192505008232195,0.1210124555812398,0.0859730179840889,1.0,0.03125,0.0
225,192.0,142.0,4.070707070707071,1.6159090711774724,0.037037037037037035,0.016835016835016835,0.04108047116851484,0.10031000157611576,0.10723795434607711,1.0,0.0,0.0
226,191.0,133.0,4.0673400673400675,1.5663262026931342,0.04377104377104377,0.010101010101010102,0.04089322348725963,0.10565586297766141,0.10722428622697809,1.0,0.03125,0.0
227,187.0,130.0,3.9326599326599325,1.6024530844056581,0.04713804713804714,0.006734006734006734,0.050253306749716724,0.12433297598176825,0.12282909288592046,1.0,0.0,0.0
228,187.0,138.0,4.094276094276094,1.7420915767602714,0.06060606060606061,0.010101010101010102,0.05273418590132876,0.11960228384754643,0.14001041548269977,1.0,0.03125,0.0
229,197.0,142.0,4.141414141414141,1.618558828198327,0.037037037037037035,0.016835016835016835,0.03305295573162055,0.10881742868019903,0.12085262713861429,1.0,0.0,0.0
230,191.0,141.0,4.141414141414141,1.6268585394172315,0.04040404040404041,0.010101010101010102,0.045685617511319526,0.12274836113349362,0.1561961781991586,1.0,0.0,0.0
231,190.0,136.0,4.037037037037037,1.656120769145554,0.050505050505050504,0.006734006734006734,0.04641591187447103,0.1245053142868531,0.09980472201816204,1.0,0.0,0.0
232,185.0,133.0,4.0033670033670035,1.6007117871677863,0.037037037037037035,0.006734006734006734,0.03461982606976315,0.09633612498901109,0.11785040561487001,1.0,0.03125,0.0
233,191.0,138.0,4.101010101010101,1.606981503342998,0.030303030303030304,0.0,0.03670290374990373,0.1013298530166764,0.12415265904205935,1.0,0.0625,0.0
234,192.0,141.0,3.973063973063973,1.6855341266802473,0.05387205387205387,0.02356902356902357,0.040022094196073124,0.11716321667737326,0.11708532524624171,1.0,0.0,0.0
235,184.0,131.0,4.0033670033670035,1.6422418702060981,0.06397306397306397,0.006734006734006734,0.032153371696863345,0.09799891498049267,0.1486256582607582,1.0,0.0,0.0
236,182.0,127.0,3.9057239057239057,1.6528317394062793,0.04377104377104377,0.016835016835016835,0.047061324726271385,0.11468033540369803,0.13683148175008925,1.0,0.0,0.0
237,180.0,128.0,3.9124579124579126,1.6993996818087465,0.050505050505050504,0.016835016835016835,0.04007962872805929,0.10844910401729384,0.13297356185672704,1.0,0.0625,0.0
238,197.0,146.0,4.104377104377105,1.645076635677976,0.06060606060606061,0.016835016835016835,0.039142502721573276,0.10694735760744625,0.1001897910405756,1.0,0.03125,0.0
239,190.0,135.0,3.8653198653198655,1.6520702190879442,0.05723905723905724,0.010101010101010102,0.04388132072530189,0.10461266460966653,0.09405669542779944,1.0,0.0,0.0
240,202.0,154.0,4.185185185185185,1.6400037106950864,0.037037037037037035,0.020202020202020204,0.03314455144678377,0.10981706055017725,0.0983161874579219,1.0,0.03125,0.0
241,189.0,141.0,3.973063973063973,1.63894573959042,0.050505050505050504,0.016835016835016835,0.052081294673496245,0.12745055612061057,0.11636700291523414,1.0,0.0,0.0
242,178.0,117.0,4.0606060606060606,1.516363151902643,0.030303030303030304,0.003367003367003367,0.04004563085997827,0.1039921961893703,0.09664105776526977,1.0,0.03125,0.0
243,193.0,136.0,3.9663299663299663,1.6470188349370423,0.05723905723905724,0.013468013468013467,0.031573822395438274,0.08628082521201853,0.09218720656127044,1.0,0.03125,0.0
244,190.0,143.0,4.02020202020202,1.628738939050212,0.05723905723905724,0.010101010101010102,0.03586095566443428,0.09164980955792713,0.10175280156860861,1.0,0.0,0.0
245,198.0,153.0,4.158249158249158,1.7150181253396126,0.04040404040404041,0.016835016835016835,0.04345319313012922,0.11684696850362192,0.11735120851106728,1.0,0.03125,0.0
246,196.0,144.0,4.074074074074074,1.6881148914599753,0.05387205387205387,0.026936026936026935,0.0427070957207742,0.1144207753613085,0.11529341448157929,1.0,0.03125,0.0
247,184.0,135.0,3.983164983164983,1.5815815135147686,0.04377104377104377,0.006734006734006734,0.04172576084437982,0.09667716346287406,0.09795194530244787,1.0,0.0625,0.0
248,183.0,131.0,4.03030303030303,1.572841123922543,0.050505050505050504,0.016835016835016835,0.04688752502295017,0.11708875623556453,0.09804051538435243,1.0,0.0,0.0
249,187.0,136.0,3.983164983164983,1.5687562090674338,0.03367003367003367,0.010101010101010102,0.03570810261994965,0.10242412619683287,0.10600379439807661,1.0,0.09375,0.0
250,192.0,146.0,3.9966329966329965,1.6257571486498126,0.037037037037037035,0.0,0.042381566485116706,0.1201762147296938,0.12577675769198104,1.0,0.03125,0.0
251,178.0,130.0,3.8417508417508417,1.556524542602808,0.050505050505050504,0.006734006734006734,0.035143480350083287,0.09819505145855865,0.12035429055257796,1.0,0.0625,0.0
252,184.0,131.0,4.08080808080808,1.5997270453838932,0.04713804713804714,0.006734006734006734,0.034301194462233266,0.10014020319043396,0.09392117985265296,1.0,0.0,0.0
253,186.0,137.0,4.161616161616162,1.7038700495041834,0.050505050505050504,0.016835016835016835,0.041677983756457156,0.09590817705388813,0.13044095002218659,1.0,0.0625,0.0
254,182.0,124.0,3.9023569023569022,1.5850398567128152,0.04040404040404041,0.006734006734006734,0.04702830337575416,0.11583062477567825,0.11193021685203501,1.0,0.0,0.0
255,189.0,139.0,4.097643097643098,1.589282656054673,0.020202020202020204,0.020202020202020204,0.03778232213806548,0.09474843234341898,0.1397657702072085,1.0,0.0,0.0
256,190.0,141.0,3.973063973063973,1.63894573959042,0.06060606060606061,0.013468013468013467,0.04407320895161558,0.11327285188167029,0.12048589644956245,1.0,0.0,0.0
257,181.0,126.0,3.9158249158249157,1.5942823162870703,0.06397306397306397,0.010101010101010102,0.040657219136669455,0.11282119621589051,0.09698378794542287,1.0,0.125,0.0
258,190.0,138.0,4.02020202020202,1.645193783555744,0.05723905723905724,0.006734006734006734,0.04309080695932725,0.10478185798653004,0.11355866899394815,1.0,0.09375,0.0
259,179.0,125.0,3.919191919191919,1.6164772419074556,0.04040404040404041,0.010101010101010102,0.042081349674108835,0.11310074578667302,0.12503330976312185,1.0,0.0,0.0
260,194.0,138.0,4.01010101010101,1.6706716496190177,0.05387205387205387,0.006734006734006734,0.041609091869333426,0.11709975829965392,0.10807703565666466,1.0,0.0,0.0
261,190.0,140.0,4.05050505050505,1.6394160332597618,0.03367003367003367,0.020202020202020204,0.035687677866165494,0.09807162587614131,0.12209914920311574,1.0,0.0625,0.0
262,182.0,131.0,3.919191919191919,1.5764049434262144,0.06060606060606061,0.003367003367003367,0.04272643605972378,0.11407113132661961,0.09074027249319883,1.0,0.0,0.0
263,191.0,130.0,4.047138047138047,1.5820330304903614,0.050505050505050504,0.016835016835016835,0.04185582765354533,0.12518493926252647,0.13456849088868572,1.0,0.09375,0.0
264,199.0,149.0,4.117845117845118,1.5900314683325019,0.03367003367003367,0.006734006734006734,0.03399843132161919,0.09723787742858814,0.11228988914474217,1.0,0.0,0.0
265,186.0,133.0,3.9124579124579126,1.5016533040402622,0.03367003367003367,0.0,0.032353813520312705,0.09230160802392928,0.09704928622941242,1.0,0.0625,0.0
266,197.0,144.0,4.2087542087542085,1.664703125227504,0.037037037037037035,0.006734006734006734,0.03495685646217356,0.09820183493787685,0.12079359846610123,1.0,0.0625,0.0
267,191.0,143.0,4.0,1.6288642218425247,0.050505050505050504,0.013468013468013467,0.03665030053184667,0.10396972287780988,0.0827141169004402,1.0,0.0,0.0
268,184.0,129.0,4.111111111111111,1.5344893899897194,0.013468013468013467,0.0,0.03788287975098711,0.10618122512077144,0.11464654647611905,1.0,0.03125,0.0
269,197.0,154.0,4.0673400673400675,1.6824036823388941,0.04040404040404041,0.016835016835016835,0.04284816794121906,0.11171510000240793,0.11430300563194024,1.0,0.03125,0.0
270,171.0,116.0,3.8518518518518516,1.6283282223191209,0.06734006734006734,0.006734006734006734,0.049390130713358855,0.1266127364039032,0.07809825664498235,1.0,0.0625,0.0
271,203.0,153.0,4.084175084175084,1.7064895178101847,0.04713804713804714,0.016835016835016835,0.04175932233077199,0.1078912479660385,0.12254592948297358,1.0,0.03125,0.0
272,180.0,128.0,3.919191919191919,1.5527325821224116,0.04377104377104377,0.010101010101010102,0.04651534633432519,0.12499722153247982,0.12338897335852507,1.0,0.03125,0.0
273,193.0,138.0,4.138047138047138,1.6425938952914416,0.037037037037037035,0.013468013468013467,0.03260615390159412,0.09728466096507687,0.11256009578316346,1.0,0.0,0.0
274,188.0,137.0,4.016835016835016,1.6766527349621256,0.06397306397306397,0.016835016835016835,0.040862204933703815,0.11016371999086177,0.11394957995255839,1.0,0.0625,0.0
275,191.0,142.0,4.117845117845118,1.6665408244162103,0.03367003367003367,0.020202020202020204,0.050446421963749,0.12820970291250514,0.12922291429180896,1.0,0.0625,0.0
276,177.0,130.0,3.8821548821548824,1.6523378202739942,0.06397306397306397,0.0,0.03692996296770301,0.11123817902273571,0.09777190259241467,1.0,0.03125,0.0
277,191.0,137.0,4.114478114478114,1.6657651542712508,0.030303030303030304,0.020202020202020204,0.03952499956231754,0.11145537572267404,0.09378482696286247,1.0,0.0625,0.0
278,198.0,145.0,4.114478114478114,1.6617176462071739,0.04040404040404041,0.016835016835016835,0.040418105382127235,0.1032680933473644,0.13953467962710897,1.0,0.03125,0.0
279,185.0,132.0,4.05050505050505,1.653730019455177,0.04377104377104377,0.020202020202020204,0.034391754957315925,0.10188006764918427,0.10893601422367916,1.0,0.0,0.0
280,182.0,123.0,3.9966329966329965,1.5623911496055547,0.026936026936026935,0.006734006734006734,0.0350510689584376,0.09988574934276716,0.12443994318709561,1.0,0.03125,0.0
281,191.0,138.0,4.016835016835016,1.6442081029820612,0.050505050505050504,0.013468013468013467,0.038849535830206686,0.09945516841599944,0.0952210717694445,1.0,0.03125,0.0
282,185.0,132.0,3.845117845117845,1.6806238028136782,0.08417508417508418,0.010101010101010102,0.04004052989999181,0.11107054591951257,0.09518438609366117,1.0,0.0,0.0
283,184.0,132.0,3.9124579124579126,1.6035775509882122,0.050505050505050504,0.003367003367003367,0.03149667801923448,0.0970517025322708,0.11110967746102554,1.0,0.0,0.0
284,188.0,143.0,3.9562289562289563,1.6941481540234506,0.05387205387205387,0.020202020202020204,0.04017857936856598,0.11121033032548497,0.1166646110544043,1.0,0.03125,0.0
285,201.0,145.0,4.228956228956229,1.5959027678867976,0.026936026936026935,0.016835016835016835,0.03565536277073632,0.10003233466687077,0.14235074763564118,1.0,0.03125,0.0
286,176.0,118.0,4.087542087542087,1.5951567117676324,0.03367003367003367,0.013468013468013467,0.042630030919641855,0.118623243821509,0.12697692768886532,1.0,0.0,0.0
287,187.0,138.0,3.8821548821548824,1.5879124861130118,0.06060606060606061,0.006734006734006734,0.03616825748305053,0.09554909362296403,0.12065056983673343,1.0,0.0625,0.0
288,182.0,130.0,4.101010101010101,1.60907537387797,0.030303030303030304,0.006734006734006734,0.04375982933805386,0.12230173196772894,0.10073869962568602,1.0,0.0625,0.0
289,184.0,131.0,4.023569023569023,1.6214419911787261,0.037037037037037035,0.010101010101010102,0.04203840415390891,0.11054393095619713,0.1280914419078138,1.0,0.09375,0.0
290,190.0,136.0,3.983164983164983,1.6298104916749743,0.050505050505050504,0.020202020202020204,0.03319969712159102,0.09684667010561487,0.09791479371794029,1.0,0.0,0.0
291,194.0,139.0,3.9966329966329965,1.5472323863039192,0.030303030303030304,0.016835016835016835,0.04440616244473047,0.1145807343423029,0.10950926394536874,1.0,0.03125,0.0
292,200.0,148.0,4.114478114478114,1.6392777255981479,0.04377104377104377,0.010101010101010102,0.03156739155502341,0.09341919802177745,0.10242363127174409,1.0,0.0625,0.0
293,178.0,120.0,3.95959595959596,1.5928239238031199,0.04713804713804714,0.010101010101010102,0.046913142910301346,0.13251576124854997,0.11718368680640445,1.0,0.03125,0.0
294,187.0,133.0,4.114478114478114,1.572177867212874,0.030303030303030304,0.010101010101010102,0.03583507313248441,0.11221425736392147,0.11691512190335726,1.0,0.0625,0.0
295,206.0,158.0,4.185185185185185,1.637949377837925,0.050505050505050504,0.010101010101010102,0.036141562757407236,0.10004643301601067,0.11913722148519346,1.0,0.0,0.0
296,185.0,139.0,3.9292929292929295,1.5715431858207078,0.05723905723905724,0.006734006734006734,0.037262074239080706,0.11381576345257283,0.11659233445754241,1.0,0.0,0.0
297,187.0,137.0,3.9696969696969697,1.658289322523728,0.06397306397306397,0.006734006734006734,0.04350352468440476,0.10645347360818479,0.10298792373855878,1.0,0.03125,0.0
298,191.0,138.0,4.124579124579125,1.6126505070475485,0.030303030303030304,0.016835016835016835,0.04181385579686172,0.10503036957392015,0.10007904591896034,1.0,0.09375,0.0
299,178.0,124.0,3.8956228956228958,1.630686692812424,0.05387205387205387,0.020202020202020204,0.0427558816798488,0.11327953548933695,0.0958896330378797,1.0,0.0,0.0
300,175.0,122.0,3.888888888888889,1.5756280703062981,0.04040404040404041,0.013468013468013467,0.04999116814908613,0.1174586642764512,0.14013494756984995,1.0,0.0,0.0
301,190.0,134.0,4.047138047138047,1.5862838721460073,0.037037037037037035,0.010101010101010102,0.043368729293695195,0.11074074568795873,0.11575653585551232,1.0,0.03125,0.0
302,181.0,131.0,3.983164983164983,1.6277432942696508,0.030303030303030304,0.013468013468013467,0.040201177366443734,0.0966733950326829,0.1277095797309958,1.0,0.03125,0.0
303,182.0,135.0,3.9764309764309766,1.6255897835018667,0.04713804713804714,0.010101010101010102,0.035796060266963074,0.11255236159877822,0.11294868508105846,1.0,0.03125,0.0
304,181.0,129.0,3.771043771043771,1.5916776153105656,0.07407407407407407,0.006734006734006734,0.03375636051482027,0.09741266614549647,0.07850512364159008,1.0,0.0,0.0
305,191.0,137.0,4.08080808080808,1.6081239525200497,0.037037037037037035,0.006734006734006734,0.042164781591154395,0.10124720923590215,0.10806142048850317,1.0,0.03125,0.0
306,193.0,138.0,4.05050505050505,1.5999183735938045,0.050505050505050504,0.013468013468013467,0.041174658890618,0.11621119395665756,0.12702202753253075,1.0,0.03125,0.0
307,190.0,137.0,3.9865319865319866,1.550438330490326,0.04713804713804714,0.006734006734006734,0.0405903748110344,0.11038212310978356,0.10639056777191791,1.0,0.0,0.0
308,196.0,149.0,4.158249158249158,1.6055064019202898,0.030303030303030304,0.010101010101010102,0.03497327742658455,0.09721979146003726,0.12653402813304893,1.0,0.0625,0.0
309,185.0,132.0,3.952861952861953,1.5627611618403037,0.04040404040404041,0.010101010101010102,0.036379243568499385,0.1065497762451388,0.11014259851982114,1.0,0.0625,0.0
310,182.0,127.0,3.8821548821548824,1.57513873139783,0.037037037037037035,0.006734006734006734,0.04214250714083399,0.1123923998031256,0.14935176883695347,1.0,0.0625,0.0
311,186.0,131.0,4.084175084175084,1.5985005841392987,0.037037037037037035,0.016835016835016835,0.031105957731561287,0.08710704231837438,0.08801851119680884,1.0,0.0,0.0
312,187.0,129.0,4.127946127946128,1.6113424220624881,0.04377104377104377,0.010101010101010102,0.03558174473857146,0.1054124859780671,0.10263255451733476,1.0,0.03125,0.0
313,198.0,145.0,4.1447811447811445,1.6805226166980634,0.04040404040404041,0.013468013468013467,0.03793600073587622,0.09947854735393083,0.14312921917265212,1.0,0.03125,0.0
314,177.0,126.0,3.8013468013468015,1.5946875835587468,0.07407407407407407,0.010101010101010102,0.043375543023809034,0.11803578710576806,0.10136587899401452,1.0,0.0,0.0
315,201.0,147.0,4.269360269360269,1.5980324375784083,0.026936026936026935,0.010101010101010102,0.027346485185511624,0.08124923453006089,0.1187549818457611,1.0,0.03125,0.0
316,194.0,143.0,4.057239057239057,1.6757599773756966,0.06060606060606061,0.013468013468013467,0.041628731023834464,0.11168809610752595,0.10609969235223904,1.0,0.03125,0.0
317,186.0,139.0,4.043771043771044,1.6640696700471902,0.050505050505050504,0.006734006734006734,0.04172212693995411,0.11300738230477274,0.12450468097716275,1.0,0.03125,0.0
318,183.0,127.0,4.171717171717172,1.6145825619339171,0.03367003367003367,0.02356902356902357,0.03264308402184046,0.08187281826627879,0.10739005434278866,1.0,0.0,0.0
319,205.0,154.0,4.161616161616162,1.6041218206953791,0.030303030303030304,0.02356902356902357,0.037506684312118205,0.09928645210590678,0.121279700346374,1.0,0.0,0.0
320,184.0,135.0,3.8821548821548824,1.617325618986387,0.05387205387205387,0.006734006734006734,0.03625771742629896,0.1074212504550218,0.08844055713219637,1.0,0.0,0.0
321,192.0,135.0,4.03030303030303,1.5621008826039038,0.026936026936026935,0.0,0.04489172346985097,0.11290678829063759,0.13909958484286908,1.0,0.0,0.0
322,195.0,140.0,4.063973063973064,1.5349843019898473,0.020202020202020204,0.006734006734006734,0.03752814680296532,0.10538537347881388,0.12152824789601768,1.0,0.09375,0.0
323,184.0,130.0,4.070707070707071,1.5715431858207078,0.04377104377104377,0.013468013468013467,0.030052941101186482,0.09000071916259295,0.1162984208771166,1.0,0.09375,0.0
324,170.0,107.0,3.8215488215488214,1.5521702928438061,0.050505050505050504,0.010101010101010102,0.04020550082659377,0.1081174053190012,0.12049635438986829,1.0,0.0625,0.0
325,182.0,130.0,3.95959595959596,1.6345544306996027,0.04713804713804714,0.010101010101010102,0.0371083471375459,0.09647775731913452,0.11037086745464242,1.0,0.0625,0.0
326,182.0,135.0,3.946127946127946,1.6362250706874915,0.050505050505050504,0.0,0.04036789216796802,0.11217499128806738,0.11181237271374367,1.0,0.03125,0.0
327,190.0,142.0,4.0033670033670035,1.609103555559404,0.04040404040404041,0.010101010101010102,0.044907656146175486,0.10863416708006925,0.12570867570389044,1.0,0.09375,0.0
328,182.0,130.0,3.808080808080808,1.606028841563781,0.0707070707070707,0.006734006734006734,0.04645459756246596,0.11705658496771593,0.11431288542121082,1.0,0.03125,0.0
329,194.0,144.0,4.090909090909091,1.610723172951729,0.04040404040404041,0.010101010101010102,0.03814754323706544,0.10475274963731653,0.10210368580407973,1.0,0.03125,0.0
330,186.0,132.0,4.02020202020202,1.6431459395672854,0.06060606060606061,0.010101010101010102,0.0335297629859384,0.10956013156102651,0.1176235455280994,1.0,0.0,0.0
331,200.0,156.0,4.164983164983165,1.606925065054294,0.037037037037037035,0.016835016835016835,0.03763905700796742,0.09716526057912594,0.11768731225164715,1.0,0.03125,0.0
332,184.0,136.0,4.03030303030303,1.6378593986835797,0.03367003367003367,0.003367003367003367,0.045803326200969094,0.1128356822936949,0.10887143459291258,1.0,0.0,0.0
333,187.0,133.0,4.104377104377105,1.5696664915928242,0.02356902356902357,0.013468013468013467,0.038325849445726035,0.1132236866384417,0.1094992019880866,1.0,0.03125,0.0
334,194.0,146.0,4.097643097643098,1.6597516650970483,0.0707070707070707,0.010101010101010102,0.04552803844640609,0.12013189720875896,0.11333426850101397,1.0,0.0625,0.0
335,186.0,132.0,4.006734006734007,1.65346949991829,0.050505050505050504,0.013468013468013467,0.03838273358217114,0.09634907067286068,0.09586390826002247,1.0,0.03125,0.0
336,197.0,145.0,4.114478114478114,1.511023182350897,0.020202020202020204,0.006734006734006734,0.03670837584075749,0.11439694085597504,0.08861597675670675,1.0,0.0,0.0
337,199.0,152.0,4.127946127946128,1.5818180384804414,0.04377104377104377,0.013468013468013467,0.03523376873309639,0.09838979223787303,0.15204390715299498,1.0,0.03125,0.0
338,186.0,130.0,3.98989898989899,1.5752394900701356,0.037037037037037035,0.006734006734006734,0.04195217188276664,0.10560447104676562,0.13542675210202848,1.0,0.03125,0.0
339,193.0,140.0,4.074074074074074,1.6579269542892483,0.04713804713804714,0.006734006734006734,0.04383016142738206,0.10965526560733367,0.13323040321554502,1.0,0.03125,0.0
340,185.0,127.0,4.03030303030303,1.52722462646717,0.03367003367003367,0.013468013468013467,0.04318655809604679,0.11179752206918624,0.08965936227230242,1.0,0.03125,0.0
341,173.0,123.0,3.9663299663299663,1.55663378900597,0.026936026936026935,0.006734006734006734,0.04312224223961312,0.11521009475820966,0.11625606986045665,1.0,0.0,0.0
342,183.0,130.0,4.043771043771044,1.5980111549306373,0.026936026936026935,0.013468013468013467,0.038850361056966314,0.11148197351129886,0.11818794377703468,1.0,0.03125,0.0
343,198.0,148.0,4.228956228956229,1.6354974082813063,0.037037037037037035,0.020202020202020204,0.03759001752752738,0.10194059694584018,0.1259720638636004,1.0,0.0,0.0
344,179.0,121.0,3.8922558922558923,1.6128192149280214,0.06060606060606061,0.016835016835016835,0.037284759938553194,0.10577575616837477,0.12935095991231868,1.0,0.0,0.0
345,177.0,121.0,4.0,1.6797466539775638,0.06734006734006734,0.013468013468013467,0.02691797245106486,0.08700010359726686,0.10002235695003864,1.0,0.0625,0.0
346,200.0,149.0,4.087542087542087,1.624438681321465,0.030303030303030304,0.013468013468013467,0.03415415906086751,0.09495467700328149,0.06798481962327424,1.0,0.0625,0.0
347,177.0,129.0,3.95959595959596,1.626293995556669,0.04377104377104377,0.010101010101010102,0.04456598645870467,0.12207902855472468,0.11415899609173821,1.0,0.0,0.0
348,195.0,143.0,4.154882154882155,1.633895410270117,0.04713804713804714,0.010101010101010102,0.03341046760865356,0.09630394660618385,0.10563379376606324,1.0,0.0625,0.0
349,182.0,133.0,4.016835016835016,1.68066427555416,0.037037037037037035,0.013468013468013467,0.04105196485562336,0.10963967321428948,0.12988346335434786,1.0,0.03125,0.0
350,189.0,133.0,4.178451178451178,1.7247867067099607,0.050505050505050504,0.013468013468013467,0.038948918112435636,0.09966407344108705,0.13274388600162937,1.0,0.0,0.0
351,182.0,124.0,3.9764309764309766,1.5708144286138548,0.04713804713804714,0.010101010101010102,0.03662954063522957,0.10543395592972346,0.10661803313945295,1.0,0.0,0.0
352,184.0,128.0,3.9562289562289563,1.6600180280054042,0.050505050505050504,0.010101010101010102,0.03779508461094829,0.10268574221982453,0.10574724407196162,1.0,0.0,0.0
353,194.0,144.0,3.9562289562289563,1.6539219549606718,0.05723905723905724,0.016835016835016835,0.04069161880765727,0.09967369192321464,0.14197788616351023,1.0,0.0625,0.0
354,198.0,152.0,4.013468013468014,1.6308743889539394,0.05723905723905724,0.006734006734006734,0.035525584590936875,0.10685999692481593,0.09711880095016585,1.0,0.0625,0.0
355,198.0,155.0,4.134680134680135,1.6622292388438251,0.04040404040404041,0.013468013468013467,0.037457570213644945,0.09669257524610779,0.14668060146305392,1.0,0.0,0.0
356,182.0,132.0,4.097643097643098,1.5871626741144682,0.04377104377104377,0.010101010101010102,0.03640544516618543,0.1017127513313335,0.12325698459195208,1.0,0.03125,0.0
357,195.0,137.0,4.134680134680135,1.6024106362543673,0.037037037037037035,0.020202020202020204,0.04256092086199392,0.10724907281556847,0.12433868622830777,1.0,0.03125,0.0
358,189.0,134.0,3.946127946127946,1.6113424220624881,0.04713804713804714,0.010101010101010102,0.038522349858534026,0.1152074675458971,0.12380048639278496,1.0,0.0,0.0
359,208.0,156.0,4.31986531986532,1.6024106362543675,0.03367003367003367,0.016835016835016835,0.037618510276382564,0.0994890136177512,0.14273415569438264,1.0,0.03125,0.0
360,190.0,140.0,3.993265993265993,1.5219898060274986,0.02356902356902357,0.006734006734006734,0.03607329387648401,0.10227585700575459,0.10338895412889249,1.0,0.03125,0.0
361,186.0,126.0,3.973063973063973,1.6286414902155584,0.05387205387205387,0.006734006734006734,0.040721220495325915,0.11242311980373089,0.07878703141069318,1.0,0.0,0.0
362,200.0,148.0,4.141414141414141,1.6737833976225605,0.05723905723905724,0.010101010101010102,0.029086313570113088,0.0836264660619361,0.10954262433970796,1.0,0.0625,0.0
363,184.0,135.0,4.02020202020202,1.5783454533029988,0.030303030303030304,0.016835016835016835,0.034374665457223993,0.0935578890816108,0.10904866303388366,1.0,0.03125,0.0
364,180.0,128.0,3.9966329966329965,1.6442908401472136,0.03367003367003367,0.010101010101010102,0.04249769770526533,0.09958154734190336,0.13029540075970214,1.0,0.03125,0.0
365,190.0,140.0,4.141414141414141,1.6515074290123097,0.03367003367003367,0.016835016835016835,0.031728198153004254,0.08943032279443047,0.13550860444226634,1.0,0.0,0.0
366,188.0,135.0,3.8855218855218854,1.6144421268147566,0.05723905723905724,0.006734006734006734,0.04018135322875644,0.11645064219324491,0.11961098777891795,1.0,0.0625,0.0
367,188.0,143.0,3.9764309764309766,1.6985188802747786,0.06734006734006734,0.013468013468013467,0.04293048151601081,0.10330581795363951,0.14646743420437927,1.0,0.03125,0.0
368,190.0,143.0,4.03030303030303,1.6623451779531886,0.03367003367003367,0.016835016835016835,0.03053393468759844,0.0958348464630733,0.11443349985755952,1.0,0.03125,0.0
369,199.0,155.0,4.124579124579125,1.6230562810792324,0.026936026936026935,0.010101010101010102,0.03703950975901426,0.10029808990101485,0.14327572164051616,1.0,0.0625,0.0
370,198.0,142.0,4.037037037037037,1.6763281508509391,0.06060606060606061,0.020202020202020204,0.03660801685498214,0.10200215483346112,0.11978959508127272,1.0,0.03125,0.0
371,193.0,144.0,4.151515151515151,1.6082508412212786,0.03367003367003367,0.013468013468013467,0.04085700901482025,0.10651307507838698,0.10402898602359231,1.0,0.0,0.0
372,184.0,133.0,3.993265993265993,1.645304032762338,0.037037037037037035,0.013468013468013467,0.04501963619346747,0.12066843383564461,0.1108397663187474,1.0,0.0,0.0
373,196.0,136.0,3.9797979797979797,1.5063041352064417,0.04040404040404041,0.006734006734006734,0.03690007692599773,0.09728454189796606,0.13951088743201548,1.0,0.03125,0.0
374,195.0,144.0,4.057239057239057,1.6226790584370097,0.04377104377104377,0.020202020202020204,0.03321670284187417,0.10717461889571342,0.11965699696954096,1.0,0.03125,0.0
375,178.0,121.0,3.936026936026936,1.5349843019898473,0.037037037037037035,0.013468013468013467,0.041159418994915396,0.10985888841824047,0.09275092121346556,1.0,0.03125,0.0
376,195.0,144.0,4.225589225589226,1.6876312986810693,0.04713804713804714,0.026936026936026935,0.03326111648455002,0.09857648683118125,0.1459020503922506,1.0,0.03125,0.0
377,178.0,126.0,3.8821548821548824,1.5644142640232896,0.050505050505050504,0.013468013468013467,0.03901586880372426,0.1075488906831495,0.11873725494304874,1.0,0.0,0.0
378,184.0,130.0,3.962962962962963,1.576972969363459,0.026936026936026935,0.02356902356902357,0.02837846200975361,0.0868542179625344,0.11190625381598486,1.0,0.03125,0.0
379,188.0,131.0,4.0033670033670035,1.6298939596961461,0.05387205387205387,0.0,0.04627688713373275,0.11900581434880513,0.12547036052239813,1.0,0.0,0.0
380,185.0,138.0,3.9696969696969697,1.6784705968637854,0.05723905723905724,0.010101010101010102,0.031950454105969354,0.10185034924019973,0.10333714958364931,1.0,0.03125,0.0
381,178.0,122.0,3.872053872053872,1.6464818600933084,0.04713804713804714,0.010101010101010102,0.04094978796575539,0.10499257431939546,0.0950239315177227,1.0,0.0,0.0
382,195.0,140.0,4.127946127946128,1.6071578602210153,0.03367003367003367,0.006734006734006734,0.03429123655162145,0.08983093354284002,0.08855127691637618,1.0,0.03125,0.0
383,182.0,134.0,3.9696969696969697,1.6764634018678324,0.05723905723905724,0.016835016835016835,0.047842184842276515,0.1294272774096447,0.10215852760939162,1.0,0.03125,0.0
384,194.0,134.0,4.185185185185185,1.5404914328211423,0.020202020202020204,0.020202020202020204,0.041460426435470134,0.10494682310420998,0.1421638031262677,1.0,0.0625,0.0
385,196.0,143.0,4.141414141414141,1.6289268596253101,0.04377104377104377,0.010101010101010102,0.031347473616282276,0.09692956087499519,0.10273720230119834,1.0,0.0,0.0
386,181.0,133.0,3.8417508417508417,1.6813117069018715,0.06060606060606061,0.006734006734006734,0.04366359229614009,0.11689016550128117,0.08315188904616613,1.0,0.0625,0.0
387,183.0,129.0,4.111111111111111,1.7108618472517274,0.04713804713804714,0.020202020202020204,0.04343941744518115,0.1059030802807047,0.11994983789390842,1.0,0.03125,0.0
388,180.0,125.0,3.8754208754208754,1.5530902965792188,0.037037037037037035,0.0,0.03778163161957099,0.10735186689638151,0.097859279702132,1.0,0.0,0.0
389,182.0,140.0,3.835016835016835,1.7930992157982726,0.08417508417508418,0.010101010101010102,0.04447004778484007,0.10989827985974296,0.14086927246991132,1.0,0.0,0.0
390,182.0,128.0,4.0033670033670035,1.6747245946728468,0.04040404040404041,0.016835016835016835,0.036369372331019424,0.09599772250529696,0.10654684835324281,1.0,0.03125,0.0
391,185.0,133.0,4.1313131313131315,1.618369703716792,0.037037037037037035,0.013468013468013467,0.04380122305597924,0.121970639210548,0.13055112789984435,1.0,0.03125,0.0
392,174.0,116.0,3.946127946127946,1.5839451737974135,0.04040404040404041,0.010101010101010102,0.048217367967002864,0.14171735418896245,0.11161675050967843,1.0,0.03125,0.0
393,181.0,127.0,4.0606060606060606,1.6298035358135885,0.03367003367003367,0.016835016835016835,0.04706836029564246,0.11407627986080694,0.13583447286131456,1.0,0.0,0.0
394,194.0,143.0,3.936026936026936,1.492725922401407,0.03367003367003367,0.006734006734006734,0.03707394540763508,0.10848138093867413,0.09985683731371314,1.0,0.0,0.0
395,179.0,127.0,4.053872053872054,1.6341659876561745,0.05387205387205387,0.026936026936026935,0.04795332972911377,0.11746539323752309,0.1309507398536017,1.0,0.0,0.0
396,169.0,112.0,3.9225589225589226,1.6156003514750734,0.050505050505050504,0.006734006734006734,0.03735364102566054,0.09586188156981153,0.0821615154905983,1.0,0.0,0.0
397,180.0,118.0,3.993265993265993,1.601752546060056,0.05723905723905724,0.010101010101010102,0.047491461463899806,0.12170818515686269,0.127837465681292,1.0,0.09375,0.0
398,192.0,145.0,4.057239057239057,1.5656529452186518,0.026936026936026935,0.006734006734006734,0.034232057010700485,0.0891184034180354,0.11411349221001857,1.0,0.09375,0.0
399,182.0,127.0,4.063973063973064,1.5283896058116984,0.02356902356902357,0.006734006734006734,0.03889690711488565,0.10066050732443685,0.10301739506628592,1.0,0.03125,0.0
400,184.0,135.0,4.013468013468014,1.6100966446787652,0.050505050505050504,0.016835016835016835,0.031524481700688785,0.09148538946812163,0.12718932017254192,1.0,0.0625,0.0
401,184.0,134.0,4.006734006734007,1.6473491939956202,0.050505050505050504,0.010101010101010102,0.044288509483209976,0.11366972644531058,0.13989026778738492,1.0,0.0,0.0
402,190.0,137.0,3.909090909090909,1.6002372031088554,0.030303030303030304,0.013468013468013467,0.04394801369059583,0.10414367941657658,0.12367294162243694,1.0,0.09375,0.0
403,179.0,128.0,3.993265993265993,1.6184817801513633,0.037037037037037035,0.013468013468013467,0.044731801748978645,0.11071880140633027,0.0881987681237891,1.0,0.0,0.0
404,183.0,126.0,3.9494949494949494,1.6739662614841695,0.05723905723905724,0.013468013468013467,0.03550765551844115,0.10491791709511389,0.10426028324114303,1.0,0.0,0.0
405,192.0,141.0,4.057239057239057,1.6309578025277194,0.05387205387205387,0.016835016835016835,0.041191444286671194,0.11978282109690239,0.0955802636435864,1.0,0.0625,0.0
406,189.0,141.0,4.03030303030303,1.6358023728807005,0.05387205387205387,0.006734006734006734,0.0395004842048593,0.10760545370754403,0.1147464879258501,1.0,0.0,0.0
407,192.0,136.0,4.087542087542087,1.5951567117676324,0.030303030303030304,0.016835016835016835,0.036172539809114765,0.10379721738201139,0.13099853438156428,1.0,0.03125,0.0
408,183.0,127.0,4.013468013468014,1.637056288814745,0.04713804713804714,0.010101010101010102,0.03804774930323137,0.11112836989428197,0.10774418631310494,1.0,0.03125,0.0
409,202.0,150.0,4.08080808080808,1.6798073944232246,0.06397306397306397,0.010101010101010102,0.03907919400083636,0.0982278522705441,0.13087725548680496,1.0,0.03125,0.0
410,183.0,133.0,3.7946127946127945,1.576843563731914,0.04713804713804714,0.006734006734006734,0.04029749452605781,0.11543667302693442,0.11952763158656703,1.0,0.03125,0.0
411,183.0,133.0,3.9057239057239057,1.6609601999219648,0.04713804713804714,0.016835016835016835,0.039448644625636825,0.10878158293288687,0.14041961594296698,1.0,0.0625,0.0
412,192.0,134.0,4.08080808080808,1.6371740105880015,0.04377104377104377,0.010101010101010102,0.04420336718987865,0.11062620235620307,0.12312964995787737,1.0,0.03125,0.0
413,194.0,146.0,4.101010101010101,1.7378434882914398,0.0707070707070707,0.013468013468013467,0.03275598849510721,0.09192742999005807,0.12383005025255378,1.0,0.0625,0.0
414,188.0,135.0,3.9225589225589226,1.5409329187203917,0.04713804713804714,0.006734006734006734,0.044552174366699324,0.11105516364979641,0.10796611509554124,1.0,0.03125,0.0
415,191.0,139.0,4.043771043771044,1.6801785383235373,0.06734006734006734,0.006734006734006734,0.04089502268283302,0.10016803000691019,0.10784277591071442,1.0,0.0,0.0
416,196.0,143.0,4.037037037037037,1.660181922399854,0.04377104377104377,0.010101010101010102,0.03389898193403474,0.08776753913947145,0.10827754004167607,1.0,0.0,0.0
417,193.0,147.0,4.0606060606060606,1.6746365914724968,0.06060606060606061,0.016835016835016835,0.0334282353641303,0.09377059644768042,0.11599305689149439,1.0,0.0,0.0
418,176.0,122.0,3.8686868686868685,1.6451937835557442,0.06734006734006734,0.006734006734006734,0.03554488733962099,0.10039124883448594,0.128799442767696,1.0,0.0,0.0
419,192.0,140.0,4.063973063973064,1.6593622885499284,0.04377104377104377,0.02356902356902357,0.03227065874540251,0.10563028300164228,0.10256875421109263,1.0,0.03125,0.0
420,185.0,131.0,4.0673400673400675,1.5315461682557876,0.026936026936026935,0.006734006734006734,0.03194247020900133,0.09449456968240773,0.11289992582591714,1.0,0.03125,0.0
421,189.0,130.0,4.057239057239057,1.6977177550606783,0.0707070707070707,0.013468013468013467,0.03447723404914799,0.09752651039636573,0.12662223592607666,1.0,0.0,0.0
422,194.0,147.0,4.043771043771044,1.568235810395444,0.037037037037037035,0.0,0.04586642705211378,0.11465411561881964,0.10741904239529404,1.0,0.0,0.0
423,186.0,131.0,4.026936026936027,1.5888760101736783,0.03367003367003367,0.020202020202020204,0.035023028750041374,0.09890548357324166,0.12410508054590055,1.0,0.0625,0.0
424,192.0,139.0,4.087542087542087,1.632708503165659,0.037037037037037035,0.013468013468013467,0.04118815421154561,0.11931253267640528,0.11996323808557977,1.0,0.0,0.0
425,204.0,151.0,4.316498316498317,1.6799963506545643,0.050505050505050504,0.010101010101010102,0.03959281107321256,0.09382075481666141,0.13334536385032514,1.0,0.09375,0.0
426,202.0,158.0,4.094276094276094,1.5926602159602627,0.04377104377104377,0.003367003367003367,0.04040182594318546,0.10608934735865876,0.09620455394943123,1.0,0.0,0.0
427,191.0,141.0,3.983164983164983,1.587955321819127,0.04713804713804714,0.006734006734006734,0.03872543354148884,0.11266300708344965,0.10429701684403292,1.0,0.0,0.0
428,185.0,136.0,4.117845117845118,1.7241358747883115,0.05387205387205387,0.020202020202020204,0.037932115400405614,0.10243293959536755,0.11153205439058371,1.0,0.03125,0.0
429,179.0,125.0,3.787878787878788,1.640846832809804,0.04713804713804714,0.013468013468013467,0.03653966998931888,0.10193991700510371,0.08765153154931207,1.0,0.0,0.0
430,185.0,126.0,4.0606060606060606,1.6090119632900206,0.04040404040404041,0.003367003367003367,0.039040868768914244,0.11116584897436212,0.10811938911275218,1.0,0.0625,0.0
431,188.0,135.0,4.124579124579125,1.553090296579219,0.03367003367003367,0.003367003367003367,0.03800325404347625,0.10430340856408768,0.11588444713567013,1.0,0.0,0.0
432,203.0,160.0,4.1447811447811445,1.6399622344900422,0.03367003367003367,0.010101010101010102,0.035964235995396755,0.09909253872055036,0.1415596526235815,1.0,0.125,0.0
433,180.0,128.0,3.8754208754208754,1.5831505183034937,0.050505050505050504,0.003367003367003367,0.04179170851189204,0.12505166195737744,0.12678633841505837,1.0,0.0625,0.0
434,183.0,127.0,3.95959595959596,1.675245749614019,0.05387205387205387,0.016835016835016835,0.04202435184494855,0.10792215165396937,0.09648499487939392,1.0,0.03125,0.0
435,188.0,129.0,4.154882154882155,1.5185446480315914,0.02356902356902357,0.006734006734006734,0.03158940278591956,0.0899088777535555,0.11607620553353615,1.0,0.0,0.0
436,204.0,153.0,4.218855218855219,1.5983729214027111,0.030303030303030304,0.013468013468013467,0.0377920546333418,0.1142090584589941,0.12199642813169782,1.0,0.0625,0.0
437,192.0,138.0,4.097643097643098,1.6556894564876625,0.04713804713804714,0.016835016835016835,0.03132258070137093,0.10364414148160707,0.10119981558629343,1.0,0.03125,0.0
438,190.0,145.0,3.9292929292929295,1.5715431858207078,0.03367003367003367,0.006734006734006734,0.039450917214370385,0.11363065755489,0.10092016682443297,1.0,0.03125,0.0
439,186.0,131.0,3.925925925925926,1.6518231641301082,0.050505050505050504,0.020202020202020204,0.04106446712403202,0.11188914397898685,0.12085692309637967,1.0,0.0,0.0
440,199.0,144.0,4.111111111111111,1.6302416971177385,0.037037037037037035,0.006734006734006734,0.0476803002537676,0.12082066722759344,0.12006817247647034,1.0,0.0625,0.0
441,198.0,155.0,3.962962962962963,1.5424330255667174,0.026936026936026935,0.0,0.037985519290954645,0.10513840653217685,0.13062308363987346,1.0,0.0,0.0
442,190.0,140.0,3.925925925925926,1.7099140214768105,0.07407407407407407,0.006734006734006734,0.047870966275408496,0.11755325708609554,0.11184297602548424,1.0,0.03125,0.0
443,187.0,138.0,3.9696969696969697,1.5962152972503436,0.06060606060606061,0.0,0.035822421917424,0.10392860450951809,0.13141318253736384,1.0,0.0,0.0
444,189.0,138.0,3.845117845117845,1.6846258872675328,0.05387205387205387,0.013468013468013467,0.042847580524127446,0.12718949896511517,0.09565956499722186,1.0,0.0,0.0
445,188.0,132.0,4.047138047138047,1.5476060228037396,0.02356902356902357,0.006734006734006734,0.03915846137765756,0.11572920848632795,0.1126992733112194,1.0,0.0,0.0
446,187.0,130.0,4.006734006734007,1.5264078691881917,0.03367003367003367,0.003367003367003367,0.04141431386615818,0.10729636071569243,0.12059729800102047,1.0,0.03125,0.0
447,194.0,144.0,4.134680134680135,1.6682949567355714,0.04377104377104377,0.030303030303030304,0.029136975733988688,0.10101916218048204,0.13238180109734765,1.0,0.03125,0.0
448,188.0,133.0,3.8956228956228958,1.5718100717209227,0.04040404040404041,0.006734006734006734,0.032657775160022794,0.09807163339482458,0.10398191551756387,1.0,0.03125,0.0
449,197.0,148.0,4.138047138047138,1.6052733672607262,0.037037037037037035,0.006734006734006734,0.040525442149852396,0.1114772760010237,0.13232628954705017,1.0,0.03125,0.0
450,188.0,127.0,3.9057239057239057,1.642614600300007,0.05723905723905724,0.016835016835016835,0.043637880616546054,0.10723697827786016,0.12236836342647348,1.0,0.0,0.0
451,172.0,115.0,3.925925925925926,1.6333749431623905,0.06060606060606061,0.016835016835016835,0.04219548995938035,0.10629549795059706,0.11907477271046325,1.0,0.03125,0.0
452,183.0,132.0,4.0606060606060606,1.6298035358135885,0.026936026936026935,0.010101010101010102,0.040272093302132904,0.10661266565284486,0.10865301870126214,1.0,0.0625,0.0
453,200.0,142.0,4.077441077441078,1.6176830661227768,0.04040404040404041,0.016835016835016835,0.03872055880797765,0.10655062619766052,0.14812664931624245,1.0,0.03125,0.0
454,184.0,130.0,3.962962962962963,1.5684092958048221,0.04040404040404041,0.0,0.05288733562001155,0.1314159371563249,0.14913718601576573,1.0,0.0,0.0
455,186.0,129.0,3.973063973063973,1.5305909949713035,0.03367003367003367,0.006734006734006734,0.03328672671870942,0.098508105195548,0.111263946341887,1.0,0.0,0.0
456,200.0,160.0,4.168350168350169,1.793725025361389,0.06734006734006734,0.02356902356902357,0.029256863887102337,0.08790152425371146,0.08998675304459701,1.0,0.03125,0.0
457,193.0,145.0,4.181818181818182,1.6207636498555211,0.03367003367003367,0.006734006734006734,0.035894434153150634,0.10021529649240613,0.10333956646215814,1.0,0.03125,0.0
458,194.0,134.0,4.1952861952861955,1.5961584782812852,0.030303030303030304,0.016835016835016835,0.03283242215624718,0.09446325061489266,0.13635627027196778,1.0,0.03125,0.0
459,183.0,125.0,3.8316498316498318,1.5716153216143476,0.05723905723905724,0.003367003367003367,0.029431527586507432,0.10026906866268576,0.09364832549417829,1.0,0.03125,0.0
460,189.0,133.0,3.98989898989899,1.6277990107585731,0.037037037037037035,0.016835016835016835,0.045895832035504895,0.12431766550534769,0.09025236223250258,1.0,0.03125,0.0
461,179.0,127.0,3.8484848484848486,1.5044063430658043,0.02356902356902357,0.010101010101010102,0.04022613820658409,0.11382722629988834,0.08586987049007916,1.0,0.03125,0.0
462,180.0,126.0,4.033670033670034,1.5908654439704166,0.04377104377104377,0.013468013468013467,0.04321465335364466,0.10831975559094989,0.09856572602795648,1.0,0.0625,0.0
463,197.0,149.0,4.037037037037037,1.712100519989247,0.05387205387205387,0.026936026936026935,0.03732409750194467,0.09854430375909796,0.09891751736092581,1.0,0.03125,0.0
464,193.0,137.0,4.286195286195286,1.600371800944156,0.03367003367003367,0.013468013468013467,0.035956435805307885,0.10127799909255628,0.12960812792801807,1.0,0.03125,0.0
465,183.0,136.0,3.9797979797979797,1.6513220781096836,0.04377104377104377,0.006734006734006734,0.0427336382878046,0.11433955053159185,0.10239791634639334,1.0,0.03125,0.0
466,175.0,118.0,4.023569023569023,1.6685191894730451,0.04040404040404041,0.016835016835016835,0.03541356315244172,0.09267936091278549,0.11780145535553894,1.0,0.0625,0.0
467,199.0,150.0,4.181818181818182,1.5177755056202045,0.02356902356902357,0.003367003367003367,0.03498116131968462,0.0994697593659315,0.11092422407429102,1.0,0.03125,0.0
468,185.0,126.0,3.9494949494949494,1.6041218206953791,0.06060606060606061,0.013468013468013467,0.03967625915264977,0.10806109362195283,0.11626246104292133,1.0,0.0,0.0
469,184.0,130.0,4.05050505050505,1.6516927591150883,0.05387205387205387,0.013468013468013467,0.038131041040816965,0.09996148455072533,0.11955670703110176,1.0,0.03125,0.0
470,190.0,140.0,3.9966329966329965,1.6257571486498126,0.05723905723905724,0.016835016835016835,0.0419321796249316,0.11779648472416046,0.12386919834669222,1.0,0.0,0.0
471,190.0,132.0,4.023569023569023,1.5579004874308982,0.04377104377104377,0.003367003367003367,0.04582932091450192,0.1117132602195739,0.11969438311736552,1.0,0.03125,0.0
472,186.0,142.0,3.8047138047138045,1.6398585393878855,0.05387205387205387,0.013468013468013467,0.045096230847850596,0.11853493588552243,0.13358652788835307,1.0,0.0,0.0
473,203.0,154.0,4.074074074074074,1.6313122626329808,0.037037037037037035,0.003367003367003367,0.03781279095737182,0.09514385556111238,0.12499295828191267,1.0,0.0625,0.0
474,198.0,144.0,4.053872053872054,1.5646968565795925,0.03367003367003367,0.016835016835016835,0.044436059499399445,0.117245274893879,0.11838914179126395,1.0,0.0,0.0
475,184.0,137.0,3.8956228956228958,1.7289029527656696,0.06397306397306397,0.013468013468013467,0.030007652389881945,0.09594794196189083,0.10385056457863359,1.0,0.03125,0.0
476,188.0,136.0,4.040404040404041,1.7149718529118696,0.03367003367003367,0.016835016835016835,0.04839400517793449,0.11917467438332774,0.13694383629786044,1.0,0.03125,0.0
477,189.0,137.0,4.006734006734007,1.6837373572413665,0.06734006734006734,0.010101010101010102,0.03503026857338027,0.10281269330711441,0.12026443917343016,1.0,0.03125,0.0
478,186.0,129.0,4.016835016835016,1.54060181615677,0.013468013468013467,0.020202020202020204,0.027274462611119057,0.10037245816467572,0.09776154462076088,1.0,0.0,0.0
479,188.0,132.0,4.0033670033670035,1.6727129046157694,0.05387205387205387,0.013468013468013467,0.031050088717184565,0.09053117449966505,0.11637674600043946,1.0,0.0,0.0
480,195.0,149.0,4.121212121212121,1.5326264989577931,0.02356902356902357,0.003367003367003367,0.04207757944017393,0.10745625795983177,0.1179636614168898,1.0,0.0625,0.0
481,175.0,122.0,3.7474747474747474,1.5396669871048387,0.06060606060606061,0.006734006734006734,0.040725653067354,0.1128245864903173,0.09797081272863603,1.0,0.03125,0.0
482,184.0,129.0,3.9057239057239057,1.5476279986122146,0.037037037037037035,0.013468013468013467,0.034537987200124916,0.11554491511037851,0.1371961500607569,1.0,0.0,0.0
483,187.0,134.0,3.9124579124579126,1.5194850112479195,0.037037037037037035,0.010101010101010102,0.047215503690464414,0.1174773584891753,0.10952917520747699,1.0,0.03125,0.0
484,168.0,113.0,3.814814814814815,1.6214210158029876,0.06734006734006734,0.003367003367003367,0.059539554739245076,0.14179444148365367,0.15108934781742187,1.0,0.03125,0.0
485,180.0,120.0,3.9158249158249157,1.6089978717088824,0.06060606060606061,0.003367003367003367,0.03490858855798578,0.09761408229144632,0.09098315640073795,1.0,0.03125,0.0
486,189.0,134.0,4.084175084175084,1.613177660591581,0.030303030303030304,0.013468013468013467,0.035918000814275826,0.09705019731448428,0.1300496855963853,1.0,0.03125,0.0
487,198.0,148.0,3.9966329966329965,1.5580751236374173,0.05723905723905724,0.003367003367003367,0.03922909448426328,0.0984698970474728,0.10987020260631486,1.0,0.0,0.0
488,192.0,139.0,4.013468013468014,1.5975002863229095,0.04377104377104377,0.006734006734006734,0.03793832719022944,0.1016903858226813,0.12305109438759684,1.0,0.0,0.0
489,182.0,124.0,3.8821548821548824,1.6131565777573131,0.04377104377104377,0.010101010101010102,0.0403860749471151,0.1036538075794729,0.11274257325875811,1.0,0.0625,0.0
490,186.0,138.0,3.9966329966329965,1.6887393271728404,0.05387205387205387,0.010101010101010102,0.04237535067732913,0.10901492171736277,0.10875504938677771,1.0,0.03125,0.0
491,187.0,139.0,4.016835016835016,1.6236010035017228,0.030303030303030304,0.010101010101010102,0.03487034728677365,0.09860177405177127,0.11981461334401278,1.0,0.0,0.0
492,194.0,142.0,4.02020202020202,1.7035107222253283,0.0707070707070707,0.013468013468013467,0.03736828224004618,0.11077327457524848,0.08578807915717038,1.0,0.0625,0.0
493,171.0,117.0,3.8653198653198655,1.6315624234019428,0.04377104377104377,0.013468013468013467,0.045351476952118545,0.12059260093017701,0.0887541937931222,1.0,0.0,0.0
494,171.0,105.0,3.888888888888889,1.6649823138698616,0.06397306397306397,0.020202020202020204,0.04404893577260828,0.10726812226355327,0.1088516281243368,1.0,0.0625,0.0
495,187.0,134.0,3.946127946127946,1.5711391641710413,0.05723905723905724,0.006734006734006734,0.03169404868707177,0.08828377062478171,0.10217095580660127,1.0,0.0,0.0
496,196.0,148.0,4.026936026936027,1.6036411764617027,0.026936026936026935,0.010101010101010102,0.038133014851127724,0.10303482975139021,0.09521914238959484,1.0,0.0,0.0
497,194.0,140.0,4.104377104377105,1.7093172182897425,0.05723905723905724,0.02356902356902357,0.037680949810663264,0.08722787284192525,0.11498451645869076,1.0,0.03125,0.0
498,181.0,132.0,4.023569023569023,1.629727019378908,0.020202020202020204,0.013468013468013467,0.040936238361090456,0.10812702169653166,0.1221302376780726,1.0,0.0,0.0
499,186.0,128.0,4.01010101010101,1.638108559618874,0.04377104377104377,0.010101010101010102,0.03456733555651041,0.09984593362519956,0.11107254545993202,1.0,0.0,0.0
500,189.0,133.0,4.033670033670034,1.6592393085511845,0.04377104377104377,0.016835016835016835,0.04964485505931185,0.13056305317527406,0.10565410959640478,1.0,0.0625,0.0
501,186.0,134.0,4.084175084175084,1.648277973859337,0.050505050505050504,0.010101010101010102,0.03508508625375384,0.10122770465121413,0.09982151560637724,1.0,0.0,0.0
502,188.0,129.0,4.040404040404041,1.607552829420425,0.04377104377104377,0.003367003367003367,0.040606768807862154,0.09508591692244947,0.12481859467201804,1.0,0.0,0.0
503,198.0,145.0,4.245791245791246,1.6484430354944526,0.04377104377104377,0.020202020202020204,0.04182988211672715,0.10482813958316982,0.11107857323630066,1.0,0.0,0.0
504,196.0,143.0,4.0673400673400675,1.629539191079274,0.037037037037037035,0.020202020202020204,0.030286631984842008,0.08188580646746656,0.08826958273059007,1.0,0.0,0.0
505,187.0,130.0,3.983164983164983,1.602728969985797,0.050505050505050504,0.0,0.0400586702666553,0.1079148891080909,0.12369425562181602,1.0,0.03125,0.0
506,183.0,130.0,4.037037037037037,1.5833653293870702,0.037037037037037035,0.003367003367003367,0.038593931082563954,0.1012959559291108,0.10102695530974412,1.0,0.0,0.0
507,190.0,141.0,4.121212121212121,1.5326264989577931,0.013468013468013467,0.010101010101010102,0.03556033432991524,0.10248774813836127,0.12121615958214205,1.0,0.09375,0.0
508,211.0,173.0,4.306397306397306,1.7591682350431022,0.04377104377104377,0.020202020202020204,0.040985685660413176,0.10499102365735447,0.1175978041532327,1.0,0.03125,0.0
509,180.0,124.0,3.8047138047138045,1.4914722808543592,0.04040404040404041,0.006734006734006734,0.046159079987273276,0.11777860088817983,0.09533416019247509,1.0,0.03125,0.0
510,189.0,140.0,4.026936026936027,1.7073662074311466,0.050505050505050504,0.02356902356902357,0.03100225927235898,0.09845264314956244,0.10671247341920917,1.0,0.0,0.0
511,188.0,134.0,3.8855218855218854,1.5614330637219087,0.06734006734006734,0.006734006734006734,0.03883313616252709,0.10086527519974406,0.10594197159726912,1.0,0.0,0.0
512,187.0,133.0,4.013468013468014,1.695653115479136,0.050505050505050504,0.013468013468013467,0.04151888622587998,0.10246290286126318,0.1223612043921974,1.0,0.03125,0.0
513,199.0,141.0,4.074074074074074,1.5767357175926981,0.03367003367003367,0.003367003367003367,0.04540257786106568,0.1079601823574932,0.08548833311848852,1.0,0.0,0.0
514,198.0,146.0,4.114478114478114,1.6698028514325687,0.030303030303030304,0.02356902356902357,0.04725064331622695,0.12588863401104614,0.10887872339556884,1.0,0.0,0.0
515,189.0,134.0,4.0606060606060606,1.5900671172640313,0.04040404040404041,0.010101010101010102,0.0423861473226094,0.1111675651503924,0.1349122699648102,1.0,0.03125,0.0
516,192.0,142.0,4.08080808080808,1.6247875862834382,0.04377104377104377,0.010101010101010102,0.04577371944064789,0.12067209633086257,0.09279502853062277,1.0,0.0,0.0
517,183.0,120.0,3.952861952861953,1.6178092050797062,0.04713804713804714,0.010101010101010102,0.04113367024890685,0.11542969187474884,0.10195394318396936,1.0,0.03125,0.0
518,185.0,132.0,3.952861952861953,1.6609397236067214,0.06060606060606061,0.006734006734006734,0.03663065034426065,0.11319775190939232,0.11933255890581232,1.0,0.03125,0.0
519,189.0,131.0,4.151515151515151,1.5615129266646506,0.016835016835016835,0.006734006734006734,0.04157492731759672,0.10349207805798812,0.1135799247524939,1.0,0.03125,0.0
520,176.0,122.0,3.8956228956228958,1.6348110299308403,0.06060606060606061,0.006734006734006734,0.0369971624637249,0.09854664161027332,0.094900222509193,1.0,0.0,0.0
521,175.0,117.0,3.8484848484848486,1.5550307392263285,0.050505050505050504,0.010101010101010102,0.04501105186291162,0.12656868935653565,0.09954577606564931,1.0,0.0625,0.0
522,174.0,120.0,3.8585858585858586,1.6309925569243966,0.07407407407407407,0.003367003367003367,0.04400028881615778,0.11997395886944702,0.10469102618509597,1.0,0.0,0.0
523,188.0,135.0,3.925925925925926,1.6292469706839197,0.050505050505050504,0.016835016835016835,0.036284126330165034,0.11114406755926147,0.10198151809738325,1.0,0.0,0.0
524,185.0,129.0,3.993265993265993,1.5954338590514654,0.04040404040404041,0.006734006734006734,0.04218807218541109,0.11589729384367017,0.10488214883320265,1.0,0.03125,0.0
525,182.0,126.0,3.9865319865319866,1.5953912241415178,0.04713804713804714,0.010101010101010102,0.03153357573860822,0.08817805724172978,0.10462011752184429,1.0,0.03125,0.0
526,195.0,155.0,4.033670033670034,1.5717018801964737,0.030303030303030304,0.003367003367003367,0.03774663022078649,0.09919709060478112,0.1372012069657223,1.0,0.0625,0.0
527,199.0,145.0,4.1447811447811445,1.5404472772721745,0.02356902356902357,0.010101010101010102,0.03516315499526015,0.11728929060624223,0.0934535865775575,1.0,0.0625,0.0
528,185.0,129.0,3.993265993265993,1.7016396647869376,0.050505050505050504,0.030303030303030304,0.04164041351380669,0.1123736210480755,0.10845051009672582,1.0,0.0,0.0
529,192.0,141.0,3.98989898989899,1.6503950113535435,0.04377104377104377,0.010101010101010102,0.040525382672174176,0.12084094671102295,0.10901448727555643,1.0,0.125,0.0
530,186.0,129.0,4.0033670033670035,1.5922757922677406,0.04713804713804714,0.010101010101010102,0.03464933184866782,0.10311678035800066,0.10533652105202788,1.0,0.0,0.0
531,185.0,132.0,3.9326599326599325,1.5004524555023033,0.026936026936026935,0.010101010101010102,0.02883389674316262,0.09414436871509489,0.11785192679746329,1.0,0.03125,0.0
532,189.0,134.0,3.9764309764309766,1.6502576238374804,0.06397306397306397,0.006734006734006734,0.03810804659811548,0.1071011171217073,0.1269672201958961,1.0,0.03125,0.0
533,181.0,123.0,3.8417508417508417,1.490217584685095,0.04040404040404041,0.003367003367003367,0.04937387677140802,0.1119065331127118,0.11081776675058733,1.0,0.0,0.0
534,189.0,132.0,3.962962962962963,1.6002867931021239,0.05387205387205387,0.010101010101010102,0.045881065309503415,0.11423608724728766,0.11771450842089604,1.0,0.03125,0.0
535,192.0,139.0,4.006734006734007,1.5461329321005024,0.026936026936026935,0.010101010101010102,0.03721040361556505,0.10889259894172972,0.09344462871434357,1.0,0.0,0.0
536,185.0,132.0,4.05050505050505,1.6516927591150883,0.050505050505050504,0.006734006734006734,0.03654435956749103,0.10744891481349474,0.08984442981738489,1.0,0.03125,0.0
537,184.0,134.0,4.070707070707071,1.6283630328393242,0.06397306397306397,0.013468013468013467,0.03652286115947825,0.11418745213228154,0.10328681885003288,1.0,0.03125,0.0
538,201.0,149.0,3.9966329966329965,1.5515785738066032,0.037037037037037035,0.010101010101010102,0.038357363373424026,0.10915120416965417,0.1160148639397442,1.0,0.0625,0.0
539,181.0,128.0,3.8417508417508417,1.5478477395366943,0.04377104377104377,0.003367003367003367,0.037260102691883686,0.11047580218809253,0.08769831205097407,1.0,0.03125,0.0
540,193.0,134.0,4.043771043771044,1.6189440134306115,0.06397306397306397,0.016835016835016835,0.02825347683310428,0.08456508457613586,0.09937498571964344,1.0,0.03125,0.0
541,180.0,125.0,4.057239057239057,1.5396301711981866,0.026936026936026935,0.013468013468013467,0.04104029130575295,0.11116449736425553,0.08151385132232025,1.0,0.03125,0.0
542,188.0,135.0,4.08080808080808,1.5592243237541392,0.026936026936026935,0.010101010101010102,0.03310893624691345,0.09098043209603744,0.12210289530618416,1.0,0.15625,0.0
543,188.0,133.0,3.962962962962963,1.696294825988512,0.06397306397306397,0.020202020202020204,0.04057005632334215,0.112901936435565,0.11500300067742814,1.0,0.0,0.0
544,187.0,133.0,3.9326599326599325,1.5855547400986048,0.04713804713804714,0.003367003367003367,0.03903925529372319,0.09986670749087737,0.1001852089822158,1.0,0.03125,0.0
545,188.0,137.0,3.898989898989899,1.540660684035363,0.04377104377104377,0.010101010101010102,0.03949209024257987,0.10988107042736564,0.12042504435275952,1.0,0.0,0.0
546,190.0,138.0,3.973063973063973,1.63894573959042,0.04713804713804714,0.010101010101010102,0.045806637623554504,0.11110178220943423,0.12169980215277726,1.0,0.09375,0.0
547,183.0,137.0,3.9494949494949494,1.653730019455177,0.04713804713804714,0.016835016835016835,0.03696347442378954,0.10046336909614889,0.15618207299824122,1.0,0.125,0.0
548,202.0,146.0,4.1447811447811445,1.5793004575657466,0.020202020202020204,0.006734006734006734,0.0476137678439591,0.11007171293649777,0.13187915023743008,1.0,0.0,0.0
549,173.0,122.0,3.9292929292929295,1.5779575422366472,0.03367003367003367,0.006734006734006734,0.03911216321935807,0.11191189521667795,0.09854300672076649,1.0,0.0,0.0
550,186.0,128.0,4.08080808080808,1.7135434038380988,0.05723905723905724,0.020202020202020204,0.041021642365830904,0.1036762844283968,0.08692803903539179,1.0,0.0,0.0
551,193.0,138.0,3.952861952861953,1.5799033207220337,0.05387205387205387,0.003367003367003367,0.040664322758730206,0.10709457517043788,0.12149273285345823,1.0,0.0625,0.0
552,200.0,152.0,4.057239057239057,1.6917575345321354,0.06397306397306397,0.006734006734006734,0.04059123288585719,0.10266470710092984,0.11250889560736538,1.0,0.03125,0.0
553,202.0,152.0,4.111111111111111,1.6487249775591395,0.050505050505050504,0.010101010101010102,0.03711009377423482,0.0997294550662647,0.10392296042214048,1.0,0.0,0.0
554,184.0,133.0,3.946127946127946,1.6382815657512275,0.050505050505050504,0.003367003367003367,0.04021113346695305,0.11170440398209239,0.1352281690541483,1.0,0.03125,0.0
555,178.0,121.0,3.993265993265993,1.5827208086721458,0.04377104377104377,0.003367003367003367,0.039329552413220475,0.09993199666632706,0.11011747186948813,1.0,0.0625,0.0
556,193.0,144.0,4.0,1.5656239814139445,0.04040404040404041,0.006734006734006734,0.03549206827377244,0.09263591030619313,0.08434168167060702,1.0,0.0,0.0
557,190.0,136.0,3.925925925925926,1.6477414093506266,0.04713804713804714,0.013468013468013467,0.03750277739080621,0.10293554409429462,0.10060543190538761,1.0,0.03125,0.0
558,189.0,135.0,3.98989898989899,1.598578595237186,0.037037037037037035,0.006734006734006734,0.04179716145484936,0.11374474533211337,0.09876733661908063,1.0,0.0625,0.0
559,194.0,143.0,4.047138047138047,1.6568804277879436,0.037037037037037035,0.020202020202020204,0.049009835010946474,0.11399886502376742,0.11553060307648072,1.0,0.0625,0.0
560,182.0,130.0,4.0033670033670035,1.6747245946728466,0.05387205387205387,0.010101010101010102,0.038889396375316465,0.10073805492788201,0.08926665274240708,1.0,0.09375,0.0
561,195.0,147.0,4.117845117845118,1.6380116682031807,0.037037037037037035,0.010101010101010102,0.028973262112674317,0.08086941523631999,0.10349865078151749,1.0,0.0,0.0
562,183.0,133.0,4.084175084175084,1.7064895178101847,0.06060606060606061,0.016835016835016835,0.024504075583593854,0.08297689344000458,0.10466379927692845,1.0,0.03125,0.0
563,189.0,139.0,4.040404040404041,1.6489106203969182,0.04040404040404041,0.02356902356902357,0.0530366522515514,0.11389369778935421,0.11384246600387929,1.0,0.0,0.0
564,192.0,142.0,3.973063973063973,1.6593622885499282,0.06397306397306397,0.010101010101010102,0.04567418315958189,0.12027551858659956,0.11803780378206508,1.0,0.0,0.0
565,195.0,146.0,3.983164983164983,1.6544154011559196,0.050505050505050504,0.020202020202020204,0.04001819722706013,0.106825203648853,0.08756979155487372,1.0,0.03125,0.0
566,181.0,129.0,3.95959595959596,1.6200710292396612,0.05387205387205387,0.013468013468013467,0.03354283320086667,0.10151417608812484,0.10167862532641683,1.0,0.0625,0.0
567,192.0,142.0,4.006734006734007,1.6309160962741052,0.030303030303030304,0.020202020202020204,0.037594804904097355,0.10248167024328081,0.11299085658899846,1.0,0.0625,0.0
568,190.0,135.0,3.9797979797979797,1.5129950984527498,0.026936026936026935,0.010101010101010102,0.03960885651473356,0.10480003353036235,0.10479903267326243,1.0,0.03125,0.0
569,185.0,131.0,4.087542087542087,1.5501970176991002,0.03367003367003367,0.003367003367003367,0.046323095461443795,0.12518825239232234,0.10943647827720204,1.0,0.0625,0.0
570,199.0,146.0,4.107744107744108,1.6211483112217295,0.05723905723905724,0.003367003367003367,0.03932272224765481,0.10479302896706351,0.14123131503952707,1.0,0.03125,0.0
571,189.0,138.0,4.225589225589226,1.6836363582495892,0.04040404040404041,0.013468013468013467,0.03773916918051404,0.09716044686344764,0.11797245624102917,1.0,0.03125,0.0
572,200.0,150.0,4.070707070707071,1.6651661442420103,0.05387205387205387,0.013468013468013467,0.038174964207500516,0.10651540317589156,0.10087298744308637,1.0,0.03125,0.0
573,197.0,144.0,4.087542087542087,1.5824414348383593,0.030303030303030304,0.010101010101010102,0.04071501968850253,0.10583487668897207,0.10622216215495045,1.0,0.0625,0.0
574,191.0,139.0,3.9663299663299663,1.5972022041749163,0.04040404040404041,0.013468013468013467,0.0314841130053397,0.08958458554567687,0.1278569756030345,1.0,0.03125,0.0
575,188.0,133.0,4.117845117845118,1.696575498012382,0.04040404040404041,0.016835016835016835,0.036109308885352104,0.0916726892488664,0.13115689915708145,1.0,0.0,0.0
576,187.0,140.0,3.9057239057239057,1.652831739406279,0.04377104377104377,0.003367003367003367,0.044981399619816224,0.10460269761632415,0.1195101823254337,1.0,0.0,0.0
577,191.0,135.0,3.946127946127946,1.5254717735107184,0.04040404040404041,0.006734006734006734,0.04051324554474174,0.09425564451147903,0.13003277220528142,1.0,0.0625,0.0
578,195.0,147.0,4.087542087542087,1.774988884798418,0.06060606060606061,0.010101010101010102,0.0333460065258166,0.09692382618658844,0.11769008482988395,1.0,0.03125,0.0
579,187.0,140.0,3.8855218855218854,1.548440884270351,0.04377104377104377,0.006734006734006734,0.044107918850357405,0.11794738846258011,0.13634662033914974,1.0,0.0,0.0
580,191.0,138.0,4.117845117845118,1.6214839411161965,0.026936026936026935,0.006734006734006734,0.03334911576795203,0.09512826078276844,0.13149952734169545,1.0,0.0625,0.0
581,185.0,127.0,3.9696969696969697,1.7200807207658637,0.06734006734006734,0.020202020202020204,0.02920182448724403,0.09610593309076186,0.10758657265279994,1.0,0.03125,0.0
582,182.0,127.0,3.9124579124579126,1.5349178305515696,0.037037037037037035,0.0,0.04321520478833644,0.12136248543644483,0.11019691843962051,1.0,0.0625,0.0
583,182.0,131.0,4.057239057239057,1.624752699158868,0.030303030303030304,0.010101010101010102,0.03820281082269855,0.11197644500117808,0.11481227914275768,1.0,0.0,0.0
584,191.0,142.0,4.053872053872054,1.7047547362898032,0.05723905723905724,0.020202020202020204,0.039395432677319014,0.11645056760101852,0.13952444905842246,1.0,0.0,0.0
585,185.0,129.0,4.063973063973064,1.5952206731068423,0.026936026936026935,0.003367003367003367,0.03416321105271282,0.0901915427120729,0.10702223005929147,1.0,0.0625,0.0
586,190.0,144.0,4.070707070707071,1.6732346861291845,0.03367003367003367,0.020202020202020204,0.03635085294918278,0.10868169134214571,0.10289302897778443,1.0,0.03125,0.0
587,186.0,130.0,3.9966329966329965,1.5964993617630652,0.03367003367003367,0.02356902356902357,0.03736745110197722,0.10129551498174906,0.09934012662669067,1.0,0.0,0.0
588,187.0,133.0,4.013468013468014,1.6142735885449626,0.04377104377104377,0.006734006734006734,0.037871715964672516,0.10452595871350609,0.09632779041231826,1.0,0.0,0.0
589,184.0,135.0,3.861952861952862,1.6670101336395025,0.05723905723905724,0.013468013468013467,0.03909670492058454,0.09985342968484034,0.1109809603730029,1.0,0.0,0.0
590,185.0,134.0,4.0033670033670035,1.6257571486498126,0.05723905723905724,0.006734006734006734,0.03934461903174497,0.10150296203362193,0.12478506505666012,1.0,0.0,0.0
591,195.0,151.0,4.053872053872054,1.6362250706874917,0.04377104377104377,0.010101010101010102,0.03694126542098134,0.1028697337823214,0.10847237463337259,1.0,0.0,0.0
592,188.0,143.0,3.9966329966329965,1.5964993617630652,0.037037037037037035,0.006734006734006734,0.03480679637875461,0.10306333241065645,0.10534458240224526,1.0,0.03125,0.0
593,190.0,138.0,4.1447811447811445,1.6501957957235271,0.026936026936026935,0.016835016835016835,0.034162390869383996,0.10484295654244292,0.09452831818819436,1.0,0.03125,0.0
594,178.0,117.0,3.9865319865319866,1.6059088366833918,0.050505050505050504,0.013468013468013467,0.03351615922203951,0.10549344859786118,0.09080560282215842,1.0,0.0,0.0
595,196.0,156.0,3.925925925925926,1.637492509423709,0.06060606060606061,0.006734006734006734,0.03464709850948701,0.09499236946361556,0.13283173819592733,1.0,0.0,0.0
596,191.0,141.0,4.090909090909091,1.6922734439930074,0.06397306397306397,0.02356902356902357,0.04162939346972834,0.0985889869234317,0.0795401417337615,1.0,0.03125,0.0
597,190.0,140.0,4.205387205387205,1.6782139179643019,0.04377104377104377,0.013468013468013467,0.0344656857138939,0.09815763142901103,0.13631294817706568,1.0,0.0,0.0
598,187.0,136.0,4.03030303030303,1.62754827153793,0.050505050505050504,0.016835016835016835,0.03592398964636459,0.10753271456962993,0.11541084460549887,1.0,0.03125,0.0
599,171.0,109.0,3.7104377104377106,1.5902667365124812,0.07407407407407407,0.010101010101010102,0.03864216832017651,0.11388681076385863,0.11002560567140052,1.0,0.0625,0.0
600,184.0,125.0,4.016835016835016,1.6256734682296465,0.04377104377104377,0.010101010101010102,0.034364047550921734,0.09808032899716312,0.10401944759853417,1.0,0.03125,0.0
601,163.0,111.0,3.6498316498316496,1.6712890361530204,0.08417508417508418,0.016835016835016835,0.05720205765058796,0.1388094552245163,0.12362532336151039,1.0,0.0,0.0
602,184.0,134.0,3.9292929292929295,1.6304294444874603,0.06060606060606061,0.010101010101010102,0.03679628326227076,0.09607765659995118,0.11311003689575182,1.0,0.09375,0.0
603,184.0,133.0,3.993265993265993,1.6432563261676512,0.04040404040404041,0.013468013468013467,0.03559439212540263,0.11157234252810504,0.11048978461591805,1.0,0.0,0.0
604,184.0,131.0,3.925925925925926,1.625108512689142,0.05723905723905724,0.006734006734006734,0.040168125522859394,0.10990926186422001,0.10979859082957485,1.0,0.0625,0.0
605,192.0,134.0,3.95959595959596,1.626293995556669,0.04040404040404041,0.013468013468013467,0.039775149566506546,0.1101425299742847,0.1107413473807174,1.0,0.0,0.0
606,186.0,140.0,4.097643097643098,1.6454900615483454,0.030303030303030304,0.013468013468013467,0.03967787664062607,0.0994917789681778,0.089385729750566,1.0,0.03125,0.0
607,188.0,130.0,4.0033670033670035,1.6049131562317949,0.06060606060606061,0.010101010101010102,0.041133104053313864,0.11233193459929884,0.09246277552920479,1.0,0.0,0.0
608,170.0,112.0,3.8013468013468015,1.6404806116820105,0.04713804713804714,0.013468013468013467,0.0447559551091767,0.12383233591642798,0.08362747049764027,1.0,0.03125,0.0
609,185.0,126.0,3.983164983164983,1.6625361188611598,0.05723905723905724,0.010101010101010102,0.028660476021164054,0.10072506318791519,0.10547446820938708,1.0,0.0,0.0
610,194.0,144.0,4.101010101010101,1.6503950113535435,0.04713804713804714,0.016835016835016835,0.03419352200943046,0.0889108328360677,0.14453597187570122,1.0,0.0,0.0
611,180.0,123.0,3.9764309764309766,1.6945496077665814,0.05723905723905724,0.010101010101010102,0.03100148128171558,0.08745816053165911,0.09291020787897841,1.0,0.0,0.0
612,183.0,127.0,3.9865319865319866,1.5805489903605403,0.04040404040404041,0.003367003367003367,0.03861719762227652,0.10598951674436921,0.11057742598653367,1.0,0.03125,0.0
613,182.0,132.0,3.9764309764309766,1.6665000086726014,0.05723905723905724,0.006734006734006734,0.03723019615426047,0.09691098957313643,0.10096795187046916,1.0,0.03125,0.0
614,192.0,148.0,4.013468013468014,1.5720047977005975,0.02356902356902357,0.013468013468013467,0.04906970580381076,0.12140500761754475,0.12448008155997839,1.0,0.0,0.0
615,208.0,163.0,4.276094276094276,1.6770989355422257,0.037037037037037035,0.013468013468013467,0.03086039625615521,0.09237036653618205,0.10935149874053973,1.0,0.0,0.0
616,185.0,130.0,4.0606060606060606,1.6069180101288305,0.037037037037037035,0.013468013468013467,0.04442126511839186,0.10236441110776845,0.12841262836169676,1.0,0.0,0.0
617,189.0,136.0,4.0033670033670035,1.636079564097053,0.04713804713804714,0.010101010101010102,0.03140348358785742,0.08740718564154344,0.10488564043406928,1.0,0.03125,0.0
618,193.0,147.0,4.026936026936027,1.5239772877852298,0.02356902356902357,0.016835016835016835,0.036990964338327006,0.10510636286532785,0.13071480837999358,1.0,0.03125,0.0
619,202.0,149.0,4.05050505050505,1.6291147585235175,0.04377104377104377,0.013468013468013467,0.04194679576225798,0.10118436719606301,0.11011382271354074,1.0,0.03125,0.0
620,180.0,126.0,3.9225589225589226,1.5321678214412802,0.04377104377104377,0.013468013468013467,0.038641374903072304,0.10596498240221704,0.08667830283478305,1.0,0.0625,0.0
621,193.0,141.0,4.026936026936027,1.6286414902155584,0.04040404040404041,0.013468013468013467,0.03328538284741868,0.0965616442874376,0.13807944460601582,1.0,0.0,0.0
622,190.0,139.0,3.993265993265993,1.5869698080530155,0.050505050505050504,0.003367003367003367,0.033647577291154133,0.09921434069572432,0.09714551576887856,1.0,0.0625,0.0
623,190.0,139.0,4.0673400673400675,1.676389015158907,0.050505050505050504,0.020202020202020204,0.03333493733150516,0.09061037138808326,0.1362205760542296,1.0,0.03125,0.0
624,189.0,134.0,4.033670033670034,1.6531403639253968,0.05387205387205387,0.016835016835016835,0.05071648644853989,0.13475459983422503,0.11885483217694948,1.0,0.0,0.0
625,192.0,139.0,3.9797979797979797,1.6225253499949976,0.050505050505050504,0.013468013468013467,0.03057683030562515,0.09156752993432327,0.09976474031528199,1.0,0.0625,0.0
626,196.0,151.0,4.141414141414141,1.6039309939023854,0.04040404040404041,0.006734006734006734,0.04069031447383131,0.10405292573511914,0.12377878299177966,1.0,0.03125,0.0
627,176.0,121.0,3.9124579124579126,1.6077714313612386,0.04040404040404041,0.013468013468013467,0.03575583610453837,0.10572929557589561,0.13517290965009462,1.0,0.03125,0.0
628,190.0,142.0,3.9663299663299663,1.7326953950996875,0.05723905723905724,0.016835016835016835,0.036609652886944316,0.09572139461588407,0.11954115760755962,1.0,0.0,0.0
629,183.0,131.0,3.9562289562289563,1.6168629230360902,0.04713804713804714,0.006734006734006734,0.031197607384916632,0.08909392019384675,0.1013638309072184,1.0,0.0,0.0
630,183.0,125.0,3.98989898989899,1.60907537387797,0.04040404040404041,0.016835016835016835,0.03162799874041642,0.10222390477018398,0.11937597811289256,1.0,0.0,0.0
631,195.0,144.0,4.01010101010101,1.6090753738779697,0.03367003367003367,0.010101010101010102,0.040599441496510895,0.09740834689076949,0.12377743119177825,1.0,0.03125,0.0
632,178.0,117.0,3.9124579124579126,1.567476585967152,0.050505050505050504,0.006734006734006734,0.03254438897779722,0.09182925864106159,0.1024185547355774,1.0,0.03125,0.0
633,192.0,141.0,4.134680134680135,1.551162043619223,0.026936026936026935,0.020202020202020204,0.04672490597049575,0.12137847453388381,0.13809467953355603,1.0,0.0,0.0
634,182.0,129.0,3.962962962962963,1.6107724401190608,0.04377104377104377,0.016835016835016835,0.03692806209522051,0.10260221651231989,0.10218297634255896,1.0,0.03125,0.0
635,192.0,142.0,4.053872053872054,1.623831407979981,0.037037037037037035,0.010101010101010102,0.036105990430782366,0.10152899767205403,0.11819625053248818,1.0,0.03125,0.0
636,196.0,146.0,4.117845117845118,1.7044953644383987,0.06397306397306397,0.010101010101010102,0.03086779672912659,0.09582933068389392,0.12195828763153756,1.0,0.0625,0.0
637,189.0,137.0,4.074074074074074,1.7756019232359563,0.06734006734006734,0.026936026936026935,0.03424231196510911,0.10511017131238344,0.11245050423275085,1.0,0.0,0.0
638,192.0,137.0,4.124579124579125,1.6579474678133994,0.037037037037037035,0.013468013468013467,0.0483593741398393,0.1145103192785106,0.15632938051060555,1.0,0.03125,0.0
639,196.0,144.0,4.01010101010101,1.6807182376920777,0.05723905723905724,0.016835016835016835,0.03805622205332762,0.1004611624006714,0.10490251498002642,1.0,0.0625,0.0
640,187.0,129.0,4.043771043771044,1.5959027678867976,0.04040404040404041,0.006734006734006734,0.05300702856180151,0.13968444770568955,0.10769134536608788,1.0,0.03125,0.0
641,195.0,142.0,4.087542087542087,1.6694158192378459,0.05387205387205387,0.013468013468013467,0.03656371220142726,0.09848123690927818,0.1247511897234328,1.0,0.03125,0.0
642,167.0,113.0,3.8855218855218854,1.651555479554434,0.04377104377104377,0.020202020202020204,0.036774072446403,0.1093362702671544,0.09004859208243908,1.0,0.03125,0.0
643,195.0,142.0,4.0673400673400675,1.6254014771112033,0.037037037037037035,0.006734006734006734,0.03192656023300065,0.09053248555976269,0.11684893954731218,1.0,0.0625,0.0
644,195.0,149.0,4.205387205387205,1.7315369289354687,0.05387205387205387,0.020202020202020204,0.037059142728685504,0.09248536513107235,0.11990115196917508,1.0,0.03125,0.0
645,182.0,127.0,3.9696969696969697,1.5534552264213692,0.026936026936026935,0.013468013468013467,0.04402603028202599,0.11115517559531934,0.11010117755307584,1.0,0.03125,0.0
646,194.0,139.0,4.013468013468014,1.6163580127582622,0.04040404040404041,0.020202020202020204,0.030739985192890763,0.0941093787116774,0.08883006398384752,1.0,0.03125,0.0
647,194.0,138.0,3.9696969696969697,1.64196571929019,0.05387205387205387,0.016835016835016835,0.04415810341367729,0.11134093696689135,0.10501537564806104,1.0,0.09375,0.0
648,187.0,137.0,3.909090909090909,1.6190630521445766,0.04377104377104377,0.006734006734006734,0.0396337919754134,0.09910001153492759,0.10670971748892555,1.0,0.0,0.0
649,184.0,128.0,3.925925925925926,1.5873769422549246,0.050505050505050504,0.010101010101010102,0.03016547769280579,0.08940677233139387,0.09463490042529754,1.0,0.03125,0.0
650,187.0,136.0,3.8181818181818183,1.5133322411131847,0.04713804713804714,0.003367003367003367,0.038399325951857806,0.10822733555210595,0.11261640904154319,1.0,0.0,0.0
651,185.0,130.0,3.8686868686868685,1.6016392989797432,0.04040404040404041,0.013468013468013467,0.041619200411996446,0.11568175416452467,0.1275414027204602,1.0,0.0,0.0
652,193.0,139.0,4.074074074074074,1.6313122626329808,0.03367003367003367,0.020202020202020204,0.04276982807321055,0.11654833866866102,0.1278906457977736,1.0,0.0,0.0
653,184.0,124.0,3.9562289562289563,1.657988494100289,0.050505050505050504,0.02356902356902357,0.040656437255867456,0.12121274864606205,0.11739284193128782,1.0,0.0,0.0
654,184.0,131.0,3.8754208754208754,1.5873983674782568,0.050505050505050504,0.013468013468013467,0.04080361308711895,0.10030871722415281,0.15189680365888356,1.0,0.0,0.0
655,195.0,145.0,4.127946127946128,1.6050614882104006,0.04377104377104377,0.013468013468013467,0.045680827162406734,0.11582229169370968,0.17979291908694817,1.0,0.15625,0.0
656,183.0,123.0,4.013468013468014,1.6513907290178036,0.04377104377104377,0.020202020202020204,0.03825238050969116,0.09615369797504532,0.11858533827724486,1.0,0.0625,0.0
657,187.0,131.0,4.124579124579125,1.5681924360443056,0.050505050505050504,0.006734006734006734,0.0336455669512387,0.10258179767540482,0.12720477052133644,1.0,0.125,0.0
658,177.0,119.0,3.8518518518518516,1.5280557853372472,0.04377104377104377,0.006734006734006734,0.04850541955437946,0.12527263837468328,0.11052344765672117,1.0,0.03125,0.0
659,185.0,135.0,3.9797979797979797,1.6410955401750533,0.04713804713804714,0.010101010101010102,0.05096228762030873,0.11497493511500509,0.1301425014214856,1.0,0.0,0.0
660,188.0,141.0,4.111111111111111,1.5777635509388457,0.02356902356902357,0.010101010101010102,0.046183499623876446,0.1136804668471515,0.12211568534490727,1.0,0.0625,0.0
661,196.0,143.0,4.040404040404041,1.6033583772536946,0.04377104377104377,0.010101010101010102,0.03878783146750102,0.09520504886332518,0.10883451616002415,1.0,0.0,0.0
662,192.0,144.0,3.9764309764309766,1.5665216103435846,0.03367003367003367,0.003367003367003367,0.047111567315879156,0.11954985650010573,0.12844330582933583,1.0,0.0,0.0
663,184.0,131.0,3.925925925925926,1.608448203748775,0.050505050505050504,0.013468013468013467,0.03270742527037636,0.09590449504591392,0.10876009097842629,1.0,0.0,0.0
664,176.0,116.0,4.057239057239057,1.6977177550606783,0.050505050505050504,0.026936026936026935,0.039701478270970265,0.11177866219430214,0.10758795613912672,1.0,0.03125,0.0
665,180.0,125.0,3.9696969696969697,1.5534552264213692,0.04377104377104377,0.003367003367003367,0.03649218161864187,0.10589555608642606,0.10483812414486507,1.0,0.0625,0.0
666,198.0,147.0,4.101010101010101,1.7320213536775289,0.06397306397306397,0.02356902356902357,0.042535413691896146,0.10954730515576702,0.12367438887890002,1.0,0.0,0.0
667,180.0,131.0,3.8484848484848486,1.6019577859877987,0.05387205387205387,0.013468013468013467,0.03903710215115467,0.10798215543166649,0.1173061971732613,1.0,0.03125,0.0
668,174.0,118.0,3.946127946127946,1.5839451737974135,0.04713804713804714,0.010101010101010102,0.037651734427750314,0.11486063428923153,0.12419020770533817,1.0,0.0,0.0
669,188.0,136.0,4.063973063973064,1.6714925201943611,0.03367003367003367,0.016835016835016835,0.04568928933148557,0.11456693900381927,0.12619689871261877,1.0,0.03125,0.0
670,178.0,124.0,3.925925925925926,1.5916135115883527,0.030303030303030304,0.020202020202020204,0.03627659863901468,0.09608865838503228,0.0910376498210374,1.0,0.03125,0.0
671,199.0,149.0,4.117845117845118,1.6152424434417556,0.037037037037037035,0.016835016835016835,0.035620188757904146,0.12068018502466339,0.09780590199265722,1.0,0.03125,0.0
672,197.0,140.0,4.0,1.5933362917854281,0.05723905723905724,0.010101010101010102,0.034907984980692496,0.1019071080911769,0.10041843441502207,1.0,0.03125,0.0
673,193.0,147.0,4.070707070707071,1.6792606513188626,0.050505050505050504,0.013468013468013467,0.03337775203772477,0.10236828346586721,0.09176244098115935,1.0,0.0625,0.0
674,183.0,129.0,3.9124579124579126,1.614041819688507,0.06397306397306397,0.010101010101010102,0.04321737394937885,0.10972105330071603,0.10246827582271345,1.0,0.03125,0.0
675,181.0,126.0,4.033670033670034,1.5908654439704166,0.02356902356902357,0.020202020202020204,0.03603117663537664,0.10087626112013093,0.08432584882997987,1.0,0.03125,0.0
676,186.0,129.0,4.057239057239057,1.6206027643923153,0.04377104377104377,0.016835016835016835,0.04711821155799031,0.1104960044804731,0.10869856184277724,1.0,0.03125,0.0
677,190.0,137.0,4.026936026936027,1.601540201215526,0.04713804713804714,0.010101010101010102,0.036454843903375375,0.1016597684503712,0.13264470074396956,1.0,0.03125,0.0
678,188.0,136.0,4.006734006734007,1.669680640431605,0.04713804713804714,0.020202020202020204,0.04020686232906807,0.09754588993424673,0.1184863332629989,1.0,0.03125,0.0
679,203.0,151.0,4.077441077441078,1.638364602205643,0.050505050505050504,0.006734006734006734,0.0336679598860838,0.09595454193989245,0.11516763291636573,1.0,0.09375,0.0
680,185.0,123.0,4.013468013468014,1.5869269457450599,0.04377104377104377,0.013468013468013467,0.03513078589420602,0.10837902562578948,0.08143140590319334,1.0,0.03125,0.0
681,197.0,146.0,4.127946127946128,1.6748667439209648,0.04377104377104377,0.02356902356902357,0.037594052041222605,0.09986543214583865,0.12153054007456157,1.0,0.0,0.0
682,193.0,142.0,4.08080808080808,1.6289268596253101,0.04713804713804714,0.003367003367003367,0.04196624577909836,0.10755977343285504,0.11869906284594585,1.0,0.0,0.0
683,186.0,133.0,3.993265993265993,1.5912074613763718,0.04713804713804714,0.013468013468013467,0.04061070813262695,0.11147533829189588,0.12493647816776776,1.0,0.03125,0.0
684,184.0,139.0,3.9696969696969697,1.6213301193723884,0.04377104377104377,0.003367003367003367,0.04231317551090837,0.10798069325905255,0.11993693568617173,1.0,0.03125,0.0
685,191.0,138.0,4.084175084175084,1.6503194496350846,0.037037037037037035,0.010101010101010102,0.04196919928732039,0.10848948393378058,0.1060936824433865,1.0,0.0,0.0
686,183.0,133.0,3.9764309764309766,1.5317460128654978,0.026936026936026935,0.006734006734006734,0.032743739422899036,0.08970126938137607,0.11544162297967911,1.0,0.03125,0.0
687,194.0,150.0,4.074074074074074,1.6599565634355704,0.03367003367003367,0.016835016835016835,0.042928277494419353,0.10429591099565974,0.11779406201802714,1.0,0.0,0.0
688,174.0,121.0,3.8855218855218854,1.6596901906627946,0.037037037037037035,0.02356902356902357,0.0380383541206934,0.10769472773709275,0.1125385390063305,1.0,0.0,0.0
689,181.0,121.0,3.942760942760943,1.5912502083833073,0.04377104377104377,0.006734006734006734,0.03873869112597824,0.10234811145471699,0.139153949907558,1.0,0.0,0.0
690,191.0,137.0,4.151515151515151,1.6859309072975697,0.030303030303030304,0.020202020202020204,0.038426233110865037,0.0971089667625052,0.14515729370941907,1.0,0.0,0.0
691,198.0,150.0,4.063973063973064,1.6203509115977093,0.04713804713804714,0.010101010101010102,0.03963953193167916,0.09678513273073425,0.13225803044946619,1.0,0.0,0.0
692,175.0,118.0,4.0,1.5763402186230246,0.037037037037037035,0.003367003367003367,0.05202283892468581,0.13324653911941436,0.138492344267596,1.0,0.0,0.0
693,186.0,135.0,3.95959595959596,1.5693992411637943,0.04040404040404041,0.013468013468013467,0.04600862910300692,0.114219810460222,0.1327030595508815,1.0,0.0,0.0
694,176.0,123.0,3.962962962962963,1.7061905433876456,0.05723905723905724,0.006734006734006734,0.03912685676939971,0.0954156827844088,0.12420487653172749,1.0,0.0625,0.0
695,176.0,122.0,3.909090909090909,1.4958364827016783,0.04713804713804714,0.006734006734006734,0.038440805252542,0.11965619912793397,0.1350643480928896,1.0,0.0625,0.0
696,202.0,151.0,4.077441077441078,1.5690813705917976,0.03367003367003367,0.006734006734006734,0.044847505870992385,0.10987526705693344,0.11783935846633552,1.0,0.09375,0.0
697,198.0,153.0,4.063973063973064,1.6714925201943611,0.06734006734006734,0.013468013468013467,0.045689570754374076,0.11801735823758133,0.11435383863678196,1.0,0.03125,0.0
698,194.0,139.0,4.104377104377105,1.6140839619559657,0.03367003367003367,0.006734006734006734,0.038093992765511835,0.10033173579193527,0.10194265350380752,1.0,0.0,0.0
699,185.0,131.0,3.983164983164983,1.6442081029820612,0.06397306397306397,0.006734006734006734,0.041420622446146506,0.11810071296624042,0.09873307709333154,1.0,0.0625,0.0
700,194.0,142.0,4.090909090909091,1.5662103940625423,0.04040404040404041,0.013468013468013467,0.03944074537774425,0.11152858073367287,0.11272065226881955,1.0,0.0625,0.0
701,176.0,121.0,4.02020202020202,1.6553950039553995,0.06060606060606061,0.006734006734006734,0.03601426127460175,0.08832320813709009,0.10247100484135288,1.0,0.03125,0.0
702,192.0,142.0,4.037037037037037,1.668274570446754,0.050505050505050504,0.013468013468013467,0.038285990438078045,0.1082089536202572,0.11113558913936883,1.0,0.03125,0.0
703,198.0,142.0,4.02020202020202,1.6142033590723206,0.04377104377104377,0.006734006734006734,0.0432867539227115,0.1139546510535622,0.1553578495441283,1.0,0.0,0.0
704,180.0,123.0,3.8855218855218854,1.6372224817990466,0.05387205387205387,0.013468013468013467,0.04080310951096396,0.12357664123925309,0.13772273026412252,1.0,0.0,0.0
705,178.0,124.0,3.8484848484848486,1.6597653257732308,0.0707070707070707,0.006734006734006734,0.0421542512451421,0.10942306941514378,0.10966127316535637,1.0,0.03125,0.0
706,194.0,140.0,3.9393939393939394,1.6685939270225703,0.0707070707070707,0.013468013468013467,0.042972026904317166,0.10410328704477781,0.11429727965945735,1.0,0.0,0.0
707,201.0,151.0,4.107744107744108,1.6044468807364773,0.037037037037037035,0.010101010101010102,0.038143684715614606,0.08973506847527454,0.10710996992185404,1.0,0.0,0.0
708,195.0,145.0,3.9865319865319866,1.612186469345226,0.06397306397306397,0.0,0.03913597268744484,0.10684850803594627,0.11193319103319174,1.0,0.0,0.0
709,197.0,150.0,4.154882154882155,1.596371538987598,0.026936026936026935,0.016835016835016835,0.0351088135754785,0.09020976970543443,0.13223196509160728,1.0,0.03125,0.0
710,179.0,125.0,3.952861952861953,1.6031745310173138,0.04713804713804714,0.006734006734006734,0.038054659816851466,0.09796057458306327,0.11468927931854048,1.0,0.125,0.0
711,193.0,142.0,4.043771043771044,1.6781733861282069,0.05387205387205387,0.003367003367003367,0.026345339609434498,0.09024369766612138,0.0945966312571633,1.0,0.0,0.0
712,193.0,144.0,4.057239057239057,1.6226790584370097,0.030303030303030304,0.006734006734006734,0.0335680562801859,0.09026307291226887,0.1290877487076388,1.0,0.0,0.0
713,190.0,141.0,3.925925925925926,1.6477414093506269,0.037037037037037035,0.016835016835016835,0.04438873145724917,0.12772952875129417,0.09737942822513482,1.0,0.03125,0.0
714,201.0,150.0,4.101010101010101,1.6339925457689852,0.04377104377104377,0.006734006734006734,0.044851645249141536,0.11815360836547281,0.13227897689369886,1.0,0.0625,0.0
715,198.0,144.0,4.117845117845118,1.5879124861130116,0.03367003367003367,0.013468013468013467,0.04207225964130554,0.11140338962125007,0.09600375358010757,1.0,0.03125,0.0
716,187.0,127.0,4.087542087542087,1.541484598284121,0.013468013468013467,0.013468013468013467,0.04129118681429495,0.10399130038102039,0.13041075860128176,1.0,0.0625,0.0
717,182.0,125.0,4.0033670033670035,1.6565314386983636,0.05387205387205387,0.010101010101010102,0.03861371989969064,0.10869823909894866,0.10485884774419199,1.0,0.03125,0.0
718,185.0,134.0,3.8282828282828283,1.4864623950825981,0.04713804713804714,0.013468013468013467,0.04120727514839406,0.09716702690507538,0.09834614122336896,1.0,0.0,0.0
719,196.0,140.0,4.205387205387205,1.5959453891311015,0.026936026936026935,0.010101010101010102,0.039407115652678584,0.11660767794681973,0.1233650643004725,1.0,0.0625,0.0
720,183.0,130.0,3.942760942760943,1.524245064589586,0.037037037037037035,0.003367003367003367,0.032975468177404384,0.09822273732402091,0.1379072833943092,1.0,0.0,0.0
721,183.0,129.0,4.117845117845118,1.6906112504812991,0.04713804713804714,0.020202020202020204,0.04589980679540477,0.11005896607712098,0.1057106084650572,1.0,0.0,0.0
722,177.0,126.0,4.074074074074074,1.6436495181822601,0.04040404040404041,0.010101010101010102,0.035455117678116946,0.09744768703384737,0.13031017457211502,1.0,0.03125,0.0
723,191.0,136.0,3.9696969696969697,1.6213301193723884,0.05723905723905724,0.016835016835016835,0.04918970214078787,0.11999745808069105,0.10155663541690971,1.0,0.0,0.0
724,197.0,153.0,4.087542087542087,1.6223646392347848,0.04040404040404041,0.016835016835016835,0.03530989109411701,0.10390833107116838,0.11309250722056587,1.0,0.0,0.0
725,195.0,147.0,4.037037037037037,1.654086453381822,0.050505050505050504,0.020202020202020204,0.042791559382457045,0.10006341916434326,0.13877152821251837,1.0,0.0,0.0
726,173.0,116.0,3.9023569023569022,1.5935141588025534,0.04377104377104377,0.010101010101010102,0.046428378814224035,0.11531360777051007,0.0690624446716459,1.0,0.03125,0.0
727,190.0,141.0,4.08080808080808,1.6657175136321571,0.05387205387205387,0.020202020202020204,0.033337838120160106,0.09795163147042112,0.09239699090725939,1.0,0.0,0.0
728,193.0,147.0,3.993265993265993,1.6595672349627961,0.030303030303030304,0.020202020202020204,0.04533759780059653,0.10897021153959194,0.0974898770059247,1.0,0.0625,0.0
729,188.0,137.0,3.962962962962963,1.6642331654342455,0.05723905723905724,0.010101010101010102,0.04981305407174341,0.12622775766907054,0.1209222925003917,1.0,0.03125,0.0
730,183.0,133.0,3.942760942760943,1.7076052264848287,0.06060606060606061,0.013468013468013467,0.04262178305116123,0.11903191239110897,0.11952559224556869,1.0,0.0,0.0
731,203.0,155.0,4.114478114478114,1.5199102225256131,0.026936026936026935,0.003367003367003367,0.028608533299393224,0.08696429558814128,0.10735439503081813,1.0,0.0625,0.0
732,198.0,151.0,4.026936026936027,1.59310859302605,0.02356902356902357,0.013468013468013467,0.04425811290709307,0.10587093088130278,0.12097474326291566,1.0,0.0,0.0
733,194.0,143.0,4.040404040404041,1.6792606513188624,0.04377104377104377,0.020202020202020204,0.037380066169713434,0.09743972431059553,0.09992184886181382,1.0,0.0,0.0
734,189.0,138.0,3.993265993265993,1.651431918192825,0.06060606060606061,0.010101010101010102,0.03651996787772865,0.10869990929859936,0.11287973115475736,1.0,0.0,0.0
735,176.0,121.0,3.9124579124579126,1.5888117934152255,0.04040404040404041,0.006734006734006734,0.03724022863568446,0.11180404120640147,0.12282086878108453,1.0,0.0,0.0
736,187.0,133.0,3.8754208754208754,1.5356488581236507,0.037037037037037035,0.006734006734006734,0.03655340886915508,0.11620182946808556,0.0965001468379094,1.0,0.03125,0.0
737,185.0,130.0,3.787878787878788,1.5823482992659286,0.06060606060606061,0.006734006734006734,0.03882960806348182,0.11008914423614222,0.11224996992030098,1.0,0.0,0.0
738,190.0,138.0,4.148148148148148,1.7709605541765838,0.037037037037037035,0.016835016835016835,0.044781061990749486,0.10873720611792048,0.16899004969959575,1.0,0.03125,0.0
739,175.0,121.0,3.824915824915825,1.656428780855328,0.06734006734006734,0.010101010101010102,0.03602164602515491,0.10344438667035324,0.08890215170308113,1.0,0.0,0.0
740,186.0,127.0,3.9797979797979797,1.6756111382001986,0.05387205387205387,0.010101010101010102,0.030766833089802437,0.09227881246366063,0.12004642222866954,1.0,0.03125,0.0
741,190.0,139.0,4.074074074074074,1.6497835490823627,0.04040404040404041,0.020202020202020204,0.034953132146058746,0.10707213083568058,0.10999239139857496,1.0,0.0,0.0
742,188.0,136.0,4.0033670033670035,1.5943889755564256,0.04377104377104377,0.010101010101010102,0.03573393908619367,0.09529185378755557,0.09144450197943649,1.0,0.0,0.0
743,187.0,126.0,4.03030303030303,1.6025309030961066,0.050505050505050504,0.020202020202020204,0.034737772142825085,0.0931169325569278,0.11298314213875227,1.0,0.0625,0.0
744,195.0,143.0,4.094276094276094,1.626133657251672,0.037037037037037035,0.013468013468013467,0.03867785078907543,0.09900067876993444,0.12975332332453499,1.0,0.0,0.0
745,190.0,141.0,4.104377104377105,1.7033975849870644,0.04377104377104377,0.02356902356902357,0.034244237820051315,0.10032617150510291,0.09885443892288781,1.0,0.09375,0.0
746,190.0,137.0,4.047138047138047,1.5627611618403037,0.04377104377104377,0.0,0.0396929121170944,0.11198609146810437,0.12486208969852768,1.0,0.0,0.0
747,186.0,135.0,3.9562289562289563,1.6701287037150714,0.04713804713804714,0.010101010101010102,0.04299868128930923,0.1084209166380146,0.10365766413430429,1.0,0.0,0.0
748,184.0,125.0,4.01010101010101,1.6746975172575922,0.05387205387205387,0.010101010101010102,0.04801065713156498,0.12456874899245973,0.10686442872670379,1.0,0.0,0.0
749,180.0,126.0,3.962962962962963,1.5226600335442042,0.050505050505050504,0.003367003367003367,0.029551566772430024,0.09284460973436262,0.10399592072708737,1.0,0.0625,0.0
750,183.0,128.0,4.026936026936027,1.61618967427945,0.050505050505050504,0.013468013468013467,0.03404461555417264,0.10858458409667075,0.10103281649079146,1.0,0.03125,0.0
751,186.0,141.0,3.983164983164983,1.6256734682296465,0.020202020202020204,0.013468013468013467,0.04011935017738467,0.11493747345935251,0.11943640242291104,1.0,0.0,0.0
752,194.0,143.0,4.111111111111111,1.5541118841953052,0.026936026936026935,0.003367003367003367,0.030971786284649423,0.08563936242061419,0.13695032247936628,1.0,0.03125,0.0
753,184.0,128.0,3.98989898989899,1.6503950113535435,0.050505050505050504,0.003367003367003367,0.03157087129901055,0.08851286672109772,0.09518945331350076,1.0,0.09375,0.0
754,196.0,147.0,4.087542087542087,1.7269149871397154,0.04713804713804714,0.016835016835016835,0.037578860032436524,0.10515857678225816,0.09684755426423089,1.0,0.0,0.0
755,186.0,136.0,4.0606060606060606,1.6482917296269297,0.04040404040404041,0.013468013468013467,0.03694710131058249,0.0946263413848335,0.10830797013946802,1.0,0.0,0.0
756,205.0,160.0,4.063973063973064,1.6327709934707832,0.04377104377104377,0.016835016835016835,0.0409834732209848,0.10352981587464528,0.12278780496088448,1.0,0.0,0.0
757,194.0,132.0,4.094276094276094,1.5345189414550768,0.04040404040404041,0.010101010101010102,0.03196261284076976,0.09237659411342378,0.13535341407562332,1.0,0.0625,0.0
758,191.0,141.0,4.02020202020202,1.603740144403179,0.04713804713804714,0.010101010101010102,0.03610246987521827,0.09477035721788435,0.10582931869029305,1.0,0.0,0.0
759,197.0,145.0,4.1313131313131315,1.4928322435344121,0.02356902356902357,0.006734006734006734,0.02721319896639366,0.09279630653636686,0.10565885522684057,1.0,0.03125,0.0
760,198.0,146.0,4.087542087542087,1.6532020819154307,0.05387205387205387,0.020202020202020204,0.04426811420663288,0.11152732915278099,0.10249521838353766,1.0,0.125,0.0
761,179.0,124.0,3.8686868686868685,1.6410955401750538,0.07407407407407407,0.003367003367003367,0.043286441734450114,0.11278312868935655,0.10120629104971052,1.0,0.03125,0.0
762,182.0,123.0,3.9663299663299663,1.6993396416612978,0.04377104377104377,0.010101010101010102,0.030848828427157866,0.09662410240460012,0.12040620998568755,1.0,0.03125,0.0
763,176.0,119.0,3.888888888888889,1.6870803714030678,0.06397306397306397,0.013468013468013467,0.03700795853813934,0.10703278610058227,0.10419024155282845,1.0,0.0,0.0
764,186.0,134.0,4.114478114478114,1.5678887819886993,0.04040404040404041,0.010101010101010102,0.03565280437003683,0.10468377133891053,0.10119946967489854,1.0,0.0625,0.0
765,187.0,132.0,4.141414141414141,1.6677376418234682,0.026936026936026935,0.020202020202020204,0.03224794722383901,0.09911457801137219,0.09747385047423164,1.0,0.0,0.0
766,186.0,138.0,3.946127946127946,1.4715461155403098,0.016835016835016835,0.003367003367003367,0.03989042270667374,0.09715011803589223,0.11102997196838671,1.0,0.03125,0.0
767,196.0,136.0,4.0033670033670035,1.5709876292644045,0.037037037037037035,0.0,0.04783313471399937,0.11985871237271883,0.12017361740943144,1.0,0.0625,0.0
768,180.0,129.0,3.952861952861953,1.6364329148017929,0.04377104377104377,0.010101010101010102,0.05671331592011954,0.14034750172607993,0.13916245126080468,1.0,0.0,0.0
769,190.0,146.0,4.043771043771044,1.550964700802246,0.04040404040404041,0.006734006734006734,0.042509157215138635,0.11339980684969692,0.11193832081852781,1.0,0.03125,0.0
770,201.0,151.0,4.0673400673400675,1.612924648392243,0.04377104377104377,0.016835016835016835,0.04194008037294977,0.11991922726394277,0.09915964273898001,1.0,0.03125,0.0
771,182.0,128.0,3.8316498316498318,1.5608666456372673,0.050505050505050504,0.006734006734006734,0.04817056985978192,0.12958339731843374,0.09629547468349259,1.0,0.09375,0.0
772,191.0,141.0,4.232323232323233,1.6006834577406306,0.013468013468013467,0.016835016835016835,0.03760027689086771,0.10062293749743395,0.1274651485137681,1.0,0.0,0.0
773,189.0,135.0,4.03030303030303,1.6254781971629446,0.037037037037037035,0.006734006734006734,0.042141334556748594,0.10759631703795922,0.10135873052535421,1.0,0.0,0.0
774,191.0,143.0,4.0606060606060606,1.6215188985683908,0.03367003367003367,0.013468013468013467,0.0353639089920663,0.09771939058867922,0.11403697042652342,1.0,0.03125,0.0
775,181.0,128.0,3.9663299663299663,1.5717018801964737,0.04377104377104377,0.020202020202020204,0.036358196663814554,0.10408676439967893,0.12977335233849346,1.0,0.0,0.0
776,185.0,139.0,4.0673400673400675,1.637783258614925,0.04713804713804714,0.013468013468013467,0.04860472061129024,0.1250945437194425,0.12282237389250439,1.0,0.03125,0.0
777,190.0,134.0,4.033670033670034,1.5823769569489956,0.05387205387205387,0.010101010101010102,0.03994988578255638,0.11039058288655157,0.10281074678926097,1.0,0.03125,0.0
778,189.0,137.0,3.9797979797979797,1.5804772623154864,0.03367003367003367,0.020202020202020204,0.03830478778347485,0.11062095065776868,0.11267398632679934,1.0,0.0,0.0
779,201.0,149.0,4.164983164983165,1.6946298871027965,0.04377104377104377,0.020202020202020204,0.03447868664374596,0.09500303793701889,0.11970795105579649,1.0,0.0,0.0
780,184.0,133.0,3.9764309764309766,1.5729564443669373,0.037037037037037035,0.016835016835016835,0.03845725613161235,0.10918935214146659,0.11162895922935012,1.0,0.0,0.0
781,181.0,126.0,3.9865319865319866,1.5698614834626938,0.037037037037037035,0.010101010101010102,0.04343448067949723,0.11129341896439444,0.12487000042029404,1.0,0.0,0.0
782,188.0,134.0,4.02020202020202,1.524081428799682,0.030303030303030304,0.013468013468013467,0.039472809488358504,0.11465639919609481,0.10640505543046122,1.0,0.03125,0.0
783,188.0,136.0,4.168350168350169,1.681331935114338,0.04377104377104377,0.020202020202020204,0.043365202224708736,0.1134639810879741,0.12830831325272885,1.0,0.0,0.0
784,189.0,136.0,3.98989898989899,1.6646145922220887,0.06060606060606061,0.013468013468013467,0.03527376376242652,0.09364314464268533,0.10790681146427575,1.0,0.0625,0.0
785,181.0,129.0,3.9797979797979797,1.6553950039553995,0.037037037037037035,0.02356902356902357,0.03728661629119544,0.09817105367399948,0.11684497119051217,1.0,0.03125,0.0
786,186.0,135.0,4.101010101010101,1.682720357410812,0.04713804713804714,0.013468013468013467,0.035288035130449646,0.09411024059933178,0.10348280643366628,1.0,0.0,0.0
787,174.0,123.0,3.7777777777777777,1.6031674595871874,0.0707070707070707,0.0,0.05086281853890789,0.12958428760508478,0.10191509403327459,1.0,0.0,0.0
788,176.0,125.0,3.8855218855218854,1.7057120753117914,0.06060606060606061,0.010101010101010102,0.035224904663804034,0.11096217717620023,0.09138320565039379,1.0,0.0,0.0
789,189.0,140.0,4.023569023569023,1.5492313906584139,0.026936026936026935,0.013468013468013467,0.03232605768801369,0.09204971017238495,0.13013800983386958,1.0,0.0625,0.0
790,184.0,123.0,3.9393939393939394,1.6665748367722932,0.06060606060606061,0.020202020202020204,0.03735731761261121,0.09736816231940518,0.11405738484874985,1.0,0.03125,0.0
791,187.0,140.0,3.9797979797979797,1.5974293194280331,0.04713804713804714,0.003367003367003367,0.0325351097063136,0.09448974431007581,0.09282077583785509,1.0,0.0625,0.0
792,186.0,138.0,4.006734006734007,1.612228660109944,0.04377104377104377,0.010101010101010102,0.03788936929063479,0.09147842906031331,0.11429233266926125,1.0,0.0,0.0
793,198.0,144.0,4.276094276094276,1.7069478435520422,0.026936026936026935,0.020202020202020204,0.03416790547743322,0.09131944917632234,0.1313933505755046,1.0,0.09375,0.0
794,188.0,136.0,3.993265993265993,1.605951192371015,0.04377104377104377,0.020202020202020204,0.03149089652452248,0.09199676078108524,0.10363826807893167,1.0,0.03125,0.0
795,189.0,138.0,4.0606060606060606,1.6380462729381309,0.04713804713804714,0.006734006734006734,0.046003841563243025,0.12100944616502614,0.1203025697139957,1.0,0.0,0.0
796,183.0,132.0,4.084175084175084,1.6645396760011146,0.050505050505050504,0.013468013468013467,0.03891920957258791,0.10643305230565057,0.10863323248899798,1.0,0.09375,0.0
797,188.0,126.0,4.161616161616162,1.6739662614841695,0.04377104377104377,0.02356902356902357,0.03723843524228447,0.10507002265044713,0.08731134394654361,1.0,0.0625,0.0
798,187.0,138.0,4.016835016835016,1.6946298871027965,0.05387205387205387,0.016835016835016835,0.03895961966430994,0.10743795351789427,0.1012529437091017,1.0,0.0,0.0
799,187.0,132.0,4.0033670033670035,1.568842925396863,0.020202020202020204,0.016835016835016835,0.04200955218895782,0.10794154190205987,0.13965840904794224,1.0,0.0,0.0
800,181.0,123.0,3.936026936026936,1.5546005493249124,0.03367003367003367,0.006734006734006734,0.04186070628053587,0.11331703678257884,0.11890884437087135,1.0,0.0,0.0
801,192.0,138.0,4.053872053872054,1.6768758500933878,0.06060606060606061,0.010101010101010102,0.03869082239285354,0.09738881164310949,0.13705414565867663,1.0,0.03125,0.0
802,177.0,120.0,3.8316498316498318,1.5435130811207531,0.04713804713804714,0.010101010101010102,0.048367726019563295,0.11129699277007453,0.10530548575540086,1.0,0.0,0.0
803,190.0,138.0,4.087542087542087,1.590929577834705,0.030303030303030304,0.010101010101010102,0.03845845574952921,0.09717556886875683,0.11427893673136649,1.0,0.0,0.0
804,191.0,147.0,3.8821548821548824,1.4962077999814472,0.04713804713804714,0.003367003367003367,0.044335747531502746,0.10966235891089328,0.12088371449698777,1.0,0.03125,0.0
805,192.0,134.0,4.070707070707071,1.6200710292396612,0.04713804713804714,0.010101010101010102,0.03810925666507723,0.10837810774449036,0.12048362606577388,1.0,0.03125,0.0
806,183.0,132.0,3.9494949494949494,1.7371388142792452,0.0707070707070707,0.016835016835016835,0.042257876032530554,0.10852128932378598,0.11980936013500235,1.0,0.0625,0.0
807,193.0,142.0,4.2087542087542085,1.58173203349428,0.016835016835016835,0.016835016835016835,0.031038561218195156,0.09478481639888015,0.1277667737378479,1.0,0.03125,0.0
808,178.0,124.0,3.8282828282828283,1.531094571434054,0.037037037037037035,0.010101010101010102,0.049509407862941834,0.12426575724747448,0.13178067367380106,1.0,0.0,0.0
809,189.0,138.0,4.084175084175084,1.6256525474515666,0.04040404040404041,0.013468013468013467,0.03021011832964296,0.09628802739680574,0.10200327555953734,1.0,0.03125,0.0
810,190.0,138.0,4.101010101010101,1.6006834577406308,0.03367003367003367,0.02356902356902357,0.03537153710318104,0.09633864271827473,0.12278544287816714,1.0,0.03125,0.0
811,185.0,140.0,4.023569023569023,1.745446231846186,0.06734006734006734,0.006734006734006734,0.04286327325735766,0.10854175563055131,0.1264402371895668,1.0,0.0625,0.0
812,179.0,129.0,3.872053872053872,1.56684723560533,0.04377104377104377,0.013468013468013467,0.04645166438733544,0.12129658213958704,0.1089126394989978,1.0,0.03125,0.0
813,194.0,143.0,3.9966329966329965,1.6216097844173103,0.05723905723905724,0.006734006734006734,0.03796894806949476,0.10681533426938768,0.09356966937313371,1.0,0.03125,0.0
814,186.0,131.0,4.090909090909091,1.6335553905386127,0.04040404040404041,0.020202020202020204,0.04274785579356279,0.10906250999160769,0.07749380814848618,1.0,0.0625,0.0
815,188.0,139.0,4.1447811447811445,1.5835586344481818,0.03367003367003367,0.006734006734006734,0.031053109902170375,0.09114350750011928,0.1019744152939637,1.0,0.0,0.0
816,194.0,145.0,3.9764309764309766,1.5600602345651393,0.037037037037037035,0.010101010101010102,0.03643067389619461,0.11417217912575267,0.15143713457811872,1.0,0.03125,0.0
817,188.0,137.0,3.888888888888889,1.6302416971177385,0.05387205387205387,0.016835016835016835,0.043899801019768155,0.12498189661713875,0.10190332254196967,1.0,0.0625,0.0
818,185.0,128.0,3.8686868686868685,1.5868555059923624,0.06060606060606061,0.010101010101010102,0.03571079769175743,0.11137789922704602,0.11853279243474871,1.0,0.0,0.0
819,192.0,137.0,4.037037037037037,1.6315415781362057,0.04377104377104377,0.016835016835016835,0.035424194728152086,0.09609411688239511,0.07886540906101727,1.0,0.09375,0.0
820,191.0,140.0,4.040404040404041,1.5170358652811515,0.02356902356902357,0.003367003367003367,0.03954379825518517,0.10894080432319574,0.10213811797019703,1.0,0.0,0.0
821,188.0,134.0,4.161616161616162,1.7038700495041834,0.04377104377104377,0.006734006734006734,0.0351431202682033,0.10860232241795059,0.09733836825818837,1.0,0.0,0.0
822,188.0,138.0,4.138047138047138,1.72263605390372,0.05387205387205387,0.010101010101010102,0.03517943695210781,0.08412011355796517,0.08388091635840086,1.0,0.0,0.0
823,195.0,148.0,4.087542087542087,1.6754555194703284,0.04040404040404041,0.016835016835016835,0.035106408586090626,0.11194848852947074,0.09184380904084208,1.0,0.0,0.0
824,199.0,146.0,4.016835016835016,1.6298104916749743,0.04713804713804714,0.010101010101010102,0.03680737473368256,0.10622138583323239,0.11192244790621296,1.0,0.0,0.0
825,174.0,122.0,3.8585858585858586,1.5527325821224116,0.04713804713804714,0.003367003367003367,0.04204459609586316,0.12038042503046131,0.10370529065896987,1.0,0.03125,0.0
826,192.0,143.0,3.973063973063973,1.63894573959042,0.04713804713804714,0.016835016835016835,0.04029852847140184,0.11434389106005576,0.08675272305435286,1.0,0.03125,0.0
827,187.0,135.0,3.98989898989899,1.6442632615547434,0.06060606060606061,0.013468013468013467,0.032172710417448895,0.09240135292684765,0.10126998085886837,1.0,0.0625,0.0
828,181.0,130.0,3.9292929292929295,1.5864696757384136,0.05387205387205387,0.003367003367003367,0.034688387097788494,0.11266372720650977,0.108836086128198,1.0,0.0,0.0
829,184.0,127.0,3.919191919191919,1.6143929716369332,0.05387205387205387,0.013468013468013467,0.040555150261242616,0.1136479006674409,0.0975209518039829,1.0,0.0,0.0
830,204.0,157.0,4.070707070707071,1.6386690332058258,0.05387205387205387,0.013468013468013467,0.04420028427261088,0.11521173487354505,0.12740597446772067,1.0,0.09375,0.0
831,197.0,147.0,4.168350168350169,1.5543817630366468,0.020202020202020204,0.006734006734006734,0.047885298434714806,0.11218249794507323,0.13613223946703687,1.0,0.0,0.0
832,189.0,141.0,4.070707070707071,1.6671869405270094,0.03367003367003367,0.010101010101010102,0.0415695961362264,0.10357971971104607,0.10388408376266889,1.0,0.03125,0.0
833,192.0,147.0,4.02020202020202,1.7406593315990315,0.05723905723905724,0.013468013468013467,0.03821676885048273,0.0989440725520229,0.11962574045454955,1.0,0.0,0.0
834,177.0,122.0,3.8215488215488214,1.5629787751779805,0.04713804713804714,0.003367003367003367,0.03862272719967965,0.10382890796893807,0.12327649609271855,1.0,0.0,0.0
835,188.0,134.0,3.95959595959596,1.6138240671088142,0.050505050505050504,0.010101010101010102,0.03178668471288092,0.09120212805485091,0.10288052391650196,1.0,0.03125,0.0
836,183.0,138.0,3.872053872053872,1.5625435181959095,0.04040404040404041,0.016835016835016835,0.04123044374886505,0.10442783418103407,0.11557219789796157,1.0,0.0,0.0
837,193.0,136.0,4.053872053872054,1.6566751489916043,0.05387205387205387,0.020202020202020204,0.04210048786359901,0.10136865170785674,0.10078389957724482,1.0,0.03125,0.0
838,202.0,156.0,4.0606060606060606,1.7124117032550177,0.05387205387205387,0.010101010101010102,0.04274903793203323,0.12263977003771896,0.12657128591698008,1.0,0.03125,0.0
839,177.0,124.0,3.9865319865319866,1.6038108320508992,0.04377104377104377,0.010101010101010102,0.043156310567096665,0.10797547416815001,0.11562383125998862,1.0,0.0625,0.0
840,196.0,144.0,4.218855218855219,1.7240372424579042,0.05723905723905724,0.020202020202020204,0.03831751120890958,0.10097989495022418,0.0976984690073098,1.0,0.03125,0.0
841,189.0,135.0,4.053872053872054,1.6341659876561745,0.04713804713804714,0.010101010101010102,0.04004629602262574,0.11180849153810493,0.12573102839188827,1.0,0.03125,0.0
842,186.0,139.0,3.8417508417508417,1.5500214938906043,0.06060606060606061,0.006734006734006734,0.035613953948676565,0.10400652002487369,0.11031937040765788,1.0,0.0,0.0
843,177.0,119.0,3.791245791245791,1.529790856347948,0.04377104377104377,0.003367003367003367,0.04719394156824741,0.1230386942045939,0.09290664684192265,1.0,0.03125,0.0
844,196.0,147.0,4.1313131313131315,1.7522268543447301,0.05387205387205387,0.010101010101010102,0.037355059476455184,0.11203525143487664,0.11092732291347573,1.0,0.0,0.0
845,193.0,141.0,3.973063973063973,1.5761100644629442,0.04040404040404041,0.010101010101010102,0.028563403605626876,0.09190526816067394,0.08836415984350975,1.0,0.0,0.0
846,177.0,124.0,3.9663299663299663,1.5652618886343304,0.030303030303030304,0.010101010101010102,0.041828184347823,0.10566751904009475,0.12905603931074708,1.0,0.09375,0.0
847,191.0,131.0,4.053872053872054,1.7399427669077618,0.07407407407407407,0.010101010101010102,0.04037202462396945,0.10603296883073596,0.11951259567675357,1.0,0.0,0.0
848,198.0,148.0,4.08080808080808,1.647424891949504,0.037037037037037035,0.016835016835016835,0.030833447680789255,0.087874263430676,0.09898688488339293,1.0,0.03125,0.0
849,190.0,139.0,4.101010101010101,1.5645157133779088,0.026936026936026935,0.006734006734006734,0.042458299154288254,0.10964534182762888,0.1335303387981282,1.0,0.0,0.0
850,190.0,141.0,4.127946127946128,1.6341659876561745,0.037037037037037035,0.013468013468013467,0.03923120340984993,0.10467463722922232,0.07700673461185284,1.0,0.03125,0.0
851,179.0,129.0,3.808080808080808,1.606028841563781,0.06060606060606061,0.020202020202020204,0.03364704508456375,0.1006405655978247,0.11141290776895452,1.0,0.0,0.0
852,185.0,131.0,3.9797979797979797,1.645193783555744,0.05387205387205387,0.010101010101010102,0.03395544814650644,0.09818109901337492,0.13644289243119892,1.0,0.03125,0.0
853,185.0,134.0,3.8047138047138045,1.5049563465300067,0.050505050505050504,0.006734006734006734,0.04048329055889992,0.11516799161777092,0.1246333340849041,1.0,0.0,0.0
854,187.0,132.0,3.952861952861953,1.6487318535925517,0.06060606060606061,0.006734006734006734,0.03331154224865417,0.08794586381984111,0.0961830591332369,1.0,0.0,0.0
855,187.0,130.0,4.006734006734007,1.6370978386425126,0.04713804713804714,0.010101010101010102,0.041867394286949605,0.10772033764466611,0.10324115493586383,1.0,0.0,0.0
856,202.0,150.0,4.111111111111111,1.6384822299791204,0.04713804713804714,0.02356902356902357,0.0376149209420464,0.11579336058136605,0.11471351756765054,1.0,0.0,0.0
857,195.0,149.0,4.117845117845118,1.6462133069884333,0.02356902356902357,0.010101010101010102,0.039448164821808816,0.10999593486037113,0.1336524780876982,1.0,0.03125,0.0
858,195.0,146.0,3.952861952861953,1.5410653398270913,0.04713804713804714,0.003367003367003367,0.042471047209034184,0.10295093916709955,0.11764149303081947,1.0,0.0625,0.0
859,181.0,121.0,3.962962962962963,1.5533092647727726,0.026936026936026935,0.006734006734006734,0.043931457726216344,0.11990803152753292,0.13439950626295472,1.0,0.03125,0.0
860,187.0,136.0,4.023569023569023,1.6745621236137544,0.037037037037037035,0.016835016835016835,0.043480930423625046,0.11423859700712463,0.1090894433812562,1.0,0.0625,0.0
861,178.0,132.0,3.9663299663299663,1.5631093286386282,0.03367003367003367,0.006734006734006734,0.042177168856393644,0.10344842051372956,0.13269833726457914,1.0,0.03125,0.0
862,199.0,151.0,4.090909090909091,1.660134121539536,0.04377104377104377,0.010101010101010102,0.03669212563268851,0.10688874378323339,0.13264965297266285,1.0,0.0,0.0
863,185.0,132.0,4.087542087542087,1.667397724236051,0.04040404040404041,0.026936026936026935,0.04395522270984128,0.11777302824844789,0.13083761438027877,1.0,0.0,0.0
864,174.0,121.0,3.814814814814815,1.5857263307423124,0.050505050505050504,0.013468013468013467,0.04113879465699526,0.11332136042568794,0.12704356365971406,1.0,0.03125,0.0
865,200.0,147.0,4.101010101010101,1.6401626930980444,0.04713804713804714,0.016835016835016835,0.0406594168664003,0.11211564017704877,0.14679426374728904,1.0,0.0,0.0
866,192.0,144.0,4.03030303030303,1.5577840524167272,0.030303030303030304,0.010101010101010102,0.03540967441608552,0.1045998017571726,0.11400015854513314,1.0,0.0,0.0
867,188.0,135.0,3.9225589225589226,1.566934057580033,0.05387205387205387,0.006734006734006734,0.030493663898487174,0.09141553754385318,0.09618440557852126,1.0,0.03125,0.0
868,188.0,132.0,3.9562289562289563,1.568235810395444,0.04377104377104377,0.010101010101010102,0.03938756551137804,0.10980646633908009,0.09047462340157644,1.0,0.0,0.0
869,192.0,139.0,4.040404040404041,1.6407224649896528,0.05387205387205387,0.013468013468013467,0.03515654317341426,0.09254752196871045,0.130611486527846,1.0,0.03125,0.0
870,178.0,128.0,3.771043771043771,1.657988494100289,0.07744107744107744,0.003367003367003367,0.05553196368500756,0.1346201037696585,0.1221809746752604,1.0,0.03125,0.0
871,195.0,149.0,4.037037037037037,1.7258117619501545,0.06060606060606061,0.013468013468013467,0.04643099780322067,0.12060819295143389,0.11272897960826106,1.0,0.03125,0.0
872,190.0,136.0,3.9494949494949494,1.6291147585235175,0.050505050505050504,0.013468013468013467,0.04111634312719148,0.12126922362683429,0.11522052640227151,1.0,0.03125,0.0
873,195.0,146.0,4.05050505050505,1.6104064194584788,0.04713804713804714,0.003367003367003367,0.035574748147121533,0.09176079866781699,0.10681110692983614,1.0,0.0,0.0
874,194.0,140.0,4.1313131313131315,1.5868555059923624,0.03367003367003367,0.010101010101010102,0.03762555868025444,0.1156379760996426,0.11845939089464858,1.0,0.03125,0.0
875,198.0,143.0,4.05050505050505,1.6208266006896332,0.04040404040404041,0.016835016835016835,0.04163565344102685,0.11272676478018574,0.12081504062357085,1.0,0.0,0.0
876,177.0,124.0,3.8484848484848486,1.5615129266646506,0.04040404040404041,0.003367003367003367,0.034067527541950846,0.10678312267017238,0.12921253958441736,1.0,0.03125,0.0
877,181.0,127.0,3.861952861952862,1.6178092050797062,0.06397306397306397,0.010101010101010102,0.031959763561644684,0.08805126004500172,0.10897828330142782,1.0,0.0,0.0
878,183.0,129.0,3.9696969696969697,1.5941045349794334,0.06060606060606061,0.003367003367003367,0.04908030893881834,0.1348816361638992,0.10954447611081253,1.0,0.0,0.0
879,191.0,136.0,4.040404040404041,1.7110407484370318,0.050505050505050504,0.003367003367003367,0.03585488835399674,0.10637472442754042,0.10135822027465116,1.0,0.0625,0.0
880,195.0,145.0,4.101010101010101,1.7163991131793577,0.05723905723905724,0.02356902356902357,0.03250028222749563,0.10563688791293036,0.10047024365640558,1.0,0.09375,0.0
881,197.0,145.0,4.107744107744108,1.6169891259711837,0.04377104377104377,0.013468013468013467,0.035166762582785886,0.09589194368733765,0.09292691910201595,1.0,0.0,0.0
882,195.0,141.0,4.164983164983165,1.6584807303824531,0.03367003367003367,0.020202020202020204,0.035806353824293397,0.09541892943353802,0.11440018653266823,1.0,0.03125,0.0
883,194.0,141.0,4.107744107744108,1.598138846565902,0.04040404040404041,0.016835016835016835,0.04088497317151508,0.10885200288015726,0.11173342772985753,1.0,0.0,0.0
884,201.0,151.0,4.121212121212121,1.6387935568606433,0.06397306397306397,0.010101010101010102,0.030938273985980095,0.09190093968926538,0.130985497237117,1.0,0.03125,0.0
885,193.0,144.0,3.993265993265993,1.7252204582557797,0.06060606060606061,0.010101010101010102,0.03507654588701732,0.10204476617574419,0.10037512723896588,1.0,0.03125,0.0
886,183.0,128.0,3.993265993265993,1.7504078716477396,0.0707070707070707,0.020202020202020204,0.04384573180731511,0.12126950519815018,0.11653760300894445,1.0,0.0625,0.0
887,193.0,143.0,4.141414141414141,1.6289268596253101,0.037037037037037035,0.010101010101010102,0.0354899240414778,0.09146780927331402,0.07941202908379416,1.0,0.0,0.0
888,180.0,122.0,4.01010101010101,1.5515493472662563,0.03367003367003367,0.006734006734006734,0.03461342352107301,0.09578463682222658,0.12083905635973313,1.0,0.03125,0.0
889,204.0,148.0,4.185185185185185,1.560038433885972,0.03367003367003367,0.006734006734006734,0.04374942248396387,0.10951674991384786,0.1094315343841479,1.0,0.03125,0.0
890,188.0,140.0,4.0033670033670035,1.7046150794276789,0.06397306397306397,0.016835016835016835,0.03617445180601411,0.11168900391142988,0.14663750536065712,1.0,0.03125,0.0
891,199.0,152.0,4.164983164983165,1.6886587677976912,0.04713804713804714,0.010101010101010102,0.035143497863882586,0.08424780409217114,0.12324471840189019,1.0,0.03125,0.0
892,198.0,149.0,4.101010101010101,1.6381085596188742,0.04040404040404041,0.003367003367003367,0.03689601725104034,0.09340223720066079,0.11935135239706877,1.0,0.03125,0.0
893,188.0,128.0,3.9393939393939394,1.6886520543429513,0.07407407407407407,0.010101010101010102,0.04065066763434529,0.12054979576277695,0.1401144846849257,1.0,0.03125,0.0
894,198.0,151.0,3.98989898989899,1.6605642797467062,0.06060606060606061,0.013468013468013467,0.03957664238591182,0.10358439678830303,0.08605032598469159,1.0,0.03125,0.0
895,198.0,148.0,4.215488215488215,1.6373263438479306,0.013468013468013467,0.010101010101010102,0.03627803047950279,0.09158660527987059,0.14372828845401409,1.0,0.0,0.0
896,195.0,136.0,4.087542087542087,1.5545349166716063,0.030303030303030304,0.013468013468013467,0.028021305507692936,0.08507932229052918,0.11954085752474114,1.0,0.03125,0.0
897,198.0,145.0,4.222222222222222,1.6261057707152111,0.037037037037037035,0.02356902356902357,0.038890409821740184,0.10454546207644899,0.11481795888665998,1.0,0.0,0.0
898,190.0,137.0,4.074074074074074,1.5703163703313228,0.016835016835016835,0.010101010101010102,0.03690749921125659,0.09216329702028926,0.1427593852513564,1.0,0.0,0.0
899,186.0,133.0,4.043771043771044,1.655956472808068,0.04377104377104377,0.010101010101010102,0.04139478668880343,0.1094381524024868,0.11203218825231473,1.0,0.0625,0.0
900,204.0,160.0,4.205387205387205,1.6314165009484665,0.04040404040404041,0.006734006734006734,0.03819343916830326,0.09586693284300307,0.11551447640997975,1.0,0.0,0.0
901,193.0,139.0,4.05050505050505,1.6020214757914613,0.04377104377104377,0.003367003367003367,0.04441973738157544,0.11490812743858923,0.12276373335545533,1.0,0.0,0.0
902,193.0,141.0,4.040404040404041,1.5907086614165276,0.050505050505050504,0.013468013468013467,0.05265889052700666,0.13130719005184077,0.1260592865038958,1.0,0.03125,0.0
903,190.0,147.0,4.104377104377105,1.671472172904968,0.03367003367003367,0.010101010101010102,0.03516871567618435,0.10501020313644029,0.11904914213020157,1.0,0.09375,0.0
904,184.0,129.0,4.037037037037037,1.598181408177142,0.04377104377104377,0.020202020202020204,0.03474491814585104,0.09425877544271122,0.1269968619642573,1.0,0.0,0.0
905,198.0,147.0,4.134680134680135,1.5662827754601059,0.04040404040404041,0.013468013468013467,0.03966336590682175,0.10793472214950191,0.13221343370610833,1.0,0.0,0.0
906,195.0,142.0,4.026936026936027,1.669476935549482,0.06397306397306397,0.013468013468013467,0.04122235880034644,0.10335325657280202,0.13736351654569806,1.0,0.0,0.0
907,181.0,131.0,4.158249158249158,1.7169802494430173,0.030303030303030304,0.04040404040404041,0.03798776137741287,0.10281299768749187,0.12692093048841924,1.0,0.0,0.0
908,184.0,127.0,4.02020202020202,1.6204488590024628,0.037037037037037035,0.010101010101010102,0.043043517786048376,0.11387133896818019,0.11285623487510338,1.0,0.03125,0.0
909,193.0,143.0,4.057239057239057,1.6677036531824736,0.04377104377104377,0.016835016835016835,0.049506912681965914,0.12117578036871422,0.12363099706882917,1.0,0.03125,0.0
910,187.0,132.0,3.9966329966329965,1.5537471085829058,0.037037037037037035,0.010101010101010102,0.03405212802292098,0.10318251332878776,0.11882176183149681,1.0,0.0,0.0
911,192.0,135.0,4.026936026936027,1.5195521577811049,0.030303030303030304,0.006734006734006734,0.037120588033008106,0.09962681547812195,0.11604456229609045,1.0,0.03125,0.0
912,178.0,123.0,3.8821548821548824,1.6005843007969451,0.04040404040404041,0.013468013468013467,0.03657358120927031,0.10610053201749843,0.1022125086666558,1.0,0.03125,0.0
913,174.0,120.0,3.8114478114478114,1.5736049643975745,0.05387205387205387,0.013468013468013467,0.044574093229314916,0.1145732869186609,0.09447570331658864,1.0,0.0,0.0
914,190.0,139.0,3.9057239057239057,1.5905447358589397,0.04040404040404041,0.003367003367003367,0.05363874204477507,0.1258763841379747,0.13413007268122162,1.0,0.0625,0.0
915,204.0,159.0,4.1447811447811445,1.608871041924576,0.030303030303030304,0.006734006734006734,0.04432436257245517,0.10809761871456262,0.12002323169327264,1.0,0.03125,0.0
916,208.0,154.0,4.074074074074074,1.6354350221530505,0.04377104377104377,0.020202020202020204,0.04624024803529318,0.11456812970393226,0.14349298189177528,1.0,0.125,0.0
917,186.0,132.0,4.006734006734007,1.699659831272774,0.050505050505050504,0.02356902356902357,0.0394509144106012,0.10970704316968552,0.12555710421822022,1.0,0.03125,0.0
918,197.0,143.0,4.097643097643098,1.7037968593528316,0.05387205387205387,0.013468013468013467,0.04364011769263837,0.11002527183447192,0.12034126947599992,1.0,0.0,0.0
919,208.0,160.0,4.121212121212121,1.5695292605701037,0.026936026936026935,0.006734006734006734,0.04063872368921776,0.10698268448368589,0.08458247144179612,1.0,0.0,0.0
920,186.0,130.0,3.973063973063973,1.6203509115977093,0.050505050505050504,0.013468013468013467,0.039751019100475946,0.09882198906826356,0.12918423876988328,1.0,0.0,0.0
921,194.0,149.0,4.047138047138047,1.6466884096017453,0.04040404040404041,0.006734006734006734,0.035969763059120044,0.09042308218937642,0.10490579319336528,1.0,0.0625,0.0
922,178.0,122.0,3.8181818181818183,1.6186848989099094,0.04713804713804714,0.006734006734006734,0.03735081050934157,0.10789635774860737,0.1286102961675824,1.0,0.0625,0.0
923,184.0,133.0,3.9494949494949494,1.5744620418908053,0.05387205387205387,0.010101010101010102,0.04729766381998535,0.12152272466643232,0.1202884402112091,1.0,0.03125,0.0
924,187.0,134.0,3.942760942760943,1.6080887038817147,0.05723905723905724,0.006734006734006734,0.03659975109356751,0.10534158185781127,0.0916123311743727,1.0,0.03125,0.0
925,179.0,125.0,3.8821548821548824,1.5449226287660722,0.04377104377104377,0.013468013468013467,0.04827100227098078,0.12080460035930353,0.13251641522265092,1.0,0.0625,0.0
926,187.0,132.0,3.993265993265993,1.6370978386425126,0.04040404040404041,0.020202020202020204,0.038581543589537255,0.10875171627558637,0.09796908700050233,1.0,0.03125,0.0
927,178.0,120.0,3.942760942760943,1.589132851257538,0.04377104377104377,0.013468013468013467,0.03960232082063292,0.1149442121266396,0.11209260517217104,1.0,0.03125,0.0
928,187.0,132.0,4.063973063973064,1.6078348908739004,0.04713804713804714,0.006734006734006734,0.0387848767368502,0.10593985949584517,0.08969237702203281,1.0,0.03125,0.0
929,185.0,139.0,4.0,1.546147596632479,0.03367003367003367,0.006734006734006734,0.040811114598658174,0.10721655343871182,0.09987327321431377,1.0,0.0,0.0
930,180.0,127.0,3.861952861952862,1.6031745310173138,0.05387205387205387,0.010101010101010102,0.03911482922675124,0.10641090127243238,0.14546090703923864,1.0,0.03125,0.0
931,197.0,145.0,4.08080808080808,1.6515074290123095,0.050505050505050504,0.010101010101010102,0.039185032199456675,0.09511442186536367,0.1090188743504832,1.0,0.03125,0.0
932,185.0,136.0,3.9326599326599325,1.5641751073678056,0.06060606060606061,0.006734006734006734,0.04586157530178948,0.12130344422531233,0.1170951346245136,1.0,0.0625,0.0
933,195.0,141.0,4.117845117845118,1.6462133069884333,0.03367003367003367,0.013468013468013467,0.042618054829047944,0.10697591057007562,0.0854800905227247,1.0,0.0625,0.0
934,190.0,140.0,4.026936026936027,1.601540201215526,0.030303030303030304,0.010101010101010102,0.029660364933680697,0.08811425595706496,0.09235421994873144,1.0,0.03125,0.0
935,178.0,127.0,3.8282828282828283,1.5156228223198482,0.03367003367003367,0.003367003367003367,0.04454154841831738,0.12008738586563872,0.12869040281601835,1.0,0.0625,0.0
936,191.0,136.0,4.033670033670034,1.611891103070942,0.04713804713804714,0.013468013468013467,0.041133495315493686,0.10619155869425914,0.15425081123127532,1.0,0.03125,0.0
937,199.0,144.0,4.164983164983165,1.6462546257021953,0.04040404040404041,0.006734006734006734,0.034216767312984175,0.09794333866686672,0.10577802315476598,1.0,0.0,0.0
938,192.0,136.0,4.047138047138047,1.6302486511096004,0.04040404040404041,0.020202020202020204,0.034716350666914,0.09844656659721973,0.12189810387279884,1.0,0.03125,0.0
939,189.0,141.0,4.0,1.6371116883507613,0.037037037037037035,0.016835016835016835,0.03935407884392823,0.11114061400696723,0.11456795318050803,1.0,0.0625,0.0
940,187.0,131.0,4.0673400673400675,1.5706195550517976,0.03367003367003367,0.003367003367003367,0.03833509999491451,0.10903647610660802,0.12434438932501826,1.0,0.0,0.0
941,193.0,142.0,4.05050505050505,1.6719536590029285,0.06060606060606061,0.020202020202020204,0.036451300211806384,0.09974639099401543,0.12815403733554803,1.0,0.03125,0.0
942,195.0,139.0,4.006734006734007,1.6937064450016641,0.05723905723905724,0.020202020202020204,0.039883453072935414,0.11929617483110891,0.11079865740254394,1.0,0.03125,0.0
943,190.0,138.0,4.228956228956229,1.6354974082813063,0.013468013468013467,0.020202020202020204,0.03346176498338998,0.10759756827494606,0.10623648239336952,1.0,0.0625,0.0
944,172.0,113.0,3.8013468013468015,1.547540093505912,0.06397306397306397,0.006734006734006734,0.04471736323018506,0.12095035413205356,0.09343811118153608,1.0,0.09375,0.0
945,195.0,136.0,4.151515151515151,1.5977486456320082,0.02356902356902357,0.020202020202020204,0.036216821612822414,0.097769907531641,0.13898739612615923,1.0,0.0,0.0
946,196.0,141.0,4.127946127946128,1.6688249128324981,0.05387205387205387,0.0,0.040608042967154166,0.10787060937003674,0.11723591840106867,1.0,0.0,0.0
947,189.0,141.0,4.138047138047138,1.6466884096017453,0.03367003367003367,0.013468013468013467,0.032469536384341954,0.0951510506120208,0.1068953628008418,1.0,0.03125,0.0
948,198.0,145.0,4.121212121212121,1.6469913020243871,0.04377104377104377,0.006734006734006734,0.04821325339091253,0.11847011273516887,0.12339098884535163,1.0,0.03125,0.0
949,193.0,140.0,4.0033670033670035,1.6401903406385543,0.04040404040404041,0.013468013468013467,0.03858604344669847,0.1011836463158547,0.10862131347747989,1.0,0.0625,0.0
950,174.0,113.0,3.872053872053872,1.590309508805798,0.037037037037037035,0.020202020202020204,0.02813952754745658,0.0785315864243985,0.11378223024934514,1.0,0.0,0.0
951,166.0,112.0,3.8518518518518516,1.6221130599927145,0.04040404040404041,0.010101010101010102,0.04682133145676459,0.11535417008231097,0.11903490043092298,1.0,0.03125,0.0
952,187.0,134.0,3.925925925925926,1.5852544117801999,0.05723905723905724,0.006734006734006734,0.03463162202669404,0.09652699068660195,0.10408553076822732,1.0,0.0,0.0
953,187.0,134.0,4.077441077441078,1.5518196717615678,0.03367003367003367,0.010101010101010102,0.03675801223706274,0.1092572727747221,0.09872585086280111,1.0,0.0,0.0
954,182.0,130.0,3.9865319865319866,1.624668967003391,0.04377104377104377,0.003367003367003367,0.0319436039190722,0.09190787210577196,0.10118041996770408,1.0,0.0,0.0
955,202.0,150.0,4.0673400673400675,1.6480303504090439,0.050505050505050504,0.006734006734006734,0.03331711174882794,0.09492542554700809,0.11985721410875597,1.0,0.0625,0.0
956,187.0,133.0,3.983164983164983,1.6746433611136342,0.06397306397306397,0.003367003367003367,0.0364857832073074,0.10790777106747285,0.11539781772915306,1.0,0.03125,0.0
957,178.0,120.0,3.8956228956228958,1.5867340510310415,0.06734006734006734,0.010101010101010102,0.03768682168881882,0.10416533769115749,0.09922166218084572,1.0,0.03125,0.0
958,185.0,129.0,4.033670033670034,1.663292847489409,0.05387205387205387,0.02356902356902357,0.0366702245035191,0.10614292182956885,0.10443015060515601,1.0,0.03125,0.0
959,195.0,144.0,4.094276094276094,1.6343949027645446,0.04713804713804714,0.010101010101010102,0.036904935699385785,0.09498300228959358,0.1334193099033978,1.0,0.03125,0.0
960,184.0,125.0,4.111111111111111,1.5968543713429901,0.03367003367003367,0.006734006734006734,0.038591717867089634,0.10285874769305606,0.11624597019023959,1.0,0.0625,0.0
961,188.0,131.0,4.077441077441078,1.556153047464867,0.03367003367003367,0.006734006734006734,0.03468186836761124,0.10535336361919119,0.10366038878383707,1.0,0.0625,0.0
962,179.0,120.0,3.9393939393939394,1.5579805314554627,0.05387205387205387,0.010101010101010102,0.039061674370522055,0.10579347979737144,0.10089346834171126,1.0,0.0625,0.0
963,191.0,141.0,4.094276094276094,1.6609601999219648,0.03367003367003367,0.013468013468013467,0.03815031780984193,0.1065803834917184,0.1279830556830392,1.0,0.03125,0.0
964,177.0,128.0,3.855218855218855,1.487064777485868,0.030303030303030304,0.006734006734006734,0.039917082875821165,0.10066883615075098,0.11374644531552457,1.0,0.03125,0.0
965,171.0,119.0,3.787878787878788,1.6490343706781831,0.08754208754208755,0.003367003367003367,0.043794241995151924,0.11783484962585491,0.13076218555789015,1.0,0.125,0.0
966,193.0,143.0,4.090909090909091,1.6641854809389067,0.026936026936026935,0.016835016835016835,0.03825961665936139,0.10659839703663135,0.12814557109574276,1.0,0.0625,0.0
967,191.0,136.0,4.01010101010101,1.636051847088782,0.030303030303030304,0.016835016835016835,0.04035987729619283,0.10072886565728717,0.10397302527230307,1.0,0.0625,0.0
968,194.0,146.0,4.047138047138047,1.6115534753270246,0.050505050505050504,0.006734006734006734,0.034460852081209886,0.10252837227590846,0.10626523533457274,1.0,0.03125,0.0
969,195.0,150.0,4.111111111111111,1.7362575695799518,0.05387205387205387,0.010101010101010102,0.03737152417610345,0.10007974367688252,0.0932216183126577,1.0,0.03125,0.0
970,196.0,141.0,4.084175084175084,1.6441874180402392,0.050505050505050504,0.006734006734006734,0.04366226038125717,0.12054539972636492,0.10198361942776386,1.0,0.09375,0.0
971,194.0,139.0,4.117845117845118,1.6256316264042499,0.04377104377104377,0.010101010101010102,0.04289174754697839,0.11394313074246536,0.11306608632844449,1.0,0.0,0.0
972,196.0,145.0,4.1952861952861955,1.660263863529962,0.04040404040404041,0.006734006734006734,0.03750199482433596,0.09827630274487557,0.12216788693391184,1.0,0.0,0.0
973,208.0,153.0,4.242424242424242,1.5619049218827405,0.03367003367003367,0.010101010101010102,0.04705381053532741,0.11457932649336229,0.11552491592997033,1.0,0.03125,0.0
974,187.0,135.0,4.063973063973064,1.6512259620432417,0.04713804713804714,0.006734006734006734,0.04569097937963164,0.11488982859288166,0.09652628924613887,1.0,0.0,0.0
975,185.0,134.0,3.898989898989899,1.6666360572640677,0.04040404040404041,0.013468013468013467,0.037737455261588074,0.11519190639283183,0.061238961554284314,1.0,0.03125,0.0
976,180.0,124.0,4.101010101010101,1.581638856148407,0.020202020202020204,0.013468013468013467,0.034822182288012524,0.11182666100441803,0.10538345090361652,1.0,0.0,0.0
977,183.0,130.0,3.993265993265993,1.6370978386425126,0.030303030303030304,0.003367003367003367,0.03956699642425947,0.10913050938240851,0.12310578839256081,1.0,0.0625,0.0
978,193.0,136.0,4.117845117845118,1.5449226287660722,0.04040404040404041,0.010101010101010102,0.029618781543341025,0.09755376438236946,0.08464301033417343,1.0,0.03125,0.0
979,197.0,142.0,4.168350168350169,1.4924980658978173,0.006734006734006734,0.006734006734006734,0.03584729239226849,0.0920095919163663,0.07686135706323236,1.0,0.0625,0.0
980,186.0,134.0,3.942760942760943,1.6636608612845813,0.04377104377104377,0.016835016835016835,0.040610850321694765,0.10603413359832897,0.12769567761442271,1.0,0.03125,0.0
981,195.0,143.0,4.033670033670034,1.6490618694795474,0.06060606060606061,0.010101010101010102,0.037173798223735385,0.10278743977918016,0.11100014734077479,1.0,0.0,0.0
982,189.0,126.0,4.0673400673400675,1.4664063114337684,0.03367003367003367,0.006734006734006734,0.03885022281269491,0.10571188470312215,0.1053015025325483,1.0,0.0625,0.0
983,177.0,124.0,3.855218855218855,1.6172204724401364,0.04377104377104377,0.016835016835016835,0.044127089188267084,0.1205561634159374,0.08653479377370764,1.0,0.03125,0.0
984,188.0,131.0,4.070707070707071,1.6012570309527432,0.04377104377104377,0.02356902356902357,0.03569501483198313,0.10065015827517902,0.1063937593881691,1.0,0.0,0.0
985,190.0,138.0,4.151515151515151,1.6269839670061321,0.030303030303030304,0.02356902356902357,0.035475460477009606,0.09737247435903107,0.12652130457638028,1.0,0.0625,0.0
986,212.0,169.0,4.191919191919192,1.5849254154674386,0.026936026936026935,0.020202020202020204,0.03481678793914454,0.09915223841229595,0.11131787169617491,1.0,0.03125,0.0
987,186.0,140.0,3.9393939393939394,1.6421521262521674,0.07407407407407407,0.006734006734006734,0.035550801018901346,0.09099156647775349,0.09764709752475566,1.0,0.0,0.0
988,178.0,126.0,3.8686868686868685,1.6079336006932448,0.050505050505050504,0.006734006734006734,0.04665811409562652,0.13171153174707861,0.1261059074243734,1.0,0.0,0.0
989,196.0,150.0,4.101010101010101,1.682720357410812,0.04377104377104377,0.020202020202020204,0.03956760796083267,0.11241044377505707,0.10327839748802696,1.0,0.0,0.0
990,184.0,131.0,4.033670033670034,1.592980498171022,0.037037037037037035,0.013468013468013467,0.03540507188592774,0.10144636940167158,0.09040306001409357,1.0,0.03125,0.0
991,179.0,126.0,3.8585858585858586,1.4975407517775146,0.03367003367003367,0.010101010101010102,0.039202446928210434,0.11058473609600981,0.10559340105013426,1.0,0.0,0.0
992,189.0,136.0,3.898989898989899,1.5580460189623306,0.04040404040404041,0.010101010101010102,0.041095132425793185,0.10332741485131752,0.14666360973330925,1.0,0.0625,0.0
993,191.0,141.0,4.053872053872054,1.543028251734229,0.02356902356902357,0.003367003367003367,0.042410650244205095,0.11420153326853122,0.13574207483352574,1.0,0.09375,0.0
994,185.0,135.0,4.05050505050505,1.7018928106268565,0.030303030303030304,0.010101010101010102,0.047781297493843064,0.11838031973222791,0.10721020480141763,1.0,0.0,0.0
995,185.0,133.0,3.9696969696969697,1.6088217165304683,0.05723905723905724,0.003367003367003367,0.02888154770894913,0.10348920403126172,0.10540605078145299,1.0,0.0,0.0
996,186.0,132.0,4.02020202020202,1.6594579333591168,0.04713804713804714,0.013468013468013467,0.03473017729580474,0.10259717917797599,0.09784326619778294,1.0,0.03125,0.0
997,199.0,149.0,4.074074074074074,1.6292469706839194,0.050505050505050504,0.003367003367003367,0.033302051454481556,0.08751221024705529,0.1041781830861241,1.0,0.09375,0.0
998,183.0,126.0,4.03030303030303,1.598323272029163,0.03367003367003367,0.006734006734006734,0.04016486529982339,0.1116453492455578,0.12022981239535964,1.0,0.0,0.0
999,195.0,143.0,4.090909090909091,1.6822958644584254,0.03367003367003367,0.016835016835016835,0.03462461826987784,0.09683058636285037,0.12110372457713947,1.0,0.0,0.0
1000,199.0,152.0,4.094276094276094,1.6609601999219648,0.050505050505050504,0.010101010101010102,0.03834577370680679,0.10099259375054369,0.09524800153388199,1.0,0.0,0.0
